# WaveFront *.obj file (generated by Autodesk ATF)

mtllib RACE_station.mtl

g Body1

v 0.000000 0.000000 0.000000
v -0.000000 0.000000 2.000000
v -0.000000 10.909091 2.000000
v -0.000000 21.818182 2.000000
v -0.000000 32.727273 2.000000
v -0.000000 43.636364 2.000000
v -0.000000 54.545455 2.000000
v -0.000000 65.454545 2.000000
v -0.000000 76.363636 2.000000
v -0.000000 87.272727 2.000000
v -0.000000 98.181818 2.000000
v -0.000000 109.090909 2.000000
v 0.000000 120.000000 2.000000
v 0.000000 120.000000 0.000000
v 0.000000 109.090909 0.000000
v 0.000000 98.181818 0.000000
v 0.000000 87.272727 0.000000
v 0.000000 76.363636 0.000000
v 0.000000 65.454545 0.000000
v 0.000000 54.545455 0.000000
v 0.000000 43.636364 0.000000
v 0.000000 32.727273 0.000000
v 0.000000 21.818182 0.000000
v 0.000000 10.909091 0.000000
v 2.000000 0.000000 0.000000
v 2.000000 120.000000 0.000000
v 2.000000 109.090909 0.000000
v 2.000000 98.181818 0.000000
v 2.000000 87.272727 0.000000
v 2.000000 76.363636 0.000000
v 2.000000 65.454545 0.000000
v 2.000000 54.545455 0.000000
v 2.000000 43.636364 0.000000
v 2.000000 32.727273 0.000000
v 2.000000 21.818182 0.000000
v 2.000000 10.909091 0.000000
v 2.000000 0.000000 2.000000
v 2.000000 120.000000 2.000000
v 2.000000 109.090909 2.000000
v 2.000000 98.181818 2.000000
v 2.000000 87.272727 2.000000
v 2.000000 76.363636 2.000000
v 2.000000 65.454545 2.000000
v 2.000000 54.545455 2.000000
v 2.000000 43.636364 2.000000
v 2.000000 32.727273 2.000000
v 2.000000 21.818182 2.000000
v 2.000000 10.909091 2.000000
vt 0.000000 0.000000 0.000000
vt 2.000000 0.000000 0.000000
vt 0.000000 10.909091 0.000000
vt 2.000000 10.909091 0.000000
vt 0.000000 21.818182 0.000000
vt 2.000000 21.818182 0.000000
vt 0.000000 32.727273 0.000000
vt 2.000000 32.727273 0.000000
vt 0.000000 43.636364 0.000000
vt 2.000000 43.636364 0.000000
vt 0.000000 54.545455 0.000000
vt 2.000000 54.545455 0.000000
vt 0.000000 65.454545 0.000000
vt 2.000000 65.454545 0.000000
vt 0.000000 76.363636 0.000000
vt 2.000000 76.363636 0.000000
vt 0.000000 87.272727 0.000000
vt 2.000000 87.272727 0.000000
vt 0.000000 98.181818 0.000000
vt 2.000000 98.181818 0.000000
vt 0.000000 109.090909 0.000000
vt 2.000000 109.090909 0.000000
vt 0.000000 120.000000 0.000000
vt 2.000000 120.000000 0.000000
vt -0.000000 0.000000 0.000000
vt 2.000000 0.000000 0.000000
vt -0.000000 10.909091 0.000000
vt 2.000000 10.909091 0.000000
vt -0.000000 21.818182 0.000000
vt 2.000000 21.818182 0.000000
vt -0.000000 32.727273 0.000000
vt 2.000000 32.727273 0.000000
vt -0.000000 43.636364 0.000000
vt 2.000000 43.636364 0.000000
vt -0.000000 54.545455 0.000000
vt 2.000000 54.545455 0.000000
vt -0.000000 65.454545 0.000000
vt 2.000000 65.454545 0.000000
vt -0.000000 76.363636 0.000000
vt 2.000000 76.363636 0.000000
vt -0.000000 87.272727 0.000000
vt 2.000000 87.272727 0.000000
vt -0.000000 98.181818 0.000000
vt 2.000000 98.181818 0.000000
vt -0.000000 109.090909 0.000000
vt 2.000000 109.090909 0.000000
vt -0.000000 120.000000 0.000000
vt 2.000000 120.000000 0.000000
vt -0.000000 0.000000 0.000000
vt 2.000000 0.000000 0.000000
vt -0.000000 10.909091 0.000000
vt 2.000000 10.909091 0.000000
vt -0.000000 21.818182 0.000000
vt 2.000000 21.818182 0.000000
vt -0.000000 32.727273 0.000000
vt 2.000000 32.727273 0.000000
vt -0.000000 43.636364 0.000000
vt 2.000000 43.636364 0.000000
vt -0.000000 54.545455 0.000000
vt 2.000000 54.545455 0.000000
vt -0.000000 65.454545 0.000000
vt 2.000000 65.454545 0.000000
vt -0.000000 76.363636 0.000000
vt 2.000000 76.363636 0.000000
vt -0.000000 87.272727 0.000000
vt 2.000000 87.272727 0.000000
vt -0.000000 98.181818 0.000000
vt 2.000000 98.181818 0.000000
vt -0.000000 109.090909 0.000000
vt 2.000000 109.090909 0.000000
vt -0.000000 120.000000 0.000000
vt 2.000000 120.000000 0.000000
vt -0.000000 0.000000 0.000000
vt 2.000000 0.000000 0.000000
vt -0.000000 10.909091 0.000000
vt 2.000000 10.909091 0.000000
vt -0.000000 21.818182 0.000000
vt 2.000000 21.818182 0.000000
vt -0.000000 32.727273 0.000000
vt 2.000000 32.727273 0.000000
vt -0.000000 43.636364 0.000000
vt 2.000000 43.636364 0.000000
vt -0.000000 54.545455 0.000000
vt 2.000000 54.545455 0.000000
vt -0.000000 65.454545 0.000000
vt 2.000000 65.454545 0.000000
vt -0.000000 76.363636 0.000000
vt 2.000000 76.363636 0.000000
vt -0.000000 87.272727 0.000000
vt 2.000000 87.272727 0.000000
vt -0.000000 98.181818 0.000000
vt 2.000000 98.181818 0.000000
vt -0.000000 109.090909 0.000000
vt 2.000000 109.090909 0.000000
vt 0.000000 120.000000 0.000000
vt 2.000000 120.000000 0.000000
vt 1.000000 1.000000 0.000000
vt -1.000000 1.000000 0.000000
vt 1.000000 -1.000000 0.000000
vt -1.000000 -1.000000 0.000000
vt -1.000000 -1.000000 0.000000
vt 1.000000 -1.000000 0.000000
vt -1.000000 1.000000 0.000000
vt 1.000000 1.000000 0.000000
vn -1.000000 0.000000 -0.000000
vn -1.000000 0.000000 -0.000000
vn -1.000000 0.000000 -0.000000
vn -1.000000 0.000000 -0.000000
vn -1.000000 0.000000 -0.000000
vn -1.000000 0.000000 -0.000000
vn -1.000000 0.000000 -0.000000
vn -1.000000 0.000000 -0.000000
vn -1.000000 0.000000 -0.000000
vn -1.000000 0.000000 -0.000000
vn -1.000000 0.000000 -0.000000
vn -1.000000 0.000000 -0.000000
vn -1.000000 0.000000 -0.000000
vn -1.000000 0.000000 -0.000000
vn -1.000000 0.000000 -0.000000
vn -1.000000 0.000000 -0.000000
vn -1.000000 0.000000 -0.000000
vn -1.000000 0.000000 -0.000000
vn -1.000000 0.000000 -0.000000
vn -1.000000 0.000000 -0.000000
vn -1.000000 0.000000 -0.000000
vn -1.000000 0.000000 -0.000000
vn -1.000000 0.000000 -0.000000
vn -1.000000 0.000000 -0.000000
vn 0.000000 0.000000 -1.000000
vn 0.000000 0.000000 -1.000000
vn 0.000000 0.000000 -1.000000
vn 0.000000 0.000000 -1.000000
vn 0.000000 0.000000 -1.000000
vn 0.000000 0.000000 -1.000000
vn 0.000000 0.000000 -1.000000
vn 0.000000 0.000000 -1.000000
vn 0.000000 0.000000 -1.000000
vn 0.000000 0.000000 -1.000000
vn 0.000000 0.000000 -1.000000
vn 0.000000 0.000000 -1.000000
vn 0.000000 0.000000 -1.000000
vn 0.000000 0.000000 -1.000000
vn 0.000000 0.000000 -1.000000
vn 0.000000 0.000000 -1.000000
vn 0.000000 0.000000 -1.000000
vn 0.000000 0.000000 -1.000000
vn 0.000000 0.000000 -1.000000
vn 0.000000 0.000000 -1.000000
vn 0.000000 0.000000 -1.000000
vn 0.000000 0.000000 -1.000000
vn 0.000000 0.000000 -1.000000
vn 0.000000 0.000000 -1.000000
vn 1.000000 0.000000 0.000000
vn 1.000000 0.000000 0.000000
vn 1.000000 0.000000 0.000000
vn 1.000000 0.000000 0.000000
vn 1.000000 0.000000 0.000000
vn 1.000000 0.000000 0.000000
vn 1.000000 0.000000 0.000000
vn 1.000000 0.000000 0.000000
vn 1.000000 0.000000 0.000000
vn 1.000000 0.000000 0.000000
vn 1.000000 0.000000 0.000000
vn 1.000000 0.000000 0.000000
vn 1.000000 0.000000 0.000000
vn 1.000000 0.000000 0.000000
vn 1.000000 0.000000 0.000000
vn 1.000000 0.000000 0.000000
vn 1.000000 0.000000 0.000000
vn 1.000000 0.000000 0.000000
vn 1.000000 0.000000 0.000000
vn 1.000000 0.000000 0.000000
vn 1.000000 0.000000 0.000000
vn 1.000000 0.000000 0.000000
vn 1.000000 0.000000 0.000000
vn 1.000000 0.000000 0.000000
vn 0.000000 -0.000000 1.000000
vn 0.000000 -0.000000 1.000000
vn 0.000000 -0.000000 1.000000
vn 0.000000 -0.000000 1.000000
vn 0.000000 -0.000000 1.000000
vn 0.000000 -0.000000 1.000000
vn 0.000000 -0.000000 1.000000
vn 0.000000 -0.000000 1.000000
vn 0.000000 -0.000000 1.000000
vn 0.000000 -0.000000 1.000000
vn 0.000000 -0.000000 1.000000
vn 0.000000 -0.000000 1.000000
vn 0.000000 -0.000000 1.000000
vn 0.000000 -0.000000 1.000000
vn 0.000000 -0.000000 1.000000
vn 0.000000 -0.000000 1.000000
vn 0.000000 -0.000000 1.000000
vn 0.000000 -0.000000 1.000000
vn 0.000000 -0.000000 1.000000
vn 0.000000 -0.000000 1.000000
vn 0.000000 -0.000000 1.000000
vn 0.000000 -0.000000 1.000000
vn 0.000000 -0.000000 1.000000
vn 0.000000 -0.000000 1.000000
vn 0.000000 1.000000 0.000000
vn 0.000000 1.000000 0.000000
vn 0.000000 1.000000 0.000000
vn 0.000000 1.000000 0.000000
vn -0.000000 -1.000000 -0.000000
vn -0.000000 -1.000000 -0.000000
vn -0.000000 -1.000000 -0.000000
vn -0.000000 -1.000000 -0.000000
usemtl Steel_-_Satin
f 1/1/1 2/2/2 24/3/3
f 24/3/3 2/2/2 3/4/4
f 24/3/3 3/4/4 23/5/5
f 23/5/5 3/4/4 4/6/6
f 23/5/5 4/6/6 22/7/7
f 22/7/7 4/6/6 5/8/8
f 22/7/7 5/8/8 21/9/9
f 21/9/9 5/8/8 6/10/10
f 21/9/9 6/10/10 20/11/11
f 20/11/11 6/10/10 7/12/12
f 20/11/11 7/12/12 19/13/13
f 19/13/13 7/12/12 8/14/14
f 19/13/13 8/14/14 18/15/15
f 18/15/15 8/14/14 9/16/16
f 18/15/15 9/16/16 17/17/17
f 17/17/17 9/16/16 10/18/18
f 17/17/17 10/18/18 16/19/19
f 16/19/19 10/18/18 11/20/20
f 16/19/19 11/20/20 15/21/21
f 15/21/21 11/20/20 12/22/22
f 15/21/21 12/22/22 14/23/23
f 14/23/23 12/22/22 13/24/24
f 25/25/25 1/26/26 36/27/27
f 36/27/27 1/26/26 24/28/28
f 36/27/27 24/28/28 35/29/29
f 35/29/29 24/28/28 23/30/30
f 35/29/29 23/30/30 34/31/31
f 34/31/31 23/30/30 22/32/32
f 34/31/31 22/32/32 33/33/33
f 33/33/33 22/32/32 21/34/34
f 33/33/33 21/34/34 32/35/35
f 32/35/35 21/34/34 20/36/36
f 32/35/35 20/36/36 31/37/37
f 31/37/37 20/36/36 19/38/38
f 31/37/37 19/38/38 30/39/39
f 30/39/39 19/38/38 18/40/40
f 30/39/39 18/40/40 29/41/41
f 29/41/41 18/40/40 17/42/42
f 29/41/41 17/42/42 28/43/43
f 28/43/43 17/42/42 16/44/44
f 28/43/43 16/44/44 27/45/45
f 27/45/45 16/44/44 15/46/46
f 27/45/45 15/46/46 26/47/47
f 26/47/47 15/46/46 14/48/48
f 37/49/49 25/50/50 48/51/51
f 48/51/51 25/50/50 36/52/52
f 48/51/51 36/52/52 47/53/53
f 47/53/53 36/52/52 35/54/54
f 47/53/53 35/54/54 46/55/55
f 46/55/55 35/54/54 34/56/56
f 46/55/55 34/56/56 45/57/57
f 45/57/57 34/56/56 33/58/58
f 45/57/57 33/58/58 44/59/59
f 44/59/59 33/58/58 32/60/60
f 44/59/59 32/60/60 43/61/61
f 43/61/61 32/60/60 31/62/62
f 43/61/61 31/62/62 42/63/63
f 42/63/63 31/62/62 30/64/64
f 42/63/63 30/64/64 41/65/65
f 41/65/65 30/64/64 29/66/66
f 41/65/65 29/66/66 40/67/67
f 40/67/67 29/66/66 28/68/68
f 40/67/67 28/68/68 39/69/69
f 39/69/69 28/68/68 27/70/70
f 39/69/69 27/70/70 38/71/71
f 38/71/71 27/70/70 26/72/72
f 2/73/73 37/74/74 3/75/75
f 3/75/75 37/74/74 48/76/76
f 3/75/75 48/76/76 4/77/77
f 4/77/77 48/76/76 47/78/78
f 4/77/77 47/78/78 5/79/79
f 5/79/79 47/78/78 46/80/80
f 5/79/79 46/80/80 6/81/81
f 6/81/81 46/80/80 45/82/82
f 6/81/81 45/82/82 7/83/83
f 7/83/83 45/82/82 44/84/84
f 7/83/83 44/84/84 8/85/85
f 8/85/85 44/84/84 43/86/86
f 8/85/85 43/86/86 9/87/87
f 9/87/87 43/86/86 42/88/88
f 9/87/87 42/88/88 10/89/89
f 10/89/89 42/88/88 41/90/90
f 10/89/89 41/90/90 11/91/91
f 11/91/91 41/90/90 40/92/92
f 11/91/91 40/92/92 12/93/93
f 12/93/93 40/92/92 39/94/94
f 12/93/93 39/94/94 13/95/95
f 13/95/95 39/94/94 38/96/96
f 38/97/97 26/98/98 13/99/99
f 13/99/99 26/98/98 14/100/100
f 37/101/101 2/102/102 25/103/103
f 25/103/103 2/102/102 1/104/104
g Body1:1

v -0.000000 -0.000000 -50.000000
v -0.000000 -2.000000 -50.000000
v -0.000000 -2.000000 -40.000000
v -0.000000 -2.000000 -30.000000
v -0.000000 -2.000000 -20.000000
v -0.000000 -2.000000 -10.000000
v 0.000000 -2.000000 0.000000
v 0.000000 -0.000000 0.000000
v -0.000000 -0.000000 -10.000000
v -0.000000 -0.000000 -20.000000
v -0.000000 -0.000000 -30.000000
v -0.000000 -0.000000 -40.000000
v 2.000000 0.000000 -50.000000
v 2.000000 0.000000 0.000000
v 2.000000 0.000000 -10.000000
v 2.000000 0.000000 -20.000000
v 2.000000 0.000000 -30.000000
v 2.000000 0.000000 -40.000000
v 2.000000 -2.000000 -50.000000
v 2.000000 -2.000000 0.000000
v 2.000000 -2.000000 -10.000000
v 2.000000 -2.000000 -20.000000
v 2.000000 -2.000000 -30.000000
v 2.000000 -2.000000 -40.000000
vt 0.000000 0.000000 0.000000
vt 2.000000 0.000000 0.000000
vt 0.000000 10.000000 0.000000
vt 2.000000 10.000000 0.000000
vt 0.000000 20.000000 0.000000
vt 2.000000 20.000000 0.000000
vt 0.000000 30.000000 0.000000
vt 2.000000 30.000000 0.000000
vt 0.000000 40.000000 0.000000
vt 2.000000 40.000000 0.000000
vt 0.000000 50.000000 0.000000
vt 2.000000 50.000000 0.000000
vt -0.000000 0.000000 0.000000
vt 2.000000 0.000000 0.000000
vt -0.000000 10.000000 0.000000
vt 2.000000 10.000000 0.000000
vt -0.000000 20.000000 0.000000
vt 2.000000 20.000000 0.000000
vt -0.000000 30.000000 0.000000
vt 2.000000 30.000000 0.000000
vt -0.000000 40.000000 0.000000
vt 2.000000 40.000000 0.000000
vt -0.000000 50.000000 0.000000
vt 2.000000 50.000000 0.000000
vt -0.000000 0.000000 0.000000
vt 2.000000 0.000000 0.000000
vt -0.000000 10.000000 0.000000
vt 2.000000 10.000000 0.000000
vt -0.000000 20.000000 0.000000
vt 2.000000 20.000000 0.000000
vt -0.000000 30.000000 0.000000
vt 2.000000 30.000000 0.000000
vt -0.000000 40.000000 0.000000
vt 2.000000 40.000000 0.000000
vt -0.000000 50.000000 0.000000
vt 2.000000 50.000000 0.000000
vt 0.000000 0.000000 0.000000
vt 2.000000 0.000000 0.000000
vt 0.000000 10.000000 0.000000
vt 2.000000 10.000000 0.000000
vt 0.000000 20.000000 0.000000
vt 2.000000 20.000000 0.000000
vt 0.000000 30.000000 0.000000
vt 2.000000 30.000000 0.000000
vt 0.000000 40.000000 0.000000
vt 2.000000 40.000000 0.000000
vt 0.000000 50.000000 0.000000
vt 2.000000 50.000000 0.000000
vt 1.000000 1.000000 0.000000
vt -1.000000 1.000000 0.000000
vt 1.000000 -1.000000 0.000000
vt -1.000000 -1.000000 0.000000
vt -1.000000 -1.000000 0.000000
vt 1.000000 -1.000000 0.000000
vt -1.000000 1.000000 0.000000
vt 1.000000 1.000000 0.000000
vn -1.000000 -0.000000 0.000000
vn -1.000000 -0.000000 0.000000
vn -1.000000 -0.000000 0.000000
vn -1.000000 -0.000000 0.000000
vn -1.000000 -0.000000 0.000000
vn -1.000000 -0.000000 0.000000
vn -1.000000 -0.000000 0.000000
vn -1.000000 -0.000000 0.000000
vn -1.000000 -0.000000 0.000000
vn -1.000000 -0.000000 0.000000
vn -1.000000 -0.000000 0.000000
vn -1.000000 -0.000000 0.000000
vn -0.000000 1.000000 0.000000
vn -0.000000 1.000000 0.000000
vn -0.000000 1.000000 0.000000
vn -0.000000 1.000000 0.000000
vn -0.000000 1.000000 0.000000
vn -0.000000 1.000000 0.000000
vn -0.000000 1.000000 0.000000
vn -0.000000 1.000000 0.000000
vn -0.000000 1.000000 0.000000
vn -0.000000 1.000000 0.000000
vn -0.000000 1.000000 0.000000
vn -0.000000 1.000000 0.000000
vn 1.000000 0.000000 -0.000000
vn 1.000000 0.000000 -0.000000
vn 1.000000 0.000000 -0.000000
vn 1.000000 0.000000 -0.000000
vn 1.000000 0.000000 -0.000000
vn 1.000000 0.000000 -0.000000
vn 1.000000 0.000000 -0.000000
vn 1.000000 0.000000 -0.000000
vn 1.000000 0.000000 -0.000000
vn 1.000000 0.000000 -0.000000
vn 1.000000 0.000000 -0.000000
vn 1.000000 0.000000 -0.000000
vn 0.000000 -1.000000 -0.000000
vn 0.000000 -1.000000 -0.000000
vn 0.000000 -1.000000 -0.000000
vn 0.000000 -1.000000 -0.000000
vn 0.000000 -1.000000 -0.000000
vn 0.000000 -1.000000 -0.000000
vn 0.000000 -1.000000 -0.000000
vn 0.000000 -1.000000 -0.000000
vn 0.000000 -1.000000 -0.000000
vn 0.000000 -1.000000 -0.000000
vn 0.000000 -1.000000 -0.000000
vn 0.000000 -1.000000 -0.000000
vn 0.000000 0.000000 1.000000
vn 0.000000 0.000000 1.000000
vn 0.000000 0.000000 1.000000
vn 0.000000 0.000000 1.000000
vn -0.000000 0.000000 -1.000000
vn -0.000000 0.000000 -1.000000
vn -0.000000 0.000000 -1.000000
vn -0.000000 0.000000 -1.000000
f 49/105/105 50/106/106 60/107/107
f 60/107/107 50/106/106 51/108/108
f 60/107/107 51/108/108 59/109/109
f 59/109/109 51/108/108 52/110/110
f 59/109/109 52/110/110 58/111/111
f 58/111/111 52/110/110 53/112/112
f 58/111/111 53/112/112 57/113/113
f 57/113/113 53/112/112 54/114/114
f 57/113/113 54/114/114 56/115/115
f 56/115/115 54/114/114 55/116/116
f 61/117/117 49/118/118 66/119/119
f 66/119/119 49/118/118 60/120/120
f 66/119/119 60/120/120 65/121/121
f 65/121/121 60/120/120 59/122/122
f 65/121/121 59/122/122 64/123/123
f 64/123/123 59/122/122 58/124/124
f 64/123/123 58/124/124 63/125/125
f 63/125/125 58/124/124 57/126/126
f 63/125/125 57/126/126 62/127/127
f 62/127/127 57/126/126 56/128/128
f 67/129/129 61/130/130 72/131/131
f 72/131/131 61/130/130 66/132/132
f 72/131/131 66/132/132 71/133/133
f 71/133/133 66/132/132 65/134/134
f 71/133/133 65/134/134 70/135/135
f 70/135/135 65/134/134 64/136/136
f 70/135/135 64/136/136 69/137/137
f 69/137/137 64/136/136 63/138/138
f 69/137/137 63/138/138 68/139/139
f 68/139/139 63/138/138 62/140/140
f 50/141/141 67/142/142 51/143/143
f 51/143/143 67/142/142 72/144/144
f 51/143/143 72/144/144 52/145/145
f 52/145/145 72/144/144 71/146/146
f 52/145/145 71/146/146 53/147/147
f 53/147/147 71/146/146 70/148/148
f 53/147/147 70/148/148 54/149/149
f 54/149/149 70/148/148 69/150/150
f 54/149/149 69/150/150 55/151/151
f 55/151/151 69/150/150 68/152/152
f 68/153/153 62/154/154 55/155/155
f 55/155/155 62/154/154 56/156/156
f 67/157/157 50/158/158 61/159/159
f 61/159/159 50/158/158 49/160/160
g Body1:2

v 72.000000 -0.000000 -0.000000
v 72.000000 -0.000000 2.000000
v 72.000000 10.909091 2.000000
v 72.000000 21.818182 2.000000
v 72.000000 32.727273 2.000000
v 72.000000 43.636364 2.000000
v 72.000000 54.545455 2.000000
v 72.000000 65.454545 2.000000
v 72.000000 76.363636 2.000000
v 72.000000 87.272727 2.000000
v 72.000000 98.181818 2.000000
v 72.000000 109.090909 2.000000
v 72.000000 120.000000 2.000000
v 72.000000 120.000000 -0.000000
v 72.000000 109.090909 -0.000000
v 72.000000 98.181818 -0.000000
v 72.000000 87.272727 -0.000000
v 72.000000 76.363636 -0.000000
v 72.000000 65.454545 -0.000000
v 72.000000 54.545455 -0.000000
v 72.000000 43.636364 -0.000000
v 72.000000 32.727273 -0.000000
v 72.000000 21.818182 -0.000000
v 72.000000 10.909091 -0.000000
v 74.000000 -0.000000 -0.000000
v 74.000000 120.000000 -0.000000
v 74.000000 109.090909 -0.000000
v 74.000000 98.181818 -0.000000
v 74.000000 87.272727 -0.000000
v 74.000000 76.363636 -0.000000
v 74.000000 65.454545 -0.000000
v 74.000000 54.545455 -0.000000
v 74.000000 43.636364 -0.000000
v 74.000000 32.727273 -0.000000
v 74.000000 21.818182 -0.000000
v 74.000000 10.909091 -0.000000
v 74.000000 -0.000000 2.000000
v 74.000000 120.000000 2.000000
v 74.000000 109.090909 2.000000
v 74.000000 98.181818 2.000000
v 74.000000 87.272727 2.000000
v 74.000000 76.363636 2.000000
v 74.000000 65.454545 2.000000
v 74.000000 54.545455 2.000000
v 74.000000 43.636364 2.000000
v 74.000000 32.727273 2.000000
v 74.000000 21.818182 2.000000
v 74.000000 10.909091 2.000000
vt 0.000000 0.000000 0.000000
vt 2.000000 0.000000 0.000000
vt 0.000000 10.909091 0.000000
vt 2.000000 10.909091 0.000000
vt 0.000000 21.818182 0.000000
vt 2.000000 21.818182 0.000000
vt 0.000000 32.727273 0.000000
vt 2.000000 32.727273 0.000000
vt 0.000000 43.636364 0.000000
vt 2.000000 43.636364 0.000000
vt 0.000000 54.545455 0.000000
vt 2.000000 54.545455 0.000000
vt 0.000000 65.454545 0.000000
vt 2.000000 65.454545 0.000000
vt 0.000000 76.363636 0.000000
vt 2.000000 76.363636 0.000000
vt 0.000000 87.272727 0.000000
vt 2.000000 87.272727 0.000000
vt 0.000000 98.181818 0.000000
vt 2.000000 98.181818 0.000000
vt 0.000000 109.090909 0.000000
vt 2.000000 109.090909 0.000000
vt 0.000000 120.000000 0.000000
vt 2.000000 120.000000 0.000000
vt -0.000000 0.000000 0.000000
vt 2.000000 0.000000 0.000000
vt -0.000000 10.909091 0.000000
vt 2.000000 10.909091 0.000000
vt -0.000000 21.818182 0.000000
vt 2.000000 21.818182 0.000000
vt -0.000000 32.727273 0.000000
vt 2.000000 32.727273 0.000000
vt -0.000000 43.636364 0.000000
vt 2.000000 43.636364 0.000000
vt -0.000000 54.545455 0.000000
vt 2.000000 54.545455 0.000000
vt -0.000000 65.454545 0.000000
vt 2.000000 65.454545 0.000000
vt -0.000000 76.363636 0.000000
vt 2.000000 76.363636 0.000000
vt -0.000000 87.272727 0.000000
vt 2.000000 87.272727 0.000000
vt -0.000000 98.181818 0.000000
vt 2.000000 98.181818 0.000000
vt -0.000000 109.090909 0.000000
vt 2.000000 109.090909 0.000000
vt -0.000000 120.000000 0.000000
vt 2.000000 120.000000 0.000000
vt -0.000000 0.000000 0.000000
vt 2.000000 0.000000 0.000000
vt -0.000000 10.909091 0.000000
vt 2.000000 10.909091 0.000000
vt -0.000000 21.818182 0.000000
vt 2.000000 21.818182 0.000000
vt -0.000000 32.727273 0.000000
vt 2.000000 32.727273 0.000000
vt -0.000000 43.636364 0.000000
vt 2.000000 43.636364 0.000000
vt -0.000000 54.545455 0.000000
vt 2.000000 54.545455 0.000000
vt -0.000000 65.454545 0.000000
vt 2.000000 65.454545 0.000000
vt -0.000000 76.363636 0.000000
vt 2.000000 76.363636 0.000000
vt -0.000000 87.272727 0.000000
vt 2.000000 87.272727 0.000000
vt -0.000000 98.181818 0.000000
vt 2.000000 98.181818 0.000000
vt -0.000000 109.090909 0.000000
vt 2.000000 109.090909 0.000000
vt -0.000000 120.000000 0.000000
vt 2.000000 120.000000 0.000000
vt -0.000000 0.000000 0.000000
vt 2.000000 0.000000 0.000000
vt -0.000000 10.909091 0.000000
vt 2.000000 10.909091 0.000000
vt -0.000000 21.818182 0.000000
vt 2.000000 21.818182 0.000000
vt -0.000000 32.727273 0.000000
vt 2.000000 32.727273 0.000000
vt -0.000000 43.636364 0.000000
vt 2.000000 43.636364 0.000000
vt -0.000000 54.545455 0.000000
vt 2.000000 54.545455 0.000000
vt -0.000000 65.454545 0.000000
vt 2.000000 65.454545 0.000000
vt -0.000000 76.363636 0.000000
vt 2.000000 76.363636 0.000000
vt -0.000000 87.272727 0.000000
vt 2.000000 87.272727 0.000000
vt -0.000000 98.181818 0.000000
vt 2.000000 98.181818 0.000000
vt -0.000000 109.090909 0.000000
vt 2.000000 109.090909 0.000000
vt 0.000000 120.000000 0.000000
vt 2.000000 120.000000 0.000000
vt 1.000000 1.000000 0.000000
vt -1.000000 1.000000 0.000000
vt 1.000000 -1.000000 0.000000
vt -1.000000 -1.000000 0.000000
vt -1.000000 -1.000000 0.000000
vt 1.000000 -1.000000 0.000000
vt -1.000000 1.000000 0.000000
vt 1.000000 1.000000 0.000000
vn -1.000000 0.000000 -0.000000
vn -1.000000 0.000000 -0.000000
vn -1.000000 0.000000 -0.000000
vn -1.000000 0.000000 -0.000000
vn -1.000000 0.000000 -0.000000
vn -1.000000 0.000000 -0.000000
vn -1.000000 0.000000 -0.000000
vn -1.000000 0.000000 -0.000000
vn -1.000000 0.000000 -0.000000
vn -1.000000 0.000000 -0.000000
vn -1.000000 0.000000 -0.000000
vn -1.000000 0.000000 -0.000000
vn -1.000000 0.000000 -0.000000
vn -1.000000 0.000000 -0.000000
vn -1.000000 0.000000 -0.000000
vn -1.000000 0.000000 -0.000000
vn -1.000000 0.000000 -0.000000
vn -1.000000 0.000000 -0.000000
vn -1.000000 0.000000 -0.000000
vn -1.000000 0.000000 -0.000000
vn -1.000000 0.000000 -0.000000
vn -1.000000 0.000000 -0.000000
vn -1.000000 0.000000 -0.000000
vn -1.000000 0.000000 -0.000000
vn 0.000000 0.000000 -1.000000
vn 0.000000 0.000000 -1.000000
vn 0.000000 0.000000 -1.000000
vn 0.000000 0.000000 -1.000000
vn 0.000000 0.000000 -1.000000
vn 0.000000 0.000000 -1.000000
vn 0.000000 0.000000 -1.000000
vn 0.000000 0.000000 -1.000000
vn 0.000000 0.000000 -1.000000
vn 0.000000 0.000000 -1.000000
vn 0.000000 0.000000 -1.000000
vn 0.000000 0.000000 -1.000000
vn 0.000000 0.000000 -1.000000
vn 0.000000 0.000000 -1.000000
vn 0.000000 0.000000 -1.000000
vn 0.000000 0.000000 -1.000000
vn 0.000000 0.000000 -1.000000
vn 0.000000 0.000000 -1.000000
vn 0.000000 0.000000 -1.000000
vn 0.000000 0.000000 -1.000000
vn 0.000000 0.000000 -1.000000
vn 0.000000 0.000000 -1.000000
vn 0.000000 0.000000 -1.000000
vn 0.000000 0.000000 -1.000000
vn 1.000000 0.000000 0.000000
vn 1.000000 0.000000 0.000000
vn 1.000000 0.000000 0.000000
vn 1.000000 0.000000 0.000000
vn 1.000000 0.000000 0.000000
vn 1.000000 0.000000 0.000000
vn 1.000000 0.000000 0.000000
vn 1.000000 0.000000 0.000000
vn 1.000000 0.000000 0.000000
vn 1.000000 0.000000 0.000000
vn 1.000000 0.000000 0.000000
vn 1.000000 0.000000 0.000000
vn 1.000000 0.000000 0.000000
vn 1.000000 0.000000 0.000000
vn 1.000000 0.000000 0.000000
vn 1.000000 0.000000 0.000000
vn 1.000000 0.000000 0.000000
vn 1.000000 0.000000 0.000000
vn 1.000000 0.000000 0.000000
vn 1.000000 0.000000 0.000000
vn 1.000000 0.000000 0.000000
vn 1.000000 0.000000 0.000000
vn 1.000000 0.000000 0.000000
vn 1.000000 0.000000 0.000000
vn 0.000000 -0.000000 1.000000
vn 0.000000 -0.000000 1.000000
vn 0.000000 -0.000000 1.000000
vn 0.000000 -0.000000 1.000000
vn 0.000000 -0.000000 1.000000
vn 0.000000 -0.000000 1.000000
vn 0.000000 -0.000000 1.000000
vn 0.000000 -0.000000 1.000000
vn 0.000000 -0.000000 1.000000
vn 0.000000 -0.000000 1.000000
vn 0.000000 -0.000000 1.000000
vn 0.000000 -0.000000 1.000000
vn 0.000000 -0.000000 1.000000
vn 0.000000 -0.000000 1.000000
vn 0.000000 -0.000000 1.000000
vn 0.000000 -0.000000 1.000000
vn 0.000000 -0.000000 1.000000
vn 0.000000 -0.000000 1.000000
vn 0.000000 -0.000000 1.000000
vn 0.000000 -0.000000 1.000000
vn 0.000000 -0.000000 1.000000
vn 0.000000 -0.000000 1.000000
vn 0.000000 -0.000000 1.000000
vn 0.000000 -0.000000 1.000000
vn 0.000000 1.000000 0.000000
vn 0.000000 1.000000 0.000000
vn 0.000000 1.000000 0.000000
vn 0.000000 1.000000 0.000000
vn -0.000000 -1.000000 -0.000000
vn -0.000000 -1.000000 -0.000000
vn -0.000000 -1.000000 -0.000000
vn -0.000000 -1.000000 -0.000000
f 73/161/161 74/162/162 96/163/163
f 96/163/163 74/162/162 75/164/164
f 96/163/163 75/164/164 95/165/165
f 95/165/165 75/164/164 76/166/166
f 95/165/165 76/166/166 94/167/167
f 94/167/167 76/166/166 77/168/168
f 94/167/167 77/168/168 93/169/169
f 93/169/169 77/168/168 78/170/170
f 93/169/169 78/170/170 92/171/171
f 92/171/171 78/170/170 79/172/172
f 92/171/171 79/172/172 91/173/173
f 91/173/173 79/172/172 80/174/174
f 91/173/173 80/174/174 90/175/175
f 90/175/175 80/174/174 81/176/176
f 90/175/175 81/176/176 89/177/177
f 89/177/177 81/176/176 82/178/178
f 89/177/177 82/178/178 88/179/179
f 88/179/179 82/178/178 83/180/180
f 88/179/179 83/180/180 87/181/181
f 87/181/181 83/180/180 84/182/182
f 87/181/181 84/182/182 86/183/183
f 86/183/183 84/182/182 85/184/184
f 97/185/185 73/186/186 108/187/187
f 108/187/187 73/186/186 96/188/188
f 108/187/187 96/188/188 107/189/189
f 107/189/189 96/188/188 95/190/190
f 107/189/189 95/190/190 106/191/191
f 106/191/191 95/190/190 94/192/192
f 106/191/191 94/192/192 105/193/193
f 105/193/193 94/192/192 93/194/194
f 105/193/193 93/194/194 104/195/195
f 104/195/195 93/194/194 92/196/196
f 104/195/195 92/196/196 103/197/197
f 103/197/197 92/196/196 91/198/198
f 103/197/197 91/198/198 102/199/199
f 102/199/199 91/198/198 90/200/200
f 102/199/199 90/200/200 101/201/201
f 101/201/201 90/200/200 89/202/202
f 101/201/201 89/202/202 100/203/203
f 100/203/203 89/202/202 88/204/204
f 100/203/203 88/204/204 99/205/205
f 99/205/205 88/204/204 87/206/206
f 99/205/205 87/206/206 98/207/207
f 98/207/207 87/206/206 86/208/208
f 109/209/209 97/210/210 120/211/211
f 120/211/211 97/210/210 108/212/212
f 120/211/211 108/212/212 119/213/213
f 119/213/213 108/212/212 107/214/214
f 119/213/213 107/214/214 118/215/215
f 118/215/215 107/214/214 106/216/216
f 118/215/215 106/216/216 117/217/217
f 117/217/217 106/216/216 105/218/218
f 117/217/217 105/218/218 116/219/219
f 116/219/219 105/218/218 104/220/220
f 116/219/219 104/220/220 115/221/221
f 115/221/221 104/220/220 103/222/222
f 115/221/221 103/222/222 114/223/223
f 114/223/223 103/222/222 102/224/224
f 114/223/223 102/224/224 113/225/225
f 113/225/225 102/224/224 101/226/226
f 113/225/225 101/226/226 112/227/227
f 112/227/227 101/226/226 100/228/228
f 112/227/227 100/228/228 111/229/229
f 111/229/229 100/228/228 99/230/230
f 111/229/229 99/230/230 110/231/231
f 110/231/231 99/230/230 98/232/232
f 74/233/233 109/234/234 75/235/235
f 75/235/235 109/234/234 120/236/236
f 75/235/235 120/236/236 76/237/237
f 76/237/237 120/236/236 119/238/238
f 76/237/237 119/238/238 77/239/239
f 77/239/239 119/238/238 118/240/240
f 77/239/239 118/240/240 78/241/241
f 78/241/241 118/240/240 117/242/242
f 78/241/241 117/242/242 79/243/243
f 79/243/243 117/242/242 116/244/244
f 79/243/243 116/244/244 80/245/245
f 80/245/245 116/244/244 115/246/246
f 80/245/245 115/246/246 81/247/247
f 81/247/247 115/246/246 114/248/248
f 81/247/247 114/248/248 82/249/249
f 82/249/249 114/248/248 113/250/250
f 82/249/249 113/250/250 83/251/251
f 83/251/251 113/250/250 112/252/252
f 83/251/251 112/252/252 84/253/253
f 84/253/253 112/252/252 111/254/254
f 84/253/253 111/254/254 85/255/255
f 85/255/255 111/254/254 110/256/256
f 110/257/257 98/258/258 85/259/259
f 85/259/259 98/258/258 86/260/260
f 109/261/261 74/262/262 97/263/263
f 97/263/263 74/262/262 73/264/264
g Body1:3

v 2.000000 -0.000000 -52.000000
v 2.000000 -0.000000 -50.000000
v 12.000000 0.000000 -50.000000
v 22.000000 0.000000 -50.000000
v 32.000000 0.000000 -50.000000
v 42.000000 0.000000 -50.000000
v 52.000000 0.000000 -50.000000
v 62.000000 0.000000 -50.000000
v 72.000000 0.000000 -50.000000
v 72.000000 0.000000 -52.000000
v 62.000000 0.000000 -52.000000
v 52.000000 0.000000 -52.000000
v 42.000000 0.000000 -52.000000
v 32.000000 0.000000 -52.000000
v 22.000000 0.000000 -52.000000
v 12.000000 0.000000 -52.000000
v 2.000000 -2.000000 -52.000000
v 72.000000 -2.000000 -52.000000
v 62.000000 -2.000000 -52.000000
v 52.000000 -2.000000 -52.000000
v 42.000000 -2.000000 -52.000000
v 32.000000 -2.000000 -52.000000
v 22.000000 -2.000000 -52.000000
v 12.000000 -2.000000 -52.000000
v 2.000000 -2.000000 -50.000000
v 72.000000 -2.000000 -50.000000
v 62.000000 -2.000000 -50.000000
v 52.000000 -2.000000 -50.000000
v 42.000000 -2.000000 -50.000000
v 32.000000 -2.000000 -50.000000
v 22.000000 -2.000000 -50.000000
v 12.000000 -2.000000 -50.000000
vt 0.000000 0.000000 0.000000
vt 2.000000 0.000000 0.000000
vt 0.000000 10.000000 0.000000
vt 2.000000 10.000000 0.000000
vt 0.000000 20.000000 0.000000
vt 2.000000 20.000000 0.000000
vt 0.000000 30.000000 0.000000
vt 2.000000 30.000000 0.000000
vt 0.000000 40.000000 0.000000
vt 2.000000 40.000000 0.000000
vt 0.000000 50.000000 0.000000
vt 2.000000 50.000000 0.000000
vt 0.000000 60.000000 0.000000
vt 2.000000 60.000000 0.000000
vt 0.000000 70.000000 0.000000
vt 2.000000 70.000000 0.000000
vt -0.000000 0.000000 0.000000
vt 2.000000 0.000000 0.000000
vt -0.000000 10.000000 0.000000
vt 2.000000 10.000000 0.000000
vt -0.000000 20.000000 0.000000
vt 2.000000 20.000000 0.000000
vt -0.000000 30.000000 0.000000
vt 2.000000 30.000000 0.000000
vt -0.000000 40.000000 0.000000
vt 2.000000 40.000000 0.000000
vt -0.000000 50.000000 0.000000
vt 2.000000 50.000000 0.000000
vt -0.000000 60.000000 0.000000
vt 2.000000 60.000000 0.000000
vt -0.000000 70.000000 0.000000
vt 2.000000 70.000000 0.000000
vt -0.000000 0.000000 0.000000
vt 2.000000 0.000000 0.000000
vt -0.000000 10.000000 0.000000
vt 2.000000 10.000000 0.000000
vt -0.000000 20.000000 0.000000
vt 2.000000 20.000000 0.000000
vt -0.000000 30.000000 0.000000
vt 2.000000 30.000000 0.000000
vt -0.000000 40.000000 0.000000
vt 2.000000 40.000000 0.000000
vt -0.000000 50.000000 0.000000
vt 2.000000 50.000000 0.000000
vt -0.000000 60.000000 0.000000
vt 2.000000 60.000000 0.000000
vt -0.000000 70.000000 0.000000
vt 2.000000 70.000000 0.000000
vt 0.000000 0.000000 0.000000
vt 2.000000 0.000000 0.000000
vt 0.000000 10.000000 0.000000
vt 2.000000 10.000000 0.000000
vt 0.000000 20.000000 0.000000
vt 2.000000 20.000000 0.000000
vt 0.000000 30.000000 0.000000
vt 2.000000 30.000000 0.000000
vt 0.000000 40.000000 0.000000
vt 2.000000 40.000000 0.000000
vt 0.000000 50.000000 0.000000
vt 2.000000 50.000000 0.000000
vt 0.000000 60.000000 0.000000
vt 2.000000 60.000000 0.000000
vt 0.000000 70.000000 0.000000
vt 2.000000 70.000000 0.000000
vt 1.000000 1.000000 0.000000
vt -1.000000 1.000000 0.000000
vt 1.000000 -1.000000 0.000000
vt -1.000000 -1.000000 0.000000
vt -1.000000 -1.000000 0.000000
vt 1.000000 -1.000000 0.000000
vt -1.000000 1.000000 0.000000
vt 1.000000 1.000000 0.000000
vn -0.000000 1.000000 -0.000000
vn -0.000000 1.000000 -0.000000
vn -0.000000 1.000000 -0.000000
vn -0.000000 1.000000 -0.000000
vn -0.000000 1.000000 -0.000000
vn -0.000000 1.000000 -0.000000
vn -0.000000 1.000000 -0.000000
vn -0.000000 1.000000 -0.000000
vn -0.000000 1.000000 -0.000000
vn -0.000000 1.000000 -0.000000
vn -0.000000 1.000000 -0.000000
vn -0.000000 1.000000 -0.000000
vn -0.000000 1.000000 -0.000000
vn -0.000000 1.000000 -0.000000
vn -0.000000 1.000000 -0.000000
vn -0.000000 1.000000 -0.000000
vn -0.000000 -0.000000 -1.000000
vn -0.000000 -0.000000 -1.000000
vn -0.000000 -0.000000 -1.000000
vn -0.000000 -0.000000 -1.000000
vn -0.000000 -0.000000 -1.000000
vn -0.000000 -0.000000 -1.000000
vn -0.000000 -0.000000 -1.000000
vn -0.000000 -0.000000 -1.000000
vn -0.000000 -0.000000 -1.000000
vn -0.000000 -0.000000 -1.000000
vn -0.000000 -0.000000 -1.000000
vn -0.000000 -0.000000 -1.000000
vn -0.000000 -0.000000 -1.000000
vn -0.000000 -0.000000 -1.000000
vn -0.000000 -0.000000 -1.000000
vn -0.000000 -0.000000 -1.000000
vn 0.000000 -1.000000 0.000000
vn 0.000000 -1.000000 0.000000
vn 0.000000 -1.000000 0.000000
vn 0.000000 -1.000000 0.000000
vn 0.000000 -1.000000 0.000000
vn 0.000000 -1.000000 0.000000
vn 0.000000 -1.000000 0.000000
vn 0.000000 -1.000000 0.000000
vn 0.000000 -1.000000 0.000000
vn 0.000000 -1.000000 0.000000
vn 0.000000 -1.000000 0.000000
vn 0.000000 -1.000000 0.000000
vn 0.000000 -1.000000 0.000000
vn 0.000000 -1.000000 0.000000
vn 0.000000 -1.000000 0.000000
vn 0.000000 -1.000000 0.000000
vn 0.000000 0.000000 1.000000
vn 0.000000 0.000000 1.000000
vn 0.000000 0.000000 1.000000
vn 0.000000 0.000000 1.000000
vn 0.000000 0.000000 1.000000
vn 0.000000 0.000000 1.000000
vn 0.000000 0.000000 1.000000
vn 0.000000 0.000000 1.000000
vn 0.000000 0.000000 1.000000
vn 0.000000 0.000000 1.000000
vn 0.000000 0.000000 1.000000
vn 0.000000 0.000000 1.000000
vn 0.000000 0.000000 1.000000
vn 0.000000 0.000000 1.000000
vn 0.000000 0.000000 1.000000
vn 0.000000 0.000000 1.000000
vn 1.000000 0.000000 -0.000000
vn 1.000000 0.000000 -0.000000
vn 1.000000 0.000000 -0.000000
vn 1.000000 0.000000 -0.000000
vn -1.000000 -0.000000 0.000000
vn -1.000000 -0.000000 0.000000
vn -1.000000 -0.000000 0.000000
vn -1.000000 -0.000000 0.000000
f 121/265/265 122/266/266 136/267/267
f 136/267/267 122/266/266 123/268/268
f 136/267/267 123/268/268 135/269/269
f 135/269/269 123/268/268 124/270/270
f 135/269/269 124/270/270 134/271/271
f 134/271/271 124/270/270 125/272/272
f 134/271/271 125/272/272 133/273/273
f 133/273/273 125/272/272 126/274/274
f 133/273/273 126/274/274 132/275/275
f 132/275/275 126/274/274 127/276/276
f 132/275/275 127/276/276 131/277/277
f 131/277/277 127/276/276 128/278/278
f 131/277/277 128/278/278 130/279/279
f 130/279/279 128/278/278 129/280/280
f 137/281/281 121/282/282 144/283/283
f 144/283/283 121/282/282 136/284/284
f 144/283/283 136/284/284 143/285/285
f 143/285/285 136/284/284 135/286/286
f 143/285/285 135/286/286 142/287/287
f 142/287/287 135/286/286 134/288/288
f 142/287/287 134/288/288 141/289/289
f 141/289/289 134/288/288 133/290/290
f 141/289/289 133/290/290 140/291/291
f 140/291/291 133/290/290 132/292/292
f 140/291/291 132/292/292 139/293/293
f 139/293/293 132/292/292 131/294/294
f 139/293/293 131/294/294 138/295/295
f 138/295/295 131/294/294 130/296/296
f 145/297/297 137/298/298 152/299/299
f 152/299/299 137/298/298 144/300/300
f 152/299/299 144/300/300 151/301/301
f 151/301/301 144/300/300 143/302/302
f 151/301/301 143/302/302 150/303/303
f 150/303/303 143/302/302 142/304/304
f 150/303/303 142/304/304 149/305/305
f 149/305/305 142/304/304 141/306/306
f 149/305/305 141/306/306 148/307/307
f 148/307/307 141/306/306 140/308/308
f 148/307/307 140/308/308 147/309/309
f 147/309/309 140/308/308 139/310/310
f 147/309/309 139/310/310 146/311/311
f 146/311/311 139/310/310 138/312/312
f 122/313/313 145/314/314 123/315/315
f 123/315/315 145/314/314 152/316/316
f 123/315/315 152/316/316 124/317/317
f 124/317/317 152/316/316 151/318/318
f 124/317/317 151/318/318 125/319/319
f 125/319/319 151/318/318 150/320/320
f 125/319/319 150/320/320 126/321/321
f 126/321/321 150/320/320 149/322/322
f 126/321/321 149/322/322 127/323/323
f 127/323/323 149/322/322 148/324/324
f 127/323/323 148/324/324 128/325/325
f 128/325/325 148/324/324 147/326/326
f 128/325/325 147/326/326 129/327/327
f 129/327/327 147/326/326 146/328/328
f 146/329/329 138/330/330 129/331/331
f 129/331/331 138/330/330 130/332/332
f 145/333/333 122/334/334 137/335/335
f 137/335/335 122/334/334 121/336/336
g Body1:4

v 72.000000 -0.000000 -50.000000
v 72.000000 -2.000000 -50.000000
v 72.000000 -2.000000 -40.000000
v 72.000000 -2.000000 -30.000000
v 72.000000 -2.000000 -20.000000
v 72.000000 -2.000000 -10.000000
v 72.000000 -2.000000 0.000000
v 72.000000 -0.000000 0.000000
v 72.000000 -0.000000 -10.000000
v 72.000000 -0.000000 -20.000000
v 72.000000 -0.000000 -30.000000
v 72.000000 -0.000000 -40.000000
v 74.000000 0.000000 -50.000000
v 74.000000 0.000000 0.000000
v 74.000000 0.000000 -10.000000
v 74.000000 0.000000 -20.000000
v 74.000000 0.000000 -30.000000
v 74.000000 0.000000 -40.000000
v 74.000000 -2.000000 -50.000000
v 74.000000 -2.000000 0.000000
v 74.000000 -2.000000 -10.000000
v 74.000000 -2.000000 -20.000000
v 74.000000 -2.000000 -30.000000
v 74.000000 -2.000000 -40.000000
vt 0.000000 0.000000 0.000000
vt 2.000000 0.000000 0.000000
vt 0.000000 10.000000 0.000000
vt 2.000000 10.000000 0.000000
vt 0.000000 20.000000 0.000000
vt 2.000000 20.000000 0.000000
vt 0.000000 30.000000 0.000000
vt 2.000000 30.000000 0.000000
vt 0.000000 40.000000 0.000000
vt 2.000000 40.000000 0.000000
vt 0.000000 50.000000 0.000000
vt 2.000000 50.000000 0.000000
vt -0.000000 0.000000 0.000000
vt 2.000000 0.000000 0.000000
vt -0.000000 10.000000 0.000000
vt 2.000000 10.000000 0.000000
vt -0.000000 20.000000 0.000000
vt 2.000000 20.000000 0.000000
vt -0.000000 30.000000 0.000000
vt 2.000000 30.000000 0.000000
vt -0.000000 40.000000 0.000000
vt 2.000000 40.000000 0.000000
vt -0.000000 50.000000 0.000000
vt 2.000000 50.000000 0.000000
vt -0.000000 0.000000 0.000000
vt 2.000000 0.000000 0.000000
vt -0.000000 10.000000 0.000000
vt 2.000000 10.000000 0.000000
vt -0.000000 20.000000 0.000000
vt 2.000000 20.000000 0.000000
vt -0.000000 30.000000 0.000000
vt 2.000000 30.000000 0.000000
vt -0.000000 40.000000 0.000000
vt 2.000000 40.000000 0.000000
vt -0.000000 50.000000 0.000000
vt 2.000000 50.000000 0.000000
vt 0.000000 0.000000 0.000000
vt 2.000000 0.000000 0.000000
vt 0.000000 10.000000 0.000000
vt 2.000000 10.000000 0.000000
vt 0.000000 20.000000 0.000000
vt 2.000000 20.000000 0.000000
vt 0.000000 30.000000 0.000000
vt 2.000000 30.000000 0.000000
vt 0.000000 40.000000 0.000000
vt 2.000000 40.000000 0.000000
vt 0.000000 50.000000 0.000000
vt 2.000000 50.000000 0.000000
vt 1.000000 1.000000 0.000000
vt -1.000000 1.000000 0.000000
vt 1.000000 -1.000000 0.000000
vt -1.000000 -1.000000 0.000000
vt -1.000000 -1.000000 0.000000
vt 1.000000 -1.000000 0.000000
vt -1.000000 1.000000 0.000000
vt 1.000000 1.000000 0.000000
vn -1.000000 0.000000 -0.000000
vn -1.000000 0.000000 -0.000000
vn -1.000000 0.000000 -0.000000
vn -1.000000 0.000000 -0.000000
vn -1.000000 0.000000 -0.000000
vn -1.000000 0.000000 -0.000000
vn -1.000000 0.000000 -0.000000
vn -1.000000 0.000000 -0.000000
vn -1.000000 0.000000 -0.000000
vn -1.000000 0.000000 -0.000000
vn -1.000000 0.000000 -0.000000
vn -1.000000 0.000000 -0.000000
vn -0.000000 1.000000 -0.000000
vn -0.000000 1.000000 -0.000000
vn -0.000000 1.000000 -0.000000
vn -0.000000 1.000000 -0.000000
vn -0.000000 1.000000 -0.000000
vn -0.000000 1.000000 -0.000000
vn -0.000000 1.000000 -0.000000
vn -0.000000 1.000000 -0.000000
vn -0.000000 1.000000 -0.000000
vn -0.000000 1.000000 -0.000000
vn -0.000000 1.000000 -0.000000
vn -0.000000 1.000000 -0.000000
vn 1.000000 -0.000000 0.000000
vn 1.000000 -0.000000 0.000000
vn 1.000000 -0.000000 0.000000
vn 1.000000 -0.000000 0.000000
vn 1.000000 -0.000000 0.000000
vn 1.000000 -0.000000 0.000000
vn 1.000000 -0.000000 0.000000
vn 1.000000 -0.000000 0.000000
vn 1.000000 -0.000000 0.000000
vn 1.000000 -0.000000 0.000000
vn 1.000000 -0.000000 0.000000
vn 1.000000 -0.000000 0.000000
vn 0.000000 -1.000000 0.000000
vn 0.000000 -1.000000 0.000000
vn 0.000000 -1.000000 0.000000
vn 0.000000 -1.000000 0.000000
vn 0.000000 -1.000000 0.000000
vn 0.000000 -1.000000 0.000000
vn 0.000000 -1.000000 0.000000
vn 0.000000 -1.000000 0.000000
vn 0.000000 -1.000000 0.000000
vn 0.000000 -1.000000 0.000000
vn 0.000000 -1.000000 0.000000
vn 0.000000 -1.000000 0.000000
vn 0.000000 0.000000 1.000000
vn 0.000000 0.000000 1.000000
vn 0.000000 0.000000 1.000000
vn 0.000000 0.000000 1.000000
vn -0.000000 -0.000000 -1.000000
vn -0.000000 -0.000000 -1.000000
vn -0.000000 -0.000000 -1.000000
vn -0.000000 -0.000000 -1.000000
f 153/337/337 154/338/338 164/339/339
f 164/339/339 154/338/338 155/340/340
f 164/339/339 155/340/340 163/341/341
f 163/341/341 155/340/340 156/342/342
f 163/341/341 156/342/342 162/343/343
f 162/343/343 156/342/342 157/344/344
f 162/343/343 157/344/344 161/345/345
f 161/345/345 157/344/344 158/346/346
f 161/345/345 158/346/346 160/347/347
f 160/347/347 158/346/346 159/348/348
f 165/349/349 153/350/350 170/351/351
f 170/351/351 153/350/350 164/352/352
f 170/351/351 164/352/352 169/353/353
f 169/353/353 164/352/352 163/354/354
f 169/353/353 163/354/354 168/355/355
f 168/355/355 163/354/354 162/356/356
f 168/355/355 162/356/356 167/357/357
f 167/357/357 162/356/356 161/358/358
f 167/357/357 161/358/358 166/359/359
f 166/359/359 161/358/358 160/360/360
f 171/361/361 165/362/362 176/363/363
f 176/363/363 165/362/362 170/364/364
f 176/363/363 170/364/364 175/365/365
f 175/365/365 170/364/364 169/366/366
f 175/365/365 169/366/366 174/367/367
f 174/367/367 169/366/366 168/368/368
f 174/367/367 168/368/368 173/369/369
f 173/369/369 168/368/368 167/370/370
f 173/369/369 167/370/370 172/371/371
f 172/371/371 167/370/370 166/372/372
f 154/373/373 171/374/374 155/375/375
f 155/375/375 171/374/374 176/376/376
f 155/375/375 176/376/376 156/377/377
f 156/377/377 176/376/376 175/378/378
f 156/377/377 175/378/378 157/379/379
f 157/379/379 175/378/378 174/380/380
f 157/379/379 174/380/380 158/381/381
f 158/381/381 174/380/380 173/382/382
f 158/381/381 173/382/382 159/383/383
f 159/383/383 173/382/382 172/384/384
f 172/385/385 166/386/386 159/387/387
f 159/387/387 166/386/386 160/388/388
f 171/389/389 154/390/390 165/391/391
f 165/391/391 154/390/390 153/392/392
g Body1:5

v 72.000000 0.000000 -52.000000
v 72.000000 0.000000 -50.000000
v 72.000000 10.909091 -50.000000
v 72.000000 21.818182 -50.000000
v 72.000000 32.727273 -50.000000
v 72.000000 43.636364 -50.000000
v 72.000000 54.545455 -50.000000
v 72.000000 65.454545 -50.000000
v 72.000000 76.363636 -50.000000
v 72.000000 87.272727 -50.000000
v 72.000000 98.181818 -50.000000
v 72.000000 109.090909 -50.000000
v 72.000000 120.000000 -50.000000
v 72.000000 120.000000 -52.000000
v 72.000000 109.090909 -52.000000
v 72.000000 98.181818 -52.000000
v 72.000000 87.272727 -52.000000
v 72.000000 76.363636 -52.000000
v 72.000000 65.454545 -52.000000
v 72.000000 54.545455 -52.000000
v 72.000000 43.636364 -52.000000
v 72.000000 32.727273 -52.000000
v 72.000000 21.818182 -52.000000
v 72.000000 10.909091 -52.000000
v 74.000000 0.000000 -52.000000
v 74.000000 120.000000 -52.000000
v 74.000000 109.090909 -52.000000
v 74.000000 98.181818 -52.000000
v 74.000000 87.272727 -52.000000
v 74.000000 76.363636 -52.000000
v 74.000000 65.454545 -52.000000
v 74.000000 54.545455 -52.000000
v 74.000000 43.636364 -52.000000
v 74.000000 32.727273 -52.000000
v 74.000000 21.818182 -52.000000
v 74.000000 10.909091 -52.000000
v 74.000000 0.000000 -50.000000
v 74.000000 120.000000 -50.000000
v 74.000000 109.090909 -50.000000
v 74.000000 98.181818 -50.000000
v 74.000000 87.272727 -50.000000
v 74.000000 76.363636 -50.000000
v 74.000000 65.454545 -50.000000
v 74.000000 54.545455 -50.000000
v 74.000000 43.636364 -50.000000
v 74.000000 32.727273 -50.000000
v 74.000000 21.818182 -50.000000
v 74.000000 10.909091 -50.000000
vt 0.000000 0.000000 0.000000
vt 2.000000 0.000000 0.000000
vt 0.000000 10.909091 0.000000
vt 2.000000 10.909091 0.000000
vt 0.000000 21.818182 0.000000
vt 2.000000 21.818182 0.000000
vt 0.000000 32.727273 0.000000
vt 2.000000 32.727273 0.000000
vt 0.000000 43.636364 0.000000
vt 2.000000 43.636364 0.000000
vt 0.000000 54.545455 0.000000
vt 2.000000 54.545455 0.000000
vt 0.000000 65.454545 0.000000
vt 2.000000 65.454545 0.000000
vt 0.000000 76.363636 0.000000
vt 2.000000 76.363636 0.000000
vt 0.000000 87.272727 0.000000
vt 2.000000 87.272727 0.000000
vt 0.000000 98.181818 0.000000
vt 2.000000 98.181818 0.000000
vt 0.000000 109.090909 0.000000
vt 2.000000 109.090909 0.000000
vt 0.000000 120.000000 0.000000
vt 2.000000 120.000000 0.000000
vt -0.000000 0.000000 0.000000
vt 2.000000 0.000000 0.000000
vt -0.000000 10.909091 0.000000
vt 2.000000 10.909091 0.000000
vt -0.000000 21.818182 0.000000
vt 2.000000 21.818182 0.000000
vt -0.000000 32.727273 0.000000
vt 2.000000 32.727273 0.000000
vt -0.000000 43.636364 0.000000
vt 2.000000 43.636364 0.000000
vt -0.000000 54.545455 0.000000
vt 2.000000 54.545455 0.000000
vt -0.000000 65.454545 0.000000
vt 2.000000 65.454545 0.000000
vt -0.000000 76.363636 0.000000
vt 2.000000 76.363636 0.000000
vt -0.000000 87.272727 0.000000
vt 2.000000 87.272727 0.000000
vt -0.000000 98.181818 0.000000
vt 2.000000 98.181818 0.000000
vt -0.000000 109.090909 0.000000
vt 2.000000 109.090909 0.000000
vt -0.000000 120.000000 0.000000
vt 2.000000 120.000000 0.000000
vt -0.000000 0.000000 0.000000
vt 2.000000 0.000000 0.000000
vt -0.000000 10.909091 0.000000
vt 2.000000 10.909091 0.000000
vt -0.000000 21.818182 0.000000
vt 2.000000 21.818182 0.000000
vt -0.000000 32.727273 0.000000
vt 2.000000 32.727273 0.000000
vt -0.000000 43.636364 0.000000
vt 2.000000 43.636364 0.000000
vt -0.000000 54.545455 0.000000
vt 2.000000 54.545455 0.000000
vt -0.000000 65.454545 0.000000
vt 2.000000 65.454545 0.000000
vt -0.000000 76.363636 0.000000
vt 2.000000 76.363636 0.000000
vt -0.000000 87.272727 0.000000
vt 2.000000 87.272727 0.000000
vt -0.000000 98.181818 0.000000
vt 2.000000 98.181818 0.000000
vt -0.000000 109.090909 0.000000
vt 2.000000 109.090909 0.000000
vt -0.000000 120.000000 0.000000
vt 2.000000 120.000000 0.000000
vt -0.000000 0.000000 0.000000
vt 2.000000 0.000000 0.000000
vt -0.000000 10.909091 0.000000
vt 2.000000 10.909091 0.000000
vt -0.000000 21.818182 0.000000
vt 2.000000 21.818182 0.000000
vt -0.000000 32.727273 0.000000
vt 2.000000 32.727273 0.000000
vt -0.000000 43.636364 0.000000
vt 2.000000 43.636364 0.000000
vt -0.000000 54.545455 0.000000
vt 2.000000 54.545455 0.000000
vt -0.000000 65.454545 0.000000
vt 2.000000 65.454545 0.000000
vt -0.000000 76.363636 0.000000
vt 2.000000 76.363636 0.000000
vt -0.000000 87.272727 0.000000
vt 2.000000 87.272727 0.000000
vt -0.000000 98.181818 0.000000
vt 2.000000 98.181818 0.000000
vt -0.000000 109.090909 0.000000
vt 2.000000 109.090909 0.000000
vt 0.000000 120.000000 0.000000
vt 2.000000 120.000000 0.000000
vt 1.000000 1.000000 0.000000
vt -1.000000 1.000000 0.000000
vt 1.000000 -1.000000 0.000000
vt -1.000000 -1.000000 0.000000
vt -1.000000 -1.000000 0.000000
vt 1.000000 -1.000000 0.000000
vt -1.000000 1.000000 0.000000
vt 1.000000 1.000000 0.000000
vn -1.000000 0.000000 -0.000000
vn -1.000000 0.000000 -0.000000
vn -1.000000 0.000000 -0.000000
vn -1.000000 0.000000 -0.000000
vn -1.000000 0.000000 -0.000000
vn -1.000000 0.000000 -0.000000
vn -1.000000 0.000000 -0.000000
vn -1.000000 0.000000 -0.000000
vn -1.000000 0.000000 -0.000000
vn -1.000000 0.000000 -0.000000
vn -1.000000 0.000000 -0.000000
vn -1.000000 0.000000 -0.000000
vn -1.000000 0.000000 -0.000000
vn -1.000000 0.000000 -0.000000
vn -1.000000 0.000000 -0.000000
vn -1.000000 0.000000 -0.000000
vn -1.000000 0.000000 -0.000000
vn -1.000000 0.000000 -0.000000
vn -1.000000 0.000000 -0.000000
vn -1.000000 0.000000 -0.000000
vn -1.000000 0.000000 -0.000000
vn -1.000000 0.000000 -0.000000
vn -1.000000 0.000000 -0.000000
vn -1.000000 0.000000 -0.000000
vn 0.000000 0.000000 -1.000000
vn 0.000000 0.000000 -1.000000
vn 0.000000 0.000000 -1.000000
vn 0.000000 0.000000 -1.000000
vn 0.000000 0.000000 -1.000000
vn 0.000000 0.000000 -1.000000
vn 0.000000 0.000000 -1.000000
vn 0.000000 0.000000 -1.000000
vn 0.000000 0.000000 -1.000000
vn 0.000000 0.000000 -1.000000
vn 0.000000 0.000000 -1.000000
vn 0.000000 0.000000 -1.000000
vn 0.000000 0.000000 -1.000000
vn 0.000000 0.000000 -1.000000
vn 0.000000 0.000000 -1.000000
vn 0.000000 0.000000 -1.000000
vn 0.000000 0.000000 -1.000000
vn 0.000000 0.000000 -1.000000
vn 0.000000 0.000000 -1.000000
vn 0.000000 0.000000 -1.000000
vn 0.000000 0.000000 -1.000000
vn 0.000000 0.000000 -1.000000
vn 0.000000 0.000000 -1.000000
vn 0.000000 0.000000 -1.000000
vn 1.000000 0.000000 0.000000
vn 1.000000 0.000000 0.000000
vn 1.000000 0.000000 0.000000
vn 1.000000 0.000000 0.000000
vn 1.000000 0.000000 0.000000
vn 1.000000 0.000000 0.000000
vn 1.000000 0.000000 0.000000
vn 1.000000 0.000000 0.000000
vn 1.000000 0.000000 0.000000
vn 1.000000 0.000000 0.000000
vn 1.000000 0.000000 0.000000
vn 1.000000 0.000000 0.000000
vn 1.000000 0.000000 0.000000
vn 1.000000 0.000000 0.000000
vn 1.000000 0.000000 0.000000
vn 1.000000 0.000000 0.000000
vn 1.000000 0.000000 0.000000
vn 1.000000 0.000000 0.000000
vn 1.000000 0.000000 0.000000
vn 1.000000 0.000000 0.000000
vn 1.000000 0.000000 0.000000
vn 1.000000 0.000000 0.000000
vn 1.000000 0.000000 0.000000
vn 1.000000 0.000000 0.000000
vn 0.000000 -0.000000 1.000000
vn 0.000000 -0.000000 1.000000
vn 0.000000 -0.000000 1.000000
vn 0.000000 -0.000000 1.000000
vn 0.000000 -0.000000 1.000000
vn 0.000000 -0.000000 1.000000
vn 0.000000 -0.000000 1.000000
vn 0.000000 -0.000000 1.000000
vn 0.000000 -0.000000 1.000000
vn 0.000000 -0.000000 1.000000
vn 0.000000 -0.000000 1.000000
vn 0.000000 -0.000000 1.000000
vn 0.000000 -0.000000 1.000000
vn 0.000000 -0.000000 1.000000
vn 0.000000 -0.000000 1.000000
vn 0.000000 -0.000000 1.000000
vn 0.000000 -0.000000 1.000000
vn 0.000000 -0.000000 1.000000
vn 0.000000 -0.000000 1.000000
vn 0.000000 -0.000000 1.000000
vn 0.000000 -0.000000 1.000000
vn 0.000000 -0.000000 1.000000
vn 0.000000 -0.000000 1.000000
vn 0.000000 -0.000000 1.000000
vn 0.000000 1.000000 0.000000
vn 0.000000 1.000000 0.000000
vn 0.000000 1.000000 0.000000
vn 0.000000 1.000000 0.000000
vn -0.000000 -1.000000 -0.000000
vn -0.000000 -1.000000 -0.000000
vn -0.000000 -1.000000 -0.000000
vn -0.000000 -1.000000 -0.000000
f 177/393/393 178/394/394 200/395/395
f 200/395/395 178/394/394 179/396/396
f 200/395/395 179/396/396 199/397/397
f 199/397/397 179/396/396 180/398/398
f 199/397/397 180/398/398 198/399/399
f 198/399/399 180/398/398 181/400/400
f 198/399/399 181/400/400 197/401/401
f 197/401/401 181/400/400 182/402/402
f 197/401/401 182/402/402 196/403/403
f 196/403/403 182/402/402 183/404/404
f 196/403/403 183/404/404 195/405/405
f 195/405/405 183/404/404 184/406/406
f 195/405/405 184/406/406 194/407/407
f 194/407/407 184/406/406 185/408/408
f 194/407/407 185/408/408 193/409/409
f 193/409/409 185/408/408 186/410/410
f 193/409/409 186/410/410 192/411/411
f 192/411/411 186/410/410 187/412/412
f 192/411/411 187/412/412 191/413/413
f 191/413/413 187/412/412 188/414/414
f 191/413/413 188/414/414 190/415/415
f 190/415/415 188/414/414 189/416/416
f 201/417/417 177/418/418 212/419/419
f 212/419/419 177/418/418 200/420/420
f 212/419/419 200/420/420 211/421/421
f 211/421/421 200/420/420 199/422/422
f 211/421/421 199/422/422 210/423/423
f 210/423/423 199/422/422 198/424/424
f 210/423/423 198/424/424 209/425/425
f 209/425/425 198/424/424 197/426/426
f 209/425/425 197/426/426 208/427/427
f 208/427/427 197/426/426 196/428/428
f 208/427/427 196/428/428 207/429/429
f 207/429/429 196/428/428 195/430/430
f 207/429/429 195/430/430 206/431/431
f 206/431/431 195/430/430 194/432/432
f 206/431/431 194/432/432 205/433/433
f 205/433/433 194/432/432 193/434/434
f 205/433/433 193/434/434 204/435/435
f 204/435/435 193/434/434 192/436/436
f 204/435/435 192/436/436 203/437/437
f 203/437/437 192/436/436 191/438/438
f 203/437/437 191/438/438 202/439/439
f 202/439/439 191/438/438 190/440/440
f 213/441/441 201/442/442 224/443/443
f 224/443/443 201/442/442 212/444/444
f 224/443/443 212/444/444 223/445/445
f 223/445/445 212/444/444 211/446/446
f 223/445/445 211/446/446 222/447/447
f 222/447/447 211/446/446 210/448/448
f 222/447/447 210/448/448 221/449/449
f 221/449/449 210/448/448 209/450/450
f 221/449/449 209/450/450 220/451/451
f 220/451/451 209/450/450 208/452/452
f 220/451/451 208/452/452 219/453/453
f 219/453/453 208/452/452 207/454/454
f 219/453/453 207/454/454 218/455/455
f 218/455/455 207/454/454 206/456/456
f 218/455/455 206/456/456 217/457/457
f 217/457/457 206/456/456 205/458/458
f 217/457/457 205/458/458 216/459/459
f 216/459/459 205/458/458 204/460/460
f 216/459/459 204/460/460 215/461/461
f 215/461/461 204/460/460 203/462/462
f 215/461/461 203/462/462 214/463/463
f 214/463/463 203/462/462 202/464/464
f 178/465/465 213/466/466 179/467/467
f 179/467/467 213/466/466 224/468/468
f 179/467/467 224/468/468 180/469/469
f 180/469/469 224/468/468 223/470/470
f 180/469/469 223/470/470 181/471/471
f 181/471/471 223/470/470 222/472/472
f 181/471/471 222/472/472 182/473/473
f 182/473/473 222/472/472 221/474/474
f 182/473/473 221/474/474 183/475/475
f 183/475/475 221/474/474 220/476/476
f 183/475/475 220/476/476 184/477/477
f 184/477/477 220/476/476 219/478/478
f 184/477/477 219/478/478 185/479/479
f 185/479/479 219/478/478 218/480/480
f 185/479/479 218/480/480 186/481/481
f 186/481/481 218/480/480 217/482/482
f 186/481/481 217/482/482 187/483/483
f 187/483/483 217/482/482 216/484/484
f 187/483/483 216/484/484 188/485/485
f 188/485/485 216/484/484 215/486/486
f 188/485/485 215/486/486 189/487/487
f 189/487/487 215/486/486 214/488/488
f 214/489/489 202/490/490 189/491/491
f 189/491/491 202/490/490 190/492/492
f 213/493/493 178/494/494 201/495/495
f 201/495/495 178/494/494 177/496/496
g Body1:6

v 2.000000 122.000000 0.000000
v 2.000000 122.000000 2.000000
v 12.000000 122.000000 2.000000
v 22.000000 122.000000 2.000000
v 32.000000 122.000000 2.000000
v 42.000000 122.000000 2.000000
v 52.000000 122.000000 2.000000
v 62.000000 122.000000 2.000000
v 72.000000 122.000000 2.000000
v 72.000000 122.000000 0.000000
v 62.000000 122.000000 0.000000
v 52.000000 122.000000 0.000000
v 42.000000 122.000000 0.000000
v 32.000000 122.000000 0.000000
v 22.000000 122.000000 0.000000
v 12.000000 122.000000 0.000000
v 2.000000 120.000000 0.000000
v 72.000000 120.000000 0.000000
v 62.000000 120.000000 0.000000
v 52.000000 120.000000 0.000000
v 42.000000 120.000000 0.000000
v 32.000000 120.000000 0.000000
v 22.000000 120.000000 0.000000
v 12.000000 120.000000 0.000000
v 2.000000 120.000000 2.000000
v 72.000000 120.000000 2.000000
v 62.000000 120.000000 2.000000
v 52.000000 120.000000 2.000000
v 42.000000 120.000000 2.000000
v 32.000000 120.000000 2.000000
v 22.000000 120.000000 2.000000
v 12.000000 120.000000 2.000000
vt 0.000000 0.000000 0.000000
vt 2.000000 0.000000 0.000000
vt 0.000000 10.000000 0.000000
vt 2.000000 10.000000 0.000000
vt 0.000000 20.000000 0.000000
vt 2.000000 20.000000 0.000000
vt 0.000000 30.000000 0.000000
vt 2.000000 30.000000 0.000000
vt 0.000000 40.000000 0.000000
vt 2.000000 40.000000 0.000000
vt 0.000000 50.000000 0.000000
vt 2.000000 50.000000 0.000000
vt 0.000000 60.000000 0.000000
vt 2.000000 60.000000 0.000000
vt 0.000000 70.000000 0.000000
vt 2.000000 70.000000 0.000000
vt -0.000000 0.000000 0.000000
vt 2.000000 0.000000 0.000000
vt -0.000000 10.000000 0.000000
vt 2.000000 10.000000 0.000000
vt -0.000000 20.000000 0.000000
vt 2.000000 20.000000 0.000000
vt -0.000000 30.000000 0.000000
vt 2.000000 30.000000 0.000000
vt -0.000000 40.000000 0.000000
vt 2.000000 40.000000 0.000000
vt -0.000000 50.000000 0.000000
vt 2.000000 50.000000 0.000000
vt -0.000000 60.000000 0.000000
vt 2.000000 60.000000 0.000000
vt -0.000000 70.000000 0.000000
vt 2.000000 70.000000 0.000000
vt -0.000000 0.000000 0.000000
vt 2.000000 0.000000 0.000000
vt -0.000000 10.000000 0.000000
vt 2.000000 10.000000 0.000000
vt -0.000000 20.000000 0.000000
vt 2.000000 20.000000 0.000000
vt -0.000000 30.000000 0.000000
vt 2.000000 30.000000 0.000000
vt -0.000000 40.000000 0.000000
vt 2.000000 40.000000 0.000000
vt -0.000000 50.000000 0.000000
vt 2.000000 50.000000 0.000000
vt -0.000000 60.000000 0.000000
vt 2.000000 60.000000 0.000000
vt -0.000000 70.000000 0.000000
vt 2.000000 70.000000 0.000000
vt 0.000000 0.000000 0.000000
vt 2.000000 0.000000 0.000000
vt 0.000000 10.000000 0.000000
vt 2.000000 10.000000 0.000000
vt 0.000000 20.000000 0.000000
vt 2.000000 20.000000 0.000000
vt 0.000000 30.000000 0.000000
vt 2.000000 30.000000 0.000000
vt 0.000000 40.000000 0.000000
vt 2.000000 40.000000 0.000000
vt 0.000000 50.000000 0.000000
vt 2.000000 50.000000 0.000000
vt 0.000000 60.000000 0.000000
vt 2.000000 60.000000 0.000000
vt 0.000000 70.000000 0.000000
vt 2.000000 70.000000 0.000000
vt 1.000000 1.000000 0.000000
vt -1.000000 1.000000 0.000000
vt 1.000000 -1.000000 0.000000
vt -1.000000 -1.000000 0.000000
vt -1.000000 -1.000000 0.000000
vt 1.000000 -1.000000 0.000000
vt -1.000000 1.000000 0.000000
vt 1.000000 1.000000 0.000000
vn -0.000000 1.000000 -0.000000
vn -0.000000 1.000000 -0.000000
vn -0.000000 1.000000 -0.000000
vn -0.000000 1.000000 -0.000000
vn -0.000000 1.000000 -0.000000
vn -0.000000 1.000000 -0.000000
vn -0.000000 1.000000 -0.000000
vn -0.000000 1.000000 -0.000000
vn -0.000000 1.000000 -0.000000
vn -0.000000 1.000000 -0.000000
vn -0.000000 1.000000 -0.000000
vn -0.000000 1.000000 -0.000000
vn -0.000000 1.000000 -0.000000
vn -0.000000 1.000000 -0.000000
vn -0.000000 1.000000 -0.000000
vn -0.000000 1.000000 -0.000000
vn 0.000000 -0.000000 -1.000000
vn 0.000000 -0.000000 -1.000000
vn 0.000000 -0.000000 -1.000000
vn 0.000000 -0.000000 -1.000000
vn 0.000000 -0.000000 -1.000000
vn 0.000000 -0.000000 -1.000000
vn 0.000000 -0.000000 -1.000000
vn 0.000000 -0.000000 -1.000000
vn 0.000000 -0.000000 -1.000000
vn 0.000000 -0.000000 -1.000000
vn 0.000000 -0.000000 -1.000000
vn 0.000000 -0.000000 -1.000000
vn 0.000000 -0.000000 -1.000000
vn 0.000000 -0.000000 -1.000000
vn 0.000000 -0.000000 -1.000000
vn 0.000000 -0.000000 -1.000000
vn 0.000000 -1.000000 0.000000
vn 0.000000 -1.000000 0.000000
vn 0.000000 -1.000000 0.000000
vn 0.000000 -1.000000 0.000000
vn 0.000000 -1.000000 0.000000
vn 0.000000 -1.000000 0.000000
vn 0.000000 -1.000000 0.000000
vn 0.000000 -1.000000 0.000000
vn 0.000000 -1.000000 0.000000
vn 0.000000 -1.000000 0.000000
vn 0.000000 -1.000000 0.000000
vn 0.000000 -1.000000 0.000000
vn 0.000000 -1.000000 0.000000
vn 0.000000 -1.000000 0.000000
vn 0.000000 -1.000000 0.000000
vn 0.000000 -1.000000 0.000000
vn -0.000000 0.000000 1.000000
vn -0.000000 0.000000 1.000000
vn -0.000000 0.000000 1.000000
vn -0.000000 0.000000 1.000000
vn -0.000000 0.000000 1.000000
vn -0.000000 0.000000 1.000000
vn -0.000000 0.000000 1.000000
vn -0.000000 0.000000 1.000000
vn -0.000000 0.000000 1.000000
vn -0.000000 0.000000 1.000000
vn -0.000000 0.000000 1.000000
vn -0.000000 0.000000 1.000000
vn -0.000000 0.000000 1.000000
vn -0.000000 0.000000 1.000000
vn -0.000000 0.000000 1.000000
vn -0.000000 0.000000 1.000000
vn 1.000000 0.000000 0.000000
vn 1.000000 0.000000 0.000000
vn 1.000000 0.000000 0.000000
vn 1.000000 0.000000 0.000000
vn -1.000000 -0.000000 -0.000000
vn -1.000000 -0.000000 -0.000000
vn -1.000000 -0.000000 -0.000000
vn -1.000000 -0.000000 -0.000000
f 225/497/497 226/498/498 240/499/499
f 240/499/499 226/498/498 227/500/500
f 240/499/499 227/500/500 239/501/501
f 239/501/501 227/500/500 228/502/502
f 239/501/501 228/502/502 238/503/503
f 238/503/503 228/502/502 229/504/504
f 238/503/503 229/504/504 237/505/505
f 237/505/505 229/504/504 230/506/506
f 237/505/505 230/506/506 236/507/507
f 236/507/507 230/506/506 231/508/508
f 236/507/507 231/508/508 235/509/509
f 235/509/509 231/508/508 232/510/510
f 235/509/509 232/510/510 234/511/511
f 234/511/511 232/510/510 233/512/512
f 241/513/513 225/514/514 248/515/515
f 248/515/515 225/514/514 240/516/516
f 248/515/515 240/516/516 247/517/517
f 247/517/517 240/516/516 239/518/518
f 247/517/517 239/518/518 246/519/519
f 246/519/519 239/518/518 238/520/520
f 246/519/519 238/520/520 245/521/521
f 245/521/521 238/520/520 237/522/522
f 245/521/521 237/522/522 244/523/523
f 244/523/523 237/522/522 236/524/524
f 244/523/523 236/524/524 243/525/525
f 243/525/525 236/524/524 235/526/526
f 243/525/525 235/526/526 242/527/527
f 242/527/527 235/526/526 234/528/528
f 249/529/529 241/530/530 256/531/531
f 256/531/531 241/530/530 248/532/532
f 256/531/531 248/532/532 255/533/533
f 255/533/533 248/532/532 247/534/534
f 255/533/533 247/534/534 254/535/535
f 254/535/535 247/534/534 246/536/536
f 254/535/535 246/536/536 253/537/537
f 253/537/537 246/536/536 245/538/538
f 253/537/537 245/538/538 252/539/539
f 252/539/539 245/538/538 244/540/540
f 252/539/539 244/540/540 251/541/541
f 251/541/541 244/540/540 243/542/542
f 251/541/541 243/542/542 250/543/543
f 250/543/543 243/542/542 242/544/544
f 226/545/545 249/546/546 227/547/547
f 227/547/547 249/546/546 256/548/548
f 227/547/547 256/548/548 228/549/549
f 228/549/549 256/548/548 255/550/550
f 228/549/549 255/550/550 229/551/551
f 229/551/551 255/550/550 254/552/552
f 229/551/551 254/552/552 230/553/553
f 230/553/553 254/552/552 253/554/554
f 230/553/553 253/554/554 231/555/555
f 231/555/555 253/554/554 252/556/556
f 231/555/555 252/556/556 232/557/557
f 232/557/557 252/556/556 251/558/558
f 232/557/557 251/558/558 233/559/559
f 233/559/559 251/558/558 250/560/560
f 250/561/561 242/562/562 233/563/563
f 233/563/563 242/562/562 234/564/564
f 249/565/565 226/566/566 241/567/567
f 241/567/567 226/566/566 225/568/568
g Body1:7

v 2.000000 122.000000 -52.000000
v 2.000000 122.000000 -50.000000
v 12.000000 122.000000 -50.000000
v 22.000000 122.000000 -50.000000
v 32.000000 122.000000 -50.000000
v 42.000000 122.000000 -50.000000
v 52.000000 122.000000 -50.000000
v 62.000000 122.000000 -50.000000
v 72.000000 122.000000 -50.000000
v 72.000000 122.000000 -52.000000
v 62.000000 122.000000 -52.000000
v 52.000000 122.000000 -52.000000
v 42.000000 122.000000 -52.000000
v 32.000000 122.000000 -52.000000
v 22.000000 122.000000 -52.000000
v 12.000000 122.000000 -52.000000
v 2.000000 120.000000 -52.000000
v 72.000000 120.000000 -52.000000
v 62.000000 120.000000 -52.000000
v 52.000000 120.000000 -52.000000
v 42.000000 120.000000 -52.000000
v 32.000000 120.000000 -52.000000
v 22.000000 120.000000 -52.000000
v 12.000000 120.000000 -52.000000
v 2.000000 120.000000 -50.000000
v 72.000000 120.000000 -50.000000
v 62.000000 120.000000 -50.000000
v 52.000000 120.000000 -50.000000
v 42.000000 120.000000 -50.000000
v 32.000000 120.000000 -50.000000
v 22.000000 120.000000 -50.000000
v 12.000000 120.000000 -50.000000
vt 0.000000 0.000000 0.000000
vt 2.000000 0.000000 0.000000
vt 0.000000 10.000000 0.000000
vt 2.000000 10.000000 0.000000
vt 0.000000 20.000000 0.000000
vt 2.000000 20.000000 0.000000
vt 0.000000 30.000000 0.000000
vt 2.000000 30.000000 0.000000
vt 0.000000 40.000000 0.000000
vt 2.000000 40.000000 0.000000
vt 0.000000 50.000000 0.000000
vt 2.000000 50.000000 0.000000
vt 0.000000 60.000000 0.000000
vt 2.000000 60.000000 0.000000
vt 0.000000 70.000000 0.000000
vt 2.000000 70.000000 0.000000
vt -0.000000 0.000000 0.000000
vt 2.000000 0.000000 0.000000
vt -0.000000 10.000000 0.000000
vt 2.000000 10.000000 0.000000
vt -0.000000 20.000000 0.000000
vt 2.000000 20.000000 0.000000
vt -0.000000 30.000000 0.000000
vt 2.000000 30.000000 0.000000
vt -0.000000 40.000000 0.000000
vt 2.000000 40.000000 0.000000
vt -0.000000 50.000000 0.000000
vt 2.000000 50.000000 0.000000
vt -0.000000 60.000000 0.000000
vt 2.000000 60.000000 0.000000
vt -0.000000 70.000000 0.000000
vt 2.000000 70.000000 0.000000
vt -0.000000 0.000000 0.000000
vt 2.000000 0.000000 0.000000
vt -0.000000 10.000000 0.000000
vt 2.000000 10.000000 0.000000
vt -0.000000 20.000000 0.000000
vt 2.000000 20.000000 0.000000
vt -0.000000 30.000000 0.000000
vt 2.000000 30.000000 0.000000
vt -0.000000 40.000000 0.000000
vt 2.000000 40.000000 0.000000
vt -0.000000 50.000000 0.000000
vt 2.000000 50.000000 0.000000
vt -0.000000 60.000000 0.000000
vt 2.000000 60.000000 0.000000
vt -0.000000 70.000000 0.000000
vt 2.000000 70.000000 0.000000
vt 0.000000 0.000000 0.000000
vt 2.000000 0.000000 0.000000
vt 0.000000 10.000000 0.000000
vt 2.000000 10.000000 0.000000
vt 0.000000 20.000000 0.000000
vt 2.000000 20.000000 0.000000
vt 0.000000 30.000000 0.000000
vt 2.000000 30.000000 0.000000
vt 0.000000 40.000000 0.000000
vt 2.000000 40.000000 0.000000
vt 0.000000 50.000000 0.000000
vt 2.000000 50.000000 0.000000
vt 0.000000 60.000000 0.000000
vt 2.000000 60.000000 0.000000
vt 0.000000 70.000000 0.000000
vt 2.000000 70.000000 0.000000
vt 1.000000 1.000000 0.000000
vt -1.000000 1.000000 0.000000
vt 1.000000 -1.000000 0.000000
vt -1.000000 -1.000000 0.000000
vt -1.000000 -1.000000 0.000000
vt 1.000000 -1.000000 0.000000
vt -1.000000 1.000000 0.000000
vt 1.000000 1.000000 0.000000
vn -0.000000 1.000000 -0.000000
vn -0.000000 1.000000 -0.000000
vn -0.000000 1.000000 -0.000000
vn -0.000000 1.000000 -0.000000
vn -0.000000 1.000000 -0.000000
vn -0.000000 1.000000 -0.000000
vn -0.000000 1.000000 -0.000000
vn -0.000000 1.000000 -0.000000
vn -0.000000 1.000000 -0.000000
vn -0.000000 1.000000 -0.000000
vn -0.000000 1.000000 -0.000000
vn -0.000000 1.000000 -0.000000
vn -0.000000 1.000000 -0.000000
vn -0.000000 1.000000 -0.000000
vn -0.000000 1.000000 -0.000000
vn -0.000000 1.000000 -0.000000
vn 0.000000 -0.000000 -1.000000
vn 0.000000 -0.000000 -1.000000
vn 0.000000 -0.000000 -1.000000
vn 0.000000 -0.000000 -1.000000
vn 0.000000 -0.000000 -1.000000
vn 0.000000 -0.000000 -1.000000
vn 0.000000 -0.000000 -1.000000
vn 0.000000 -0.000000 -1.000000
vn 0.000000 -0.000000 -1.000000
vn 0.000000 -0.000000 -1.000000
vn 0.000000 -0.000000 -1.000000
vn 0.000000 -0.000000 -1.000000
vn 0.000000 -0.000000 -1.000000
vn 0.000000 -0.000000 -1.000000
vn 0.000000 -0.000000 -1.000000
vn 0.000000 -0.000000 -1.000000
vn 0.000000 -1.000000 0.000000
vn 0.000000 -1.000000 0.000000
vn 0.000000 -1.000000 0.000000
vn 0.000000 -1.000000 0.000000
vn 0.000000 -1.000000 0.000000
vn 0.000000 -1.000000 0.000000
vn 0.000000 -1.000000 0.000000
vn 0.000000 -1.000000 0.000000
vn 0.000000 -1.000000 0.000000
vn 0.000000 -1.000000 0.000000
vn 0.000000 -1.000000 0.000000
vn 0.000000 -1.000000 0.000000
vn 0.000000 -1.000000 0.000000
vn 0.000000 -1.000000 0.000000
vn 0.000000 -1.000000 0.000000
vn 0.000000 -1.000000 0.000000
vn -0.000000 0.000000 1.000000
vn -0.000000 0.000000 1.000000
vn -0.000000 0.000000 1.000000
vn -0.000000 0.000000 1.000000
vn -0.000000 0.000000 1.000000
vn -0.000000 0.000000 1.000000
vn -0.000000 0.000000 1.000000
vn -0.000000 0.000000 1.000000
vn -0.000000 0.000000 1.000000
vn -0.000000 0.000000 1.000000
vn -0.000000 0.000000 1.000000
vn -0.000000 0.000000 1.000000
vn -0.000000 0.000000 1.000000
vn -0.000000 0.000000 1.000000
vn -0.000000 0.000000 1.000000
vn -0.000000 0.000000 1.000000
vn 1.000000 0.000000 0.000000
vn 1.000000 0.000000 0.000000
vn 1.000000 0.000000 0.000000
vn 1.000000 0.000000 0.000000
vn -1.000000 -0.000000 -0.000000
vn -1.000000 -0.000000 -0.000000
vn -1.000000 -0.000000 -0.000000
vn -1.000000 -0.000000 -0.000000
f 257/569/569 258/570/570 272/571/571
f 272/571/571 258/570/570 259/572/572
f 272/571/571 259/572/572 271/573/573
f 271/573/573 259/572/572 260/574/574
f 271/573/573 260/574/574 270/575/575
f 270/575/575 260/574/574 261/576/576
f 270/575/575 261/576/576 269/577/577
f 269/577/577 261/576/576 262/578/578
f 269/577/577 262/578/578 268/579/579
f 268/579/579 262/578/578 263/580/580
f 268/579/579 263/580/580 267/581/581
f 267/581/581 263/580/580 264/582/582
f 267/581/581 264/582/582 266/583/583
f 266/583/583 264/582/582 265/584/584
f 273/585/585 257/586/586 280/587/587
f 280/587/587 257/586/586 272/588/588
f 280/587/587 272/588/588 279/589/589
f 279/589/589 272/588/588 271/590/590
f 279/589/589 271/590/590 278/591/591
f 278/591/591 271/590/590 270/592/592
f 278/591/591 270/592/592 277/593/593
f 277/593/593 270/592/592 269/594/594
f 277/593/593 269/594/594 276/595/595
f 276/595/595 269/594/594 268/596/596
f 276/595/595 268/596/596 275/597/597
f 275/597/597 268/596/596 267/598/598
f 275/597/597 267/598/598 274/599/599
f 274/599/599 267/598/598 266/600/600
f 281/601/601 273/602/602 288/603/603
f 288/603/603 273/602/602 280/604/604
f 288/603/603 280/604/604 287/605/605
f 287/605/605 280/604/604 279/606/606
f 287/605/605 279/606/606 286/607/607
f 286/607/607 279/606/606 278/608/608
f 286/607/607 278/608/608 285/609/609
f 285/609/609 278/608/608 277/610/610
f 285/609/609 277/610/610 284/611/611
f 284/611/611 277/610/610 276/612/612
f 284/611/611 276/612/612 283/613/613
f 283/613/613 276/612/612 275/614/614
f 283/613/613 275/614/614 282/615/615
f 282/615/615 275/614/614 274/616/616
f 258/617/617 281/618/618 259/619/619
f 259/619/619 281/618/618 288/620/620
f 259/619/619 288/620/620 260/621/621
f 260/621/621 288/620/620 287/622/622
f 260/621/621 287/622/622 261/623/623
f 261/623/623 287/622/622 286/624/624
f 261/623/623 286/624/624 262/625/625
f 262/625/625 286/624/624 285/626/626
f 262/625/625 285/626/626 263/627/627
f 263/627/627 285/626/626 284/628/628
f 263/627/627 284/628/628 264/629/629
f 264/629/629 284/628/628 283/630/630
f 264/629/629 283/630/630 265/631/631
f 265/631/631 283/630/630 282/632/632
f 282/633/633 274/634/634 265/635/635
f 265/635/635 274/634/634 266/636/636
f 281/637/637 258/638/638 273/639/639
f 273/639/639 258/638/638 257/640/640
g Body1:8

v 72.000000 122.000000 -50.000000
v 72.000000 120.000000 -50.000000
v 72.000000 120.000000 -40.000000
v 72.000000 120.000000 -30.000000
v 72.000000 120.000000 -20.000000
v 72.000000 120.000000 -10.000000
v 72.000000 120.000000 0.000000
v 72.000000 122.000000 0.000000
v 72.000000 122.000000 -10.000000
v 72.000000 122.000000 -20.000000
v 72.000000 122.000000 -30.000000
v 72.000000 122.000000 -40.000000
v 74.000000 122.000000 -50.000000
v 74.000000 122.000000 0.000000
v 74.000000 122.000000 -10.000000
v 74.000000 122.000000 -20.000000
v 74.000000 122.000000 -30.000000
v 74.000000 122.000000 -40.000000
v 74.000000 120.000000 -50.000000
v 74.000000 120.000000 0.000000
v 74.000000 120.000000 -10.000000
v 74.000000 120.000000 -20.000000
v 74.000000 120.000000 -30.000000
v 74.000000 120.000000 -40.000000
vt 0.000000 0.000000 0.000000
vt 2.000000 0.000000 0.000000
vt 0.000000 10.000000 0.000000
vt 2.000000 10.000000 0.000000
vt 0.000000 20.000000 0.000000
vt 2.000000 20.000000 0.000000
vt 0.000000 30.000000 0.000000
vt 2.000000 30.000000 0.000000
vt 0.000000 40.000000 0.000000
vt 2.000000 40.000000 0.000000
vt 0.000000 50.000000 0.000000
vt 2.000000 50.000000 0.000000
vt -0.000000 0.000000 0.000000
vt 2.000000 0.000000 0.000000
vt -0.000000 10.000000 0.000000
vt 2.000000 10.000000 0.000000
vt -0.000000 20.000000 0.000000
vt 2.000000 20.000000 0.000000
vt -0.000000 30.000000 0.000000
vt 2.000000 30.000000 0.000000
vt -0.000000 40.000000 0.000000
vt 2.000000 40.000000 0.000000
vt -0.000000 50.000000 0.000000
vt 2.000000 50.000000 0.000000
vt -0.000000 0.000000 0.000000
vt 2.000000 0.000000 0.000000
vt -0.000000 10.000000 0.000000
vt 2.000000 10.000000 0.000000
vt -0.000000 20.000000 0.000000
vt 2.000000 20.000000 0.000000
vt -0.000000 30.000000 0.000000
vt 2.000000 30.000000 0.000000
vt -0.000000 40.000000 0.000000
vt 2.000000 40.000000 0.000000
vt -0.000000 50.000000 0.000000
vt 2.000000 50.000000 0.000000
vt 0.000000 0.000000 0.000000
vt 2.000000 0.000000 0.000000
vt 0.000000 10.000000 0.000000
vt 2.000000 10.000000 0.000000
vt 0.000000 20.000000 0.000000
vt 2.000000 20.000000 0.000000
vt 0.000000 30.000000 0.000000
vt 2.000000 30.000000 0.000000
vt 0.000000 40.000000 0.000000
vt 2.000000 40.000000 0.000000
vt 0.000000 50.000000 0.000000
vt 2.000000 50.000000 0.000000
vt 1.000000 1.000000 0.000000
vt -1.000000 1.000000 0.000000
vt 1.000000 -1.000000 0.000000
vt -1.000000 -1.000000 0.000000
vt -1.000000 -1.000000 0.000000
vt 1.000000 -1.000000 0.000000
vt -1.000000 1.000000 0.000000
vt 1.000000 1.000000 0.000000
vn -1.000000 -0.000000 -0.000000
vn -1.000000 -0.000000 -0.000000
vn -1.000000 -0.000000 -0.000000
vn -1.000000 -0.000000 -0.000000
vn -1.000000 -0.000000 -0.000000
vn -1.000000 -0.000000 -0.000000
vn -1.000000 -0.000000 -0.000000
vn -1.000000 -0.000000 -0.000000
vn -1.000000 -0.000000 -0.000000
vn -1.000000 -0.000000 -0.000000
vn -1.000000 -0.000000 -0.000000
vn -1.000000 -0.000000 -0.000000
vn -0.000000 1.000000 -0.000000
vn -0.000000 1.000000 -0.000000
vn -0.000000 1.000000 -0.000000
vn -0.000000 1.000000 -0.000000
vn -0.000000 1.000000 -0.000000
vn -0.000000 1.000000 -0.000000
vn -0.000000 1.000000 -0.000000
vn -0.000000 1.000000 -0.000000
vn -0.000000 1.000000 -0.000000
vn -0.000000 1.000000 -0.000000
vn -0.000000 1.000000 -0.000000
vn -0.000000 1.000000 -0.000000
vn 1.000000 0.000000 0.000000
vn 1.000000 0.000000 0.000000
vn 1.000000 0.000000 0.000000
vn 1.000000 0.000000 0.000000
vn 1.000000 0.000000 0.000000
vn 1.000000 0.000000 0.000000
vn 1.000000 0.000000 0.000000
vn 1.000000 0.000000 0.000000
vn 1.000000 0.000000 0.000000
vn 1.000000 0.000000 0.000000
vn 1.000000 0.000000 0.000000
vn 1.000000 0.000000 0.000000
vn 0.000000 -1.000000 0.000000
vn 0.000000 -1.000000 0.000000
vn 0.000000 -1.000000 0.000000
vn 0.000000 -1.000000 0.000000
vn 0.000000 -1.000000 0.000000
vn 0.000000 -1.000000 0.000000
vn 0.000000 -1.000000 0.000000
vn 0.000000 -1.000000 0.000000
vn 0.000000 -1.000000 0.000000
vn 0.000000 -1.000000 0.000000
vn 0.000000 -1.000000 0.000000
vn 0.000000 -1.000000 0.000000
vn -0.000000 0.000000 1.000000
vn -0.000000 0.000000 1.000000
vn -0.000000 0.000000 1.000000
vn -0.000000 0.000000 1.000000
vn 0.000000 -0.000000 -1.000000
vn 0.000000 -0.000000 -1.000000
vn 0.000000 -0.000000 -1.000000
vn 0.000000 -0.000000 -1.000000
f 289/641/641 290/642/642 300/643/643
f 300/643/643 290/642/642 291/644/644
f 300/643/643 291/644/644 299/645/645
f 299/645/645 291/644/644 292/646/646
f 299/645/645 292/646/646 298/647/647
f 298/647/647 292/646/646 293/648/648
f 298/647/647 293/648/648 297/649/649
f 297/649/649 293/648/648 294/650/650
f 297/649/649 294/650/650 296/651/651
f 296/651/651 294/650/650 295/652/652
f 301/653/653 289/654/654 306/655/655
f 306/655/655 289/654/654 300/656/656
f 306/655/655 300/656/656 305/657/657
f 305/657/657 300/656/656 299/658/658
f 305/657/657 299/658/658 304/659/659
f 304/659/659 299/658/658 298/660/660
f 304/659/659 298/660/660 303/661/661
f 303/661/661 298/660/660 297/662/662
f 303/661/661 297/662/662 302/663/663
f 302/663/663 297/662/662 296/664/664
f 307/665/665 301/666/666 312/667/667
f 312/667/667 301/666/666 306/668/668
f 312/667/667 306/668/668 311/669/669
f 311/669/669 306/668/668 305/670/670
f 311/669/669 305/670/670 310/671/671
f 310/671/671 305/670/670 304/672/672
f 310/671/671 304/672/672 309/673/673
f 309/673/673 304/672/672 303/674/674
f 309/673/673 303/674/674 308/675/675
f 308/675/675 303/674/674 302/676/676
f 290/677/677 307/678/678 291/679/679
f 291/679/679 307/678/678 312/680/680
f 291/679/679 312/680/680 292/681/681
f 292/681/681 312/680/680 311/682/682
f 292/681/681 311/682/682 293/683/683
f 293/683/683 311/682/682 310/684/684
f 293/683/683 310/684/684 294/685/685
f 294/685/685 310/684/684 309/686/686
f 294/685/685 309/686/686 295/687/687
f 295/687/687 309/686/686 308/688/688
f 308/689/689 302/690/690 295/691/691
f 295/691/691 302/690/690 296/692/692
f 307/693/693 290/694/694 301/695/695
f 301/695/695 290/694/694 289/696/696
g Body1:9

v 0.000000 122.000000 -50.000000
v 0.000000 120.000000 -50.000000
v 0.000000 120.000000 -40.000000
v 0.000000 120.000000 -30.000000
v 0.000000 120.000000 -20.000000
v 0.000000 120.000000 -10.000000
v 0.000000 120.000000 -0.000000
v 0.000000 122.000000 -0.000000
v 0.000000 122.000000 -10.000000
v 0.000000 122.000000 -20.000000
v 0.000000 122.000000 -30.000000
v 0.000000 122.000000 -40.000000
v 2.000000 122.000000 -50.000000
v 2.000000 122.000000 -0.000000
v 2.000000 122.000000 -10.000000
v 2.000000 122.000000 -20.000000
v 2.000000 122.000000 -30.000000
v 2.000000 122.000000 -40.000000
v 2.000000 120.000000 -50.000000
v 2.000000 120.000000 -0.000000
v 2.000000 120.000000 -10.000000
v 2.000000 120.000000 -20.000000
v 2.000000 120.000000 -30.000000
v 2.000000 120.000000 -40.000000
vt 0.000000 0.000000 0.000000
vt 2.000000 0.000000 0.000000
vt 0.000000 10.000000 0.000000
vt 2.000000 10.000000 0.000000
vt 0.000000 20.000000 0.000000
vt 2.000000 20.000000 0.000000
vt 0.000000 30.000000 0.000000
vt 2.000000 30.000000 0.000000
vt 0.000000 40.000000 0.000000
vt 2.000000 40.000000 0.000000
vt 0.000000 50.000000 0.000000
vt 2.000000 50.000000 0.000000
vt -0.000000 0.000000 0.000000
vt 2.000000 0.000000 0.000000
vt -0.000000 10.000000 0.000000
vt 2.000000 10.000000 0.000000
vt -0.000000 20.000000 0.000000
vt 2.000000 20.000000 0.000000
vt -0.000000 30.000000 0.000000
vt 2.000000 30.000000 0.000000
vt -0.000000 40.000000 0.000000
vt 2.000000 40.000000 0.000000
vt -0.000000 50.000000 0.000000
vt 2.000000 50.000000 0.000000
vt -0.000000 0.000000 0.000000
vt 2.000000 0.000000 0.000000
vt -0.000000 10.000000 0.000000
vt 2.000000 10.000000 0.000000
vt -0.000000 20.000000 0.000000
vt 2.000000 20.000000 0.000000
vt -0.000000 30.000000 0.000000
vt 2.000000 30.000000 0.000000
vt -0.000000 40.000000 0.000000
vt 2.000000 40.000000 0.000000
vt -0.000000 50.000000 0.000000
vt 2.000000 50.000000 0.000000
vt 0.000000 0.000000 0.000000
vt 2.000000 0.000000 0.000000
vt 0.000000 10.000000 0.000000
vt 2.000000 10.000000 0.000000
vt 0.000000 20.000000 0.000000
vt 2.000000 20.000000 0.000000
vt 0.000000 30.000000 0.000000
vt 2.000000 30.000000 0.000000
vt 0.000000 40.000000 0.000000
vt 2.000000 40.000000 0.000000
vt 0.000000 50.000000 0.000000
vt 2.000000 50.000000 0.000000
vt 1.000000 1.000000 0.000000
vt -1.000000 1.000000 0.000000
vt 1.000000 -1.000000 0.000000
vt -1.000000 -1.000000 0.000000
vt -1.000000 -1.000000 0.000000
vt 1.000000 -1.000000 0.000000
vt -1.000000 1.000000 0.000000
vt 1.000000 1.000000 0.000000
vn -1.000000 -0.000000 -0.000000
vn -1.000000 -0.000000 -0.000000
vn -1.000000 -0.000000 -0.000000
vn -1.000000 -0.000000 -0.000000
vn -1.000000 -0.000000 -0.000000
vn -1.000000 -0.000000 -0.000000
vn -1.000000 -0.000000 -0.000000
vn -1.000000 -0.000000 -0.000000
vn -1.000000 -0.000000 -0.000000
vn -1.000000 -0.000000 -0.000000
vn -1.000000 -0.000000 -0.000000
vn -1.000000 -0.000000 -0.000000
vn -0.000000 1.000000 -0.000000
vn -0.000000 1.000000 -0.000000
vn -0.000000 1.000000 -0.000000
vn -0.000000 1.000000 -0.000000
vn -0.000000 1.000000 -0.000000
vn -0.000000 1.000000 -0.000000
vn -0.000000 1.000000 -0.000000
vn -0.000000 1.000000 -0.000000
vn -0.000000 1.000000 -0.000000
vn -0.000000 1.000000 -0.000000
vn -0.000000 1.000000 -0.000000
vn -0.000000 1.000000 -0.000000
vn 1.000000 0.000000 0.000000
vn 1.000000 0.000000 0.000000
vn 1.000000 0.000000 0.000000
vn 1.000000 0.000000 0.000000
vn 1.000000 0.000000 0.000000
vn 1.000000 0.000000 0.000000
vn 1.000000 0.000000 0.000000
vn 1.000000 0.000000 0.000000
vn 1.000000 0.000000 0.000000
vn 1.000000 0.000000 0.000000
vn 1.000000 0.000000 0.000000
vn 1.000000 0.000000 0.000000
vn 0.000000 -1.000000 0.000000
vn 0.000000 -1.000000 0.000000
vn 0.000000 -1.000000 0.000000
vn 0.000000 -1.000000 0.000000
vn 0.000000 -1.000000 0.000000
vn 0.000000 -1.000000 0.000000
vn 0.000000 -1.000000 0.000000
vn 0.000000 -1.000000 0.000000
vn 0.000000 -1.000000 0.000000
vn 0.000000 -1.000000 0.000000
vn 0.000000 -1.000000 0.000000
vn 0.000000 -1.000000 0.000000
vn -0.000000 0.000000 1.000000
vn -0.000000 0.000000 1.000000
vn -0.000000 0.000000 1.000000
vn -0.000000 0.000000 1.000000
vn 0.000000 -0.000000 -1.000000
vn 0.000000 -0.000000 -1.000000
vn 0.000000 -0.000000 -1.000000
vn 0.000000 -0.000000 -1.000000
f 313/697/697 314/698/698 324/699/699
f 324/699/699 314/698/698 315/700/700
f 324/699/699 315/700/700 323/701/701
f 323/701/701 315/700/700 316/702/702
f 323/701/701 316/702/702 322/703/703
f 322/703/703 316/702/702 317/704/704
f 322/703/703 317/704/704 321/705/705
f 321/705/705 317/704/704 318/706/706
f 321/705/705 318/706/706 320/707/707
f 320/707/707 318/706/706 319/708/708
f 325/709/709 313/710/710 330/711/711
f 330/711/711 313/710/710 324/712/712
f 330/711/711 324/712/712 329/713/713
f 329/713/713 324/712/712 323/714/714
f 329/713/713 323/714/714 328/715/715
f 328/715/715 323/714/714 322/716/716
f 328/715/715 322/716/716 327/717/717
f 327/717/717 322/716/716 321/718/718
f 327/717/717 321/718/718 326/719/719
f 326/719/719 321/718/718 320/720/720
f 331/721/721 325/722/722 336/723/723
f 336/723/723 325/722/722 330/724/724
f 336/723/723 330/724/724 335/725/725
f 335/725/725 330/724/724 329/726/726
f 335/725/725 329/726/726 334/727/727
f 334/727/727 329/726/726 328/728/728
f 334/727/727 328/728/728 333/729/729
f 333/729/729 328/728/728 327/730/730
f 333/729/729 327/730/730 332/731/731
f 332/731/731 327/730/730 326/732/732
f 314/733/733 331/734/734 315/735/735
f 315/735/735 331/734/734 336/736/736
f 315/735/735 336/736/736 316/737/737
f 316/737/737 336/736/736 335/738/738
f 316/737/737 335/738/738 317/739/739
f 317/739/739 335/738/738 334/740/740
f 317/739/739 334/740/740 318/741/741
f 318/741/741 334/740/740 333/742/742
f 318/741/741 333/742/742 319/743/743
f 319/743/743 333/742/742 332/744/744
f 332/745/745 326/746/746 319/747/747
f 319/747/747 326/746/746 320/748/748
f 331/749/749 314/750/750 325/751/751
f 325/751/751 314/750/750 313/752/752
g Body1:10

v -0.000000 0.000000 -52.000000
v -0.000000 0.000000 -50.000000
v -0.000000 10.909091 -50.000000
v -0.000000 21.818182 -50.000000
v -0.000000 32.727273 -50.000000
v -0.000000 43.636364 -50.000000
v -0.000000 54.545455 -50.000000
v -0.000000 65.454545 -50.000000
v -0.000000 76.363636 -50.000000
v -0.000000 87.272727 -50.000000
v -0.000000 98.181818 -50.000000
v -0.000000 109.090909 -50.000000
v -0.000000 120.000000 -50.000000
v -0.000000 120.000000 -52.000000
v -0.000000 109.090909 -52.000000
v -0.000000 98.181818 -52.000000
v -0.000000 87.272727 -52.000000
v -0.000000 76.363636 -52.000000
v -0.000000 65.454545 -52.000000
v -0.000000 54.545455 -52.000000
v -0.000000 43.636364 -52.000000
v -0.000000 32.727273 -52.000000
v -0.000000 21.818182 -52.000000
v -0.000000 10.909091 -52.000000
v 2.000000 0.000000 -52.000000
v 2.000000 120.000000 -52.000000
v 2.000000 109.090909 -52.000000
v 2.000000 98.181818 -52.000000
v 2.000000 87.272727 -52.000000
v 2.000000 76.363636 -52.000000
v 2.000000 65.454545 -52.000000
v 2.000000 54.545455 -52.000000
v 2.000000 43.636364 -52.000000
v 2.000000 32.727273 -52.000000
v 2.000000 21.818182 -52.000000
v 2.000000 10.909091 -52.000000
v 2.000000 0.000000 -50.000000
v 2.000000 120.000000 -50.000000
v 2.000000 109.090909 -50.000000
v 2.000000 98.181818 -50.000000
v 2.000000 87.272727 -50.000000
v 2.000000 76.363636 -50.000000
v 2.000000 65.454545 -50.000000
v 2.000000 54.545455 -50.000000
v 2.000000 43.636364 -50.000000
v 2.000000 32.727273 -50.000000
v 2.000000 21.818182 -50.000000
v 2.000000 10.909091 -50.000000
vt 0.000000 0.000000 0.000000
vt 2.000000 0.000000 0.000000
vt 0.000000 10.909091 0.000000
vt 2.000000 10.909091 0.000000
vt 0.000000 21.818182 0.000000
vt 2.000000 21.818182 0.000000
vt 0.000000 32.727273 0.000000
vt 2.000000 32.727273 0.000000
vt 0.000000 43.636364 0.000000
vt 2.000000 43.636364 0.000000
vt 0.000000 54.545455 0.000000
vt 2.000000 54.545455 0.000000
vt 0.000000 65.454545 0.000000
vt 2.000000 65.454545 0.000000
vt 0.000000 76.363636 0.000000
vt 2.000000 76.363636 0.000000
vt 0.000000 87.272727 0.000000
vt 2.000000 87.272727 0.000000
vt 0.000000 98.181818 0.000000
vt 2.000000 98.181818 0.000000
vt 0.000000 109.090909 0.000000
vt 2.000000 109.090909 0.000000
vt 0.000000 120.000000 0.000000
vt 2.000000 120.000000 0.000000
vt -0.000000 0.000000 0.000000
vt 2.000000 0.000000 0.000000
vt -0.000000 10.909091 0.000000
vt 2.000000 10.909091 0.000000
vt -0.000000 21.818182 0.000000
vt 2.000000 21.818182 0.000000
vt -0.000000 32.727273 0.000000
vt 2.000000 32.727273 0.000000
vt -0.000000 43.636364 0.000000
vt 2.000000 43.636364 0.000000
vt -0.000000 54.545455 0.000000
vt 2.000000 54.545455 0.000000
vt -0.000000 65.454545 0.000000
vt 2.000000 65.454545 0.000000
vt -0.000000 76.363636 0.000000
vt 2.000000 76.363636 0.000000
vt -0.000000 87.272727 0.000000
vt 2.000000 87.272727 0.000000
vt -0.000000 98.181818 0.000000
vt 2.000000 98.181818 0.000000
vt -0.000000 109.090909 0.000000
vt 2.000000 109.090909 0.000000
vt -0.000000 120.000000 0.000000
vt 2.000000 120.000000 0.000000
vt -0.000000 0.000000 0.000000
vt 2.000000 0.000000 0.000000
vt -0.000000 10.909091 0.000000
vt 2.000000 10.909091 0.000000
vt -0.000000 21.818182 0.000000
vt 2.000000 21.818182 0.000000
vt -0.000000 32.727273 0.000000
vt 2.000000 32.727273 0.000000
vt -0.000000 43.636364 0.000000
vt 2.000000 43.636364 0.000000
vt -0.000000 54.545455 0.000000
vt 2.000000 54.545455 0.000000
vt -0.000000 65.454545 0.000000
vt 2.000000 65.454545 0.000000
vt -0.000000 76.363636 0.000000
vt 2.000000 76.363636 0.000000
vt -0.000000 87.272727 0.000000
vt 2.000000 87.272727 0.000000
vt -0.000000 98.181818 0.000000
vt 2.000000 98.181818 0.000000
vt -0.000000 109.090909 0.000000
vt 2.000000 109.090909 0.000000
vt -0.000000 120.000000 0.000000
vt 2.000000 120.000000 0.000000
vt -0.000000 0.000000 0.000000
vt 2.000000 0.000000 0.000000
vt -0.000000 10.909091 0.000000
vt 2.000000 10.909091 0.000000
vt -0.000000 21.818182 0.000000
vt 2.000000 21.818182 0.000000
vt -0.000000 32.727273 0.000000
vt 2.000000 32.727273 0.000000
vt -0.000000 43.636364 0.000000
vt 2.000000 43.636364 0.000000
vt -0.000000 54.545455 0.000000
vt 2.000000 54.545455 0.000000
vt -0.000000 65.454545 0.000000
vt 2.000000 65.454545 0.000000
vt -0.000000 76.363636 0.000000
vt 2.000000 76.363636 0.000000
vt -0.000000 87.272727 0.000000
vt 2.000000 87.272727 0.000000
vt -0.000000 98.181818 0.000000
vt 2.000000 98.181818 0.000000
vt -0.000000 109.090909 0.000000
vt 2.000000 109.090909 0.000000
vt 0.000000 120.000000 0.000000
vt 2.000000 120.000000 0.000000
vt 1.000000 1.000000 0.000000
vt -1.000000 1.000000 0.000000
vt 1.000000 -1.000000 0.000000
vt -1.000000 -1.000000 0.000000
vt -1.000000 -1.000000 0.000000
vt 1.000000 -1.000000 0.000000
vt -1.000000 1.000000 0.000000
vt 1.000000 1.000000 0.000000
vn -1.000000 0.000000 -0.000000
vn -1.000000 0.000000 -0.000000
vn -1.000000 0.000000 -0.000000
vn -1.000000 0.000000 -0.000000
vn -1.000000 0.000000 -0.000000
vn -1.000000 0.000000 -0.000000
vn -1.000000 0.000000 -0.000000
vn -1.000000 0.000000 -0.000000
vn -1.000000 0.000000 -0.000000
vn -1.000000 0.000000 -0.000000
vn -1.000000 0.000000 -0.000000
vn -1.000000 0.000000 -0.000000
vn -1.000000 0.000000 -0.000000
vn -1.000000 0.000000 -0.000000
vn -1.000000 0.000000 -0.000000
vn -1.000000 0.000000 -0.000000
vn -1.000000 0.000000 -0.000000
vn -1.000000 0.000000 -0.000000
vn -1.000000 0.000000 -0.000000
vn -1.000000 0.000000 -0.000000
vn -1.000000 0.000000 -0.000000
vn -1.000000 0.000000 -0.000000
vn -1.000000 0.000000 -0.000000
vn -1.000000 0.000000 -0.000000
vn 0.000000 0.000000 -1.000000
vn 0.000000 0.000000 -1.000000
vn 0.000000 0.000000 -1.000000
vn 0.000000 0.000000 -1.000000
vn 0.000000 0.000000 -1.000000
vn 0.000000 0.000000 -1.000000
vn 0.000000 0.000000 -1.000000
vn 0.000000 0.000000 -1.000000
vn 0.000000 0.000000 -1.000000
vn 0.000000 0.000000 -1.000000
vn 0.000000 0.000000 -1.000000
vn 0.000000 0.000000 -1.000000
vn 0.000000 0.000000 -1.000000
vn 0.000000 0.000000 -1.000000
vn 0.000000 0.000000 -1.000000
vn 0.000000 0.000000 -1.000000
vn 0.000000 0.000000 -1.000000
vn 0.000000 0.000000 -1.000000
vn 0.000000 0.000000 -1.000000
vn 0.000000 0.000000 -1.000000
vn 0.000000 0.000000 -1.000000
vn 0.000000 0.000000 -1.000000
vn 0.000000 0.000000 -1.000000
vn 0.000000 0.000000 -1.000000
vn 1.000000 0.000000 0.000000
vn 1.000000 0.000000 0.000000
vn 1.000000 0.000000 0.000000
vn 1.000000 0.000000 0.000000
vn 1.000000 0.000000 0.000000
vn 1.000000 0.000000 0.000000
vn 1.000000 0.000000 0.000000
vn 1.000000 0.000000 0.000000
vn 1.000000 0.000000 0.000000
vn 1.000000 0.000000 0.000000
vn 1.000000 0.000000 0.000000
vn 1.000000 0.000000 0.000000
vn 1.000000 0.000000 0.000000
vn 1.000000 0.000000 0.000000
vn 1.000000 0.000000 0.000000
vn 1.000000 0.000000 0.000000
vn 1.000000 0.000000 0.000000
vn 1.000000 0.000000 0.000000
vn 1.000000 0.000000 0.000000
vn 1.000000 0.000000 0.000000
vn 1.000000 0.000000 0.000000
vn 1.000000 0.000000 0.000000
vn 1.000000 0.000000 0.000000
vn 1.000000 0.000000 0.000000
vn 0.000000 -0.000000 1.000000
vn 0.000000 -0.000000 1.000000
vn 0.000000 -0.000000 1.000000
vn 0.000000 -0.000000 1.000000
vn 0.000000 -0.000000 1.000000
vn 0.000000 -0.000000 1.000000
vn 0.000000 -0.000000 1.000000
vn 0.000000 -0.000000 1.000000
vn 0.000000 -0.000000 1.000000
vn 0.000000 -0.000000 1.000000
vn 0.000000 -0.000000 1.000000
vn 0.000000 -0.000000 1.000000
vn 0.000000 -0.000000 1.000000
vn 0.000000 -0.000000 1.000000
vn 0.000000 -0.000000 1.000000
vn 0.000000 -0.000000 1.000000
vn 0.000000 -0.000000 1.000000
vn 0.000000 -0.000000 1.000000
vn 0.000000 -0.000000 1.000000
vn 0.000000 -0.000000 1.000000
vn 0.000000 -0.000000 1.000000
vn 0.000000 -0.000000 1.000000
vn 0.000000 -0.000000 1.000000
vn 0.000000 -0.000000 1.000000
vn 0.000000 1.000000 0.000000
vn 0.000000 1.000000 0.000000
vn 0.000000 1.000000 0.000000
vn 0.000000 1.000000 0.000000
vn -0.000000 -1.000000 -0.000000
vn -0.000000 -1.000000 -0.000000
vn -0.000000 -1.000000 -0.000000
vn -0.000000 -1.000000 -0.000000
f 337/753/753 338/754/754 360/755/755
f 360/755/755 338/754/754 339/756/756
f 360/755/755 339/756/756 359/757/757
f 359/757/757 339/756/756 340/758/758
f 359/757/757 340/758/758 358/759/759
f 358/759/759 340/758/758 341/760/760
f 358/759/759 341/760/760 357/761/761
f 357/761/761 341/760/760 342/762/762
f 357/761/761 342/762/762 356/763/763
f 356/763/763 342/762/762 343/764/764
f 356/763/763 343/764/764 355/765/765
f 355/765/765 343/764/764 344/766/766
f 355/765/765 344/766/766 354/767/767
f 354/767/767 344/766/766 345/768/768
f 354/767/767 345/768/768 353/769/769
f 353/769/769 345/768/768 346/770/770
f 353/769/769 346/770/770 352/771/771
f 352/771/771 346/770/770 347/772/772
f 352/771/771 347/772/772 351/773/773
f 351/773/773 347/772/772 348/774/774
f 351/773/773 348/774/774 350/775/775
f 350/775/775 348/774/774 349/776/776
f 361/777/777 337/778/778 372/779/779
f 372/779/779 337/778/778 360/780/780
f 372/779/779 360/780/780 371/781/781
f 371/781/781 360/780/780 359/782/782
f 371/781/781 359/782/782 370/783/783
f 370/783/783 359/782/782 358/784/784
f 370/783/783 358/784/784 369/785/785
f 369/785/785 358/784/784 357/786/786
f 369/785/785 357/786/786 368/787/787
f 368/787/787 357/786/786 356/788/788
f 368/787/787 356/788/788 367/789/789
f 367/789/789 356/788/788 355/790/790
f 367/789/789 355/790/790 366/791/791
f 366/791/791 355/790/790 354/792/792
f 366/791/791 354/792/792 365/793/793
f 365/793/793 354/792/792 353/794/794
f 365/793/793 353/794/794 364/795/795
f 364/795/795 353/794/794 352/796/796
f 364/795/795 352/796/796 363/797/797
f 363/797/797 352/796/796 351/798/798
f 363/797/797 351/798/798 362/799/799
f 362/799/799 351/798/798 350/800/800
f 373/801/801 361/802/802 384/803/803
f 384/803/803 361/802/802 372/804/804
f 384/803/803 372/804/804 383/805/805
f 383/805/805 372/804/804 371/806/806
f 383/805/805 371/806/806 382/807/807
f 382/807/807 371/806/806 370/808/808
f 382/807/807 370/808/808 381/809/809
f 381/809/809 370/808/808 369/810/810
f 381/809/809 369/810/810 380/811/811
f 380/811/811 369/810/810 368/812/812
f 380/811/811 368/812/812 379/813/813
f 379/813/813 368/812/812 367/814/814
f 379/813/813 367/814/814 378/815/815
f 378/815/815 367/814/814 366/816/816
f 378/815/815 366/816/816 377/817/817
f 377/817/817 366/816/816 365/818/818
f 377/817/817 365/818/818 376/819/819
f 376/819/819 365/818/818 364/820/820
f 376/819/819 364/820/820 375/821/821
f 375/821/821 364/820/820 363/822/822
f 375/821/821 363/822/822 374/823/823
f 374/823/823 363/822/822 362/824/824
f 338/825/825 373/826/826 339/827/827
f 339/827/827 373/826/826 384/828/828
f 339/827/827 384/828/828 340/829/829
f 340/829/829 384/828/828 383/830/830
f 340/829/829 383/830/830 341/831/831
f 341/831/831 383/830/830 382/832/832
f 341/831/831 382/832/832 342/833/833
f 342/833/833 382/832/832 381/834/834
f 342/833/833 381/834/834 343/835/835
f 343/835/835 381/834/834 380/836/836
f 343/835/835 380/836/836 344/837/837
f 344/837/837 380/836/836 379/838/838
f 344/837/837 379/838/838 345/839/839
f 345/839/839 379/838/838 378/840/840
f 345/839/839 378/840/840 346/841/841
f 346/841/841 378/840/840 377/842/842
f 346/841/841 377/842/842 347/843/843
f 347/843/843 377/842/842 376/844/844
f 347/843/843 376/844/844 348/845/845
f 348/845/845 376/844/844 375/846/846
f 348/845/845 375/846/846 349/847/847
f 349/847/847 375/846/846 374/848/848
f 374/849/849 362/850/850 349/851/851
f 349/851/851 362/850/850 350/852/852
f 373/853/853 338/854/854 361/855/855
f 361/855/855 338/854/854 337/856/856
g Body1:11

v 2.000000 122.000000 -27.500000
v 2.000000 122.000000 -25.500000
v 12.000000 122.000000 -25.500000
v 22.000000 122.000000 -25.500000
v 32.000000 122.000000 -25.500000
v 42.000000 122.000000 -25.500000
v 52.000000 122.000000 -25.500000
v 62.000000 122.000000 -25.500000
v 72.000000 122.000000 -25.500000
v 72.000000 122.000000 -27.500000
v 62.000000 122.000000 -27.500000
v 52.000000 122.000000 -27.500000
v 42.000000 122.000000 -27.500000
v 32.000000 122.000000 -27.500000
v 22.000000 122.000000 -27.500000
v 12.000000 122.000000 -27.500000
v 2.000000 120.000000 -27.500000
v 72.000000 120.000000 -27.500000
v 62.000000 120.000000 -27.500000
v 52.000000 120.000000 -27.500000
v 42.000000 120.000000 -27.500000
v 32.000000 120.000000 -27.500000
v 22.000000 120.000000 -27.500000
v 12.000000 120.000000 -27.500000
v 2.000000 120.000000 -25.500000
v 72.000000 120.000000 -25.500000
v 62.000000 120.000000 -25.500000
v 52.000000 120.000000 -25.500000
v 42.000000 120.000000 -25.500000
v 32.000000 120.000000 -25.500000
v 22.000000 120.000000 -25.500000
v 12.000000 120.000000 -25.500000
vt 0.000000 0.000000 0.000000
vt 2.000000 0.000000 0.000000
vt 0.000000 10.000000 0.000000
vt 2.000000 10.000000 0.000000
vt 0.000000 20.000000 0.000000
vt 2.000000 20.000000 0.000000
vt 0.000000 30.000000 0.000000
vt 2.000000 30.000000 0.000000
vt 0.000000 40.000000 0.000000
vt 2.000000 40.000000 0.000000
vt 0.000000 50.000000 0.000000
vt 2.000000 50.000000 0.000000
vt 0.000000 60.000000 0.000000
vt 2.000000 60.000000 0.000000
vt 0.000000 70.000000 0.000000
vt 2.000000 70.000000 0.000000
vt -0.000000 0.000000 0.000000
vt 2.000000 0.000000 0.000000
vt -0.000000 10.000000 0.000000
vt 2.000000 10.000000 0.000000
vt -0.000000 20.000000 0.000000
vt 2.000000 20.000000 0.000000
vt -0.000000 30.000000 0.000000
vt 2.000000 30.000000 0.000000
vt -0.000000 40.000000 0.000000
vt 2.000000 40.000000 0.000000
vt -0.000000 50.000000 0.000000
vt 2.000000 50.000000 0.000000
vt -0.000000 60.000000 0.000000
vt 2.000000 60.000000 0.000000
vt -0.000000 70.000000 0.000000
vt 2.000000 70.000000 0.000000
vt -0.000000 0.000000 0.000000
vt 2.000000 0.000000 0.000000
vt -0.000000 10.000000 0.000000
vt 2.000000 10.000000 0.000000
vt -0.000000 20.000000 0.000000
vt 2.000000 20.000000 0.000000
vt -0.000000 30.000000 0.000000
vt 2.000000 30.000000 0.000000
vt -0.000000 40.000000 0.000000
vt 2.000000 40.000000 0.000000
vt -0.000000 50.000000 0.000000
vt 2.000000 50.000000 0.000000
vt -0.000000 60.000000 0.000000
vt 2.000000 60.000000 0.000000
vt -0.000000 70.000000 0.000000
vt 2.000000 70.000000 0.000000
vt 0.000000 0.000000 0.000000
vt 2.000000 0.000000 0.000000
vt 0.000000 10.000000 0.000000
vt 2.000000 10.000000 0.000000
vt 0.000000 20.000000 0.000000
vt 2.000000 20.000000 0.000000
vt 0.000000 30.000000 0.000000
vt 2.000000 30.000000 0.000000
vt 0.000000 40.000000 0.000000
vt 2.000000 40.000000 0.000000
vt 0.000000 50.000000 0.000000
vt 2.000000 50.000000 0.000000
vt 0.000000 60.000000 0.000000
vt 2.000000 60.000000 0.000000
vt 0.000000 70.000000 0.000000
vt 2.000000 70.000000 0.000000
vt 1.000000 1.000000 0.000000
vt -1.000000 1.000000 0.000000
vt 1.000000 -1.000000 0.000000
vt -1.000000 -1.000000 0.000000
vt -1.000000 -1.000000 0.000000
vt 1.000000 -1.000000 0.000000
vt -1.000000 1.000000 0.000000
vt 1.000000 1.000000 0.000000
vn -0.000000 1.000000 -0.000000
vn -0.000000 1.000000 -0.000000
vn -0.000000 1.000000 -0.000000
vn -0.000000 1.000000 -0.000000
vn -0.000000 1.000000 -0.000000
vn -0.000000 1.000000 -0.000000
vn -0.000000 1.000000 -0.000000
vn -0.000000 1.000000 -0.000000
vn -0.000000 1.000000 -0.000000
vn -0.000000 1.000000 -0.000000
vn -0.000000 1.000000 -0.000000
vn -0.000000 1.000000 -0.000000
vn -0.000000 1.000000 -0.000000
vn -0.000000 1.000000 -0.000000
vn -0.000000 1.000000 -0.000000
vn -0.000000 1.000000 -0.000000
vn 0.000000 -0.000000 -1.000000
vn 0.000000 -0.000000 -1.000000
vn 0.000000 -0.000000 -1.000000
vn 0.000000 -0.000000 -1.000000
vn 0.000000 -0.000000 -1.000000
vn 0.000000 -0.000000 -1.000000
vn 0.000000 -0.000000 -1.000000
vn 0.000000 -0.000000 -1.000000
vn 0.000000 -0.000000 -1.000000
vn 0.000000 -0.000000 -1.000000
vn 0.000000 -0.000000 -1.000000
vn 0.000000 -0.000000 -1.000000
vn 0.000000 -0.000000 -1.000000
vn 0.000000 -0.000000 -1.000000
vn 0.000000 -0.000000 -1.000000
vn 0.000000 -0.000000 -1.000000
vn 0.000000 -1.000000 0.000000
vn 0.000000 -1.000000 0.000000
vn 0.000000 -1.000000 0.000000
vn 0.000000 -1.000000 0.000000
vn 0.000000 -1.000000 0.000000
vn 0.000000 -1.000000 0.000000
vn 0.000000 -1.000000 0.000000
vn 0.000000 -1.000000 0.000000
vn 0.000000 -1.000000 0.000000
vn 0.000000 -1.000000 0.000000
vn 0.000000 -1.000000 0.000000
vn 0.000000 -1.000000 0.000000
vn 0.000000 -1.000000 0.000000
vn 0.000000 -1.000000 0.000000
vn 0.000000 -1.000000 0.000000
vn 0.000000 -1.000000 0.000000
vn -0.000000 0.000000 1.000000
vn -0.000000 0.000000 1.000000
vn -0.000000 0.000000 1.000000
vn -0.000000 0.000000 1.000000
vn -0.000000 0.000000 1.000000
vn -0.000000 0.000000 1.000000
vn -0.000000 0.000000 1.000000
vn -0.000000 0.000000 1.000000
vn -0.000000 0.000000 1.000000
vn -0.000000 0.000000 1.000000
vn -0.000000 0.000000 1.000000
vn -0.000000 0.000000 1.000000
vn -0.000000 0.000000 1.000000
vn -0.000000 0.000000 1.000000
vn -0.000000 0.000000 1.000000
vn -0.000000 0.000000 1.000000
vn 1.000000 0.000000 0.000000
vn 1.000000 0.000000 0.000000
vn 1.000000 0.000000 0.000000
vn 1.000000 0.000000 0.000000
vn -1.000000 -0.000000 -0.000000
vn -1.000000 -0.000000 -0.000000
vn -1.000000 -0.000000 -0.000000
vn -1.000000 -0.000000 -0.000000
f 385/857/857 386/858/858 400/859/859
f 400/859/859 386/858/858 387/860/860
f 400/859/859 387/860/860 399/861/861
f 399/861/861 387/860/860 388/862/862
f 399/861/861 388/862/862 398/863/863
f 398/863/863 388/862/862 389/864/864
f 398/863/863 389/864/864 397/865/865
f 397/865/865 389/864/864 390/866/866
f 397/865/865 390/866/866 396/867/867
f 396/867/867 390/866/866 391/868/868
f 396/867/867 391/868/868 395/869/869
f 395/869/869 391/868/868 392/870/870
f 395/869/869 392/870/870 394/871/871
f 394/871/871 392/870/870 393/872/872
f 401/873/873 385/874/874 408/875/875
f 408/875/875 385/874/874 400/876/876
f 408/875/875 400/876/876 407/877/877
f 407/877/877 400/876/876 399/878/878
f 407/877/877 399/878/878 406/879/879
f 406/879/879 399/878/878 398/880/880
f 406/879/879 398/880/880 405/881/881
f 405/881/881 398/880/880 397/882/882
f 405/881/881 397/882/882 404/883/883
f 404/883/883 397/882/882 396/884/884
f 404/883/883 396/884/884 403/885/885
f 403/885/885 396/884/884 395/886/886
f 403/885/885 395/886/886 402/887/887
f 402/887/887 395/886/886 394/888/888
f 409/889/889 401/890/890 416/891/891
f 416/891/891 401/890/890 408/892/892
f 416/891/891 408/892/892 415/893/893
f 415/893/893 408/892/892 407/894/894
f 415/893/893 407/894/894 414/895/895
f 414/895/895 407/894/894 406/896/896
f 414/895/895 406/896/896 413/897/897
f 413/897/897 406/896/896 405/898/898
f 413/897/897 405/898/898 412/899/899
f 412/899/899 405/898/898 404/900/900
f 412/899/899 404/900/900 411/901/901
f 411/901/901 404/900/900 403/902/902
f 411/901/901 403/902/902 410/903/903
f 410/903/903 403/902/902 402/904/904
f 386/905/905 409/906/906 387/907/907
f 387/907/907 409/906/906 416/908/908
f 387/907/907 416/908/908 388/909/909
f 388/909/909 416/908/908 415/910/910
f 388/909/909 415/910/910 389/911/911
f 389/911/911 415/910/910 414/912/912
f 389/911/911 414/912/912 390/913/913
f 390/913/913 414/912/912 413/914/914
f 390/913/913 413/914/914 391/915/915
f 391/915/915 413/914/914 412/916/916
f 391/915/915 412/916/916 392/917/917
f 392/917/917 412/916/916 411/918/918
f 392/917/917 411/918/918 393/919/919
f 393/919/919 411/918/918 410/920/920
f 410/921/921 402/922/922 393/923/923
f 393/923/923 402/922/922 394/924/924
f 409/925/925 386/926/926 401/927/927
f 401/927/927 386/926/926 385/928/928
g Body1:12

v 2.317500 120.000000 11.480000
v 2.317500 120.000000 1.320000
v 2.317500 120.000000 -8.840000
v 2.317500 120.000000 -19.000000
v 2.317500 120.000000 -29.160000
v 2.317500 120.000000 -39.320000
v 2.317500 120.000000 -49.480000
v 2.000000 120.000000 -49.480000
v 2.000000 120.000000 -39.320000
v 2.000000 120.000000 -29.160000
v 2.000000 120.000000 -19.000000
v 2.000000 120.000000 -8.840000
v 2.000000 120.000000 1.320000
v 2.000000 120.000000 11.480000
v 2.317500 -1.920000 11.480000
v 2.317500 9.163636 11.480000
v 2.317500 20.247273 11.480000
v 2.317500 31.330909 11.480000
v 2.317500 42.414545 11.480000
v 2.317500 53.498182 11.480000
v 2.317500 64.581818 11.480000
v 2.317500 75.665455 11.480000
v 2.317500 86.749091 11.480000
v 2.317500 97.832727 11.480000
v 2.317500 108.916364 11.480000
v 2.000000 108.916364 11.480000
v 2.000000 97.832727 11.480000
v 2.000000 86.749091 11.480000
v 2.000000 75.665455 11.480000
v 2.000000 64.581818 11.480000
v 2.000000 53.498182 11.480000
v 2.000000 42.414545 11.480000
v 2.000000 31.330909 11.480000
v 2.000000 20.247273 11.480000
v 2.000000 9.163636 11.480000
v 2.000000 -1.920000 11.480000
v 2.317500 -1.920000 -49.480000
v 2.317500 -1.920000 -39.320000
v 2.317500 -1.920000 -29.160000
v 2.317500 -1.920000 -19.000000
v 2.317500 -1.920000 -8.840000
v 2.317500 -1.920000 1.320000
v 2.000000 -1.920000 1.320000
v 2.000000 -1.920000 -8.840000
v 2.000000 -1.920000 -19.000000
v 2.000000 -1.920000 -29.160000
v 2.000000 -1.920000 -39.320000
v 2.000000 -1.920000 -49.480000
v 2.317500 108.916364 -49.480000
v 2.317500 97.832727 -49.480000
v 2.317500 86.749091 -49.480000
v 2.317500 75.665455 -49.480000
v 2.317500 64.581818 -49.480000
v 2.317500 53.498182 -49.480000
v 2.317500 42.414545 -49.480000
v 2.317500 31.330909 -49.480000
v 2.317500 20.247273 -49.480000
v 2.317500 9.163636 -49.480000
v 2.000000 9.163636 -49.480000
v 2.000000 20.247273 -49.480000
v 2.000000 31.330909 -49.480000
v 2.000000 42.414545 -49.480000
v 2.000000 53.498182 -49.480000
v 2.000000 64.581818 -49.480000
v 2.000000 75.665455 -49.480000
v 2.000000 86.749091 -49.480000
v 2.000000 97.832727 -49.480000
v 2.000000 108.916364 -49.480000
v 2.000000 9.163636 -39.320000
v 2.000000 20.247273 -39.320000
v 2.000000 31.330909 -39.320000
v 2.000000 42.414545 -39.320000
v 2.000000 53.498182 -39.320000
v 2.000000 64.581818 -39.320000
v 2.000000 75.665455 -39.320000
v 2.000000 86.749091 -39.320000
v 2.000000 97.832727 -39.320000
v 2.000000 108.916364 -39.320000
v 2.000000 9.163636 -29.160000
v 2.000000 20.247273 -29.160000
v 2.000000 31.330909 -29.160000
v 2.000000 42.414545 -29.160000
v 2.000000 53.498182 -29.160000
v 2.000000 64.581818 -29.160000
v 2.000000 75.665455 -29.160000
v 2.000000 86.749091 -29.160000
v 2.000000 97.832727 -29.160000
v 2.000000 108.916364 -29.160000
v 2.000000 9.163636 -19.000000
v 2.000000 20.247273 -19.000000
v 2.000000 31.330909 -19.000000
v 2.000000 42.414545 -19.000000
v 2.000000 53.498182 -19.000000
v 2.000000 64.581818 -19.000000
v 2.000000 75.665455 -19.000000
v 2.000000 86.749091 -19.000000
v 2.000000 97.832727 -19.000000
v 2.000000 108.916364 -19.000000
v 2.000000 9.163636 -8.840000
v 2.000000 20.247273 -8.840000
v 2.000000 31.330909 -8.840000
v 2.000000 42.414545 -8.840000
v 2.000000 53.498182 -8.840000
v 2.000000 64.581818 -8.840000
v 2.000000 75.665455 -8.840000
v 2.000000 86.749091 -8.840000
v 2.000000 97.832727 -8.840000
v 2.000000 108.916364 -8.840000
v 2.000000 9.163636 1.320000
v 2.000000 20.247273 1.320000
v 2.000000 31.330909 1.320000
v 2.000000 42.414545 1.320000
v 2.000000 53.498182 1.320000
v 2.000000 64.581818 1.320000
v 2.000000 75.665455 1.320000
v 2.000000 86.749091 1.320000
v 2.000000 97.832727 1.320000
v 2.000000 108.916364 1.320000
v 2.317500 9.163636 -39.320000
v 2.317500 9.163636 -29.160000
v 2.317500 9.163636 -19.000000
v 2.317500 9.163636 -8.840000
v 2.317500 9.163636 1.320000
v 2.317500 20.247273 -39.320000
v 2.317500 20.247273 -29.160000
v 2.317500 20.247273 -19.000000
v 2.317500 20.247273 -8.840000
v 2.317500 20.247273 1.320000
v 2.317500 31.330909 -39.320000
v 2.317500 31.330909 -29.160000
v 2.317500 31.330909 -19.000000
v 2.317500 31.330909 -8.840000
v 2.317500 31.330909 1.320000
v 2.317500 42.414545 -39.320000
v 2.317500 42.414545 -29.160000
v 2.317500 42.414545 -19.000000
v 2.317500 42.414545 -8.840000
v 2.317500 42.414545 1.320000
v 2.317500 53.498182 -39.320000
v 2.317500 53.498182 -29.160000
v 2.317500 53.498182 -19.000000
v 2.317500 53.498182 -8.840000
v 2.317500 53.498182 1.320000
v 2.317500 64.581818 -39.320000
v 2.317500 64.581818 -29.160000
v 2.317500 64.581818 -19.000000
v 2.317500 64.581818 -8.840000
v 2.317500 64.581818 1.320000
v 2.317500 75.665455 -39.320000
v 2.317500 75.665455 -29.160000
v 2.317500 75.665455 -19.000000
v 2.317500 75.665455 -8.840000
v 2.317500 75.665455 1.320000
v 2.317500 86.749091 -39.320000
v 2.317500 86.749091 -29.160000
v 2.317500 86.749091 -19.000000
v 2.317500 86.749091 -8.840000
v 2.317500 86.749091 1.320000
v 2.317500 97.832727 -39.320000
v 2.317500 97.832727 -29.160000
v 2.317500 97.832727 -19.000000
v 2.317500 97.832727 -8.840000
v 2.317500 97.832727 1.320000
v 2.317500 108.916364 -39.320000
v 2.317500 108.916364 -29.160000
v 2.317500 108.916364 -19.000000
v 2.317500 108.916364 -8.840000
v 2.317500 108.916364 1.320000
vt 0.000000 0.000000 0.000000
vt 10.160000 0.000000 0.000000
vt 0.000000 0.317500 0.000000
vt 10.160000 0.317500 0.000000
vt 20.320000 0.000000 0.000000
vt 20.320000 0.317500 0.000000
vt 30.480000 0.000000 0.000000
vt 30.480000 0.317500 0.000000
vt 40.640000 0.000000 0.000000
vt 40.640000 0.317500 0.000000
vt 50.800000 0.000000 0.000000
vt 50.800000 0.317500 0.000000
vt 60.960000 0.000000 0.000000
vt 60.960000 0.317500 0.000000
vt 0.000000 0.000000 0.000000
vt 11.083636 0.000000 0.000000
vt 0.000000 0.317500 0.000000
vt 11.083636 0.317500 0.000000
vt 22.167273 0.000000 0.000000
vt 22.167273 0.317500 0.000000
vt 33.250909 0.000000 0.000000
vt 33.250909 0.317500 0.000000
vt 44.334545 0.000000 0.000000
vt 44.334545 0.317500 0.000000
vt 55.418182 0.000000 0.000000
vt 55.418182 0.317500 0.000000
vt 66.501818 0.000000 0.000000
vt 66.501818 0.317500 0.000000
vt 77.585455 0.000000 0.000000
vt 77.585455 0.317500 0.000000
vt 88.669091 0.000000 0.000000
vt 88.669091 0.317500 0.000000
vt 99.752727 0.000000 0.000000
vt 99.752727 0.317500 0.000000
vt 110.836364 0.000000 0.000000
vt 110.836364 0.317500 0.000000
vt 121.920000 0.000000 0.000000
vt 121.920000 0.317500 0.000000
vt 0.000000 0.000000 0.000000
vt 10.160000 0.000000 0.000000
vt 0.000000 0.317500 0.000000
vt 10.160000 0.317500 0.000000
vt 20.320000 0.000000 0.000000
vt 20.320000 0.317500 0.000000
vt 30.480000 0.000000 0.000000
vt 30.480000 0.317500 0.000000
vt 40.640000 0.000000 0.000000
vt 40.640000 0.317500 0.000000
vt 50.800000 0.000000 0.000000
vt 50.800000 0.317500 0.000000
vt 60.960000 0.000000 0.000000
vt 60.960000 0.317500 0.000000
vt 0.000000 0.000000 0.000000
vt 11.083636 0.000000 0.000000
vt 0.000000 0.317500 0.000000
vt 11.083636 0.317500 0.000000
vt 22.167273 0.000000 0.000000
vt 22.167273 0.317500 0.000000
vt 33.250909 0.000000 0.000000
vt 33.250909 0.317500 0.000000
vt 44.334545 0.000000 0.000000
vt 44.334545 0.317500 0.000000
vt 55.418182 0.000000 0.000000
vt 55.418182 0.317500 0.000000
vt 66.501818 0.000000 0.000000
vt 66.501818 0.317500 0.000000
vt 77.585455 0.000000 0.000000
vt 77.585455 0.317500 0.000000
vt 88.669091 0.000000 0.000000
vt 88.669091 0.317500 0.000000
vt 99.752727 0.000000 0.000000
vt 99.752727 0.317500 0.000000
vt 110.836364 0.000000 0.000000
vt 110.836364 0.317500 0.000000
vt 121.920000 0.000000 0.000000
vt 121.920000 0.317500 0.000000
vt -60.960000 -30.480000 0.000000
vt -49.876364 -30.480000 0.000000
vt -60.960000 -20.320000 0.000000
vt -49.876364 -20.320000 0.000000
vt -60.960000 -10.160000 0.000000
vt -49.876364 -10.160000 0.000000
vt -60.960000 0.000000 0.000000
vt -49.876364 0.000000 0.000000
vt -60.960000 10.160000 0.000000
vt -49.876364 10.160000 0.000000
vt -60.960000 20.320000 0.000000
vt -49.876364 20.320000 0.000000
vt -60.960000 30.480000 0.000000
vt -49.876364 30.480000 0.000000
vt -38.792727 20.320000 0.000000
vt -38.792727 30.480000 0.000000
vt -27.709091 20.320000 0.000000
vt -27.709091 30.480000 0.000000
vt -16.625455 20.320000 0.000000
vt -16.625455 30.480000 0.000000
vt -5.541818 20.320000 0.000000
vt -5.541818 30.480000 0.000000
vt 5.541818 20.320000 0.000000
vt 5.541818 30.480000 0.000000
vt 16.625455 20.320000 0.000000
vt 16.625455 30.480000 0.000000
vt 27.709091 20.320000 0.000000
vt 27.709091 30.480000 0.000000
vt 38.792727 20.320000 0.000000
vt 38.792727 30.480000 0.000000
vt 49.876364 20.320000 0.000000
vt 49.876364 30.480000 0.000000
vt 60.960000 20.320000 0.000000
vt 60.960000 30.480000 0.000000
vt -38.792727 -30.480000 0.000000
vt -38.792727 -20.320000 0.000000
vt -38.792727 -10.160000 0.000000
vt -38.792727 0.000000 0.000000
vt -38.792727 10.160000 0.000000
vt -27.709091 -30.480000 0.000000
vt -27.709091 -20.320000 0.000000
vt -27.709091 -10.160000 0.000000
vt -27.709091 0.000000 0.000000
vt -27.709091 10.160000 0.000000
vt -16.625455 -30.480000 0.000000
vt -16.625455 -20.320000 0.000000
vt -16.625455 -10.160000 0.000000
vt -16.625455 0.000000 0.000000
vt -16.625455 10.160000 0.000000
vt -5.541818 -30.480000 0.000000
vt -5.541818 -20.320000 0.000000
vt -5.541818 -10.160000 0.000000
vt -5.541818 0.000000 0.000000
vt -5.541818 10.160000 0.000000
vt 5.541818 -30.480000 0.000000
vt 5.541818 -20.320000 0.000000
vt 5.541818 -10.160000 0.000000
vt 5.541818 0.000000 0.000000
vt 5.541818 10.160000 0.000000
vt 16.625455 -30.480000 0.000000
vt 16.625455 -20.320000 0.000000
vt 16.625455 -10.160000 0.000000
vt 16.625455 0.000000 0.000000
vt 16.625455 10.160000 0.000000
vt 27.709091 -30.480000 0.000000
vt 27.709091 -20.320000 0.000000
vt 27.709091 -10.160000 0.000000
vt 27.709091 0.000000 0.000000
vt 27.709091 10.160000 0.000000
vt 38.792727 -30.480000 0.000000
vt 38.792727 -20.320000 0.000000
vt 38.792727 -10.160000 0.000000
vt 38.792727 0.000000 0.000000
vt 38.792727 10.160000 0.000000
vt 49.876364 -30.480000 0.000000
vt 49.876364 -20.320000 0.000000
vt 49.876364 -10.160000 0.000000
vt 49.876364 0.000000 0.000000
vt 49.876364 10.160000 0.000000
vt 60.960000 -30.480000 0.000000
vt 60.960000 -20.320000 0.000000
vt 60.960000 -10.160000 0.000000
vt 60.960000 0.000000 0.000000
vt 60.960000 10.160000 0.000000
vt 20.320000 -60.960000 0.000000
vt 30.480000 -60.960000 0.000000
vt 20.320000 -49.876364 0.000000
vt 30.480000 -49.876364 0.000000
vt 20.320000 -38.792727 0.000000
vt 30.480000 -38.792727 0.000000
vt 20.320000 -27.709091 0.000000
vt 30.480000 -27.709091 0.000000
vt 20.320000 -16.625455 0.000000
vt 30.480000 -16.625455 0.000000
vt 20.320000 -5.541818 0.000000
vt 30.480000 -5.541818 0.000000
vt 20.320000 5.541818 0.000000
vt 30.480000 5.541818 0.000000
vt 20.320000 16.625455 0.000000
vt 30.480000 16.625455 0.000000
vt 20.320000 27.709091 0.000000
vt 30.480000 27.709091 0.000000
vt 20.320000 38.792727 0.000000
vt 30.480000 38.792727 0.000000
vt 20.320000 49.876364 0.000000
vt 30.480000 49.876364 0.000000
vt 20.320000 60.960000 0.000000
vt 30.480000 60.960000 0.000000
vt 10.160000 60.960000 0.000000
vt 10.160000 49.876364 0.000000
vt 10.160000 38.792727 0.000000
vt 10.160000 27.709091 0.000000
vt 10.160000 16.625455 0.000000
vt 10.160000 5.541818 0.000000
vt 10.160000 -5.541818 0.000000
vt 10.160000 -16.625455 0.000000
vt 10.160000 -27.709091 0.000000
vt 10.160000 -38.792727 0.000000
vt 10.160000 -49.876364 0.000000
vt 10.160000 -60.960000 0.000000
vt 0.000000 -49.876364 0.000000
vt -0.000000 -60.960000 0.000000
vt -10.160000 -49.876364 0.000000
vt -10.160000 -60.960000 0.000000
vt -20.320000 -49.876364 0.000000
vt -20.320000 -60.960000 0.000000
vt -30.480000 -49.876364 0.000000
vt -30.480000 -60.960000 0.000000
vt -0.000000 60.960000 0.000000
vt 0.000000 49.876364 0.000000
vt 0.000000 38.792727 0.000000
vt 0.000000 27.709091 0.000000
vt 0.000000 16.625455 0.000000
vt 0.000000 5.541818 0.000000
vt 0.000000 -5.541818 0.000000
vt 0.000000 -16.625455 0.000000
vt 0.000000 -27.709091 0.000000
vt 0.000000 -38.792727 0.000000
vt -10.160000 60.960000 0.000000
vt -10.160000 49.876364 0.000000
vt -10.160000 38.792727 0.000000
vt -10.160000 27.709091 0.000000
vt -10.160000 16.625455 0.000000
vt -10.160000 5.541818 0.000000
vt -10.160000 -5.541818 0.000000
vt -10.160000 -16.625455 0.000000
vt -10.160000 -27.709091 0.000000
vt -10.160000 -38.792727 0.000000
vt -20.320000 60.960000 0.000000
vt -20.320000 49.876364 0.000000
vt -20.320000 38.792727 0.000000
vt -20.320000 27.709091 0.000000
vt -20.320000 16.625455 0.000000
vt -20.320000 5.541818 0.000000
vt -20.320000 -5.541818 0.000000
vt -20.320000 -16.625455 0.000000
vt -20.320000 -27.709091 0.000000
vt -20.320000 -38.792727 0.000000
vt -30.480000 60.960000 0.000000
vt -30.480000 49.876364 0.000000
vt -30.480000 38.792727 0.000000
vt -30.480000 27.709091 0.000000
vt -30.480000 16.625455 0.000000
vt -30.480000 5.541818 0.000000
vt -30.480000 -5.541818 0.000000
vt -30.480000 -16.625455 0.000000
vt -30.480000 -27.709091 0.000000
vt -30.480000 -38.792727 0.000000
vn -0.000000 1.000000 -0.000000
vn -0.000000 1.000000 -0.000000
vn -0.000000 1.000000 -0.000000
vn -0.000000 1.000000 -0.000000
vn -0.000000 1.000000 -0.000000
vn -0.000000 1.000000 -0.000000
vn -0.000000 1.000000 -0.000000
vn -0.000000 1.000000 -0.000000
vn -0.000000 1.000000 -0.000000
vn -0.000000 1.000000 -0.000000
vn -0.000000 1.000000 -0.000000
vn -0.000000 1.000000 -0.000000
vn -0.000000 1.000000 -0.000000
vn -0.000000 1.000000 -0.000000
vn -0.000000 0.000000 1.000000
vn -0.000000 0.000000 1.000000
vn -0.000000 0.000000 1.000000
vn -0.000000 0.000000 1.000000
vn -0.000000 0.000000 1.000000
vn -0.000000 0.000000 1.000000
vn -0.000000 0.000000 1.000000
vn -0.000000 0.000000 1.000000
vn -0.000000 0.000000 1.000000
vn -0.000000 0.000000 1.000000
vn -0.000000 0.000000 1.000000
vn -0.000000 0.000000 1.000000
vn -0.000000 0.000000 1.000000
vn -0.000000 0.000000 1.000000
vn -0.000000 0.000000 1.000000
vn -0.000000 0.000000 1.000000
vn -0.000000 0.000000 1.000000
vn -0.000000 0.000000 1.000000
vn -0.000000 0.000000 1.000000
vn -0.000000 0.000000 1.000000
vn -0.000000 0.000000 1.000000
vn -0.000000 0.000000 1.000000
vn -0.000000 0.000000 1.000000
vn -0.000000 0.000000 1.000000
vn 0.000000 -1.000000 0.000000
vn 0.000000 -1.000000 0.000000
vn 0.000000 -1.000000 0.000000
vn 0.000000 -1.000000 0.000000
vn 0.000000 -1.000000 0.000000
vn 0.000000 -1.000000 0.000000
vn 0.000000 -1.000000 0.000000
vn 0.000000 -1.000000 0.000000
vn 0.000000 -1.000000 0.000000
vn 0.000000 -1.000000 0.000000
vn 0.000000 -1.000000 0.000000
vn 0.000000 -1.000000 0.000000
vn 0.000000 -1.000000 0.000000
vn 0.000000 -1.000000 0.000000
vn 0.000000 -0.000000 -1.000000
vn 0.000000 -0.000000 -1.000000
vn 0.000000 -0.000000 -1.000000
vn 0.000000 -0.000000 -1.000000
vn 0.000000 -0.000000 -1.000000
vn 0.000000 -0.000000 -1.000000
vn 0.000000 -0.000000 -1.000000
vn 0.000000 -0.000000 -1.000000
vn 0.000000 -0.000000 -1.000000
vn 0.000000 -0.000000 -1.000000
vn 0.000000 -0.000000 -1.000000
vn 0.000000 -0.000000 -1.000000
vn 0.000000 -0.000000 -1.000000
vn 0.000000 -0.000000 -1.000000
vn 0.000000 -0.000000 -1.000000
vn 0.000000 -0.000000 -1.000000
vn 0.000000 -0.000000 -1.000000
vn 0.000000 -0.000000 -1.000000
vn 0.000000 -0.000000 -1.000000
vn 0.000000 -0.000000 -1.000000
vn 0.000000 -0.000000 -1.000000
vn 0.000000 -0.000000 -1.000000
vn 0.000000 -0.000000 -1.000000
vn 0.000000 -0.000000 -1.000000
vn -1.000000 -0.000000 -0.000000
vn -1.000000 -0.000000 -0.000000
vn -1.000000 -0.000000 -0.000000
vn -1.000000 -0.000000 -0.000000
vn -1.000000 -0.000000 -0.000000
vn -1.000000 -0.000000 -0.000000
vn -1.000000 -0.000000 -0.000000
vn -1.000000 -0.000000 -0.000000
vn -1.000000 -0.000000 -0.000000
vn -1.000000 -0.000000 -0.000000
vn -1.000000 -0.000000 -0.000000
vn -1.000000 -0.000000 -0.000000
vn -1.000000 -0.000000 -0.000000
vn -1.000000 -0.000000 -0.000000
vn -1.000000 -0.000000 -0.000000
vn -1.000000 -0.000000 -0.000000
vn -1.000000 -0.000000 -0.000000
vn -1.000000 -0.000000 -0.000000
vn -1.000000 -0.000000 -0.000000
vn -1.000000 -0.000000 -0.000000
vn -1.000000 -0.000000 -0.000000
vn -1.000000 -0.000000 -0.000000
vn -1.000000 -0.000000 -0.000000
vn -1.000000 -0.000000 -0.000000
vn -1.000000 -0.000000 -0.000000
vn -1.000000 -0.000000 -0.000000
vn -1.000000 -0.000000 -0.000000
vn -1.000000 -0.000000 -0.000000
vn -1.000000 -0.000000 -0.000000
vn -1.000000 -0.000000 -0.000000
vn -1.000000 -0.000000 -0.000000
vn -1.000000 -0.000000 -0.000000
vn -1.000000 -0.000000 -0.000000
vn -1.000000 -0.000000 -0.000000
vn -1.000000 -0.000000 -0.000000
vn -1.000000 -0.000000 -0.000000
vn -1.000000 -0.000000 -0.000000
vn -1.000000 -0.000000 -0.000000
vn -1.000000 -0.000000 -0.000000
vn -1.000000 -0.000000 -0.000000
vn -1.000000 -0.000000 -0.000000
vn -1.000000 -0.000000 -0.000000
vn -1.000000 -0.000000 -0.000000
vn -1.000000 -0.000000 -0.000000
vn -1.000000 -0.000000 -0.000000
vn -1.000000 -0.000000 -0.000000
vn -1.000000 -0.000000 -0.000000
vn -1.000000 -0.000000 -0.000000
vn -1.000000 -0.000000 -0.000000
vn -1.000000 -0.000000 -0.000000
vn -1.000000 -0.000000 -0.000000
vn -1.000000 -0.000000 -0.000000
vn -1.000000 -0.000000 -0.000000
vn -1.000000 -0.000000 -0.000000
vn -1.000000 -0.000000 -0.000000
vn -1.000000 -0.000000 -0.000000
vn -1.000000 -0.000000 -0.000000
vn -1.000000 -0.000000 -0.000000
vn -1.000000 -0.000000 -0.000000
vn -1.000000 -0.000000 -0.000000
vn -1.000000 -0.000000 -0.000000
vn -1.000000 -0.000000 -0.000000
vn -1.000000 -0.000000 -0.000000
vn -1.000000 -0.000000 -0.000000
vn -1.000000 -0.000000 -0.000000
vn -1.000000 -0.000000 -0.000000
vn -1.000000 -0.000000 -0.000000
vn -1.000000 -0.000000 -0.000000
vn -1.000000 -0.000000 -0.000000
vn -1.000000 -0.000000 -0.000000
vn -1.000000 -0.000000 -0.000000
vn -1.000000 -0.000000 -0.000000
vn -1.000000 -0.000000 -0.000000
vn -1.000000 -0.000000 -0.000000
vn -1.000000 -0.000000 -0.000000
vn -1.000000 -0.000000 -0.000000
vn -1.000000 -0.000000 -0.000000
vn -1.000000 -0.000000 -0.000000
vn -1.000000 -0.000000 -0.000000
vn -1.000000 -0.000000 -0.000000
vn -1.000000 -0.000000 -0.000000
vn -1.000000 -0.000000 -0.000000
vn -1.000000 -0.000000 -0.000000
vn -1.000000 -0.000000 -0.000000
vn 1.000000 0.000000 0.000000
vn 1.000000 0.000000 0.000000
vn 1.000000 0.000000 0.000000
vn 1.000000 0.000000 0.000000
vn 1.000000 0.000000 0.000000
vn 1.000000 0.000000 0.000000
vn 1.000000 0.000000 0.000000
vn 1.000000 0.000000 0.000000
vn 1.000000 0.000000 0.000000
vn 1.000000 0.000000 0.000000
vn 1.000000 0.000000 0.000000
vn 1.000000 0.000000 0.000000
vn 1.000000 0.000000 0.000000
vn 1.000000 0.000000 0.000000
vn 1.000000 0.000000 0.000000
vn 1.000000 0.000000 0.000000
vn 1.000000 0.000000 0.000000
vn 1.000000 0.000000 0.000000
vn 1.000000 0.000000 0.000000
vn 1.000000 0.000000 0.000000
vn 1.000000 0.000000 0.000000
vn 1.000000 0.000000 0.000000
vn 1.000000 0.000000 0.000000
vn 1.000000 0.000000 0.000000
vn 1.000000 0.000000 0.000000
vn 1.000000 0.000000 0.000000
vn 1.000000 0.000000 0.000000
vn 1.000000 0.000000 0.000000
vn 1.000000 0.000000 0.000000
vn 1.000000 0.000000 0.000000
vn 1.000000 0.000000 0.000000
vn 1.000000 0.000000 0.000000
vn 1.000000 0.000000 0.000000
vn 1.000000 0.000000 0.000000
vn 1.000000 0.000000 0.000000
vn 1.000000 0.000000 0.000000
vn 1.000000 0.000000 0.000000
vn 1.000000 0.000000 0.000000
vn 1.000000 0.000000 0.000000
vn 1.000000 0.000000 0.000000
vn 1.000000 0.000000 0.000000
vn 1.000000 0.000000 0.000000
vn 1.000000 0.000000 0.000000
vn 1.000000 0.000000 0.000000
vn 1.000000 0.000000 0.000000
vn 1.000000 0.000000 0.000000
vn 1.000000 0.000000 0.000000
vn 1.000000 0.000000 0.000000
vn 1.000000 0.000000 0.000000
vn 1.000000 0.000000 0.000000
vn 1.000000 0.000000 0.000000
vn 1.000000 0.000000 0.000000
vn 1.000000 0.000000 0.000000
vn 1.000000 0.000000 0.000000
vn 1.000000 0.000000 0.000000
vn 1.000000 0.000000 0.000000
vn 1.000000 0.000000 0.000000
vn 1.000000 0.000000 0.000000
vn 1.000000 0.000000 0.000000
vn 1.000000 0.000000 0.000000
vn 1.000000 0.000000 0.000000
vn 1.000000 0.000000 0.000000
vn 1.000000 0.000000 0.000000
vn 1.000000 0.000000 0.000000
vn 1.000000 0.000000 0.000000
vn 1.000000 0.000000 0.000000
vn 1.000000 0.000000 0.000000
vn 1.000000 0.000000 0.000000
vn 1.000000 0.000000 0.000000
vn 1.000000 0.000000 0.000000
vn 1.000000 0.000000 0.000000
vn 1.000000 0.000000 0.000000
vn 1.000000 0.000000 0.000000
vn 1.000000 0.000000 0.000000
vn 1.000000 0.000000 0.000000
vn 1.000000 0.000000 0.000000
vn 1.000000 0.000000 0.000000
vn 1.000000 0.000000 0.000000
vn 1.000000 0.000000 0.000000
vn 1.000000 0.000000 0.000000
vn 1.000000 0.000000 0.000000
vn 1.000000 0.000000 0.000000
vn 1.000000 0.000000 0.000000
vn 1.000000 0.000000 0.000000
f 417/929/929 418/930/930 430/931/931
f 430/931/931 418/930/930 429/932/932
f 429/932/932 418/930/930 419/933/933
f 429/932/932 419/933/933 428/934/934
f 428/934/934 419/933/933 420/935/935
f 428/934/934 420/935/935 427/936/936
f 427/936/936 420/935/935 421/937/937
f 427/936/936 421/937/937 426/938/938
f 426/938/938 421/937/937 422/939/939
f 426/938/938 422/939/939 425/940/940
f 425/940/940 422/939/939 423/941/941
f 425/940/940 423/941/941 424/942/942
f 431/943/943 432/944/944 452/945/945
f 452/945/945 432/944/944 451/946/946
f 451/946/946 432/944/944 433/947/947
f 451/946/946 433/947/947 450/948/948
f 450/948/948 433/947/947 434/949/949
f 450/948/948 434/949/949 449/950/950
f 449/950/950 434/949/949 435/951/951
f 449/950/950 435/951/951 448/952/952
f 448/952/952 435/951/951 436/953/953
f 448/952/952 436/953/953 447/954/954
f 447/954/954 436/953/953 437/955/955
f 447/954/954 437/955/955 446/956/956
f 446/956/956 437/955/955 438/957/957
f 446/956/956 438/957/957 445/958/958
f 445/958/958 438/957/957 439/959/959
f 445/958/958 439/959/959 444/960/960
f 444/960/960 439/959/959 440/961/961
f 444/960/960 440/961/961 443/962/962
f 443/962/962 440/961/961 441/963/963
f 443/962/962 441/963/963 442/964/964
f 442/964/964 441/963/963 417/965/965
f 442/964/964 417/965/965 430/966/966
f 453/967/967 454/968/968 464/969/969
f 464/969/969 454/968/968 463/970/970
f 463/970/970 454/968/968 455/971/971
f 463/970/970 455/971/971 462/972/972
f 462/972/972 455/971/971 456/973/973
f 462/972/972 456/973/973 461/974/974
f 461/974/974 456/973/973 457/975/975
f 461/974/974 457/975/975 460/976/976
f 460/976/976 457/975/975 458/977/977
f 460/976/976 458/977/977 459/978/978
f 459/978/978 458/977/977 431/979/979
f 459/978/978 431/979/979 452/980/980
f 423/981/981 465/982/982 424/983/983
f 424/983/983 465/982/982 484/984/984
f 484/984/984 465/982/982 466/985/985
f 484/984/984 466/985/985 483/986/986
f 483/986/986 466/985/985 467/987/987
f 483/986/986 467/987/987 482/988/988
f 482/988/988 467/987/987 468/989/989
f 482/988/988 468/989/989 481/990/990
f 481/990/990 468/989/989 469/991/991
f 481/990/990 469/991/991 480/992/992
f 480/992/992 469/991/991 470/993/993
f 480/992/992 470/993/993 479/994/994
f 479/994/994 470/993/993 471/995/995
f 479/994/994 471/995/995 478/996/996
f 478/996/996 471/995/995 472/997/997
f 478/996/996 472/997/997 477/998/998
f 477/998/998 472/997/997 473/999/999
f 477/998/998 473/999/999 476/1000/1000
f 476/1000/1000 473/999/999 474/1001/1001
f 476/1000/1000 474/1001/1001 475/1002/1002
f 475/1002/1002 474/1001/1001 453/1003/1003
f 475/1002/1002 453/1003/1003 464/1004/1004
f 424/1005/1005 484/1006/1006 425/1007/1007
f 425/1007/1007 484/1006/1006 494/1008/1008
f 425/1007/1007 494/1008/1008 426/1009/1009
f 426/1009/1009 494/1008/1008 504/1010/1010
f 426/1009/1009 504/1010/1010 427/1011/1011
f 427/1011/1011 504/1010/1010 514/1012/1012
f 427/1011/1011 514/1012/1012 428/1013/1013
f 428/1013/1013 514/1012/1012 524/1014/1014
f 428/1013/1013 524/1014/1014 429/1015/1015
f 429/1015/1015 524/1014/1014 534/1016/1016
f 429/1015/1015 534/1016/1016 430/1017/1017
f 430/1017/1017 534/1016/1016 442/1018/1018
f 442/1018/1018 534/1016/1016 533/1019/1019
f 442/1018/1018 533/1019/1019 443/1020/1020
f 443/1020/1020 533/1019/1019 532/1021/1021
f 443/1020/1020 532/1021/1021 444/1022/1022
f 444/1022/1022 532/1021/1021 531/1023/1023
f 444/1022/1022 531/1023/1023 445/1024/1024
f 445/1024/1024 531/1023/1023 530/1025/1025
f 445/1024/1024 530/1025/1025 446/1026/1026
f 446/1026/1026 530/1025/1025 529/1027/1027
f 446/1026/1026 529/1027/1027 447/1028/1028
f 447/1028/1028 529/1027/1027 528/1029/1029
f 447/1028/1028 528/1029/1029 448/1030/1030
f 448/1030/1030 528/1029/1029 527/1031/1031
f 448/1030/1030 527/1031/1031 449/1032/1032
f 449/1032/1032 527/1031/1031 526/1033/1033
f 449/1032/1032 526/1033/1033 450/1034/1034
f 450/1034/1034 526/1033/1033 525/1035/1035
f 450/1034/1034 525/1035/1035 451/1036/1036
f 451/1036/1036 525/1035/1035 459/1037/1037
f 451/1036/1036 459/1037/1037 452/1038/1038
f 484/1006/1006 483/1039/1039 494/1008/1008
f 494/1008/1008 483/1039/1039 493/1040/1040
f 494/1008/1008 493/1040/1040 504/1010/1010
f 504/1010/1010 493/1040/1040 503/1041/1041
f 504/1010/1010 503/1041/1041 514/1012/1012
f 514/1012/1012 503/1041/1041 513/1042/1042
f 514/1012/1012 513/1042/1042 524/1014/1014
f 524/1014/1014 513/1042/1042 523/1043/1043
f 524/1014/1014 523/1043/1043 534/1016/1016
f 534/1016/1016 523/1043/1043 533/1019/1019
f 483/1039/1039 482/1044/1044 493/1040/1040
f 493/1040/1040 482/1044/1044 492/1045/1045
f 493/1040/1040 492/1045/1045 503/1041/1041
f 503/1041/1041 492/1045/1045 502/1046/1046
f 503/1041/1041 502/1046/1046 513/1042/1042
f 513/1042/1042 502/1046/1046 512/1047/1047
f 513/1042/1042 512/1047/1047 523/1043/1043
f 523/1043/1043 512/1047/1047 522/1048/1048
f 523/1043/1043 522/1048/1048 533/1019/1019
f 533/1019/1019 522/1048/1048 532/1021/1021
f 482/1044/1044 481/1049/1049 492/1045/1045
f 492/1045/1045 481/1049/1049 491/1050/1050
f 492/1045/1045 491/1050/1050 502/1046/1046
f 502/1046/1046 491/1050/1050 501/1051/1051
f 502/1046/1046 501/1051/1051 512/1047/1047
f 512/1047/1047 501/1051/1051 511/1052/1052
f 512/1047/1047 511/1052/1052 522/1048/1048
f 522/1048/1048 511/1052/1052 521/1053/1053
f 522/1048/1048 521/1053/1053 532/1021/1021
f 532/1021/1021 521/1053/1053 531/1023/1023
f 481/1049/1049 480/1054/1054 491/1050/1050
f 491/1050/1050 480/1054/1054 490/1055/1055
f 491/1050/1050 490/1055/1055 501/1051/1051
f 501/1051/1051 490/1055/1055 500/1056/1056
f 501/1051/1051 500/1056/1056 511/1052/1052
f 511/1052/1052 500/1056/1056 510/1057/1057
f 511/1052/1052 510/1057/1057 521/1053/1053
f 521/1053/1053 510/1057/1057 520/1058/1058
f 521/1053/1053 520/1058/1058 531/1023/1023
f 531/1023/1023 520/1058/1058 530/1025/1025
f 480/1054/1054 479/1059/1059 490/1055/1055
f 490/1055/1055 479/1059/1059 489/1060/1060
f 490/1055/1055 489/1060/1060 500/1056/1056
f 500/1056/1056 489/1060/1060 499/1061/1061
f 500/1056/1056 499/1061/1061 510/1057/1057
f 510/1057/1057 499/1061/1061 509/1062/1062
f 510/1057/1057 509/1062/1062 520/1058/1058
f 520/1058/1058 509/1062/1062 519/1063/1063
f 520/1058/1058 519/1063/1063 530/1025/1025
f 530/1025/1025 519/1063/1063 529/1027/1027
f 479/1059/1059 478/1064/1064 489/1060/1060
f 489/1060/1060 478/1064/1064 488/1065/1065
f 489/1060/1060 488/1065/1065 499/1061/1061
f 499/1061/1061 488/1065/1065 498/1066/1066
f 499/1061/1061 498/1066/1066 509/1062/1062
f 509/1062/1062 498/1066/1066 508/1067/1067
f 509/1062/1062 508/1067/1067 519/1063/1063
f 519/1063/1063 508/1067/1067 518/1068/1068
f 519/1063/1063 518/1068/1068 529/1027/1027
f 529/1027/1027 518/1068/1068 528/1029/1029
f 478/1064/1064 477/1069/1069 488/1065/1065
f 488/1065/1065 477/1069/1069 487/1070/1070
f 488/1065/1065 487/1070/1070 498/1066/1066
f 498/1066/1066 487/1070/1070 497/1071/1071
f 498/1066/1066 497/1071/1071 508/1067/1067
f 508/1067/1067 497/1071/1071 507/1072/1072
f 508/1067/1067 507/1072/1072 518/1068/1068
f 518/1068/1068 507/1072/1072 517/1073/1073
f 518/1068/1068 517/1073/1073 528/1029/1029
f 528/1029/1029 517/1073/1073 527/1031/1031
f 477/1069/1069 476/1074/1074 487/1070/1070
f 487/1070/1070 476/1074/1074 486/1075/1075
f 487/1070/1070 486/1075/1075 497/1071/1071
f 497/1071/1071 486/1075/1075 496/1076/1076
f 497/1071/1071 496/1076/1076 507/1072/1072
f 507/1072/1072 496/1076/1076 506/1077/1077
f 507/1072/1072 506/1077/1077 517/1073/1073
f 517/1073/1073 506/1077/1077 516/1078/1078
f 517/1073/1073 516/1078/1078 527/1031/1031
f 527/1031/1031 516/1078/1078 526/1033/1033
f 476/1074/1074 475/1079/1079 486/1075/1075
f 486/1075/1075 475/1079/1079 485/1080/1080
f 486/1075/1075 485/1080/1080 496/1076/1076
f 496/1076/1076 485/1080/1080 495/1081/1081
f 496/1076/1076 495/1081/1081 506/1077/1077
f 506/1077/1077 495/1081/1081 505/1082/1082
f 506/1077/1077 505/1082/1082 516/1078/1078
f 516/1078/1078 505/1082/1082 515/1083/1083
f 516/1078/1078 515/1083/1083 526/1033/1033
f 526/1033/1033 515/1083/1083 525/1035/1035
f 475/1079/1079 464/1084/1084 485/1080/1080
f 485/1080/1080 464/1084/1084 463/1085/1085
f 485/1080/1080 463/1085/1085 495/1081/1081
f 495/1081/1081 463/1085/1085 462/1086/1086
f 495/1081/1081 462/1086/1086 505/1082/1082
f 505/1082/1082 462/1086/1086 461/1087/1087
f 505/1082/1082 461/1087/1087 515/1083/1083
f 515/1083/1083 461/1087/1087 460/1088/1088
f 515/1083/1083 460/1088/1088 525/1035/1035
f 525/1035/1035 460/1088/1088 459/1037/1037
f 454/1089/1089 453/1090/1090 535/1091/1091
f 535/1091/1091 453/1090/1090 474/1092/1092
f 535/1091/1091 474/1092/1092 540/1093/1093
f 540/1093/1093 474/1092/1092 473/1094/1094
f 540/1093/1093 473/1094/1094 545/1095/1095
f 545/1095/1095 473/1094/1094 472/1096/1096
f 545/1095/1095 472/1096/1096 550/1097/1097
f 550/1097/1097 472/1096/1096 471/1098/1098
f 550/1097/1097 471/1098/1098 555/1099/1099
f 555/1099/1099 471/1098/1098 470/1100/1100
f 555/1099/1099 470/1100/1100 560/1101/1101
f 560/1101/1101 470/1100/1100 469/1102/1102
f 560/1101/1101 469/1102/1102 565/1103/1103
f 565/1103/1103 469/1102/1102 468/1104/1104
f 565/1103/1103 468/1104/1104 570/1105/1105
f 570/1105/1105 468/1104/1104 467/1106/1106
f 570/1105/1105 467/1106/1106 575/1107/1107
f 575/1107/1107 467/1106/1106 466/1108/1108
f 575/1107/1107 466/1108/1108 580/1109/1109
f 580/1109/1109 466/1108/1108 465/1110/1110
f 580/1109/1109 465/1110/1110 422/1111/1111
f 422/1111/1111 465/1110/1110 423/1112/1112
f 422/1111/1111 421/1113/1113 580/1109/1109
f 580/1109/1109 421/1113/1113 581/1114/1114
f 580/1109/1109 581/1114/1114 575/1107/1107
f 575/1107/1107 581/1114/1114 576/1115/1115
f 575/1107/1107 576/1115/1115 570/1105/1105
f 570/1105/1105 576/1115/1115 571/1116/1116
f 570/1105/1105 571/1116/1116 565/1103/1103
f 565/1103/1103 571/1116/1116 566/1117/1117
f 565/1103/1103 566/1117/1117 560/1101/1101
f 560/1101/1101 566/1117/1117 561/1118/1118
f 560/1101/1101 561/1118/1118 555/1099/1099
f 555/1099/1099 561/1118/1118 556/1119/1119
f 555/1099/1099 556/1119/1119 550/1097/1097
f 550/1097/1097 556/1119/1119 551/1120/1120
f 550/1097/1097 551/1120/1120 545/1095/1095
f 545/1095/1095 551/1120/1120 546/1121/1121
f 545/1095/1095 546/1121/1121 540/1093/1093
f 540/1093/1093 546/1121/1121 541/1122/1122
f 540/1093/1093 541/1122/1122 535/1091/1091
f 535/1091/1091 541/1122/1122 536/1123/1123
f 535/1091/1091 536/1123/1123 454/1089/1089
f 454/1089/1089 536/1123/1123 455/1124/1124
f 455/1124/1124 536/1123/1123 537/1125/1125
f 455/1124/1124 537/1125/1125 456/1126/1126
f 456/1126/1126 537/1125/1125 538/1127/1127
f 456/1126/1126 538/1127/1127 457/1128/1128
f 457/1128/1128 538/1127/1127 539/1129/1129
f 457/1128/1128 539/1129/1129 458/1130/1130
f 458/1130/1130 539/1129/1129 432/1131/1131
f 458/1130/1130 432/1131/1131 431/1132/1132
f 421/1113/1113 420/1133/1133 581/1114/1114
f 581/1114/1114 420/1133/1133 582/1134/1134
f 581/1114/1114 582/1134/1134 576/1115/1115
f 576/1115/1115 582/1134/1134 577/1135/1135
f 576/1115/1115 577/1135/1135 571/1116/1116
f 571/1116/1116 577/1135/1135 572/1136/1136
f 571/1116/1116 572/1136/1136 566/1117/1117
f 566/1117/1117 572/1136/1136 567/1137/1137
f 566/1117/1117 567/1137/1137 561/1118/1118
f 561/1118/1118 567/1137/1137 562/1138/1138
f 561/1118/1118 562/1138/1138 556/1119/1119
f 556/1119/1119 562/1138/1138 557/1139/1139
f 556/1119/1119 557/1139/1139 551/1120/1120
f 551/1120/1120 557/1139/1139 552/1140/1140
f 551/1120/1120 552/1140/1140 546/1121/1121
f 546/1121/1121 552/1140/1140 547/1141/1141
f 546/1121/1121 547/1141/1141 541/1122/1122
f 541/1122/1122 547/1141/1141 542/1142/1142
f 541/1122/1122 542/1142/1142 536/1123/1123
f 536/1123/1123 542/1142/1142 537/1125/1125
f 420/1133/1133 419/1143/1143 582/1134/1134
f 582/1134/1134 419/1143/1143 583/1144/1144
f 582/1134/1134 583/1144/1144 577/1135/1135
f 577/1135/1135 583/1144/1144 578/1145/1145
f 577/1135/1135 578/1145/1145 572/1136/1136
f 572/1136/1136 578/1145/1145 573/1146/1146
f 572/1136/1136 573/1146/1146 567/1137/1137
f 567/1137/1137 573/1146/1146 568/1147/1147
f 567/1137/1137 568/1147/1147 562/1138/1138
f 562/1138/1138 568/1147/1147 563/1148/1148
f 562/1138/1138 563/1148/1148 557/1139/1139
f 557/1139/1139 563/1148/1148 558/1149/1149
f 557/1139/1139 558/1149/1149 552/1140/1140
f 552/1140/1140 558/1149/1149 553/1150/1150
f 552/1140/1140 553/1150/1150 547/1141/1141
f 547/1141/1141 553/1150/1150 548/1151/1151
f 547/1141/1141 548/1151/1151 542/1142/1142
f 542/1142/1142 548/1151/1151 543/1152/1152
f 542/1142/1142 543/1152/1152 537/1125/1125
f 537/1125/1125 543/1152/1152 538/1127/1127
f 419/1143/1143 418/1153/1153 583/1144/1144
f 583/1144/1144 418/1153/1153 584/1154/1154
f 583/1144/1144 584/1154/1154 578/1145/1145
f 578/1145/1145 584/1154/1154 579/1155/1155
f 578/1145/1145 579/1155/1155 573/1146/1146
f 573/1146/1146 579/1155/1155 574/1156/1156
f 573/1146/1146 574/1156/1156 568/1147/1147
f 568/1147/1147 574/1156/1156 569/1157/1157
f 568/1147/1147 569/1157/1157 563/1148/1148
f 563/1148/1148 569/1157/1157 564/1158/1158
f 563/1148/1148 564/1158/1158 558/1149/1149
f 558/1149/1149 564/1158/1158 559/1159/1159
f 558/1149/1149 559/1159/1159 553/1150/1150
f 553/1150/1150 559/1159/1159 554/1160/1160
f 553/1150/1150 554/1160/1160 548/1151/1151
f 548/1151/1151 554/1160/1160 549/1161/1161
f 548/1151/1151 549/1161/1161 543/1152/1152
f 543/1152/1152 549/1161/1161 544/1162/1162
f 543/1152/1152 544/1162/1162 538/1127/1127
f 538/1127/1127 544/1162/1162 539/1129/1129
f 418/1153/1153 417/1163/1163 584/1154/1154
f 584/1154/1154 417/1163/1163 441/1164/1164
f 584/1154/1154 441/1164/1164 579/1155/1155
f 579/1155/1155 441/1164/1164 440/1165/1165
f 579/1155/1155 440/1165/1165 574/1156/1156
f 574/1156/1156 440/1165/1165 439/1166/1166
f 574/1156/1156 439/1166/1166 569/1157/1157
f 569/1157/1157 439/1166/1166 438/1167/1167
f 569/1157/1157 438/1167/1167 564/1158/1158
f 564/1158/1158 438/1167/1167 437/1168/1168
f 564/1158/1158 437/1168/1168 559/1159/1159
f 559/1159/1159 437/1168/1168 436/1169/1169
f 559/1159/1159 436/1169/1169 554/1160/1160
f 554/1160/1160 436/1169/1169 435/1170/1170
f 554/1160/1160 435/1170/1170 549/1161/1161
f 549/1161/1161 435/1170/1170 434/1171/1171
f 549/1161/1161 434/1171/1171 544/1162/1162
f 544/1162/1162 434/1171/1171 433/1172/1172
f 544/1162/1162 433/1172/1172 539/1129/1129
f 539/1129/1129 433/1172/1172 432/1131/1131
g Body1:13

v 72.000000 119.960000 10.960000
v 72.000000 119.960000 0.800000
v 72.000000 119.960000 -9.360000
v 72.000000 119.960000 -19.520000
v 72.000000 119.960000 -29.680000
v 72.000000 119.960000 -39.840000
v 72.000000 119.960000 -50.000000
v 71.682500 119.960000 -50.000000
v 71.682500 119.960000 -39.840000
v 71.682500 119.960000 -29.680000
v 71.682500 119.960000 -19.520000
v 71.682500 119.960000 -9.360000
v 71.682500 119.960000 0.800000
v 71.682500 119.960000 10.960000
v 72.000000 108.876364 -50.000000
v 72.000000 97.792727 -50.000000
v 72.000000 86.709091 -50.000000
v 72.000000 75.625455 -50.000000
v 72.000000 64.541818 -50.000000
v 72.000000 53.458182 -50.000000
v 72.000000 42.374545 -50.000000
v 72.000000 31.290909 -50.000000
v 72.000000 20.207273 -50.000000
v 72.000000 9.123636 -50.000000
v 72.000000 -1.960000 -50.000000
v 71.682500 -1.960000 -50.000000
v 71.682500 9.123636 -50.000000
v 71.682500 20.207273 -50.000000
v 71.682500 31.290909 -50.000000
v 71.682500 42.374545 -50.000000
v 71.682500 53.458182 -50.000000
v 71.682500 64.541818 -50.000000
v 71.682500 75.625455 -50.000000
v 71.682500 86.709091 -50.000000
v 71.682500 97.792727 -50.000000
v 71.682500 108.876364 -50.000000
v 72.000000 -1.960000 -39.840000
v 72.000000 -1.960000 -29.680000
v 72.000000 -1.960000 -19.520000
v 72.000000 -1.960000 -9.360000
v 72.000000 -1.960000 0.800000
v 72.000000 -1.960000 10.960000
v 71.682500 -1.960000 10.960000
v 71.682500 -1.960000 0.800000
v 71.682500 -1.960000 -9.360000
v 71.682500 -1.960000 -19.520000
v 71.682500 -1.960000 -29.680000
v 71.682500 -1.960000 -39.840000
v 72.000000 9.123636 10.960000
v 72.000000 20.207273 10.960000
v 72.000000 31.290909 10.960000
v 72.000000 42.374545 10.960000
v 72.000000 53.458182 10.960000
v 72.000000 64.541818 10.960000
v 72.000000 75.625455 10.960000
v 72.000000 86.709091 10.960000
v 72.000000 97.792727 10.960000
v 72.000000 108.876364 10.960000
v 71.682500 108.876364 10.960000
v 71.682500 97.792727 10.960000
v 71.682500 86.709091 10.960000
v 71.682500 75.625455 10.960000
v 71.682500 64.541818 10.960000
v 71.682500 53.458182 10.960000
v 71.682500 42.374545 10.960000
v 71.682500 31.290909 10.960000
v 71.682500 20.207273 10.960000
v 71.682500 9.123636 10.960000
v 71.682500 108.876364 0.800000
v 71.682500 97.792727 0.800000
v 71.682500 86.709091 0.800000
v 71.682500 75.625455 0.800000
v 71.682500 64.541818 0.800000
v 71.682500 53.458182 0.800000
v 71.682500 42.374545 0.800000
v 71.682500 31.290909 0.800000
v 71.682500 20.207273 0.800000
v 71.682500 9.123636 0.800000
v 71.682500 108.876364 -9.360000
v 71.682500 97.792727 -9.360000
v 71.682500 86.709091 -9.360000
v 71.682500 75.625455 -9.360000
v 71.682500 64.541818 -9.360000
v 71.682500 53.458182 -9.360000
v 71.682500 42.374545 -9.360000
v 71.682500 31.290909 -9.360000
v 71.682500 20.207273 -9.360000
v 71.682500 9.123636 -9.360000
v 71.682500 108.876364 -19.520000
v 71.682500 97.792727 -19.520000
v 71.682500 86.709091 -19.520000
v 71.682500 75.625455 -19.520000
v 71.682500 64.541818 -19.520000
v 71.682500 53.458182 -19.520000
v 71.682500 42.374545 -19.520000
v 71.682500 31.290909 -19.520000
v 71.682500 20.207273 -19.520000
v 71.682500 9.123636 -19.520000
v 71.682500 108.876364 -29.680000
v 71.682500 97.792727 -29.680000
v 71.682500 86.709091 -29.680000
v 71.682500 75.625455 -29.680000
v 71.682500 64.541818 -29.680000
v 71.682500 53.458182 -29.680000
v 71.682500 42.374545 -29.680000
v 71.682500 31.290909 -29.680000
v 71.682500 20.207273 -29.680000
v 71.682500 9.123636 -29.680000
v 71.682500 108.876364 -39.840000
v 71.682500 97.792727 -39.840000
v 71.682500 86.709091 -39.840000
v 71.682500 75.625455 -39.840000
v 71.682500 64.541818 -39.840000
v 71.682500 53.458182 -39.840000
v 71.682500 42.374545 -39.840000
v 71.682500 31.290909 -39.840000
v 71.682500 20.207273 -39.840000
v 71.682500 9.123636 -39.840000
v 72.000000 108.876364 0.800000
v 72.000000 108.876364 -9.360000
v 72.000000 108.876364 -19.520000
v 72.000000 108.876364 -29.680000
v 72.000000 108.876364 -39.840000
v 72.000000 97.792727 0.800000
v 72.000000 97.792727 -9.360000
v 72.000000 97.792727 -19.520000
v 72.000000 97.792727 -29.680000
v 72.000000 97.792727 -39.840000
v 72.000000 86.709091 0.800000
v 72.000000 86.709091 -9.360000
v 72.000000 86.709091 -19.520000
v 72.000000 86.709091 -29.680000
v 72.000000 86.709091 -39.840000
v 72.000000 75.625455 0.800000
v 72.000000 75.625455 -9.360000
v 72.000000 75.625455 -19.520000
v 72.000000 75.625455 -29.680000
v 72.000000 75.625455 -39.840000
v 72.000000 64.541818 0.800000
v 72.000000 64.541818 -9.360000
v 72.000000 64.541818 -19.520000
v 72.000000 64.541818 -29.680000
v 72.000000 64.541818 -39.840000
v 72.000000 53.458182 0.800000
v 72.000000 53.458182 -9.360000
v 72.000000 53.458182 -19.520000
v 72.000000 53.458182 -29.680000
v 72.000000 53.458182 -39.840000
v 72.000000 42.374545 0.800000
v 72.000000 42.374545 -9.360000
v 72.000000 42.374545 -19.520000
v 72.000000 42.374545 -29.680000
v 72.000000 42.374545 -39.840000
v 72.000000 31.290909 0.800000
v 72.000000 31.290909 -9.360000
v 72.000000 31.290909 -19.520000
v 72.000000 31.290909 -29.680000
v 72.000000 31.290909 -39.840000
v 72.000000 20.207273 0.800000
v 72.000000 20.207273 -9.360000
v 72.000000 20.207273 -19.520000
v 72.000000 20.207273 -29.680000
v 72.000000 20.207273 -39.840000
v 72.000000 9.123636 0.800000
v 72.000000 9.123636 -9.360000
v 72.000000 9.123636 -19.520000
v 72.000000 9.123636 -29.680000
v 72.000000 9.123636 -39.840000
vt -60.960000 0.000000 0.000000
vt -50.800000 0.000000 0.000000
vt -60.960000 0.317500 0.000000
vt -50.800000 0.317500 0.000000
vt -40.640000 0.000000 0.000000
vt -40.640000 0.317500 0.000000
vt -30.480000 0.000000 0.000000
vt -30.480000 0.317500 0.000000
vt -20.320000 0.000000 0.000000
vt -20.320000 0.317500 0.000000
vt -10.160000 0.000000 0.000000
vt -10.160000 0.317500 0.000000
vt -0.000000 0.000000 0.000000
vt -0.000000 0.317500 0.000000
vt -121.920000 0.000000 0.000000
vt -110.836364 0.000000 0.000000
vt -121.920000 0.317500 0.000000
vt -110.836364 0.317500 0.000000
vt -99.752727 0.000000 0.000000
vt -99.752727 0.317500 0.000000
vt -88.669091 0.000000 0.000000
vt -88.669091 0.317500 0.000000
vt -77.585455 0.000000 0.000000
vt -77.585455 0.317500 0.000000
vt -66.501818 0.000000 0.000000
vt -66.501818 0.317500 0.000000
vt -55.418182 0.000000 0.000000
vt -55.418182 0.317500 0.000000
vt -44.334545 0.000000 0.000000
vt -44.334545 0.317500 0.000000
vt -33.250909 0.000000 0.000000
vt -33.250909 0.317500 0.000000
vt -22.167273 0.000000 0.000000
vt -22.167273 0.317500 0.000000
vt -11.083636 0.000000 0.000000
vt -11.083636 0.317500 0.000000
vt -0.000000 0.000000 0.000000
vt -0.000000 0.317500 0.000000
vt -60.960000 0.000000 0.000000
vt -50.800000 0.000000 0.000000
vt -60.960000 0.317500 0.000000
vt -50.800000 0.317500 0.000000
vt -40.640000 0.000000 0.000000
vt -40.640000 0.317500 0.000000
vt -30.480000 0.000000 0.000000
vt -30.480000 0.317500 0.000000
vt -20.320000 0.000000 0.000000
vt -20.320000 0.317500 0.000000
vt -10.160000 0.000000 0.000000
vt -10.160000 0.317500 0.000000
vt -0.000000 0.000000 0.000000
vt -0.000000 0.317500 0.000000
vt -121.920000 0.000000 0.000000
vt -110.836364 0.000000 0.000000
vt -121.920000 0.317500 0.000000
vt -110.836364 0.317500 0.000000
vt -99.752727 0.000000 0.000000
vt -99.752727 0.317500 0.000000
vt -88.669091 0.000000 0.000000
vt -88.669091 0.317500 0.000000
vt -77.585455 0.000000 0.000000
vt -77.585455 0.317500 0.000000
vt -66.501818 0.000000 0.000000
vt -66.501818 0.317500 0.000000
vt -55.418182 0.000000 0.000000
vt -55.418182 0.317500 0.000000
vt -44.334545 0.000000 0.000000
vt -44.334545 0.317500 0.000000
vt -33.250909 0.000000 0.000000
vt -33.250909 0.317500 0.000000
vt -22.167273 0.000000 0.000000
vt -22.167273 0.317500 0.000000
vt -11.083636 0.000000 0.000000
vt -11.083636 0.317500 0.000000
vt -0.000000 0.000000 0.000000
vt -0.000000 0.317500 0.000000
vt -60.960000 -30.480000 0.000000
vt -49.876364 -30.480000 0.000000
vt -60.960000 -20.320000 0.000000
vt -49.876364 -20.320000 0.000000
vt -60.960000 -10.160000 0.000000
vt -49.876364 -10.160000 0.000000
vt -60.960000 0.000000 0.000000
vt -49.876364 0.000000 0.000000
vt -60.960000 10.160000 0.000000
vt -49.876364 10.160000 0.000000
vt -60.960000 20.320000 0.000000
vt -49.876364 20.320000 0.000000
vt -60.960000 30.480000 0.000000
vt -49.876364 30.480000 0.000000
vt -38.792727 20.320000 0.000000
vt -38.792727 30.480000 0.000000
vt -27.709091 20.320000 0.000000
vt -27.709091 30.480000 0.000000
vt -16.625455 20.320000 0.000000
vt -16.625455 30.480000 0.000000
vt -5.541818 20.320000 0.000000
vt -5.541818 30.480000 0.000000
vt 5.541818 20.320000 0.000000
vt 5.541818 30.480000 0.000000
vt 16.625455 20.320000 0.000000
vt 16.625455 30.480000 0.000000
vt 27.709091 20.320000 0.000000
vt 27.709091 30.480000 0.000000
vt 38.792727 20.320000 0.000000
vt 38.792727 30.480000 0.000000
vt 49.876364 20.320000 0.000000
vt 49.876364 30.480000 0.000000
vt 60.960000 20.320000 0.000000
vt 60.960000 30.480000 0.000000
vt -38.792727 -30.480000 0.000000
vt -38.792727 -20.320000 0.000000
vt -38.792727 -10.160000 0.000000
vt -38.792727 0.000000 0.000000
vt -38.792727 10.160000 0.000000
vt -27.709091 -30.480000 0.000000
vt -27.709091 -20.320000 0.000000
vt -27.709091 -10.160000 0.000000
vt -27.709091 0.000000 0.000000
vt -27.709091 10.160000 0.000000
vt -16.625455 -30.480000 0.000000
vt -16.625455 -20.320000 0.000000
vt -16.625455 -10.160000 0.000000
vt -16.625455 0.000000 0.000000
vt -16.625455 10.160000 0.000000
vt -5.541818 -30.480000 0.000000
vt -5.541818 -20.320000 0.000000
vt -5.541818 -10.160000 0.000000
vt -5.541818 0.000000 0.000000
vt -5.541818 10.160000 0.000000
vt 5.541818 -30.480000 0.000000
vt 5.541818 -20.320000 0.000000
vt 5.541818 -10.160000 0.000000
vt 5.541818 0.000000 0.000000
vt 5.541818 10.160000 0.000000
vt 16.625455 -30.480000 0.000000
vt 16.625455 -20.320000 0.000000
vt 16.625455 -10.160000 0.000000
vt 16.625455 0.000000 0.000000
vt 16.625455 10.160000 0.000000
vt 27.709091 -30.480000 0.000000
vt 27.709091 -20.320000 0.000000
vt 27.709091 -10.160000 0.000000
vt 27.709091 0.000000 0.000000
vt 27.709091 10.160000 0.000000
vt 38.792727 -30.480000 0.000000
vt 38.792727 -20.320000 0.000000
vt 38.792727 -10.160000 0.000000
vt 38.792727 0.000000 0.000000
vt 38.792727 10.160000 0.000000
vt 49.876364 -30.480000 0.000000
vt 49.876364 -20.320000 0.000000
vt 49.876364 -10.160000 0.000000
vt 49.876364 0.000000 0.000000
vt 49.876364 10.160000 0.000000
vt 60.960000 -30.480000 0.000000
vt 60.960000 -20.320000 0.000000
vt 60.960000 -10.160000 0.000000
vt 60.960000 0.000000 0.000000
vt 60.960000 10.160000 0.000000
vt -20.320000 60.960000 0.000000
vt -30.480000 60.960000 0.000000
vt -20.320000 49.876364 0.000000
vt -30.480000 49.876364 0.000000
vt -20.320000 38.792727 0.000000
vt -30.480000 38.792727 0.000000
vt -20.320000 27.709091 0.000000
vt -30.480000 27.709091 0.000000
vt -20.320000 16.625455 0.000000
vt -30.480000 16.625455 0.000000
vt -20.320000 5.541818 0.000000
vt -30.480000 5.541818 0.000000
vt -20.320000 -5.541818 0.000000
vt -30.480000 -5.541818 0.000000
vt -20.320000 -16.625455 0.000000
vt -30.480000 -16.625455 0.000000
vt -20.320000 -27.709091 0.000000
vt -30.480000 -27.709091 0.000000
vt -20.320000 -38.792727 0.000000
vt -30.480000 -38.792727 0.000000
vt -20.320000 -49.876364 0.000000
vt -30.480000 -49.876364 0.000000
vt -20.320000 -60.960000 0.000000
vt -30.480000 -60.960000 0.000000
vt -10.160000 -60.960000 0.000000
vt -10.160000 -49.876364 0.000000
vt -10.160000 -38.792727 0.000000
vt -10.160000 -27.709091 0.000000
vt -10.160000 -16.625455 0.000000
vt -10.160000 -5.541818 0.000000
vt -10.160000 5.541818 0.000000
vt -10.160000 16.625455 0.000000
vt -10.160000 27.709091 0.000000
vt -10.160000 38.792727 0.000000
vt -10.160000 49.876364 0.000000
vt -10.160000 60.960000 0.000000
vt 0.000000 49.876364 0.000000
vt 0.000000 60.960000 0.000000
vt 10.160000 49.876364 0.000000
vt 10.160000 60.960000 0.000000
vt 20.320000 49.876364 0.000000
vt 20.320000 60.960000 0.000000
vt 30.480000 49.876364 0.000000
vt 30.480000 60.960000 0.000000
vt 0.000000 -60.960000 0.000000
vt 0.000000 -49.876364 0.000000
vt 0.000000 -38.792727 0.000000
vt 0.000000 -27.709091 0.000000
vt 0.000000 -16.625455 0.000000
vt 0.000000 -5.541818 0.000000
vt 0.000000 5.541818 0.000000
vt 0.000000 16.625455 0.000000
vt 0.000000 27.709091 0.000000
vt 0.000000 38.792727 0.000000
vt 10.160000 -60.960000 0.000000
vt 10.160000 -49.876364 0.000000
vt 10.160000 -38.792727 0.000000
vt 10.160000 -27.709091 0.000000
vt 10.160000 -16.625455 0.000000
vt 10.160000 -5.541818 0.000000
vt 10.160000 5.541818 0.000000
vt 10.160000 16.625455 0.000000
vt 10.160000 27.709091 0.000000
vt 10.160000 38.792727 0.000000
vt 20.320000 -60.960000 0.000000
vt 20.320000 -49.876364 0.000000
vt 20.320000 -38.792727 0.000000
vt 20.320000 -27.709091 0.000000
vt 20.320000 -16.625455 0.000000
vt 20.320000 -5.541818 0.000000
vt 20.320000 5.541818 0.000000
vt 20.320000 16.625455 0.000000
vt 20.320000 27.709091 0.000000
vt 20.320000 38.792727 0.000000
vt 30.480000 -60.960000 0.000000
vt 30.480000 -49.876364 0.000000
vt 30.480000 -38.792727 0.000000
vt 30.480000 -27.709091 0.000000
vt 30.480000 -16.625455 0.000000
vt 30.480000 -5.541818 0.000000
vt 30.480000 5.541818 0.000000
vt 30.480000 16.625455 0.000000
vt 30.480000 27.709091 0.000000
vt 30.480000 38.792727 0.000000
vn 0.000000 1.000000 -0.000000
vn 0.000000 1.000000 -0.000000
vn 0.000000 1.000000 -0.000000
vn 0.000000 1.000000 -0.000000
vn 0.000000 1.000000 -0.000000
vn 0.000000 1.000000 -0.000000
vn 0.000000 1.000000 -0.000000
vn 0.000000 1.000000 -0.000000
vn 0.000000 1.000000 -0.000000
vn 0.000000 1.000000 -0.000000
vn 0.000000 1.000000 -0.000000
vn 0.000000 1.000000 -0.000000
vn 0.000000 1.000000 -0.000000
vn 0.000000 1.000000 -0.000000
vn -0.000000 -0.000000 -1.000000
vn -0.000000 -0.000000 -1.000000
vn -0.000000 -0.000000 -1.000000
vn -0.000000 -0.000000 -1.000000
vn -0.000000 -0.000000 -1.000000
vn -0.000000 -0.000000 -1.000000
vn -0.000000 -0.000000 -1.000000
vn -0.000000 -0.000000 -1.000000
vn -0.000000 -0.000000 -1.000000
vn -0.000000 -0.000000 -1.000000
vn -0.000000 -0.000000 -1.000000
vn -0.000000 -0.000000 -1.000000
vn -0.000000 -0.000000 -1.000000
vn -0.000000 -0.000000 -1.000000
vn -0.000000 -0.000000 -1.000000
vn -0.000000 -0.000000 -1.000000
vn -0.000000 -0.000000 -1.000000
vn -0.000000 -0.000000 -1.000000
vn -0.000000 -0.000000 -1.000000
vn -0.000000 -0.000000 -1.000000
vn -0.000000 -0.000000 -1.000000
vn -0.000000 -0.000000 -1.000000
vn -0.000000 -0.000000 -1.000000
vn -0.000000 -0.000000 -1.000000
vn -0.000000 -1.000000 0.000000
vn -0.000000 -1.000000 0.000000
vn -0.000000 -1.000000 0.000000
vn -0.000000 -1.000000 0.000000
vn -0.000000 -1.000000 0.000000
vn -0.000000 -1.000000 0.000000
vn -0.000000 -1.000000 0.000000
vn -0.000000 -1.000000 0.000000
vn -0.000000 -1.000000 0.000000
vn -0.000000 -1.000000 0.000000
vn -0.000000 -1.000000 0.000000
vn -0.000000 -1.000000 0.000000
vn -0.000000 -1.000000 0.000000
vn -0.000000 -1.000000 0.000000
vn 0.000000 0.000000 1.000000
vn 0.000000 0.000000 1.000000
vn 0.000000 0.000000 1.000000
vn 0.000000 0.000000 1.000000
vn 0.000000 0.000000 1.000000
vn 0.000000 0.000000 1.000000
vn 0.000000 0.000000 1.000000
vn 0.000000 0.000000 1.000000
vn 0.000000 0.000000 1.000000
vn 0.000000 0.000000 1.000000
vn 0.000000 0.000000 1.000000
vn 0.000000 0.000000 1.000000
vn 0.000000 0.000000 1.000000
vn 0.000000 0.000000 1.000000
vn 0.000000 0.000000 1.000000
vn 0.000000 0.000000 1.000000
vn 0.000000 0.000000 1.000000
vn 0.000000 0.000000 1.000000
vn 0.000000 0.000000 1.000000
vn 0.000000 0.000000 1.000000
vn 0.000000 0.000000 1.000000
vn 0.000000 0.000000 1.000000
vn 0.000000 0.000000 1.000000
vn 0.000000 0.000000 1.000000
vn -1.000000 0.000000 -0.000000
vn -1.000000 0.000000 -0.000000
vn -1.000000 0.000000 -0.000000
vn -1.000000 0.000000 -0.000000
vn -1.000000 0.000000 -0.000000
vn -1.000000 0.000000 -0.000000
vn -1.000000 0.000000 -0.000000
vn -1.000000 0.000000 -0.000000
vn -1.000000 0.000000 -0.000000
vn -1.000000 0.000000 -0.000000
vn -1.000000 0.000000 -0.000000
vn -1.000000 0.000000 -0.000000
vn -1.000000 0.000000 -0.000000
vn -1.000000 0.000000 -0.000000
vn -1.000000 0.000000 -0.000000
vn -1.000000 0.000000 -0.000000
vn -1.000000 0.000000 -0.000000
vn -1.000000 0.000000 -0.000000
vn -1.000000 0.000000 -0.000000
vn -1.000000 0.000000 -0.000000
vn -1.000000 0.000000 -0.000000
vn -1.000000 0.000000 -0.000000
vn -1.000000 0.000000 -0.000000
vn -1.000000 0.000000 -0.000000
vn -1.000000 0.000000 -0.000000
vn -1.000000 0.000000 -0.000000
vn -1.000000 0.000000 -0.000000
vn -1.000000 0.000000 -0.000000
vn -1.000000 0.000000 -0.000000
vn -1.000000 0.000000 -0.000000
vn -1.000000 0.000000 -0.000000
vn -1.000000 0.000000 -0.000000
vn -1.000000 0.000000 -0.000000
vn -1.000000 0.000000 -0.000000
vn -1.000000 0.000000 -0.000000
vn -1.000000 0.000000 -0.000000
vn -1.000000 0.000000 -0.000000
vn -1.000000 0.000000 -0.000000
vn -1.000000 0.000000 -0.000000
vn -1.000000 0.000000 -0.000000
vn -1.000000 0.000000 -0.000000
vn -1.000000 0.000000 -0.000000
vn -1.000000 0.000000 -0.000000
vn -1.000000 0.000000 -0.000000
vn -1.000000 0.000000 -0.000000
vn -1.000000 0.000000 -0.000000
vn -1.000000 0.000000 -0.000000
vn -1.000000 0.000000 -0.000000
vn -1.000000 0.000000 -0.000000
vn -1.000000 0.000000 -0.000000
vn -1.000000 0.000000 -0.000000
vn -1.000000 0.000000 -0.000000
vn -1.000000 0.000000 -0.000000
vn -1.000000 0.000000 -0.000000
vn -1.000000 0.000000 -0.000000
vn -1.000000 0.000000 -0.000000
vn -1.000000 0.000000 -0.000000
vn -1.000000 0.000000 -0.000000
vn -1.000000 0.000000 -0.000000
vn -1.000000 0.000000 -0.000000
vn -1.000000 0.000000 -0.000000
vn -1.000000 0.000000 -0.000000
vn -1.000000 0.000000 -0.000000
vn -1.000000 0.000000 -0.000000
vn -1.000000 0.000000 -0.000000
vn -1.000000 0.000000 -0.000000
vn -1.000000 0.000000 -0.000000
vn -1.000000 0.000000 -0.000000
vn -1.000000 0.000000 -0.000000
vn -1.000000 0.000000 -0.000000
vn -1.000000 0.000000 -0.000000
vn -1.000000 0.000000 -0.000000
vn -1.000000 0.000000 -0.000000
vn -1.000000 0.000000 -0.000000
vn -1.000000 0.000000 -0.000000
vn -1.000000 0.000000 -0.000000
vn -1.000000 0.000000 -0.000000
vn -1.000000 0.000000 -0.000000
vn -1.000000 0.000000 -0.000000
vn -1.000000 0.000000 -0.000000
vn -1.000000 0.000000 -0.000000
vn -1.000000 0.000000 -0.000000
vn -1.000000 0.000000 -0.000000
vn -1.000000 0.000000 -0.000000
vn 1.000000 -0.000000 0.000000
vn 1.000000 -0.000000 0.000000
vn 1.000000 -0.000000 0.000000
vn 1.000000 -0.000000 0.000000
vn 1.000000 -0.000000 0.000000
vn 1.000000 -0.000000 0.000000
vn 1.000000 -0.000000 0.000000
vn 1.000000 -0.000000 0.000000
vn 1.000000 -0.000000 0.000000
vn 1.000000 -0.000000 0.000000
vn 1.000000 -0.000000 0.000000
vn 1.000000 -0.000000 0.000000
vn 1.000000 -0.000000 0.000000
vn 1.000000 -0.000000 0.000000
vn 1.000000 -0.000000 0.000000
vn 1.000000 -0.000000 0.000000
vn 1.000000 -0.000000 0.000000
vn 1.000000 -0.000000 0.000000
vn 1.000000 -0.000000 0.000000
vn 1.000000 -0.000000 0.000000
vn 1.000000 -0.000000 0.000000
vn 1.000000 -0.000000 0.000000
vn 1.000000 -0.000000 0.000000
vn 1.000000 -0.000000 0.000000
vn 1.000000 -0.000000 0.000000
vn 1.000000 -0.000000 0.000000
vn 1.000000 -0.000000 0.000000
vn 1.000000 -0.000000 0.000000
vn 1.000000 -0.000000 0.000000
vn 1.000000 -0.000000 0.000000
vn 1.000000 -0.000000 0.000000
vn 1.000000 -0.000000 0.000000
vn 1.000000 -0.000000 0.000000
vn 1.000000 -0.000000 0.000000
vn 1.000000 -0.000000 0.000000
vn 1.000000 -0.000000 0.000000
vn 1.000000 -0.000000 0.000000
vn 1.000000 -0.000000 0.000000
vn 1.000000 -0.000000 0.000000
vn 1.000000 -0.000000 0.000000
vn 1.000000 -0.000000 0.000000
vn 1.000000 -0.000000 0.000000
vn 1.000000 -0.000000 0.000000
vn 1.000000 -0.000000 0.000000
vn 1.000000 -0.000000 0.000000
vn 1.000000 -0.000000 0.000000
vn 1.000000 -0.000000 0.000000
vn 1.000000 -0.000000 0.000000
vn 1.000000 -0.000000 0.000000
vn 1.000000 -0.000000 0.000000
vn 1.000000 -0.000000 0.000000
vn 1.000000 -0.000000 0.000000
vn 1.000000 -0.000000 0.000000
vn 1.000000 -0.000000 0.000000
vn 1.000000 -0.000000 0.000000
vn 1.000000 -0.000000 0.000000
vn 1.000000 -0.000000 0.000000
vn 1.000000 -0.000000 0.000000
vn 1.000000 -0.000000 0.000000
vn 1.000000 -0.000000 0.000000
vn 1.000000 -0.000000 0.000000
vn 1.000000 -0.000000 0.000000
vn 1.000000 -0.000000 0.000000
vn 1.000000 -0.000000 0.000000
vn 1.000000 -0.000000 0.000000
vn 1.000000 -0.000000 0.000000
vn 1.000000 -0.000000 0.000000
vn 1.000000 -0.000000 0.000000
vn 1.000000 -0.000000 0.000000
vn 1.000000 -0.000000 0.000000
vn 1.000000 -0.000000 0.000000
vn 1.000000 -0.000000 0.000000
vn 1.000000 -0.000000 0.000000
vn 1.000000 -0.000000 0.000000
vn 1.000000 -0.000000 0.000000
vn 1.000000 -0.000000 0.000000
vn 1.000000 -0.000000 0.000000
vn 1.000000 -0.000000 0.000000
vn 1.000000 -0.000000 0.000000
vn 1.000000 -0.000000 0.000000
vn 1.000000 -0.000000 0.000000
vn 1.000000 -0.000000 0.000000
vn 1.000000 -0.000000 0.000000
vn 1.000000 -0.000000 0.000000
f 585/1173/1173 586/1174/1174 598/1175/1175
f 598/1175/1175 586/1174/1174 597/1176/1176
f 597/1176/1176 586/1174/1174 587/1177/1177
f 597/1176/1176 587/1177/1177 596/1178/1178
f 596/1178/1178 587/1177/1177 588/1179/1179
f 596/1178/1178 588/1179/1179 595/1180/1180
f 595/1180/1180 588/1179/1179 589/1181/1181
f 595/1180/1180 589/1181/1181 594/1182/1182
f 594/1182/1182 589/1181/1181 590/1183/1183
f 594/1182/1182 590/1183/1183 593/1184/1184
f 593/1184/1184 590/1183/1183 591/1185/1185
f 593/1184/1184 591/1185/1185 592/1186/1186
f 591/1187/1187 599/1188/1188 592/1189/1189
f 592/1189/1189 599/1188/1188 620/1190/1190
f 620/1190/1190 599/1188/1188 600/1191/1191
f 620/1190/1190 600/1191/1191 619/1192/1192
f 619/1192/1192 600/1191/1191 601/1193/1193
f 619/1192/1192 601/1193/1193 618/1194/1194
f 618/1194/1194 601/1193/1193 602/1195/1195
f 618/1194/1194 602/1195/1195 617/1196/1196
f 617/1196/1196 602/1195/1195 603/1197/1197
f 617/1196/1196 603/1197/1197 616/1198/1198
f 616/1198/1198 603/1197/1197 604/1199/1199
f 616/1198/1198 604/1199/1199 615/1200/1200
f 615/1200/1200 604/1199/1199 605/1201/1201
f 615/1200/1200 605/1201/1201 614/1202/1202
f 614/1202/1202 605/1201/1201 606/1203/1203
f 614/1202/1202 606/1203/1203 613/1204/1204
f 613/1204/1204 606/1203/1203 607/1205/1205
f 613/1204/1204 607/1205/1205 612/1206/1206
f 612/1206/1206 607/1205/1205 608/1207/1207
f 612/1206/1206 608/1207/1207 611/1208/1208
f 611/1208/1208 608/1207/1207 609/1209/1209
f 611/1208/1208 609/1209/1209 610/1210/1210
f 609/1211/1211 621/1212/1212 610/1213/1213
f 610/1213/1213 621/1212/1212 632/1214/1214
f 632/1214/1214 621/1212/1212 622/1215/1215
f 632/1214/1214 622/1215/1215 631/1216/1216
f 631/1216/1216 622/1215/1215 623/1217/1217
f 631/1216/1216 623/1217/1217 630/1218/1218
f 630/1218/1218 623/1217/1217 624/1219/1219
f 630/1218/1218 624/1219/1219 629/1220/1220
f 629/1220/1220 624/1219/1219 625/1221/1221
f 629/1220/1220 625/1221/1221 628/1222/1222
f 628/1222/1222 625/1221/1221 626/1223/1223
f 628/1222/1222 626/1223/1223 627/1224/1224
f 626/1225/1225 633/1226/1226 627/1227/1227
f 627/1227/1227 633/1226/1226 652/1228/1228
f 652/1228/1228 633/1226/1226 634/1229/1229
f 652/1228/1228 634/1229/1229 651/1230/1230
f 651/1230/1230 634/1229/1229 635/1231/1231
f 651/1230/1230 635/1231/1231 650/1232/1232
f 650/1232/1232 635/1231/1231 636/1233/1233
f 650/1232/1232 636/1233/1233 649/1234/1234
f 649/1234/1234 636/1233/1233 637/1235/1235
f 649/1234/1234 637/1235/1235 648/1236/1236
f 648/1236/1236 637/1235/1235 638/1237/1237
f 648/1236/1236 638/1237/1237 647/1238/1238
f 647/1238/1238 638/1237/1237 639/1239/1239
f 647/1238/1238 639/1239/1239 646/1240/1240
f 646/1240/1240 639/1239/1239 640/1241/1241
f 646/1240/1240 640/1241/1241 645/1242/1242
f 645/1242/1242 640/1241/1241 641/1243/1243
f 645/1242/1242 641/1243/1243 644/1244/1244
f 644/1244/1244 641/1243/1243 642/1245/1245
f 644/1244/1244 642/1245/1245 643/1246/1246
f 643/1246/1246 642/1245/1245 585/1247/1247
f 643/1246/1246 585/1247/1247 598/1248/1248
f 627/1249/1249 652/1250/1250 628/1251/1251
f 628/1251/1251 652/1250/1250 662/1252/1252
f 628/1251/1251 662/1252/1252 629/1253/1253
f 629/1253/1253 662/1252/1252 672/1254/1254
f 629/1253/1253 672/1254/1254 630/1255/1255
f 630/1255/1255 672/1254/1254 682/1256/1256
f 630/1255/1255 682/1256/1256 631/1257/1257
f 631/1257/1257 682/1256/1256 692/1258/1258
f 631/1257/1257 692/1258/1258 632/1259/1259
f 632/1259/1259 692/1258/1258 702/1260/1260
f 632/1259/1259 702/1260/1260 610/1261/1261
f 610/1261/1261 702/1260/1260 611/1262/1262
f 611/1262/1262 702/1260/1260 701/1263/1263
f 611/1262/1262 701/1263/1263 612/1264/1264
f 612/1264/1264 701/1263/1263 700/1265/1265
f 612/1264/1264 700/1265/1265 613/1266/1266
f 613/1266/1266 700/1265/1265 699/1267/1267
f 613/1266/1266 699/1267/1267 614/1268/1268
f 614/1268/1268 699/1267/1267 698/1269/1269
f 614/1268/1268 698/1269/1269 615/1270/1270
f 615/1270/1270 698/1269/1269 697/1271/1271
f 615/1270/1270 697/1271/1271 616/1272/1272
f 616/1272/1272 697/1271/1271 696/1273/1273
f 616/1272/1272 696/1273/1273 617/1274/1274
f 617/1274/1274 696/1273/1273 695/1275/1275
f 617/1274/1274 695/1275/1275 618/1276/1276
f 618/1276/1276 695/1275/1275 694/1277/1277
f 618/1276/1276 694/1277/1277 619/1278/1278
f 619/1278/1278 694/1277/1277 693/1279/1279
f 619/1278/1278 693/1279/1279 620/1280/1280
f 620/1280/1280 693/1279/1279 593/1281/1281
f 620/1280/1280 593/1281/1281 592/1282/1282
f 652/1250/1250 651/1283/1283 662/1252/1252
f 662/1252/1252 651/1283/1283 661/1284/1284
f 662/1252/1252 661/1284/1284 672/1254/1254
f 672/1254/1254 661/1284/1284 671/1285/1285
f 672/1254/1254 671/1285/1285 682/1256/1256
f 682/1256/1256 671/1285/1285 681/1286/1286
f 682/1256/1256 681/1286/1286 692/1258/1258
f 692/1258/1258 681/1286/1286 691/1287/1287
f 692/1258/1258 691/1287/1287 702/1260/1260
f 702/1260/1260 691/1287/1287 701/1263/1263
f 651/1283/1283 650/1288/1288 661/1284/1284
f 661/1284/1284 650/1288/1288 660/1289/1289
f 661/1284/1284 660/1289/1289 671/1285/1285
f 671/1285/1285 660/1289/1289 670/1290/1290
f 671/1285/1285 670/1290/1290 681/1286/1286
f 681/1286/1286 670/1290/1290 680/1291/1291
f 681/1286/1286 680/1291/1291 691/1287/1287
f 691/1287/1287 680/1291/1291 690/1292/1292
f 691/1287/1287 690/1292/1292 701/1263/1263
f 701/1263/1263 690/1292/1292 700/1265/1265
f 650/1288/1288 649/1293/1293 660/1289/1289
f 660/1289/1289 649/1293/1293 659/1294/1294
f 660/1289/1289 659/1294/1294 670/1290/1290
f 670/1290/1290 659/1294/1294 669/1295/1295
f 670/1290/1290 669/1295/1295 680/1291/1291
f 680/1291/1291 669/1295/1295 679/1296/1296
f 680/1291/1291 679/1296/1296 690/1292/1292
f 690/1292/1292 679/1296/1296 689/1297/1297
f 690/1292/1292 689/1297/1297 700/1265/1265
f 700/1265/1265 689/1297/1297 699/1267/1267
f 649/1293/1293 648/1298/1298 659/1294/1294
f 659/1294/1294 648/1298/1298 658/1299/1299
f 659/1294/1294 658/1299/1299 669/1295/1295
f 669/1295/1295 658/1299/1299 668/1300/1300
f 669/1295/1295 668/1300/1300 679/1296/1296
f 679/1296/1296 668/1300/1300 678/1301/1301
f 679/1296/1296 678/1301/1301 689/1297/1297
f 689/1297/1297 678/1301/1301 688/1302/1302
f 689/1297/1297 688/1302/1302 699/1267/1267
f 699/1267/1267 688/1302/1302 698/1269/1269
f 648/1298/1298 647/1303/1303 658/1299/1299
f 658/1299/1299 647/1303/1303 657/1304/1304
f 658/1299/1299 657/1304/1304 668/1300/1300
f 668/1300/1300 657/1304/1304 667/1305/1305
f 668/1300/1300 667/1305/1305 678/1301/1301
f 678/1301/1301 667/1305/1305 677/1306/1306
f 678/1301/1301 677/1306/1306 688/1302/1302
f 688/1302/1302 677/1306/1306 687/1307/1307
f 688/1302/1302 687/1307/1307 698/1269/1269
f 698/1269/1269 687/1307/1307 697/1271/1271
f 647/1303/1303 646/1308/1308 657/1304/1304
f 657/1304/1304 646/1308/1308 656/1309/1309
f 657/1304/1304 656/1309/1309 667/1305/1305
f 667/1305/1305 656/1309/1309 666/1310/1310
f 667/1305/1305 666/1310/1310 677/1306/1306
f 677/1306/1306 666/1310/1310 676/1311/1311
f 677/1306/1306 676/1311/1311 687/1307/1307
f 687/1307/1307 676/1311/1311 686/1312/1312
f 687/1307/1307 686/1312/1312 697/1271/1271
f 697/1271/1271 686/1312/1312 696/1273/1273
f 646/1308/1308 645/1313/1313 656/1309/1309
f 656/1309/1309 645/1313/1313 655/1314/1314
f 656/1309/1309 655/1314/1314 666/1310/1310
f 666/1310/1310 655/1314/1314 665/1315/1315
f 666/1310/1310 665/1315/1315 676/1311/1311
f 676/1311/1311 665/1315/1315 675/1316/1316
f 676/1311/1311 675/1316/1316 686/1312/1312
f 686/1312/1312 675/1316/1316 685/1317/1317
f 686/1312/1312 685/1317/1317 696/1273/1273
f 696/1273/1273 685/1317/1317 695/1275/1275
f 645/1313/1313 644/1318/1318 655/1314/1314
f 655/1314/1314 644/1318/1318 654/1319/1319
f 655/1314/1314 654/1319/1319 665/1315/1315
f 665/1315/1315 654/1319/1319 664/1320/1320
f 665/1315/1315 664/1320/1320 675/1316/1316
f 675/1316/1316 664/1320/1320 674/1321/1321
f 675/1316/1316 674/1321/1321 685/1317/1317
f 685/1317/1317 674/1321/1321 684/1322/1322
f 685/1317/1317 684/1322/1322 695/1275/1275
f 695/1275/1275 684/1322/1322 694/1277/1277
f 644/1318/1318 643/1323/1323 654/1319/1319
f 654/1319/1319 643/1323/1323 653/1324/1324
f 654/1319/1319 653/1324/1324 664/1320/1320
f 664/1320/1320 653/1324/1324 663/1325/1325
f 664/1320/1320 663/1325/1325 674/1321/1321
f 674/1321/1321 663/1325/1325 673/1326/1326
f 674/1321/1321 673/1326/1326 684/1322/1322
f 684/1322/1322 673/1326/1326 683/1327/1327
f 684/1322/1322 683/1327/1327 694/1277/1277
f 694/1277/1277 683/1327/1327 693/1279/1279
f 643/1323/1323 598/1328/1328 653/1324/1324
f 653/1324/1324 598/1328/1328 597/1329/1329
f 653/1324/1324 597/1329/1329 663/1325/1325
f 663/1325/1325 597/1329/1329 596/1330/1330
f 663/1325/1325 596/1330/1330 673/1326/1326
f 673/1326/1326 596/1330/1330 595/1331/1331
f 673/1326/1326 595/1331/1331 683/1327/1327
f 683/1327/1327 595/1331/1331 594/1332/1332
f 683/1327/1327 594/1332/1332 693/1279/1279
f 693/1279/1279 594/1332/1332 593/1281/1281
f 586/1333/1333 585/1334/1334 703/1335/1335
f 703/1335/1335 585/1334/1334 642/1336/1336
f 703/1335/1335 642/1336/1336 708/1337/1337
f 708/1337/1337 642/1336/1336 641/1338/1338
f 708/1337/1337 641/1338/1338 713/1339/1339
f 713/1339/1339 641/1338/1338 640/1340/1340
f 713/1339/1339 640/1340/1340 718/1341/1341
f 718/1341/1341 640/1340/1340 639/1342/1342
f 718/1341/1341 639/1342/1342 723/1343/1343
f 723/1343/1343 639/1342/1342 638/1344/1344
f 723/1343/1343 638/1344/1344 728/1345/1345
f 728/1345/1345 638/1344/1344 637/1346/1346
f 728/1345/1345 637/1346/1346 733/1347/1347
f 733/1347/1347 637/1346/1346 636/1348/1348
f 733/1347/1347 636/1348/1348 738/1349/1349
f 738/1349/1349 636/1348/1348 635/1350/1350
f 738/1349/1349 635/1350/1350 743/1351/1351
f 743/1351/1351 635/1350/1350 634/1352/1352
f 743/1351/1351 634/1352/1352 748/1353/1353
f 748/1353/1353 634/1352/1352 633/1354/1354
f 748/1353/1353 633/1354/1354 625/1355/1355
f 625/1355/1355 633/1354/1354 626/1356/1356
f 625/1355/1355 624/1357/1357 748/1353/1353
f 748/1353/1353 624/1357/1357 749/1358/1358
f 748/1353/1353 749/1358/1358 743/1351/1351
f 743/1351/1351 749/1358/1358 744/1359/1359
f 743/1351/1351 744/1359/1359 738/1349/1349
f 738/1349/1349 744/1359/1359 739/1360/1360
f 738/1349/1349 739/1360/1360 733/1347/1347
f 733/1347/1347 739/1360/1360 734/1361/1361
f 733/1347/1347 734/1361/1361 728/1345/1345
f 728/1345/1345 734/1361/1361 729/1362/1362
f 728/1345/1345 729/1362/1362 723/1343/1343
f 723/1343/1343 729/1362/1362 724/1363/1363
f 723/1343/1343 724/1363/1363 718/1341/1341
f 718/1341/1341 724/1363/1363 719/1364/1364
f 718/1341/1341 719/1364/1364 713/1339/1339
f 713/1339/1339 719/1364/1364 714/1365/1365
f 713/1339/1339 714/1365/1365 708/1337/1337
f 708/1337/1337 714/1365/1365 709/1366/1366
f 708/1337/1337 709/1366/1366 703/1335/1335
f 703/1335/1335 709/1366/1366 704/1367/1367
f 703/1335/1335 704/1367/1367 586/1333/1333
f 586/1333/1333 704/1367/1367 587/1368/1368
f 587/1368/1368 704/1367/1367 705/1369/1369
f 587/1368/1368 705/1369/1369 588/1370/1370
f 588/1370/1370 705/1369/1369 706/1371/1371
f 588/1370/1370 706/1371/1371 589/1372/1372
f 589/1372/1372 706/1371/1371 707/1373/1373
f 589/1372/1372 707/1373/1373 590/1374/1374
f 590/1374/1374 707/1373/1373 599/1375/1375
f 590/1374/1374 599/1375/1375 591/1376/1376
f 624/1357/1357 623/1377/1377 749/1358/1358
f 749/1358/1358 623/1377/1377 750/1378/1378
f 749/1358/1358 750/1378/1378 744/1359/1359
f 744/1359/1359 750/1378/1378 745/1379/1379
f 744/1359/1359 745/1379/1379 739/1360/1360
f 739/1360/1360 745/1379/1379 740/1380/1380
f 739/1360/1360 740/1380/1380 734/1361/1361
f 734/1361/1361 740/1380/1380 735/1381/1381
f 734/1361/1361 735/1381/1381 729/1362/1362
f 729/1362/1362 735/1381/1381 730/1382/1382
f 729/1362/1362 730/1382/1382 724/1363/1363
f 724/1363/1363 730/1382/1382 725/1383/1383
f 724/1363/1363 725/1383/1383 719/1364/1364
f 719/1364/1364 725/1383/1383 720/1384/1384
f 719/1364/1364 720/1384/1384 714/1365/1365
f 714/1365/1365 720/1384/1384 715/1385/1385
f 714/1365/1365 715/1385/1385 709/1366/1366
f 709/1366/1366 715/1385/1385 710/1386/1386
f 709/1366/1366 710/1386/1386 704/1367/1367
f 704/1367/1367 710/1386/1386 705/1369/1369
f 623/1377/1377 622/1387/1387 750/1378/1378
f 750/1378/1378 622/1387/1387 751/1388/1388
f 750/1378/1378 751/1388/1388 745/1379/1379
f 745/1379/1379 751/1388/1388 746/1389/1389
f 745/1379/1379 746/1389/1389 740/1380/1380
f 740/1380/1380 746/1389/1389 741/1390/1390
f 740/1380/1380 741/1390/1390 735/1381/1381
f 735/1381/1381 741/1390/1390 736/1391/1391
f 735/1381/1381 736/1391/1391 730/1382/1382
f 730/1382/1382 736/1391/1391 731/1392/1392
f 730/1382/1382 731/1392/1392 725/1383/1383
f 725/1383/1383 731/1392/1392 726/1393/1393
f 725/1383/1383 726/1393/1393 720/1384/1384
f 720/1384/1384 726/1393/1393 721/1394/1394
f 720/1384/1384 721/1394/1394 715/1385/1385
f 715/1385/1385 721/1394/1394 716/1395/1395
f 715/1385/1385 716/1395/1395 710/1386/1386
f 710/1386/1386 716/1395/1395 711/1396/1396
f 710/1386/1386 711/1396/1396 705/1369/1369
f 705/1369/1369 711/1396/1396 706/1371/1371
f 622/1387/1387 621/1397/1397 751/1388/1388
f 751/1388/1388 621/1397/1397 752/1398/1398
f 751/1388/1388 752/1398/1398 746/1389/1389
f 746/1389/1389 752/1398/1398 747/1399/1399
f 746/1389/1389 747/1399/1399 741/1390/1390
f 741/1390/1390 747/1399/1399 742/1400/1400
f 741/1390/1390 742/1400/1400 736/1391/1391
f 736/1391/1391 742/1400/1400 737/1401/1401
f 736/1391/1391 737/1401/1401 731/1392/1392
f 731/1392/1392 737/1401/1401 732/1402/1402
f 731/1392/1392 732/1402/1402 726/1393/1393
f 726/1393/1393 732/1402/1402 727/1403/1403
f 726/1393/1393 727/1403/1403 721/1394/1394
f 721/1394/1394 727/1403/1403 722/1404/1404
f 721/1394/1394 722/1404/1404 716/1395/1395
f 716/1395/1395 722/1404/1404 717/1405/1405
f 716/1395/1395 717/1405/1405 711/1396/1396
f 711/1396/1396 717/1405/1405 712/1406/1406
f 711/1396/1396 712/1406/1406 706/1371/1371
f 706/1371/1371 712/1406/1406 707/1373/1373
f 621/1397/1397 609/1407/1407 752/1398/1398
f 752/1398/1398 609/1407/1407 608/1408/1408
f 752/1398/1398 608/1408/1408 747/1399/1399
f 747/1399/1399 608/1408/1408 607/1409/1409
f 747/1399/1399 607/1409/1409 742/1400/1400
f 742/1400/1400 607/1409/1409 606/1410/1410
f 742/1400/1400 606/1410/1410 737/1401/1401
f 737/1401/1401 606/1410/1410 605/1411/1411
f 737/1401/1401 605/1411/1411 732/1402/1402
f 732/1402/1402 605/1411/1411 604/1412/1412
f 732/1402/1402 604/1412/1412 727/1403/1403
f 727/1403/1403 604/1412/1412 603/1413/1413
f 727/1403/1403 603/1413/1413 722/1404/1404
f 722/1404/1404 603/1413/1413 602/1414/1414
f 722/1404/1404 602/1414/1414 717/1405/1405
f 717/1405/1405 602/1414/1414 601/1415/1415
f 717/1405/1405 601/1415/1415 712/1406/1406
f 712/1406/1406 601/1415/1415 600/1416/1416
f 712/1406/1406 600/1416/1416 707/1373/1373
f 707/1373/1373 600/1416/1416 599/1375/1375
g Body1:14

v 6.000000 -0.000000 -52.000000
v 6.000000 -0.000000 -50.000000
v 6.000000 10.909091 -50.000000
v 6.000000 21.818182 -50.000000
v 6.000000 32.727273 -50.000000
v 6.000000 43.636364 -50.000000
v 6.000000 54.545455 -50.000000
v 6.000000 65.454545 -50.000000
v 6.000000 76.363636 -50.000000
v 6.000000 87.272727 -50.000000
v 6.000000 98.181818 -50.000000
v 6.000000 109.090909 -50.000000
v 6.000000 120.000000 -50.000000
v 6.000000 120.000000 -52.000000
v 6.000000 109.090909 -52.000000
v 6.000000 98.181818 -52.000000
v 6.000000 87.272727 -52.000000
v 6.000000 76.363636 -52.000000
v 6.000000 65.454545 -52.000000
v 6.000000 54.545455 -52.000000
v 6.000000 43.636364 -52.000000
v 6.000000 32.727273 -52.000000
v 6.000000 21.818182 -52.000000
v 6.000000 10.909091 -52.000000
v 8.000000 -0.000000 -52.000000
v 8.000000 120.000000 -52.000000
v 8.000000 109.090909 -52.000000
v 8.000000 98.181818 -52.000000
v 8.000000 87.272727 -52.000000
v 8.000000 76.363636 -52.000000
v 8.000000 65.454545 -52.000000
v 8.000000 54.545455 -52.000000
v 8.000000 43.636364 -52.000000
v 8.000000 32.727273 -52.000000
v 8.000000 21.818182 -52.000000
v 8.000000 10.909091 -52.000000
v 8.000000 -0.000000 -50.000000
v 8.000000 120.000000 -50.000000
v 8.000000 109.090909 -50.000000
v 8.000000 98.181818 -50.000000
v 8.000000 87.272727 -50.000000
v 8.000000 76.363636 -50.000000
v 8.000000 65.454545 -50.000000
v 8.000000 54.545455 -50.000000
v 8.000000 43.636364 -50.000000
v 8.000000 32.727273 -50.000000
v 8.000000 21.818182 -50.000000
v 8.000000 10.909091 -50.000000
vt 0.000000 0.000000 0.000000
vt 2.000000 0.000000 0.000000
vt 0.000000 10.909091 0.000000
vt 2.000000 10.909091 0.000000
vt 0.000000 21.818182 0.000000
vt 2.000000 21.818182 0.000000
vt 0.000000 32.727273 0.000000
vt 2.000000 32.727273 0.000000
vt 0.000000 43.636364 0.000000
vt 2.000000 43.636364 0.000000
vt 0.000000 54.545455 0.000000
vt 2.000000 54.545455 0.000000
vt 0.000000 65.454545 0.000000
vt 2.000000 65.454545 0.000000
vt 0.000000 76.363636 0.000000
vt 2.000000 76.363636 0.000000
vt 0.000000 87.272727 0.000000
vt 2.000000 87.272727 0.000000
vt 0.000000 98.181818 0.000000
vt 2.000000 98.181818 0.000000
vt 0.000000 109.090909 0.000000
vt 2.000000 109.090909 0.000000
vt 0.000000 120.000000 0.000000
vt 2.000000 120.000000 0.000000
vt -0.000000 0.000000 0.000000
vt 2.000000 0.000000 0.000000
vt -0.000000 10.909091 0.000000
vt 2.000000 10.909091 0.000000
vt -0.000000 21.818182 0.000000
vt 2.000000 21.818182 0.000000
vt -0.000000 32.727273 0.000000
vt 2.000000 32.727273 0.000000
vt -0.000000 43.636364 0.000000
vt 2.000000 43.636364 0.000000
vt -0.000000 54.545455 0.000000
vt 2.000000 54.545455 0.000000
vt -0.000000 65.454545 0.000000
vt 2.000000 65.454545 0.000000
vt -0.000000 76.363636 0.000000
vt 2.000000 76.363636 0.000000
vt -0.000000 87.272727 0.000000
vt 2.000000 87.272727 0.000000
vt -0.000000 98.181818 0.000000
vt 2.000000 98.181818 0.000000
vt -0.000000 109.090909 0.000000
vt 2.000000 109.090909 0.000000
vt -0.000000 120.000000 0.000000
vt 2.000000 120.000000 0.000000
vt -0.000000 0.000000 0.000000
vt 2.000000 0.000000 0.000000
vt -0.000000 10.909091 0.000000
vt 2.000000 10.909091 0.000000
vt -0.000000 21.818182 0.000000
vt 2.000000 21.818182 0.000000
vt -0.000000 32.727273 0.000000
vt 2.000000 32.727273 0.000000
vt -0.000000 43.636364 0.000000
vt 2.000000 43.636364 0.000000
vt -0.000000 54.545455 0.000000
vt 2.000000 54.545455 0.000000
vt -0.000000 65.454545 0.000000
vt 2.000000 65.454545 0.000000
vt -0.000000 76.363636 0.000000
vt 2.000000 76.363636 0.000000
vt -0.000000 87.272727 0.000000
vt 2.000000 87.272727 0.000000
vt -0.000000 98.181818 0.000000
vt 2.000000 98.181818 0.000000
vt -0.000000 109.090909 0.000000
vt 2.000000 109.090909 0.000000
vt -0.000000 120.000000 0.000000
vt 2.000000 120.000000 0.000000
vt -0.000000 0.000000 0.000000
vt 2.000000 0.000000 0.000000
vt -0.000000 10.909091 0.000000
vt 2.000000 10.909091 0.000000
vt -0.000000 21.818182 0.000000
vt 2.000000 21.818182 0.000000
vt -0.000000 32.727273 0.000000
vt 2.000000 32.727273 0.000000
vt -0.000000 43.636364 0.000000
vt 2.000000 43.636364 0.000000
vt -0.000000 54.545455 0.000000
vt 2.000000 54.545455 0.000000
vt -0.000000 65.454545 0.000000
vt 2.000000 65.454545 0.000000
vt -0.000000 76.363636 0.000000
vt 2.000000 76.363636 0.000000
vt -0.000000 87.272727 0.000000
vt 2.000000 87.272727 0.000000
vt -0.000000 98.181818 0.000000
vt 2.000000 98.181818 0.000000
vt -0.000000 109.090909 0.000000
vt 2.000000 109.090909 0.000000
vt 0.000000 120.000000 0.000000
vt 2.000000 120.000000 0.000000
vt 1.000000 1.000000 0.000000
vt -1.000000 1.000000 0.000000
vt 1.000000 -1.000000 0.000000
vt -1.000000 -1.000000 0.000000
vt -1.000000 -1.000000 0.000000
vt 1.000000 -1.000000 0.000000
vt -1.000000 1.000000 0.000000
vt 1.000000 1.000000 0.000000
vn -1.000000 0.000000 -0.000000
vn -1.000000 0.000000 -0.000000
vn -1.000000 0.000000 -0.000000
vn -1.000000 0.000000 -0.000000
vn -1.000000 0.000000 -0.000000
vn -1.000000 0.000000 -0.000000
vn -1.000000 0.000000 -0.000000
vn -1.000000 0.000000 -0.000000
vn -1.000000 0.000000 -0.000000
vn -1.000000 0.000000 -0.000000
vn -1.000000 0.000000 -0.000000
vn -1.000000 0.000000 -0.000000
vn -1.000000 0.000000 -0.000000
vn -1.000000 0.000000 -0.000000
vn -1.000000 0.000000 -0.000000
vn -1.000000 0.000000 -0.000000
vn -1.000000 0.000000 -0.000000
vn -1.000000 0.000000 -0.000000
vn -1.000000 0.000000 -0.000000
vn -1.000000 0.000000 -0.000000
vn -1.000000 0.000000 -0.000000
vn -1.000000 0.000000 -0.000000
vn -1.000000 0.000000 -0.000000
vn -1.000000 0.000000 -0.000000
vn 0.000000 0.000000 -1.000000
vn 0.000000 0.000000 -1.000000
vn 0.000000 0.000000 -1.000000
vn 0.000000 0.000000 -1.000000
vn 0.000000 0.000000 -1.000000
vn 0.000000 0.000000 -1.000000
vn 0.000000 0.000000 -1.000000
vn 0.000000 0.000000 -1.000000
vn 0.000000 0.000000 -1.000000
vn 0.000000 0.000000 -1.000000
vn 0.000000 0.000000 -1.000000
vn 0.000000 0.000000 -1.000000
vn 0.000000 0.000000 -1.000000
vn 0.000000 0.000000 -1.000000
vn 0.000000 0.000000 -1.000000
vn 0.000000 0.000000 -1.000000
vn 0.000000 0.000000 -1.000000
vn 0.000000 0.000000 -1.000000
vn 0.000000 0.000000 -1.000000
vn 0.000000 0.000000 -1.000000
vn 0.000000 0.000000 -1.000000
vn 0.000000 0.000000 -1.000000
vn 0.000000 0.000000 -1.000000
vn 0.000000 0.000000 -1.000000
vn 1.000000 0.000000 0.000000
vn 1.000000 0.000000 0.000000
vn 1.000000 0.000000 0.000000
vn 1.000000 0.000000 0.000000
vn 1.000000 0.000000 0.000000
vn 1.000000 0.000000 0.000000
vn 1.000000 0.000000 0.000000
vn 1.000000 0.000000 0.000000
vn 1.000000 0.000000 0.000000
vn 1.000000 0.000000 0.000000
vn 1.000000 0.000000 0.000000
vn 1.000000 0.000000 0.000000
vn 1.000000 0.000000 0.000000
vn 1.000000 0.000000 0.000000
vn 1.000000 0.000000 0.000000
vn 1.000000 0.000000 0.000000
vn 1.000000 0.000000 0.000000
vn 1.000000 0.000000 0.000000
vn 1.000000 0.000000 0.000000
vn 1.000000 0.000000 0.000000
vn 1.000000 0.000000 0.000000
vn 1.000000 0.000000 0.000000
vn 1.000000 0.000000 0.000000
vn 1.000000 0.000000 0.000000
vn 0.000000 -0.000000 1.000000
vn 0.000000 -0.000000 1.000000
vn 0.000000 -0.000000 1.000000
vn 0.000000 -0.000000 1.000000
vn 0.000000 -0.000000 1.000000
vn 0.000000 -0.000000 1.000000
vn 0.000000 -0.000000 1.000000
vn 0.000000 -0.000000 1.000000
vn 0.000000 -0.000000 1.000000
vn 0.000000 -0.000000 1.000000
vn 0.000000 -0.000000 1.000000
vn 0.000000 -0.000000 1.000000
vn 0.000000 -0.000000 1.000000
vn 0.000000 -0.000000 1.000000
vn 0.000000 -0.000000 1.000000
vn 0.000000 -0.000000 1.000000
vn 0.000000 -0.000000 1.000000
vn 0.000000 -0.000000 1.000000
vn 0.000000 -0.000000 1.000000
vn 0.000000 -0.000000 1.000000
vn 0.000000 -0.000000 1.000000
vn 0.000000 -0.000000 1.000000
vn 0.000000 -0.000000 1.000000
vn 0.000000 -0.000000 1.000000
vn 0.000000 1.000000 0.000000
vn 0.000000 1.000000 0.000000
vn 0.000000 1.000000 0.000000
vn 0.000000 1.000000 0.000000
vn -0.000000 -1.000000 -0.000000
vn -0.000000 -1.000000 -0.000000
vn -0.000000 -1.000000 -0.000000
vn -0.000000 -1.000000 -0.000000
f 753/1417/1417 754/1418/1418 776/1419/1419
f 776/1419/1419 754/1418/1418 755/1420/1420
f 776/1419/1419 755/1420/1420 775/1421/1421
f 775/1421/1421 755/1420/1420 756/1422/1422
f 775/1421/1421 756/1422/1422 774/1423/1423
f 774/1423/1423 756/1422/1422 757/1424/1424
f 774/1423/1423 757/1424/1424 773/1425/1425
f 773/1425/1425 757/1424/1424 758/1426/1426
f 773/1425/1425 758/1426/1426 772/1427/1427
f 772/1427/1427 758/1426/1426 759/1428/1428
f 772/1427/1427 759/1428/1428 771/1429/1429
f 771/1429/1429 759/1428/1428 760/1430/1430
f 771/1429/1429 760/1430/1430 770/1431/1431
f 770/1431/1431 760/1430/1430 761/1432/1432
f 770/1431/1431 761/1432/1432 769/1433/1433
f 769/1433/1433 761/1432/1432 762/1434/1434
f 769/1433/1433 762/1434/1434 768/1435/1435
f 768/1435/1435 762/1434/1434 763/1436/1436
f 768/1435/1435 763/1436/1436 767/1437/1437
f 767/1437/1437 763/1436/1436 764/1438/1438
f 767/1437/1437 764/1438/1438 766/1439/1439
f 766/1439/1439 764/1438/1438 765/1440/1440
f 777/1441/1441 753/1442/1442 788/1443/1443
f 788/1443/1443 753/1442/1442 776/1444/1444
f 788/1443/1443 776/1444/1444 787/1445/1445
f 787/1445/1445 776/1444/1444 775/1446/1446
f 787/1445/1445 775/1446/1446 786/1447/1447
f 786/1447/1447 775/1446/1446 774/1448/1448
f 786/1447/1447 774/1448/1448 785/1449/1449
f 785/1449/1449 774/1448/1448 773/1450/1450
f 785/1449/1449 773/1450/1450 784/1451/1451
f 784/1451/1451 773/1450/1450 772/1452/1452
f 784/1451/1451 772/1452/1452 783/1453/1453
f 783/1453/1453 772/1452/1452 771/1454/1454
f 783/1453/1453 771/1454/1454 782/1455/1455
f 782/1455/1455 771/1454/1454 770/1456/1456
f 782/1455/1455 770/1456/1456 781/1457/1457
f 781/1457/1457 770/1456/1456 769/1458/1458
f 781/1457/1457 769/1458/1458 780/1459/1459
f 780/1459/1459 769/1458/1458 768/1460/1460
f 780/1459/1459 768/1460/1460 779/1461/1461
f 779/1461/1461 768/1460/1460 767/1462/1462
f 779/1461/1461 767/1462/1462 778/1463/1463
f 778/1463/1463 767/1462/1462 766/1464/1464
f 789/1465/1465 777/1466/1466 800/1467/1467
f 800/1467/1467 777/1466/1466 788/1468/1468
f 800/1467/1467 788/1468/1468 799/1469/1469
f 799/1469/1469 788/1468/1468 787/1470/1470
f 799/1469/1469 787/1470/1470 798/1471/1471
f 798/1471/1471 787/1470/1470 786/1472/1472
f 798/1471/1471 786/1472/1472 797/1473/1473
f 797/1473/1473 786/1472/1472 785/1474/1474
f 797/1473/1473 785/1474/1474 796/1475/1475
f 796/1475/1475 785/1474/1474 784/1476/1476
f 796/1475/1475 784/1476/1476 795/1477/1477
f 795/1477/1477 784/1476/1476 783/1478/1478
f 795/1477/1477 783/1478/1478 794/1479/1479
f 794/1479/1479 783/1478/1478 782/1480/1480
f 794/1479/1479 782/1480/1480 793/1481/1481
f 793/1481/1481 782/1480/1480 781/1482/1482
f 793/1481/1481 781/1482/1482 792/1483/1483
f 792/1483/1483 781/1482/1482 780/1484/1484
f 792/1483/1483 780/1484/1484 791/1485/1485
f 791/1485/1485 780/1484/1484 779/1486/1486
f 791/1485/1485 779/1486/1486 790/1487/1487
f 790/1487/1487 779/1486/1486 778/1488/1488
f 754/1489/1489 789/1490/1490 755/1491/1491
f 755/1491/1491 789/1490/1490 800/1492/1492
f 755/1491/1491 800/1492/1492 756/1493/1493
f 756/1493/1493 800/1492/1492 799/1494/1494
f 756/1493/1493 799/1494/1494 757/1495/1495
f 757/1495/1495 799/1494/1494 798/1496/1496
f 757/1495/1495 798/1496/1496 758/1497/1497
f 758/1497/1497 798/1496/1496 797/1498/1498
f 758/1497/1497 797/1498/1498 759/1499/1499
f 759/1499/1499 797/1498/1498 796/1500/1500
f 759/1499/1499 796/1500/1500 760/1501/1501
f 760/1501/1501 796/1500/1500 795/1502/1502
f 760/1501/1501 795/1502/1502 761/1503/1503
f 761/1503/1503 795/1502/1502 794/1504/1504
f 761/1503/1503 794/1504/1504 762/1505/1505
f 762/1505/1505 794/1504/1504 793/1506/1506
f 762/1505/1505 793/1506/1506 763/1507/1507
f 763/1507/1507 793/1506/1506 792/1508/1508
f 763/1507/1507 792/1508/1508 764/1509/1509
f 764/1509/1509 792/1508/1508 791/1510/1510
f 764/1509/1509 791/1510/1510 765/1511/1511
f 765/1511/1511 791/1510/1510 790/1512/1512
f 790/1513/1513 778/1514/1514 765/1515/1515
f 765/1515/1515 778/1514/1514 766/1516/1516
f 789/1517/1517 754/1518/1518 777/1519/1519
f 777/1519/1519 754/1518/1518 753/1520/1520
g Body1:15

v 66.000000 -0.000000 -52.000000
v 66.000000 -0.000000 -50.000000
v 66.000000 10.909091 -50.000000
v 66.000000 21.818182 -50.000000
v 66.000000 32.727273 -50.000000
v 66.000000 43.636364 -50.000000
v 66.000000 54.545455 -50.000000
v 66.000000 65.454545 -50.000000
v 66.000000 76.363636 -50.000000
v 66.000000 87.272727 -50.000000
v 66.000000 98.181818 -50.000000
v 66.000000 109.090909 -50.000000
v 66.000000 120.000000 -50.000000
v 66.000000 120.000000 -52.000000
v 66.000000 109.090909 -52.000000
v 66.000000 98.181818 -52.000000
v 66.000000 87.272727 -52.000000
v 66.000000 76.363636 -52.000000
v 66.000000 65.454545 -52.000000
v 66.000000 54.545455 -52.000000
v 66.000000 43.636364 -52.000000
v 66.000000 32.727273 -52.000000
v 66.000000 21.818182 -52.000000
v 66.000000 10.909091 -52.000000
v 68.000000 -0.000000 -52.000000
v 68.000000 120.000000 -52.000000
v 68.000000 109.090909 -52.000000
v 68.000000 98.181818 -52.000000
v 68.000000 87.272727 -52.000000
v 68.000000 76.363636 -52.000000
v 68.000000 65.454545 -52.000000
v 68.000000 54.545455 -52.000000
v 68.000000 43.636364 -52.000000
v 68.000000 32.727273 -52.000000
v 68.000000 21.818182 -52.000000
v 68.000000 10.909091 -52.000000
v 68.000000 -0.000000 -50.000000
v 68.000000 120.000000 -50.000000
v 68.000000 109.090909 -50.000000
v 68.000000 98.181818 -50.000000
v 68.000000 87.272727 -50.000000
v 68.000000 76.363636 -50.000000
v 68.000000 65.454545 -50.000000
v 68.000000 54.545455 -50.000000
v 68.000000 43.636364 -50.000000
v 68.000000 32.727273 -50.000000
v 68.000000 21.818182 -50.000000
v 68.000000 10.909091 -50.000000
vt 0.000000 0.000000 0.000000
vt 2.000000 0.000000 0.000000
vt 0.000000 10.909091 0.000000
vt 2.000000 10.909091 0.000000
vt 0.000000 21.818182 0.000000
vt 2.000000 21.818182 0.000000
vt 0.000000 32.727273 0.000000
vt 2.000000 32.727273 0.000000
vt 0.000000 43.636364 0.000000
vt 2.000000 43.636364 0.000000
vt 0.000000 54.545455 0.000000
vt 2.000000 54.545455 0.000000
vt 0.000000 65.454545 0.000000
vt 2.000000 65.454545 0.000000
vt 0.000000 76.363636 0.000000
vt 2.000000 76.363636 0.000000
vt 0.000000 87.272727 0.000000
vt 2.000000 87.272727 0.000000
vt 0.000000 98.181818 0.000000
vt 2.000000 98.181818 0.000000
vt 0.000000 109.090909 0.000000
vt 2.000000 109.090909 0.000000
vt 0.000000 120.000000 0.000000
vt 2.000000 120.000000 0.000000
vt -0.000000 0.000000 0.000000
vt 2.000000 0.000000 0.000000
vt -0.000000 10.909091 0.000000
vt 2.000000 10.909091 0.000000
vt -0.000000 21.818182 0.000000
vt 2.000000 21.818182 0.000000
vt -0.000000 32.727273 0.000000
vt 2.000000 32.727273 0.000000
vt -0.000000 43.636364 0.000000
vt 2.000000 43.636364 0.000000
vt -0.000000 54.545455 0.000000
vt 2.000000 54.545455 0.000000
vt -0.000000 65.454545 0.000000
vt 2.000000 65.454545 0.000000
vt -0.000000 76.363636 0.000000
vt 2.000000 76.363636 0.000000
vt -0.000000 87.272727 0.000000
vt 2.000000 87.272727 0.000000
vt -0.000000 98.181818 0.000000
vt 2.000000 98.181818 0.000000
vt -0.000000 109.090909 0.000000
vt 2.000000 109.090909 0.000000
vt -0.000000 120.000000 0.000000
vt 2.000000 120.000000 0.000000
vt -0.000000 0.000000 0.000000
vt 2.000000 0.000000 0.000000
vt -0.000000 10.909091 0.000000
vt 2.000000 10.909091 0.000000
vt -0.000000 21.818182 0.000000
vt 2.000000 21.818182 0.000000
vt -0.000000 32.727273 0.000000
vt 2.000000 32.727273 0.000000
vt -0.000000 43.636364 0.000000
vt 2.000000 43.636364 0.000000
vt -0.000000 54.545455 0.000000
vt 2.000000 54.545455 0.000000
vt -0.000000 65.454545 0.000000
vt 2.000000 65.454545 0.000000
vt -0.000000 76.363636 0.000000
vt 2.000000 76.363636 0.000000
vt -0.000000 87.272727 0.000000
vt 2.000000 87.272727 0.000000
vt -0.000000 98.181818 0.000000
vt 2.000000 98.181818 0.000000
vt -0.000000 109.090909 0.000000
vt 2.000000 109.090909 0.000000
vt -0.000000 120.000000 0.000000
vt 2.000000 120.000000 0.000000
vt -0.000000 0.000000 0.000000
vt 2.000000 0.000000 0.000000
vt -0.000000 10.909091 0.000000
vt 2.000000 10.909091 0.000000
vt -0.000000 21.818182 0.000000
vt 2.000000 21.818182 0.000000
vt -0.000000 32.727273 0.000000
vt 2.000000 32.727273 0.000000
vt -0.000000 43.636364 0.000000
vt 2.000000 43.636364 0.000000
vt -0.000000 54.545455 0.000000
vt 2.000000 54.545455 0.000000
vt -0.000000 65.454545 0.000000
vt 2.000000 65.454545 0.000000
vt -0.000000 76.363636 0.000000
vt 2.000000 76.363636 0.000000
vt -0.000000 87.272727 0.000000
vt 2.000000 87.272727 0.000000
vt -0.000000 98.181818 0.000000
vt 2.000000 98.181818 0.000000
vt -0.000000 109.090909 0.000000
vt 2.000000 109.090909 0.000000
vt 0.000000 120.000000 0.000000
vt 2.000000 120.000000 0.000000
vt 1.000000 1.000000 0.000000
vt -1.000000 1.000000 0.000000
vt 1.000000 -1.000000 0.000000
vt -1.000000 -1.000000 0.000000
vt -1.000000 -1.000000 0.000000
vt 1.000000 -1.000000 0.000000
vt -1.000000 1.000000 0.000000
vt 1.000000 1.000000 0.000000
vn -1.000000 0.000000 -0.000000
vn -1.000000 0.000000 -0.000000
vn -1.000000 0.000000 -0.000000
vn -1.000000 0.000000 -0.000000
vn -1.000000 0.000000 -0.000000
vn -1.000000 0.000000 -0.000000
vn -1.000000 0.000000 -0.000000
vn -1.000000 0.000000 -0.000000
vn -1.000000 0.000000 -0.000000
vn -1.000000 0.000000 -0.000000
vn -1.000000 0.000000 -0.000000
vn -1.000000 0.000000 -0.000000
vn -1.000000 0.000000 -0.000000
vn -1.000000 0.000000 -0.000000
vn -1.000000 0.000000 -0.000000
vn -1.000000 0.000000 -0.000000
vn -1.000000 0.000000 -0.000000
vn -1.000000 0.000000 -0.000000
vn -1.000000 0.000000 -0.000000
vn -1.000000 0.000000 -0.000000
vn -1.000000 0.000000 -0.000000
vn -1.000000 0.000000 -0.000000
vn -1.000000 0.000000 -0.000000
vn -1.000000 0.000000 -0.000000
vn 0.000000 0.000000 -1.000000
vn 0.000000 0.000000 -1.000000
vn 0.000000 0.000000 -1.000000
vn 0.000000 0.000000 -1.000000
vn 0.000000 0.000000 -1.000000
vn 0.000000 0.000000 -1.000000
vn 0.000000 0.000000 -1.000000
vn 0.000000 0.000000 -1.000000
vn 0.000000 0.000000 -1.000000
vn 0.000000 0.000000 -1.000000
vn 0.000000 0.000000 -1.000000
vn 0.000000 0.000000 -1.000000
vn 0.000000 0.000000 -1.000000
vn 0.000000 0.000000 -1.000000
vn 0.000000 0.000000 -1.000000
vn 0.000000 0.000000 -1.000000
vn 0.000000 0.000000 -1.000000
vn 0.000000 0.000000 -1.000000
vn 0.000000 0.000000 -1.000000
vn 0.000000 0.000000 -1.000000
vn 0.000000 0.000000 -1.000000
vn 0.000000 0.000000 -1.000000
vn 0.000000 0.000000 -1.000000
vn 0.000000 0.000000 -1.000000
vn 1.000000 0.000000 0.000000
vn 1.000000 0.000000 0.000000
vn 1.000000 0.000000 0.000000
vn 1.000000 0.000000 0.000000
vn 1.000000 0.000000 0.000000
vn 1.000000 0.000000 0.000000
vn 1.000000 0.000000 0.000000
vn 1.000000 0.000000 0.000000
vn 1.000000 0.000000 0.000000
vn 1.000000 0.000000 0.000000
vn 1.000000 0.000000 0.000000
vn 1.000000 0.000000 0.000000
vn 1.000000 0.000000 0.000000
vn 1.000000 0.000000 0.000000
vn 1.000000 0.000000 0.000000
vn 1.000000 0.000000 0.000000
vn 1.000000 0.000000 0.000000
vn 1.000000 0.000000 0.000000
vn 1.000000 0.000000 0.000000
vn 1.000000 0.000000 0.000000
vn 1.000000 0.000000 0.000000
vn 1.000000 0.000000 0.000000
vn 1.000000 0.000000 0.000000
vn 1.000000 0.000000 0.000000
vn 0.000000 -0.000000 1.000000
vn 0.000000 -0.000000 1.000000
vn 0.000000 -0.000000 1.000000
vn 0.000000 -0.000000 1.000000
vn 0.000000 -0.000000 1.000000
vn 0.000000 -0.000000 1.000000
vn 0.000000 -0.000000 1.000000
vn 0.000000 -0.000000 1.000000
vn 0.000000 -0.000000 1.000000
vn 0.000000 -0.000000 1.000000
vn 0.000000 -0.000000 1.000000
vn 0.000000 -0.000000 1.000000
vn 0.000000 -0.000000 1.000000
vn 0.000000 -0.000000 1.000000
vn 0.000000 -0.000000 1.000000
vn 0.000000 -0.000000 1.000000
vn 0.000000 -0.000000 1.000000
vn 0.000000 -0.000000 1.000000
vn 0.000000 -0.000000 1.000000
vn 0.000000 -0.000000 1.000000
vn 0.000000 -0.000000 1.000000
vn 0.000000 -0.000000 1.000000
vn 0.000000 -0.000000 1.000000
vn 0.000000 -0.000000 1.000000
vn 0.000000 1.000000 0.000000
vn 0.000000 1.000000 0.000000
vn 0.000000 1.000000 0.000000
vn 0.000000 1.000000 0.000000
vn -0.000000 -1.000000 -0.000000
vn -0.000000 -1.000000 -0.000000
vn -0.000000 -1.000000 -0.000000
vn -0.000000 -1.000000 -0.000000
f 801/1521/1521 802/1522/1522 824/1523/1523
f 824/1523/1523 802/1522/1522 803/1524/1524
f 824/1523/1523 803/1524/1524 823/1525/1525
f 823/1525/1525 803/1524/1524 804/1526/1526
f 823/1525/1525 804/1526/1526 822/1527/1527
f 822/1527/1527 804/1526/1526 805/1528/1528
f 822/1527/1527 805/1528/1528 821/1529/1529
f 821/1529/1529 805/1528/1528 806/1530/1530
f 821/1529/1529 806/1530/1530 820/1531/1531
f 820/1531/1531 806/1530/1530 807/1532/1532
f 820/1531/1531 807/1532/1532 819/1533/1533
f 819/1533/1533 807/1532/1532 808/1534/1534
f 819/1533/1533 808/1534/1534 818/1535/1535
f 818/1535/1535 808/1534/1534 809/1536/1536
f 818/1535/1535 809/1536/1536 817/1537/1537
f 817/1537/1537 809/1536/1536 810/1538/1538
f 817/1537/1537 810/1538/1538 816/1539/1539
f 816/1539/1539 810/1538/1538 811/1540/1540
f 816/1539/1539 811/1540/1540 815/1541/1541
f 815/1541/1541 811/1540/1540 812/1542/1542
f 815/1541/1541 812/1542/1542 814/1543/1543
f 814/1543/1543 812/1542/1542 813/1544/1544
f 825/1545/1545 801/1546/1546 836/1547/1547
f 836/1547/1547 801/1546/1546 824/1548/1548
f 836/1547/1547 824/1548/1548 835/1549/1549
f 835/1549/1549 824/1548/1548 823/1550/1550
f 835/1549/1549 823/1550/1550 834/1551/1551
f 834/1551/1551 823/1550/1550 822/1552/1552
f 834/1551/1551 822/1552/1552 833/1553/1553
f 833/1553/1553 822/1552/1552 821/1554/1554
f 833/1553/1553 821/1554/1554 832/1555/1555
f 832/1555/1555 821/1554/1554 820/1556/1556
f 832/1555/1555 820/1556/1556 831/1557/1557
f 831/1557/1557 820/1556/1556 819/1558/1558
f 831/1557/1557 819/1558/1558 830/1559/1559
f 830/1559/1559 819/1558/1558 818/1560/1560
f 830/1559/1559 818/1560/1560 829/1561/1561
f 829/1561/1561 818/1560/1560 817/1562/1562
f 829/1561/1561 817/1562/1562 828/1563/1563
f 828/1563/1563 817/1562/1562 816/1564/1564
f 828/1563/1563 816/1564/1564 827/1565/1565
f 827/1565/1565 816/1564/1564 815/1566/1566
f 827/1565/1565 815/1566/1566 826/1567/1567
f 826/1567/1567 815/1566/1566 814/1568/1568
f 837/1569/1569 825/1570/1570 848/1571/1571
f 848/1571/1571 825/1570/1570 836/1572/1572
f 848/1571/1571 836/1572/1572 847/1573/1573
f 847/1573/1573 836/1572/1572 835/1574/1574
f 847/1573/1573 835/1574/1574 846/1575/1575
f 846/1575/1575 835/1574/1574 834/1576/1576
f 846/1575/1575 834/1576/1576 845/1577/1577
f 845/1577/1577 834/1576/1576 833/1578/1578
f 845/1577/1577 833/1578/1578 844/1579/1579
f 844/1579/1579 833/1578/1578 832/1580/1580
f 844/1579/1579 832/1580/1580 843/1581/1581
f 843/1581/1581 832/1580/1580 831/1582/1582
f 843/1581/1581 831/1582/1582 842/1583/1583
f 842/1583/1583 831/1582/1582 830/1584/1584
f 842/1583/1583 830/1584/1584 841/1585/1585
f 841/1585/1585 830/1584/1584 829/1586/1586
f 841/1585/1585 829/1586/1586 840/1587/1587
f 840/1587/1587 829/1586/1586 828/1588/1588
f 840/1587/1587 828/1588/1588 839/1589/1589
f 839/1589/1589 828/1588/1588 827/1590/1590
f 839/1589/1589 827/1590/1590 838/1591/1591
f 838/1591/1591 827/1590/1590 826/1592/1592
f 802/1593/1593 837/1594/1594 803/1595/1595
f 803/1595/1595 837/1594/1594 848/1596/1596
f 803/1595/1595 848/1596/1596 804/1597/1597
f 804/1597/1597 848/1596/1596 847/1598/1598
f 804/1597/1597 847/1598/1598 805/1599/1599
f 805/1599/1599 847/1598/1598 846/1600/1600
f 805/1599/1599 846/1600/1600 806/1601/1601
f 806/1601/1601 846/1600/1600 845/1602/1602
f 806/1601/1601 845/1602/1602 807/1603/1603
f 807/1603/1603 845/1602/1602 844/1604/1604
f 807/1603/1603 844/1604/1604 808/1605/1605
f 808/1605/1605 844/1604/1604 843/1606/1606
f 808/1605/1605 843/1606/1606 809/1607/1607
f 809/1607/1607 843/1606/1606 842/1608/1608
f 809/1607/1607 842/1608/1608 810/1609/1609
f 810/1609/1609 842/1608/1608 841/1610/1610
f 810/1609/1609 841/1610/1610 811/1611/1611
f 811/1611/1611 841/1610/1610 840/1612/1612
f 811/1611/1611 840/1612/1612 812/1613/1613
f 812/1613/1613 840/1612/1612 839/1614/1614
f 812/1613/1613 839/1614/1614 813/1615/1615
f 813/1615/1615 839/1614/1614 838/1616/1616
f 838/1617/1617 826/1618/1618 813/1619/1619
f 813/1619/1619 826/1618/1618 814/1620/1620
f 837/1621/1621 802/1622/1622 825/1623/1623
f 825/1623/1623 802/1622/1622 801/1624/1624
g Body1:16

v 67.480000 0.040000 -49.682500
v 57.320000 0.040000 -49.682500
v 47.160000 0.040000 -49.682500
v 37.000000 0.040000 -49.682500
v 26.840000 0.040000 -49.682500
v 16.680000 0.040000 -49.682500
v 6.520000 0.040000 -49.682500
v 6.520000 0.040000 -50.000000
v 16.680000 0.040000 -50.000000
v 26.840000 0.040000 -50.000000
v 37.000000 0.040000 -50.000000
v 47.160000 0.040000 -50.000000
v 57.320000 0.040000 -50.000000
v 67.480000 0.040000 -50.000000
v 67.480000 121.960000 -49.682500
v 67.480000 110.876364 -49.682500
v 67.480000 99.792727 -49.682500
v 67.480000 88.709091 -49.682500
v 67.480000 77.625455 -49.682500
v 67.480000 66.541818 -49.682500
v 67.480000 55.458182 -49.682500
v 67.480000 44.374545 -49.682500
v 67.480000 33.290909 -49.682500
v 67.480000 22.207273 -49.682500
v 67.480000 11.123636 -49.682500
v 67.480000 11.123636 -50.000000
v 67.480000 22.207273 -50.000000
v 67.480000 33.290909 -50.000000
v 67.480000 44.374545 -50.000000
v 67.480000 55.458182 -50.000000
v 67.480000 66.541818 -50.000000
v 67.480000 77.625455 -50.000000
v 67.480000 88.709091 -50.000000
v 67.480000 99.792727 -50.000000
v 67.480000 110.876364 -50.000000
v 67.480000 121.960000 -50.000000
v 6.520000 121.960000 -49.682500
v 16.680000 121.960000 -49.682500
v 26.840000 121.960000 -49.682500
v 37.000000 121.960000 -49.682500
v 47.160000 121.960000 -49.682500
v 57.320000 121.960000 -49.682500
v 57.320000 121.960000 -50.000000
v 47.160000 121.960000 -50.000000
v 37.000000 121.960000 -50.000000
v 26.840000 121.960000 -50.000000
v 16.680000 121.960000 -50.000000
v 6.520000 121.960000 -50.000000
v 6.520000 11.123636 -49.682500
v 6.520000 22.207273 -49.682500
v 6.520000 33.290909 -49.682500
v 6.520000 44.374545 -49.682500
v 6.520000 55.458182 -49.682500
v 6.520000 66.541818 -49.682500
v 6.520000 77.625455 -49.682500
v 6.520000 88.709091 -49.682500
v 6.520000 99.792727 -49.682500
v 6.520000 110.876364 -49.682500
v 6.520000 110.876364 -50.000000
v 6.520000 99.792727 -50.000000
v 6.520000 88.709091 -50.000000
v 6.520000 77.625455 -50.000000
v 6.520000 66.541818 -50.000000
v 6.520000 55.458182 -50.000000
v 6.520000 44.374545 -50.000000
v 6.520000 33.290909 -50.000000
v 6.520000 22.207273 -50.000000
v 6.520000 11.123636 -50.000000
v 16.680000 110.876364 -50.000000
v 16.680000 99.792727 -50.000000
v 16.680000 88.709091 -50.000000
v 16.680000 77.625455 -50.000000
v 16.680000 66.541818 -50.000000
v 16.680000 55.458182 -50.000000
v 16.680000 44.374545 -50.000000
v 16.680000 33.290909 -50.000000
v 16.680000 22.207273 -50.000000
v 16.680000 11.123636 -50.000000
v 26.840000 110.876364 -50.000000
v 26.840000 99.792727 -50.000000
v 26.840000 88.709091 -50.000000
v 26.840000 77.625455 -50.000000
v 26.840000 66.541818 -50.000000
v 26.840000 55.458182 -50.000000
v 26.840000 44.374545 -50.000000
v 26.840000 33.290909 -50.000000
v 26.840000 22.207273 -50.000000
v 26.840000 11.123636 -50.000000
v 37.000000 110.876364 -50.000000
v 37.000000 99.792727 -50.000000
v 37.000000 88.709091 -50.000000
v 37.000000 77.625455 -50.000000
v 37.000000 66.541818 -50.000000
v 37.000000 55.458182 -50.000000
v 37.000000 44.374545 -50.000000
v 37.000000 33.290909 -50.000000
v 37.000000 22.207273 -50.000000
v 37.000000 11.123636 -50.000000
v 47.160000 110.876364 -50.000000
v 47.160000 99.792727 -50.000000
v 47.160000 88.709091 -50.000000
v 47.160000 77.625455 -50.000000
v 47.160000 66.541818 -50.000000
v 47.160000 55.458182 -50.000000
v 47.160000 44.374545 -50.000000
v 47.160000 33.290909 -50.000000
v 47.160000 22.207273 -50.000000
v 47.160000 11.123636 -50.000000
v 57.320000 110.876364 -50.000000
v 57.320000 99.792727 -50.000000
v 57.320000 88.709091 -50.000000
v 57.320000 77.625455 -50.000000
v 57.320000 66.541818 -50.000000
v 57.320000 55.458182 -50.000000
v 57.320000 44.374545 -50.000000
v 57.320000 33.290909 -50.000000
v 57.320000 22.207273 -50.000000
v 57.320000 11.123636 -50.000000
v 16.680000 110.876364 -49.682500
v 26.840000 110.876364 -49.682500
v 37.000000 110.876364 -49.682500
v 47.160000 110.876364 -49.682500
v 57.320000 110.876364 -49.682500
v 16.680000 99.792727 -49.682500
v 26.840000 99.792727 -49.682500
v 37.000000 99.792727 -49.682500
v 47.160000 99.792727 -49.682500
v 57.320000 99.792727 -49.682500
v 16.680000 88.709091 -49.682500
v 26.840000 88.709091 -49.682500
v 37.000000 88.709091 -49.682500
v 47.160000 88.709091 -49.682500
v 57.320000 88.709091 -49.682500
v 16.680000 77.625455 -49.682500
v 26.840000 77.625455 -49.682500
v 37.000000 77.625455 -49.682500
v 47.160000 77.625455 -49.682500
v 57.320000 77.625455 -49.682500
v 16.680000 66.541818 -49.682500
v 26.840000 66.541818 -49.682500
v 37.000000 66.541818 -49.682500
v 47.160000 66.541818 -49.682500
v 57.320000 66.541818 -49.682500
v 16.680000 55.458182 -49.682500
v 26.840000 55.458182 -49.682500
v 37.000000 55.458182 -49.682500
v 47.160000 55.458182 -49.682500
v 57.320000 55.458182 -49.682500
v 16.680000 44.374545 -49.682500
v 26.840000 44.374545 -49.682500
v 37.000000 44.374545 -49.682500
v 47.160000 44.374545 -49.682500
v 57.320000 44.374545 -49.682500
v 16.680000 33.290909 -49.682500
v 26.840000 33.290909 -49.682500
v 37.000000 33.290909 -49.682500
v 47.160000 33.290909 -49.682500
v 57.320000 33.290909 -49.682500
v 16.680000 22.207273 -49.682500
v 26.840000 22.207273 -49.682500
v 37.000000 22.207273 -49.682500
v 47.160000 22.207273 -49.682500
v 57.320000 22.207273 -49.682500
v 16.680000 11.123636 -49.682500
v 26.840000 11.123636 -49.682500
v 37.000000 11.123636 -49.682500
v 47.160000 11.123636 -49.682500
v 57.320000 11.123636 -49.682500
vt 0.000000 0.000000 0.000000
vt 10.160000 0.000000 0.000000
vt 0.000000 0.317500 0.000000
vt 10.160000 0.317500 0.000000
vt 20.320000 0.000000 0.000000
vt 20.320000 0.317500 0.000000
vt 30.480000 0.000000 0.000000
vt 30.480000 0.317500 0.000000
vt 40.640000 0.000000 0.000000
vt 40.640000 0.317500 0.000000
vt 50.800000 0.000000 0.000000
vt 50.800000 0.317500 0.000000
vt 60.960000 0.000000 0.000000
vt 60.960000 0.317500 0.000000
vt 0.000000 0.000000 0.000000
vt 11.083636 0.000000 0.000000
vt 0.000000 0.317500 0.000000
vt 11.083636 0.317500 0.000000
vt 22.167273 0.000000 0.000000
vt 22.167273 0.317500 0.000000
vt 33.250909 0.000000 0.000000
vt 33.250909 0.317500 0.000000
vt 44.334545 0.000000 0.000000
vt 44.334545 0.317500 0.000000
vt 55.418182 0.000000 0.000000
vt 55.418182 0.317500 0.000000
vt 66.501818 0.000000 0.000000
vt 66.501818 0.317500 0.000000
vt 77.585455 0.000000 0.000000
vt 77.585455 0.317500 0.000000
vt 88.669091 0.000000 0.000000
vt 88.669091 0.317500 0.000000
vt 99.752727 0.000000 0.000000
vt 99.752727 0.317500 0.000000
vt 110.836364 0.000000 0.000000
vt 110.836364 0.317500 0.000000
vt 121.920000 0.000000 0.000000
vt 121.920000 0.317500 0.000000
vt 0.000000 0.000000 0.000000
vt 10.160000 0.000000 0.000000
vt 0.000000 0.317500 0.000000
vt 10.160000 0.317500 0.000000
vt 20.320000 0.000000 0.000000
vt 20.320000 0.317500 0.000000
vt 30.480000 0.000000 0.000000
vt 30.480000 0.317500 0.000000
vt 40.640000 0.000000 0.000000
vt 40.640000 0.317500 0.000000
vt 50.800000 0.000000 0.000000
vt 50.800000 0.317500 0.000000
vt 60.960000 0.000000 0.000000
vt 60.960000 0.317500 0.000000
vt 0.000000 0.000000 0.000000
vt 11.083636 0.000000 0.000000
vt 0.000000 0.317500 0.000000
vt 11.083636 0.317500 0.000000
vt 22.167273 0.000000 0.000000
vt 22.167273 0.317500 0.000000
vt 33.250909 0.000000 0.000000
vt 33.250909 0.317500 0.000000
vt 44.334545 0.000000 0.000000
vt 44.334545 0.317500 0.000000
vt 55.418182 0.000000 0.000000
vt 55.418182 0.317500 0.000000
vt 66.501818 0.000000 0.000000
vt 66.501818 0.317500 0.000000
vt 77.585455 0.000000 0.000000
vt 77.585455 0.317500 0.000000
vt 88.669091 0.000000 0.000000
vt 88.669091 0.317500 0.000000
vt 99.752727 0.000000 0.000000
vt 99.752727 0.317500 0.000000
vt 110.836364 0.000000 0.000000
vt 110.836364 0.317500 0.000000
vt 121.920000 0.000000 0.000000
vt 121.920000 0.317500 0.000000
vt -60.960000 -30.480000 0.000000
vt -49.876364 -30.480000 0.000000
vt -60.960000 -20.320000 0.000000
vt -49.876364 -20.320000 0.000000
vt -60.960000 -10.160000 0.000000
vt -49.876364 -10.160000 0.000000
vt -60.960000 0.000000 0.000000
vt -49.876364 0.000000 0.000000
vt -60.960000 10.160000 0.000000
vt -49.876364 10.160000 0.000000
vt -60.960000 20.320000 0.000000
vt -49.876364 20.320000 0.000000
vt -60.960000 30.480000 0.000000
vt -49.876364 30.480000 0.000000
vt -38.792727 20.320000 0.000000
vt -38.792727 30.480000 0.000000
vt -27.709091 20.320000 0.000000
vt -27.709091 30.480000 0.000000
vt -16.625455 20.320000 0.000000
vt -16.625455 30.480000 0.000000
vt -5.541818 20.320000 0.000000
vt -5.541818 30.480000 0.000000
vt 5.541818 20.320000 0.000000
vt 5.541818 30.480000 0.000000
vt 16.625455 20.320000 0.000000
vt 16.625455 30.480000 0.000000
vt 27.709091 20.320000 0.000000
vt 27.709091 30.480000 0.000000
vt 38.792727 20.320000 0.000000
vt 38.792727 30.480000 0.000000
vt 49.876364 20.320000 0.000000
vt 49.876364 30.480000 0.000000
vt 60.960000 20.320000 0.000000
vt 60.960000 30.480000 0.000000
vt -38.792727 -30.480000 0.000000
vt -38.792727 -20.320000 0.000000
vt -38.792727 -10.160000 0.000000
vt -38.792727 0.000000 0.000000
vt -38.792727 10.160000 0.000000
vt -27.709091 -30.480000 0.000000
vt -27.709091 -20.320000 0.000000
vt -27.709091 -10.160000 0.000000
vt -27.709091 0.000000 0.000000
vt -27.709091 10.160000 0.000000
vt -16.625455 -30.480000 0.000000
vt -16.625455 -20.320000 0.000000
vt -16.625455 -10.160000 0.000000
vt -16.625455 0.000000 0.000000
vt -16.625455 10.160000 0.000000
vt -5.541818 -30.480000 0.000000
vt -5.541818 -20.320000 0.000000
vt -5.541818 -10.160000 0.000000
vt -5.541818 0.000000 0.000000
vt -5.541818 10.160000 0.000000
vt 5.541818 -30.480000 0.000000
vt 5.541818 -20.320000 0.000000
vt 5.541818 -10.160000 0.000000
vt 5.541818 0.000000 0.000000
vt 5.541818 10.160000 0.000000
vt 16.625455 -30.480000 0.000000
vt 16.625455 -20.320000 0.000000
vt 16.625455 -10.160000 0.000000
vt 16.625455 0.000000 0.000000
vt 16.625455 10.160000 0.000000
vt 27.709091 -30.480000 0.000000
vt 27.709091 -20.320000 0.000000
vt 27.709091 -10.160000 0.000000
vt 27.709091 0.000000 0.000000
vt 27.709091 10.160000 0.000000
vt 38.792727 -30.480000 0.000000
vt 38.792727 -20.320000 0.000000
vt 38.792727 -10.160000 0.000000
vt 38.792727 0.000000 0.000000
vt 38.792727 10.160000 0.000000
vt 49.876364 -30.480000 0.000000
vt 49.876364 -20.320000 0.000000
vt 49.876364 -10.160000 0.000000
vt 49.876364 0.000000 0.000000
vt 49.876364 10.160000 0.000000
vt 60.960000 -30.480000 0.000000
vt 60.960000 -20.320000 0.000000
vt 60.960000 -10.160000 0.000000
vt 60.960000 0.000000 0.000000
vt 60.960000 10.160000 0.000000
vt 20.320000 -60.960000 0.000000
vt 30.480000 -60.960000 0.000000
vt 20.320000 -49.876364 0.000000
vt 30.480000 -49.876364 0.000000
vt 20.320000 -38.792727 0.000000
vt 30.480000 -38.792727 0.000000
vt 20.320000 -27.709091 0.000000
vt 30.480000 -27.709091 0.000000
vt 20.320000 -16.625455 0.000000
vt 30.480000 -16.625455 0.000000
vt 20.320000 -5.541818 0.000000
vt 30.480000 -5.541818 0.000000
vt 20.320000 5.541818 0.000000
vt 30.480000 5.541818 0.000000
vt 20.320000 16.625455 0.000000
vt 30.480000 16.625455 0.000000
vt 20.320000 27.709091 0.000000
vt 30.480000 27.709091 0.000000
vt 20.320000 38.792727 0.000000
vt 30.480000 38.792727 0.000000
vt 20.320000 49.876364 0.000000
vt 30.480000 49.876364 0.000000
vt 20.320000 60.960000 0.000000
vt 30.480000 60.960000 0.000000
vt 10.160000 60.960000 0.000000
vt 10.160000 49.876364 0.000000
vt 10.160000 38.792727 0.000000
vt 10.160000 27.709091 0.000000
vt 10.160000 16.625455 0.000000
vt 10.160000 5.541818 0.000000
vt 10.160000 -5.541818 0.000000
vt 10.160000 -16.625455 0.000000
vt 10.160000 -27.709091 0.000000
vt 10.160000 -38.792727 0.000000
vt 10.160000 -49.876364 0.000000
vt 10.160000 -60.960000 0.000000
vt 0.000000 -49.876364 0.000000
vt -0.000000 -60.960000 0.000000
vt -10.160000 -49.876364 0.000000
vt -10.160000 -60.960000 0.000000
vt -20.320000 -49.876364 0.000000
vt -20.320000 -60.960000 0.000000
vt -30.480000 -49.876364 0.000000
vt -30.480000 -60.960000 0.000000
vt -0.000000 60.960000 0.000000
vt 0.000000 49.876364 0.000000
vt 0.000000 38.792727 0.000000
vt 0.000000 27.709091 0.000000
vt 0.000000 16.625455 0.000000
vt 0.000000 5.541818 0.000000
vt 0.000000 -5.541818 0.000000
vt 0.000000 -16.625455 0.000000
vt 0.000000 -27.709091 0.000000
vt 0.000000 -38.792727 0.000000
vt -10.160000 60.960000 0.000000
vt -10.160000 49.876364 0.000000
vt -10.160000 38.792727 0.000000
vt -10.160000 27.709091 0.000000
vt -10.160000 16.625455 0.000000
vt -10.160000 5.541818 0.000000
vt -10.160000 -5.541818 0.000000
vt -10.160000 -16.625455 0.000000
vt -10.160000 -27.709091 0.000000
vt -10.160000 -38.792727 0.000000
vt -20.320000 60.960000 0.000000
vt -20.320000 49.876364 0.000000
vt -20.320000 38.792727 0.000000
vt -20.320000 27.709091 0.000000
vt -20.320000 16.625455 0.000000
vt -20.320000 5.541818 0.000000
vt -20.320000 -5.541818 0.000000
vt -20.320000 -16.625455 0.000000
vt -20.320000 -27.709091 0.000000
vt -20.320000 -38.792727 0.000000
vt -30.480000 60.960000 0.000000
vt -30.480000 49.876364 0.000000
vt -30.480000 38.792727 0.000000
vt -30.480000 27.709091 0.000000
vt -30.480000 16.625455 0.000000
vt -30.480000 5.541818 0.000000
vt -30.480000 -5.541818 0.000000
vt -30.480000 -16.625455 0.000000
vt -30.480000 -27.709091 0.000000
vt -30.480000 -38.792727 0.000000
vn 0.000000 -1.000000 0.000000
vn 0.000000 -1.000000 0.000000
vn 0.000000 -1.000000 0.000000
vn 0.000000 -1.000000 0.000000
vn 0.000000 -1.000000 0.000000
vn 0.000000 -1.000000 0.000000
vn 0.000000 -1.000000 0.000000
vn 0.000000 -1.000000 0.000000
vn 0.000000 -1.000000 0.000000
vn 0.000000 -1.000000 0.000000
vn 0.000000 -1.000000 0.000000
vn 0.000000 -1.000000 0.000000
vn 0.000000 -1.000000 0.000000
vn 0.000000 -1.000000 0.000000
vn 1.000000 0.000000 0.000000
vn 1.000000 0.000000 0.000000
vn 1.000000 0.000000 0.000000
vn 1.000000 0.000000 0.000000
vn 1.000000 0.000000 0.000000
vn 1.000000 0.000000 0.000000
vn 1.000000 0.000000 0.000000
vn 1.000000 0.000000 0.000000
vn 1.000000 0.000000 0.000000
vn 1.000000 0.000000 0.000000
vn 1.000000 0.000000 0.000000
vn 1.000000 0.000000 0.000000
vn 1.000000 0.000000 0.000000
vn 1.000000 0.000000 0.000000
vn 1.000000 0.000000 0.000000
vn 1.000000 0.000000 0.000000
vn 1.000000 0.000000 0.000000
vn 1.000000 0.000000 0.000000
vn 1.000000 0.000000 0.000000
vn 1.000000 0.000000 0.000000
vn 1.000000 0.000000 0.000000
vn 1.000000 0.000000 0.000000
vn 1.000000 0.000000 0.000000
vn 1.000000 0.000000 0.000000
vn -0.000000 1.000000 -0.000000
vn -0.000000 1.000000 -0.000000
vn -0.000000 1.000000 -0.000000
vn -0.000000 1.000000 -0.000000
vn -0.000000 1.000000 -0.000000
vn -0.000000 1.000000 -0.000000
vn -0.000000 1.000000 -0.000000
vn -0.000000 1.000000 -0.000000
vn -0.000000 1.000000 -0.000000
vn -0.000000 1.000000 -0.000000
vn -0.000000 1.000000 -0.000000
vn -0.000000 1.000000 -0.000000
vn -0.000000 1.000000 -0.000000
vn -0.000000 1.000000 -0.000000
vn -1.000000 -0.000000 -0.000000
vn -1.000000 -0.000000 -0.000000
vn -1.000000 -0.000000 -0.000000
vn -1.000000 -0.000000 -0.000000
vn -1.000000 -0.000000 -0.000000
vn -1.000000 -0.000000 -0.000000
vn -1.000000 -0.000000 -0.000000
vn -1.000000 -0.000000 -0.000000
vn -1.000000 -0.000000 -0.000000
vn -1.000000 -0.000000 -0.000000
vn -1.000000 -0.000000 -0.000000
vn -1.000000 -0.000000 -0.000000
vn -1.000000 -0.000000 -0.000000
vn -1.000000 -0.000000 -0.000000
vn -1.000000 -0.000000 -0.000000
vn -1.000000 -0.000000 -0.000000
vn -1.000000 -0.000000 -0.000000
vn -1.000000 -0.000000 -0.000000
vn -1.000000 -0.000000 -0.000000
vn -1.000000 -0.000000 -0.000000
vn -1.000000 -0.000000 -0.000000
vn -1.000000 -0.000000 -0.000000
vn -1.000000 -0.000000 -0.000000
vn -1.000000 -0.000000 -0.000000
vn 0.000000 -0.000000 -1.000000
vn 0.000000 -0.000000 -1.000000
vn 0.000000 -0.000000 -1.000000
vn 0.000000 -0.000000 -1.000000
vn 0.000000 -0.000000 -1.000000
vn 0.000000 -0.000000 -1.000000
vn 0.000000 -0.000000 -1.000000
vn 0.000000 -0.000000 -1.000000
vn 0.000000 -0.000000 -1.000000
vn 0.000000 -0.000000 -1.000000
vn 0.000000 -0.000000 -1.000000
vn 0.000000 -0.000000 -1.000000
vn 0.000000 -0.000000 -1.000000
vn 0.000000 -0.000000 -1.000000
vn 0.000000 -0.000000 -1.000000
vn 0.000000 -0.000000 -1.000000
vn 0.000000 -0.000000 -1.000000
vn 0.000000 -0.000000 -1.000000
vn 0.000000 -0.000000 -1.000000
vn 0.000000 -0.000000 -1.000000
vn 0.000000 -0.000000 -1.000000
vn 0.000000 -0.000000 -1.000000
vn 0.000000 -0.000000 -1.000000
vn 0.000000 -0.000000 -1.000000
vn 0.000000 -0.000000 -1.000000
vn 0.000000 -0.000000 -1.000000
vn 0.000000 -0.000000 -1.000000
vn 0.000000 -0.000000 -1.000000
vn 0.000000 -0.000000 -1.000000
vn 0.000000 -0.000000 -1.000000
vn 0.000000 -0.000000 -1.000000
vn 0.000000 -0.000000 -1.000000
vn 0.000000 -0.000000 -1.000000
vn 0.000000 -0.000000 -1.000000
vn 0.000000 -0.000000 -1.000000
vn 0.000000 -0.000000 -1.000000
vn 0.000000 -0.000000 -1.000000
vn 0.000000 -0.000000 -1.000000
vn 0.000000 -0.000000 -1.000000
vn 0.000000 -0.000000 -1.000000
vn 0.000000 -0.000000 -1.000000
vn 0.000000 -0.000000 -1.000000
vn 0.000000 -0.000000 -1.000000
vn 0.000000 -0.000000 -1.000000
vn 0.000000 -0.000000 -1.000000
vn 0.000000 -0.000000 -1.000000
vn 0.000000 -0.000000 -1.000000
vn 0.000000 -0.000000 -1.000000
vn 0.000000 -0.000000 -1.000000
vn 0.000000 -0.000000 -1.000000
vn 0.000000 -0.000000 -1.000000
vn 0.000000 -0.000000 -1.000000
vn 0.000000 -0.000000 -1.000000
vn 0.000000 -0.000000 -1.000000
vn 0.000000 -0.000000 -1.000000
vn 0.000000 -0.000000 -1.000000
vn 0.000000 -0.000000 -1.000000
vn 0.000000 -0.000000 -1.000000
vn 0.000000 -0.000000 -1.000000
vn 0.000000 -0.000000 -1.000000
vn 0.000000 -0.000000 -1.000000
vn 0.000000 -0.000000 -1.000000
vn 0.000000 -0.000000 -1.000000
vn 0.000000 -0.000000 -1.000000
vn 0.000000 -0.000000 -1.000000
vn 0.000000 -0.000000 -1.000000
vn 0.000000 -0.000000 -1.000000
vn 0.000000 -0.000000 -1.000000
vn 0.000000 -0.000000 -1.000000
vn 0.000000 -0.000000 -1.000000
vn 0.000000 -0.000000 -1.000000
vn 0.000000 -0.000000 -1.000000
vn 0.000000 -0.000000 -1.000000
vn 0.000000 -0.000000 -1.000000
vn 0.000000 -0.000000 -1.000000
vn 0.000000 -0.000000 -1.000000
vn 0.000000 -0.000000 -1.000000
vn 0.000000 -0.000000 -1.000000
vn 0.000000 -0.000000 -1.000000
vn 0.000000 -0.000000 -1.000000
vn 0.000000 -0.000000 -1.000000
vn 0.000000 -0.000000 -1.000000
vn 0.000000 -0.000000 -1.000000
vn 0.000000 -0.000000 -1.000000
vn -0.000000 0.000000 1.000000
vn -0.000000 0.000000 1.000000
vn -0.000000 0.000000 1.000000
vn -0.000000 0.000000 1.000000
vn -0.000000 0.000000 1.000000
vn -0.000000 0.000000 1.000000
vn -0.000000 0.000000 1.000000
vn -0.000000 0.000000 1.000000
vn -0.000000 0.000000 1.000000
vn -0.000000 0.000000 1.000000
vn -0.000000 0.000000 1.000000
vn -0.000000 0.000000 1.000000
vn -0.000000 0.000000 1.000000
vn -0.000000 0.000000 1.000000
vn -0.000000 0.000000 1.000000
vn -0.000000 0.000000 1.000000
vn -0.000000 0.000000 1.000000
vn -0.000000 0.000000 1.000000
vn -0.000000 0.000000 1.000000
vn -0.000000 0.000000 1.000000
vn -0.000000 0.000000 1.000000
vn -0.000000 0.000000 1.000000
vn -0.000000 0.000000 1.000000
vn -0.000000 0.000000 1.000000
vn -0.000000 0.000000 1.000000
vn -0.000000 0.000000 1.000000
vn -0.000000 0.000000 1.000000
vn -0.000000 0.000000 1.000000
vn -0.000000 0.000000 1.000000
vn -0.000000 0.000000 1.000000
vn -0.000000 0.000000 1.000000
vn -0.000000 0.000000 1.000000
vn -0.000000 0.000000 1.000000
vn -0.000000 0.000000 1.000000
vn -0.000000 0.000000 1.000000
vn -0.000000 0.000000 1.000000
vn -0.000000 0.000000 1.000000
vn -0.000000 0.000000 1.000000
vn -0.000000 0.000000 1.000000
vn -0.000000 0.000000 1.000000
vn -0.000000 0.000000 1.000000
vn -0.000000 0.000000 1.000000
vn -0.000000 0.000000 1.000000
vn -0.000000 0.000000 1.000000
vn -0.000000 0.000000 1.000000
vn -0.000000 0.000000 1.000000
vn -0.000000 0.000000 1.000000
vn -0.000000 0.000000 1.000000
vn -0.000000 0.000000 1.000000
vn -0.000000 0.000000 1.000000
vn -0.000000 0.000000 1.000000
vn -0.000000 0.000000 1.000000
vn -0.000000 0.000000 1.000000
vn -0.000000 0.000000 1.000000
vn -0.000000 0.000000 1.000000
vn -0.000000 0.000000 1.000000
vn -0.000000 0.000000 1.000000
vn -0.000000 0.000000 1.000000
vn -0.000000 0.000000 1.000000
vn -0.000000 0.000000 1.000000
vn -0.000000 0.000000 1.000000
vn -0.000000 0.000000 1.000000
vn -0.000000 0.000000 1.000000
vn -0.000000 0.000000 1.000000
vn -0.000000 0.000000 1.000000
vn -0.000000 0.000000 1.000000
vn -0.000000 0.000000 1.000000
vn -0.000000 0.000000 1.000000
vn -0.000000 0.000000 1.000000
vn -0.000000 0.000000 1.000000
vn -0.000000 0.000000 1.000000
vn -0.000000 0.000000 1.000000
vn -0.000000 0.000000 1.000000
vn -0.000000 0.000000 1.000000
vn -0.000000 0.000000 1.000000
vn -0.000000 0.000000 1.000000
vn -0.000000 0.000000 1.000000
vn -0.000000 0.000000 1.000000
vn -0.000000 0.000000 1.000000
vn -0.000000 0.000000 1.000000
vn -0.000000 0.000000 1.000000
vn -0.000000 0.000000 1.000000
vn -0.000000 0.000000 1.000000
vn -0.000000 0.000000 1.000000
f 849/1625/1625 850/1626/1626 862/1627/1627
f 862/1627/1627 850/1626/1626 861/1628/1628
f 861/1628/1628 850/1626/1626 851/1629/1629
f 861/1628/1628 851/1629/1629 860/1630/1630
f 860/1630/1630 851/1629/1629 852/1631/1631
f 860/1630/1630 852/1631/1631 859/1632/1632
f 859/1632/1632 852/1631/1631 853/1633/1633
f 859/1632/1632 853/1633/1633 858/1634/1634
f 858/1634/1634 853/1633/1633 854/1635/1635
f 858/1634/1634 854/1635/1635 857/1636/1636
f 857/1636/1636 854/1635/1635 855/1637/1637
f 857/1636/1636 855/1637/1637 856/1638/1638
f 863/1639/1639 864/1640/1640 884/1641/1641
f 884/1641/1641 864/1640/1640 883/1642/1642
f 883/1642/1642 864/1640/1640 865/1643/1643
f 883/1642/1642 865/1643/1643 882/1644/1644
f 882/1644/1644 865/1643/1643 866/1645/1645
f 882/1644/1644 866/1645/1645 881/1646/1646
f 881/1646/1646 866/1645/1645 867/1647/1647
f 881/1646/1646 867/1647/1647 880/1648/1648
f 880/1648/1648 867/1647/1647 868/1649/1649
f 880/1648/1648 868/1649/1649 879/1650/1650
f 879/1650/1650 868/1649/1649 869/1651/1651
f 879/1650/1650 869/1651/1651 878/1652/1652
f 878/1652/1652 869/1651/1651 870/1653/1653
f 878/1652/1652 870/1653/1653 877/1654/1654
f 877/1654/1654 870/1653/1653 871/1655/1655
f 877/1654/1654 871/1655/1655 876/1656/1656
f 876/1656/1656 871/1655/1655 872/1657/1657
f 876/1656/1656 872/1657/1657 875/1658/1658
f 875/1658/1658 872/1657/1657 873/1659/1659
f 875/1658/1658 873/1659/1659 874/1660/1660
f 874/1660/1660 873/1659/1659 849/1661/1661
f 874/1660/1660 849/1661/1661 862/1662/1662
f 885/1663/1663 886/1664/1664 896/1665/1665
f 896/1665/1665 886/1664/1664 895/1666/1666
f 895/1666/1666 886/1664/1664 887/1667/1667
f 895/1666/1666 887/1667/1667 894/1668/1668
f 894/1668/1668 887/1667/1667 888/1669/1669
f 894/1668/1668 888/1669/1669 893/1670/1670
f 893/1670/1670 888/1669/1669 889/1671/1671
f 893/1670/1670 889/1671/1671 892/1672/1672
f 892/1672/1672 889/1671/1671 890/1673/1673
f 892/1672/1672 890/1673/1673 891/1674/1674
f 891/1674/1674 890/1673/1673 863/1675/1675
f 891/1674/1674 863/1675/1675 884/1676/1676
f 855/1677/1677 897/1678/1678 856/1679/1679
f 856/1679/1679 897/1678/1678 916/1680/1680
f 916/1680/1680 897/1678/1678 898/1681/1681
f 916/1680/1680 898/1681/1681 915/1682/1682
f 915/1682/1682 898/1681/1681 899/1683/1683
f 915/1682/1682 899/1683/1683 914/1684/1684
f 914/1684/1684 899/1683/1683 900/1685/1685
f 914/1684/1684 900/1685/1685 913/1686/1686
f 913/1686/1686 900/1685/1685 901/1687/1687
f 913/1686/1686 901/1687/1687 912/1688/1688
f 912/1688/1688 901/1687/1687 902/1689/1689
f 912/1688/1688 902/1689/1689 911/1690/1690
f 911/1690/1690 902/1689/1689 903/1691/1691
f 911/1690/1690 903/1691/1691 910/1692/1692
f 910/1692/1692 903/1691/1691 904/1693/1693
f 910/1692/1692 904/1693/1693 909/1694/1694
f 909/1694/1694 904/1693/1693 905/1695/1695
f 909/1694/1694 905/1695/1695 908/1696/1696
f 908/1696/1696 905/1695/1695 906/1697/1697
f 908/1696/1696 906/1697/1697 907/1698/1698
f 907/1698/1698 906/1697/1697 885/1699/1699
f 907/1698/1698 885/1699/1699 896/1700/1700
f 856/1701/1701 916/1702/1702 857/1703/1703
f 857/1703/1703 916/1702/1702 926/1704/1704
f 857/1703/1703 926/1704/1704 858/1705/1705
f 858/1705/1705 926/1704/1704 936/1706/1706
f 858/1705/1705 936/1706/1706 859/1707/1707
f 859/1707/1707 936/1706/1706 946/1708/1708
f 859/1707/1707 946/1708/1708 860/1709/1709
f 860/1709/1709 946/1708/1708 956/1710/1710
f 860/1709/1709 956/1710/1710 861/1711/1711
f 861/1711/1711 956/1710/1710 966/1712/1712
f 861/1711/1711 966/1712/1712 862/1713/1713
f 862/1713/1713 966/1712/1712 874/1714/1714
f 874/1714/1714 966/1712/1712 965/1715/1715
f 874/1714/1714 965/1715/1715 875/1716/1716
f 875/1716/1716 965/1715/1715 964/1717/1717
f 875/1716/1716 964/1717/1717 876/1718/1718
f 876/1718/1718 964/1717/1717 963/1719/1719
f 876/1718/1718 963/1719/1719 877/1720/1720
f 877/1720/1720 963/1719/1719 962/1721/1721
f 877/1720/1720 962/1721/1721 878/1722/1722
f 878/1722/1722 962/1721/1721 961/1723/1723
f 878/1722/1722 961/1723/1723 879/1724/1724
f 879/1724/1724 961/1723/1723 960/1725/1725
f 879/1724/1724 960/1725/1725 880/1726/1726
f 880/1726/1726 960/1725/1725 959/1727/1727
f 880/1726/1726 959/1727/1727 881/1728/1728
f 881/1728/1728 959/1727/1727 958/1729/1729
f 881/1728/1728 958/1729/1729 882/1730/1730
f 882/1730/1730 958/1729/1729 957/1731/1731
f 882/1730/1730 957/1731/1731 883/1732/1732
f 883/1732/1732 957/1731/1731 891/1733/1733
f 883/1732/1732 891/1733/1733 884/1734/1734
f 916/1702/1702 915/1735/1735 926/1704/1704
f 926/1704/1704 915/1735/1735 925/1736/1736
f 926/1704/1704 925/1736/1736 936/1706/1706
f 936/1706/1706 925/1736/1736 935/1737/1737
f 936/1706/1706 935/1737/1737 946/1708/1708
f 946/1708/1708 935/1737/1737 945/1738/1738
f 946/1708/1708 945/1738/1738 956/1710/1710
f 956/1710/1710 945/1738/1738 955/1739/1739
f 956/1710/1710 955/1739/1739 966/1712/1712
f 966/1712/1712 955/1739/1739 965/1715/1715
f 915/1735/1735 914/1740/1740 925/1736/1736
f 925/1736/1736 914/1740/1740 924/1741/1741
f 925/1736/1736 924/1741/1741 935/1737/1737
f 935/1737/1737 924/1741/1741 934/1742/1742
f 935/1737/1737 934/1742/1742 945/1738/1738
f 945/1738/1738 934/1742/1742 944/1743/1743
f 945/1738/1738 944/1743/1743 955/1739/1739
f 955/1739/1739 944/1743/1743 954/1744/1744
f 955/1739/1739 954/1744/1744 965/1715/1715
f 965/1715/1715 954/1744/1744 964/1717/1717
f 914/1740/1740 913/1745/1745 924/1741/1741
f 924/1741/1741 913/1745/1745 923/1746/1746
f 924/1741/1741 923/1746/1746 934/1742/1742
f 934/1742/1742 923/1746/1746 933/1747/1747
f 934/1742/1742 933/1747/1747 944/1743/1743
f 944/1743/1743 933/1747/1747 943/1748/1748
f 944/1743/1743 943/1748/1748 954/1744/1744
f 954/1744/1744 943/1748/1748 953/1749/1749
f 954/1744/1744 953/1749/1749 964/1717/1717
f 964/1717/1717 953/1749/1749 963/1719/1719
f 913/1745/1745 912/1750/1750 923/1746/1746
f 923/1746/1746 912/1750/1750 922/1751/1751
f 923/1746/1746 922/1751/1751 933/1747/1747
f 933/1747/1747 922/1751/1751 932/1752/1752
f 933/1747/1747 932/1752/1752 943/1748/1748
f 943/1748/1748 932/1752/1752 942/1753/1753
f 943/1748/1748 942/1753/1753 953/1749/1749
f 953/1749/1749 942/1753/1753 952/1754/1754
f 953/1749/1749 952/1754/1754 963/1719/1719
f 963/1719/1719 952/1754/1754 962/1721/1721
f 912/1750/1750 911/1755/1755 922/1751/1751
f 922/1751/1751 911/1755/1755 921/1756/1756
f 922/1751/1751 921/1756/1756 932/1752/1752
f 932/1752/1752 921/1756/1756 931/1757/1757
f 932/1752/1752 931/1757/1757 942/1753/1753
f 942/1753/1753 931/1757/1757 941/1758/1758
f 942/1753/1753 941/1758/1758 952/1754/1754
f 952/1754/1754 941/1758/1758 951/1759/1759
f 952/1754/1754 951/1759/1759 962/1721/1721
f 962/1721/1721 951/1759/1759 961/1723/1723
f 911/1755/1755 910/1760/1760 921/1756/1756
f 921/1756/1756 910/1760/1760 920/1761/1761
f 921/1756/1756 920/1761/1761 931/1757/1757
f 931/1757/1757 920/1761/1761 930/1762/1762
f 931/1757/1757 930/1762/1762 941/1758/1758
f 941/1758/1758 930/1762/1762 940/1763/1763
f 941/1758/1758 940/1763/1763 951/1759/1759
f 951/1759/1759 940/1763/1763 950/1764/1764
f 951/1759/1759 950/1764/1764 961/1723/1723
f 961/1723/1723 950/1764/1764 960/1725/1725
f 910/1760/1760 909/1765/1765 920/1761/1761
f 920/1761/1761 909/1765/1765 919/1766/1766
f 920/1761/1761 919/1766/1766 930/1762/1762
f 930/1762/1762 919/1766/1766 929/1767/1767
f 930/1762/1762 929/1767/1767 940/1763/1763
f 940/1763/1763 929/1767/1767 939/1768/1768
f 940/1763/1763 939/1768/1768 950/1764/1764
f 950/1764/1764 939/1768/1768 949/1769/1769
f 950/1764/1764 949/1769/1769 960/1725/1725
f 960/1725/1725 949/1769/1769 959/1727/1727
f 909/1765/1765 908/1770/1770 919/1766/1766
f 919/1766/1766 908/1770/1770 918/1771/1771
f 919/1766/1766 918/1771/1771 929/1767/1767
f 929/1767/1767 918/1771/1771 928/1772/1772
f 929/1767/1767 928/1772/1772 939/1768/1768
f 939/1768/1768 928/1772/1772 938/1773/1773
f 939/1768/1768 938/1773/1773 949/1769/1769
f 949/1769/1769 938/1773/1773 948/1774/1774
f 949/1769/1769 948/1774/1774 959/1727/1727
f 959/1727/1727 948/1774/1774 958/1729/1729
f 908/1770/1770 907/1775/1775 918/1771/1771
f 918/1771/1771 907/1775/1775 917/1776/1776
f 918/1771/1771 917/1776/1776 928/1772/1772
f 928/1772/1772 917/1776/1776 927/1777/1777
f 928/1772/1772 927/1777/1777 938/1773/1773
f 938/1773/1773 927/1777/1777 937/1778/1778
f 938/1773/1773 937/1778/1778 948/1774/1774
f 948/1774/1774 937/1778/1778 947/1779/1779
f 948/1774/1774 947/1779/1779 958/1729/1729
f 958/1729/1729 947/1779/1779 957/1731/1731
f 907/1775/1775 896/1780/1780 917/1776/1776
f 917/1776/1776 896/1780/1780 895/1781/1781
f 917/1776/1776 895/1781/1781 927/1777/1777
f 927/1777/1777 895/1781/1781 894/1782/1782
f 927/1777/1777 894/1782/1782 937/1778/1778
f 937/1778/1778 894/1782/1782 893/1783/1783
f 937/1778/1778 893/1783/1783 947/1779/1779
f 947/1779/1779 893/1783/1783 892/1784/1784
f 947/1779/1779 892/1784/1784 957/1731/1731
f 957/1731/1731 892/1784/1784 891/1733/1733
f 886/1785/1785 885/1786/1786 967/1787/1787
f 967/1787/1787 885/1786/1786 906/1788/1788
f 967/1787/1787 906/1788/1788 972/1789/1789
f 972/1789/1789 906/1788/1788 905/1790/1790
f 972/1789/1789 905/1790/1790 977/1791/1791
f 977/1791/1791 905/1790/1790 904/1792/1792
f 977/1791/1791 904/1792/1792 982/1793/1793
f 982/1793/1793 904/1792/1792 903/1794/1794
f 982/1793/1793 903/1794/1794 987/1795/1795
f 987/1795/1795 903/1794/1794 902/1796/1796
f 987/1795/1795 902/1796/1796 992/1797/1797
f 992/1797/1797 902/1796/1796 901/1798/1798
f 992/1797/1797 901/1798/1798 997/1799/1799
f 997/1799/1799 901/1798/1798 900/1800/1800
f 997/1799/1799 900/1800/1800 1002/1801/1801
f 1002/1801/1801 900/1800/1800 899/1802/1802
f 1002/1801/1801 899/1802/1802 1007/1803/1803
f 1007/1803/1803 899/1802/1802 898/1804/1804
f 1007/1803/1803 898/1804/1804 1012/1805/1805
f 1012/1805/1805 898/1804/1804 897/1806/1806
f 1012/1805/1805 897/1806/1806 854/1807/1807
f 854/1807/1807 897/1806/1806 855/1808/1808
f 854/1807/1807 853/1809/1809 1012/1805/1805
f 1012/1805/1805 853/1809/1809 1013/1810/1810
f 1012/1805/1805 1013/1810/1810 1007/1803/1803
f 1007/1803/1803 1013/1810/1810 1008/1811/1811
f 1007/1803/1803 1008/1811/1811 1002/1801/1801
f 1002/1801/1801 1008/1811/1811 1003/1812/1812
f 1002/1801/1801 1003/1812/1812 997/1799/1799
f 997/1799/1799 1003/1812/1812 998/1813/1813
f 997/1799/1799 998/1813/1813 992/1797/1797
f 992/1797/1797 998/1813/1813 993/1814/1814
f 992/1797/1797 993/1814/1814 987/1795/1795
f 987/1795/1795 993/1814/1814 988/1815/1815
f 987/1795/1795 988/1815/1815 982/1793/1793
f 982/1793/1793 988/1815/1815 983/1816/1816
f 982/1793/1793 983/1816/1816 977/1791/1791
f 977/1791/1791 983/1816/1816 978/1817/1817
f 977/1791/1791 978/1817/1817 972/1789/1789
f 972/1789/1789 978/1817/1817 973/1818/1818
f 972/1789/1789 973/1818/1818 967/1787/1787
f 967/1787/1787 973/1818/1818 968/1819/1819
f 967/1787/1787 968/1819/1819 886/1785/1785
f 886/1785/1785 968/1819/1819 887/1820/1820
f 887/1820/1820 968/1819/1819 969/1821/1821
f 887/1820/1820 969/1821/1821 888/1822/1822
f 888/1822/1822 969/1821/1821 970/1823/1823
f 888/1822/1822 970/1823/1823 889/1824/1824
f 889/1824/1824 970/1823/1823 971/1825/1825
f 889/1824/1824 971/1825/1825 890/1826/1826
f 890/1826/1826 971/1825/1825 864/1827/1827
f 890/1826/1826 864/1827/1827 863/1828/1828
f 853/1809/1809 852/1829/1829 1013/1810/1810
f 1013/1810/1810 852/1829/1829 1014/1830/1830
f 1013/1810/1810 1014/1830/1830 1008/1811/1811
f 1008/1811/1811 1014/1830/1830 1009/1831/1831
f 1008/1811/1811 1009/1831/1831 1003/1812/1812
f 1003/1812/1812 1009/1831/1831 1004/1832/1832
f 1003/1812/1812 1004/1832/1832 998/1813/1813
f 998/1813/1813 1004/1832/1832 999/1833/1833
f 998/1813/1813 999/1833/1833 993/1814/1814
f 993/1814/1814 999/1833/1833 994/1834/1834
f 993/1814/1814 994/1834/1834 988/1815/1815
f 988/1815/1815 994/1834/1834 989/1835/1835
f 988/1815/1815 989/1835/1835 983/1816/1816
f 983/1816/1816 989/1835/1835 984/1836/1836
f 983/1816/1816 984/1836/1836 978/1817/1817
f 978/1817/1817 984/1836/1836 979/1837/1837
f 978/1817/1817 979/1837/1837 973/1818/1818
f 973/1818/1818 979/1837/1837 974/1838/1838
f 973/1818/1818 974/1838/1838 968/1819/1819
f 968/1819/1819 974/1838/1838 969/1821/1821
f 852/1829/1829 851/1839/1839 1014/1830/1830
f 1014/1830/1830 851/1839/1839 1015/1840/1840
f 1014/1830/1830 1015/1840/1840 1009/1831/1831
f 1009/1831/1831 1015/1840/1840 1010/1841/1841
f 1009/1831/1831 1010/1841/1841 1004/1832/1832
f 1004/1832/1832 1010/1841/1841 1005/1842/1842
f 1004/1832/1832 1005/1842/1842 999/1833/1833
f 999/1833/1833 1005/1842/1842 1000/1843/1843
f 999/1833/1833 1000/1843/1843 994/1834/1834
f 994/1834/1834 1000/1843/1843 995/1844/1844
f 994/1834/1834 995/1844/1844 989/1835/1835
f 989/1835/1835 995/1844/1844 990/1845/1845
f 989/1835/1835 990/1845/1845 984/1836/1836
f 984/1836/1836 990/1845/1845 985/1846/1846
f 984/1836/1836 985/1846/1846 979/1837/1837
f 979/1837/1837 985/1846/1846 980/1847/1847
f 979/1837/1837 980/1847/1847 974/1838/1838
f 974/1838/1838 980/1847/1847 975/1848/1848
f 974/1838/1838 975/1848/1848 969/1821/1821
f 969/1821/1821 975/1848/1848 970/1823/1823
f 851/1839/1839 850/1849/1849 1015/1840/1840
f 1015/1840/1840 850/1849/1849 1016/1850/1850
f 1015/1840/1840 1016/1850/1850 1010/1841/1841
f 1010/1841/1841 1016/1850/1850 1011/1851/1851
f 1010/1841/1841 1011/1851/1851 1005/1842/1842
f 1005/1842/1842 1011/1851/1851 1006/1852/1852
f 1005/1842/1842 1006/1852/1852 1000/1843/1843
f 1000/1843/1843 1006/1852/1852 1001/1853/1853
f 1000/1843/1843 1001/1853/1853 995/1844/1844
f 995/1844/1844 1001/1853/1853 996/1854/1854
f 995/1844/1844 996/1854/1854 990/1845/1845
f 990/1845/1845 996/1854/1854 991/1855/1855
f 990/1845/1845 991/1855/1855 985/1846/1846
f 985/1846/1846 991/1855/1855 986/1856/1856
f 985/1846/1846 986/1856/1856 980/1847/1847
f 980/1847/1847 986/1856/1856 981/1857/1857
f 980/1847/1847 981/1857/1857 975/1848/1848
f 975/1848/1848 981/1857/1857 976/1858/1858
f 975/1848/1848 976/1858/1858 970/1823/1823
f 970/1823/1823 976/1858/1858 971/1825/1825
f 850/1849/1849 849/1859/1859 1016/1850/1850
f 1016/1850/1850 849/1859/1859 873/1860/1860
f 1016/1850/1850 873/1860/1860 1011/1851/1851
f 1011/1851/1851 873/1860/1860 872/1861/1861
f 1011/1851/1851 872/1861/1861 1006/1852/1852
f 1006/1852/1852 872/1861/1861 871/1862/1862
f 1006/1852/1852 871/1862/1862 1001/1853/1853
f 1001/1853/1853 871/1862/1862 870/1863/1863
f 1001/1853/1853 870/1863/1863 996/1854/1854
f 996/1854/1854 870/1863/1863 869/1864/1864
f 996/1854/1854 869/1864/1864 991/1855/1855
f 991/1855/1855 869/1864/1864 868/1865/1865
f 991/1855/1855 868/1865/1865 986/1856/1856
f 986/1856/1856 868/1865/1865 867/1866/1866
f 986/1856/1856 867/1866/1866 981/1857/1857
f 981/1857/1857 867/1866/1866 866/1867/1867
f 981/1857/1857 866/1867/1867 976/1858/1858
f 976/1858/1858 866/1867/1867 865/1868/1868
f 976/1858/1858 865/1868/1868 971/1825/1825
f 971/1825/1825 865/1868/1868 864/1827/1827
g Body1:17

v 74.000000 0.000000 -104.000000
v 74.000000 0.000000 -106.000000
v 74.000000 10.909091 -106.000000
v 74.000000 21.818182 -106.000000
v 74.000000 32.727273 -106.000000
v 74.000000 43.636364 -106.000000
v 74.000000 54.545455 -106.000000
v 74.000000 65.454545 -106.000000
v 74.000000 76.363636 -106.000000
v 74.000000 87.272727 -106.000000
v 74.000000 98.181818 -106.000000
v 74.000000 109.090909 -106.000000
v 74.000000 120.000000 -106.000000
v 74.000000 120.000000 -104.000000
v 74.000000 109.090909 -104.000000
v 74.000000 98.181818 -104.000000
v 74.000000 87.272727 -104.000000
v 74.000000 76.363636 -104.000000
v 74.000000 65.454545 -104.000000
v 74.000000 54.545455 -104.000000
v 74.000000 43.636364 -104.000000
v 74.000000 32.727273 -104.000000
v 74.000000 21.818182 -104.000000
v 74.000000 10.909091 -104.000000
v 72.000000 0.000000 -104.000000
v 72.000000 120.000000 -104.000000
v 72.000000 109.090909 -104.000000
v 72.000000 98.181818 -104.000000
v 72.000000 87.272727 -104.000000
v 72.000000 76.363636 -104.000000
v 72.000000 65.454545 -104.000000
v 72.000000 54.545455 -104.000000
v 72.000000 43.636364 -104.000000
v 72.000000 32.727273 -104.000000
v 72.000000 21.818182 -104.000000
v 72.000000 10.909091 -104.000000
v 72.000000 0.000000 -106.000000
v 72.000000 120.000000 -106.000000
v 72.000000 109.090909 -106.000000
v 72.000000 98.181818 -106.000000
v 72.000000 87.272727 -106.000000
v 72.000000 76.363636 -106.000000
v 72.000000 65.454545 -106.000000
v 72.000000 54.545455 -106.000000
v 72.000000 43.636364 -106.000000
v 72.000000 32.727273 -106.000000
v 72.000000 21.818182 -106.000000
v 72.000000 10.909091 -106.000000
vt 0.000000 0.000000 0.000000
vt 2.000000 0.000000 0.000000
vt 0.000000 10.909091 0.000000
vt 2.000000 10.909091 0.000000
vt 0.000000 21.818182 0.000000
vt 2.000000 21.818182 0.000000
vt 0.000000 32.727273 0.000000
vt 2.000000 32.727273 0.000000
vt 0.000000 43.636364 0.000000
vt 2.000000 43.636364 0.000000
vt 0.000000 54.545455 0.000000
vt 2.000000 54.545455 0.000000
vt 0.000000 65.454545 0.000000
vt 2.000000 65.454545 0.000000
vt 0.000000 76.363636 0.000000
vt 2.000000 76.363636 0.000000
vt 0.000000 87.272727 0.000000
vt 2.000000 87.272727 0.000000
vt 0.000000 98.181818 0.000000
vt 2.000000 98.181818 0.000000
vt 0.000000 109.090909 0.000000
vt 2.000000 109.090909 0.000000
vt 0.000000 120.000000 0.000000
vt 2.000000 120.000000 0.000000
vt -0.000000 0.000000 0.000000
vt 2.000000 0.000000 0.000000
vt -0.000000 10.909091 0.000000
vt 2.000000 10.909091 0.000000
vt -0.000000 21.818182 0.000000
vt 2.000000 21.818182 0.000000
vt -0.000000 32.727273 0.000000
vt 2.000000 32.727273 0.000000
vt -0.000000 43.636364 0.000000
vt 2.000000 43.636364 0.000000
vt -0.000000 54.545455 0.000000
vt 2.000000 54.545455 0.000000
vt -0.000000 65.454545 0.000000
vt 2.000000 65.454545 0.000000
vt -0.000000 76.363636 0.000000
vt 2.000000 76.363636 0.000000
vt -0.000000 87.272727 0.000000
vt 2.000000 87.272727 0.000000
vt -0.000000 98.181818 0.000000
vt 2.000000 98.181818 0.000000
vt -0.000000 109.090909 0.000000
vt 2.000000 109.090909 0.000000
vt -0.000000 120.000000 0.000000
vt 2.000000 120.000000 0.000000
vt -0.000000 0.000000 0.000000
vt 2.000000 0.000000 0.000000
vt -0.000000 10.909091 0.000000
vt 2.000000 10.909091 0.000000
vt -0.000000 21.818182 0.000000
vt 2.000000 21.818182 0.000000
vt -0.000000 32.727273 0.000000
vt 2.000000 32.727273 0.000000
vt -0.000000 43.636364 0.000000
vt 2.000000 43.636364 0.000000
vt -0.000000 54.545455 0.000000
vt 2.000000 54.545455 0.000000
vt -0.000000 65.454545 0.000000
vt 2.000000 65.454545 0.000000
vt -0.000000 76.363636 0.000000
vt 2.000000 76.363636 0.000000
vt -0.000000 87.272727 0.000000
vt 2.000000 87.272727 0.000000
vt -0.000000 98.181818 0.000000
vt 2.000000 98.181818 0.000000
vt -0.000000 109.090909 0.000000
vt 2.000000 109.090909 0.000000
vt -0.000000 120.000000 0.000000
vt 2.000000 120.000000 0.000000
vt -0.000000 0.000000 0.000000
vt 2.000000 0.000000 0.000000
vt -0.000000 10.909091 0.000000
vt 2.000000 10.909091 0.000000
vt -0.000000 21.818182 0.000000
vt 2.000000 21.818182 0.000000
vt -0.000000 32.727273 0.000000
vt 2.000000 32.727273 0.000000
vt -0.000000 43.636364 0.000000
vt 2.000000 43.636364 0.000000
vt -0.000000 54.545455 0.000000
vt 2.000000 54.545455 0.000000
vt -0.000000 65.454545 0.000000
vt 2.000000 65.454545 0.000000
vt -0.000000 76.363636 0.000000
vt 2.000000 76.363636 0.000000
vt -0.000000 87.272727 0.000000
vt 2.000000 87.272727 0.000000
vt -0.000000 98.181818 0.000000
vt 2.000000 98.181818 0.000000
vt -0.000000 109.090909 0.000000
vt 2.000000 109.090909 0.000000
vt 0.000000 120.000000 0.000000
vt 2.000000 120.000000 0.000000
vt 1.000000 1.000000 0.000000
vt -1.000000 1.000000 0.000000
vt 1.000000 -1.000000 0.000000
vt -1.000000 -1.000000 0.000000
vt -1.000000 -1.000000 0.000000
vt 1.000000 -1.000000 0.000000
vt -1.000000 1.000000 0.000000
vt 1.000000 1.000000 0.000000
vn 1.000000 0.000000 -0.000000
vn 1.000000 0.000000 -0.000000
vn 1.000000 0.000000 -0.000000
vn 1.000000 0.000000 -0.000000
vn 1.000000 0.000000 -0.000000
vn 1.000000 0.000000 -0.000000
vn 1.000000 0.000000 -0.000000
vn 1.000000 0.000000 -0.000000
vn 1.000000 0.000000 -0.000000
vn 1.000000 0.000000 -0.000000
vn 1.000000 0.000000 -0.000000
vn 1.000000 0.000000 -0.000000
vn 1.000000 0.000000 -0.000000
vn 1.000000 0.000000 -0.000000
vn 1.000000 0.000000 -0.000000
vn 1.000000 0.000000 -0.000000
vn 1.000000 0.000000 -0.000000
vn 1.000000 0.000000 -0.000000
vn 1.000000 0.000000 -0.000000
vn 1.000000 0.000000 -0.000000
vn 1.000000 0.000000 -0.000000
vn 1.000000 0.000000 -0.000000
vn 1.000000 0.000000 -0.000000
vn 1.000000 0.000000 -0.000000
vn 0.000000 0.000000 1.000000
vn 0.000000 0.000000 1.000000
vn 0.000000 0.000000 1.000000
vn 0.000000 0.000000 1.000000
vn 0.000000 0.000000 1.000000
vn 0.000000 0.000000 1.000000
vn 0.000000 0.000000 1.000000
vn 0.000000 0.000000 1.000000
vn 0.000000 0.000000 1.000000
vn 0.000000 0.000000 1.000000
vn 0.000000 0.000000 1.000000
vn 0.000000 0.000000 1.000000
vn 0.000000 0.000000 1.000000
vn 0.000000 0.000000 1.000000
vn 0.000000 0.000000 1.000000
vn 0.000000 0.000000 1.000000
vn 0.000000 0.000000 1.000000
vn 0.000000 0.000000 1.000000
vn 0.000000 0.000000 1.000000
vn 0.000000 0.000000 1.000000
vn 0.000000 0.000000 1.000000
vn 0.000000 0.000000 1.000000
vn 0.000000 0.000000 1.000000
vn 0.000000 0.000000 1.000000
vn -1.000000 -0.000000 0.000000
vn -1.000000 -0.000000 0.000000
vn -1.000000 -0.000000 0.000000
vn -1.000000 -0.000000 0.000000
vn -1.000000 -0.000000 0.000000
vn -1.000000 -0.000000 0.000000
vn -1.000000 -0.000000 0.000000
vn -1.000000 -0.000000 0.000000
vn -1.000000 -0.000000 0.000000
vn -1.000000 -0.000000 0.000000
vn -1.000000 -0.000000 0.000000
vn -1.000000 -0.000000 0.000000
vn -1.000000 -0.000000 0.000000
vn -1.000000 -0.000000 0.000000
vn -1.000000 -0.000000 0.000000
vn -1.000000 -0.000000 0.000000
vn -1.000000 -0.000000 0.000000
vn -1.000000 -0.000000 0.000000
vn -1.000000 -0.000000 0.000000
vn -1.000000 -0.000000 0.000000
vn -1.000000 -0.000000 0.000000
vn -1.000000 -0.000000 0.000000
vn -1.000000 -0.000000 0.000000
vn -1.000000 -0.000000 0.000000
vn -0.000000 -0.000000 -1.000000
vn -0.000000 -0.000000 -1.000000
vn -0.000000 -0.000000 -1.000000
vn -0.000000 -0.000000 -1.000000
vn -0.000000 -0.000000 -1.000000
vn -0.000000 -0.000000 -1.000000
vn -0.000000 -0.000000 -1.000000
vn -0.000000 -0.000000 -1.000000
vn -0.000000 -0.000000 -1.000000
vn -0.000000 -0.000000 -1.000000
vn -0.000000 -0.000000 -1.000000
vn -0.000000 -0.000000 -1.000000
vn -0.000000 -0.000000 -1.000000
vn -0.000000 -0.000000 -1.000000
vn -0.000000 -0.000000 -1.000000
vn -0.000000 -0.000000 -1.000000
vn -0.000000 -0.000000 -1.000000
vn -0.000000 -0.000000 -1.000000
vn -0.000000 -0.000000 -1.000000
vn -0.000000 -0.000000 -1.000000
vn -0.000000 -0.000000 -1.000000
vn -0.000000 -0.000000 -1.000000
vn -0.000000 -0.000000 -1.000000
vn -0.000000 -0.000000 -1.000000
vn -0.000000 1.000000 -0.000000
vn -0.000000 1.000000 -0.000000
vn -0.000000 1.000000 -0.000000
vn -0.000000 1.000000 -0.000000
vn 0.000000 -1.000000 0.000000
vn 0.000000 -1.000000 0.000000
vn 0.000000 -1.000000 0.000000
vn 0.000000 -1.000000 0.000000
f 1017/1869/1869 1018/1870/1870 1040/1871/1871
f 1040/1871/1871 1018/1870/1870 1019/1872/1872
f 1040/1871/1871 1019/1872/1872 1039/1873/1873
f 1039/1873/1873 1019/1872/1872 1020/1874/1874
f 1039/1873/1873 1020/1874/1874 1038/1875/1875
f 1038/1875/1875 1020/1874/1874 1021/1876/1876
f 1038/1875/1875 1021/1876/1876 1037/1877/1877
f 1037/1877/1877 1021/1876/1876 1022/1878/1878
f 1037/1877/1877 1022/1878/1878 1036/1879/1879
f 1036/1879/1879 1022/1878/1878 1023/1880/1880
f 1036/1879/1879 1023/1880/1880 1035/1881/1881
f 1035/1881/1881 1023/1880/1880 1024/1882/1882
f 1035/1881/1881 1024/1882/1882 1034/1883/1883
f 1034/1883/1883 1024/1882/1882 1025/1884/1884
f 1034/1883/1883 1025/1884/1884 1033/1885/1885
f 1033/1885/1885 1025/1884/1884 1026/1886/1886
f 1033/1885/1885 1026/1886/1886 1032/1887/1887
f 1032/1887/1887 1026/1886/1886 1027/1888/1888
f 1032/1887/1887 1027/1888/1888 1031/1889/1889
f 1031/1889/1889 1027/1888/1888 1028/1890/1890
f 1031/1889/1889 1028/1890/1890 1030/1891/1891
f 1030/1891/1891 1028/1890/1890 1029/1892/1892
f 1041/1893/1893 1017/1894/1894 1052/1895/1895
f 1052/1895/1895 1017/1894/1894 1040/1896/1896
f 1052/1895/1895 1040/1896/1896 1051/1897/1897
f 1051/1897/1897 1040/1896/1896 1039/1898/1898
f 1051/1897/1897 1039/1898/1898 1050/1899/1899
f 1050/1899/1899 1039/1898/1898 1038/1900/1900
f 1050/1899/1899 1038/1900/1900 1049/1901/1901
f 1049/1901/1901 1038/1900/1900 1037/1902/1902
f 1049/1901/1901 1037/1902/1902 1048/1903/1903
f 1048/1903/1903 1037/1902/1902 1036/1904/1904
f 1048/1903/1903 1036/1904/1904 1047/1905/1905
f 1047/1905/1905 1036/1904/1904 1035/1906/1906
f 1047/1905/1905 1035/1906/1906 1046/1907/1907
f 1046/1907/1907 1035/1906/1906 1034/1908/1908
f 1046/1907/1907 1034/1908/1908 1045/1909/1909
f 1045/1909/1909 1034/1908/1908 1033/1910/1910
f 1045/1909/1909 1033/1910/1910 1044/1911/1911
f 1044/1911/1911 1033/1910/1910 1032/1912/1912
f 1044/1911/1911 1032/1912/1912 1043/1913/1913
f 1043/1913/1913 1032/1912/1912 1031/1914/1914
f 1043/1913/1913 1031/1914/1914 1042/1915/1915
f 1042/1915/1915 1031/1914/1914 1030/1916/1916
f 1053/1917/1917 1041/1918/1918 1064/1919/1919
f 1064/1919/1919 1041/1918/1918 1052/1920/1920
f 1064/1919/1919 1052/1920/1920 1063/1921/1921
f 1063/1921/1921 1052/1920/1920 1051/1922/1922
f 1063/1921/1921 1051/1922/1922 1062/1923/1923
f 1062/1923/1923 1051/1922/1922 1050/1924/1924
f 1062/1923/1923 1050/1924/1924 1061/1925/1925
f 1061/1925/1925 1050/1924/1924 1049/1926/1926
f 1061/1925/1925 1049/1926/1926 1060/1927/1927
f 1060/1927/1927 1049/1926/1926 1048/1928/1928
f 1060/1927/1927 1048/1928/1928 1059/1929/1929
f 1059/1929/1929 1048/1928/1928 1047/1930/1930
f 1059/1929/1929 1047/1930/1930 1058/1931/1931
f 1058/1931/1931 1047/1930/1930 1046/1932/1932
f 1058/1931/1931 1046/1932/1932 1057/1933/1933
f 1057/1933/1933 1046/1932/1932 1045/1934/1934
f 1057/1933/1933 1045/1934/1934 1056/1935/1935
f 1056/1935/1935 1045/1934/1934 1044/1936/1936
f 1056/1935/1935 1044/1936/1936 1055/1937/1937
f 1055/1937/1937 1044/1936/1936 1043/1938/1938
f 1055/1937/1937 1043/1938/1938 1054/1939/1939
f 1054/1939/1939 1043/1938/1938 1042/1940/1940
f 1018/1941/1941 1053/1942/1942 1019/1943/1943
f 1019/1943/1943 1053/1942/1942 1064/1944/1944
f 1019/1943/1943 1064/1944/1944 1020/1945/1945
f 1020/1945/1945 1064/1944/1944 1063/1946/1946
f 1020/1945/1945 1063/1946/1946 1021/1947/1947
f 1021/1947/1947 1063/1946/1946 1062/1948/1948
f 1021/1947/1947 1062/1948/1948 1022/1949/1949
f 1022/1949/1949 1062/1948/1948 1061/1950/1950
f 1022/1949/1949 1061/1950/1950 1023/1951/1951
f 1023/1951/1951 1061/1950/1950 1060/1952/1952
f 1023/1951/1951 1060/1952/1952 1024/1953/1953
f 1024/1953/1953 1060/1952/1952 1059/1954/1954
f 1024/1953/1953 1059/1954/1954 1025/1955/1955
f 1025/1955/1955 1059/1954/1954 1058/1956/1956
f 1025/1955/1955 1058/1956/1956 1026/1957/1957
f 1026/1957/1957 1058/1956/1956 1057/1958/1958
f 1026/1957/1957 1057/1958/1958 1027/1959/1959
f 1027/1959/1959 1057/1958/1958 1056/1960/1960
f 1027/1959/1959 1056/1960/1960 1028/1961/1961
f 1028/1961/1961 1056/1960/1960 1055/1962/1962
f 1028/1961/1961 1055/1962/1962 1029/1963/1963
f 1029/1963/1963 1055/1962/1962 1054/1964/1964
f 1054/1965/1965 1042/1966/1966 1029/1967/1967
f 1029/1967/1967 1042/1966/1966 1030/1968/1968
f 1053/1969/1969 1018/1970/1970 1041/1971/1971
f 1041/1971/1971 1018/1970/1970 1017/1972/1972
g Body1:18

v 72.000000 0.000000 -104.000000
v 72.000000 0.000000 -106.000000
v 62.000000 0.000000 -106.000000
v 52.000000 0.000000 -106.000000
v 42.000000 0.000000 -106.000000
v 32.000000 0.000000 -106.000000
v 22.000000 0.000000 -106.000000
v 12.000000 0.000000 -106.000000
v 2.000000 0.000000 -106.000000
v 2.000000 0.000000 -104.000000
v 12.000000 0.000000 -104.000000
v 22.000000 0.000000 -104.000000
v 32.000000 0.000000 -104.000000
v 42.000000 0.000000 -104.000000
v 52.000000 0.000000 -104.000000
v 62.000000 0.000000 -104.000000
v 72.000000 -2.000000 -104.000000
v 2.000000 -2.000000 -104.000000
v 12.000000 -2.000000 -104.000000
v 22.000000 -2.000000 -104.000000
v 32.000000 -2.000000 -104.000000
v 42.000000 -2.000000 -104.000000
v 52.000000 -2.000000 -104.000000
v 62.000000 -2.000000 -104.000000
v 72.000000 -2.000000 -106.000000
v 2.000000 -2.000000 -106.000000
v 12.000000 -2.000000 -106.000000
v 22.000000 -2.000000 -106.000000
v 32.000000 -2.000000 -106.000000
v 42.000000 -2.000000 -106.000000
v 52.000000 -2.000000 -106.000000
v 62.000000 -2.000000 -106.000000
vt 0.000000 0.000000 0.000000
vt 2.000000 0.000000 0.000000
vt 0.000000 10.000000 0.000000
vt 2.000000 10.000000 0.000000
vt 0.000000 20.000000 0.000000
vt 2.000000 20.000000 0.000000
vt 0.000000 30.000000 0.000000
vt 2.000000 30.000000 0.000000
vt 0.000000 40.000000 0.000000
vt 2.000000 40.000000 0.000000
vt 0.000000 50.000000 0.000000
vt 2.000000 50.000000 0.000000
vt 0.000000 60.000000 0.000000
vt 2.000000 60.000000 0.000000
vt 0.000000 70.000000 0.000000
vt 2.000000 70.000000 0.000000
vt -0.000000 0.000000 0.000000
vt 2.000000 0.000000 0.000000
vt -0.000000 10.000000 0.000000
vt 2.000000 10.000000 0.000000
vt -0.000000 20.000000 0.000000
vt 2.000000 20.000000 0.000000
vt -0.000000 30.000000 0.000000
vt 2.000000 30.000000 0.000000
vt -0.000000 40.000000 0.000000
vt 2.000000 40.000000 0.000000
vt -0.000000 50.000000 0.000000
vt 2.000000 50.000000 0.000000
vt -0.000000 60.000000 0.000000
vt 2.000000 60.000000 0.000000
vt -0.000000 70.000000 0.000000
vt 2.000000 70.000000 0.000000
vt -0.000000 0.000000 0.000000
vt 2.000000 0.000000 0.000000
vt -0.000000 10.000000 0.000000
vt 2.000000 10.000000 0.000000
vt -0.000000 20.000000 0.000000
vt 2.000000 20.000000 0.000000
vt -0.000000 30.000000 0.000000
vt 2.000000 30.000000 0.000000
vt -0.000000 40.000000 0.000000
vt 2.000000 40.000000 0.000000
vt -0.000000 50.000000 0.000000
vt 2.000000 50.000000 0.000000
vt -0.000000 60.000000 0.000000
vt 2.000000 60.000000 0.000000
vt -0.000000 70.000000 0.000000
vt 2.000000 70.000000 0.000000
vt 0.000000 0.000000 0.000000
vt 2.000000 0.000000 0.000000
vt 0.000000 10.000000 0.000000
vt 2.000000 10.000000 0.000000
vt 0.000000 20.000000 0.000000
vt 2.000000 20.000000 0.000000
vt 0.000000 30.000000 0.000000
vt 2.000000 30.000000 0.000000
vt 0.000000 40.000000 0.000000
vt 2.000000 40.000000 0.000000
vt 0.000000 50.000000 0.000000
vt 2.000000 50.000000 0.000000
vt 0.000000 60.000000 0.000000
vt 2.000000 60.000000 0.000000
vt 0.000000 70.000000 0.000000
vt 2.000000 70.000000 0.000000
vt 1.000000 1.000000 0.000000
vt -1.000000 1.000000 0.000000
vt 1.000000 -1.000000 0.000000
vt -1.000000 -1.000000 0.000000
vt -1.000000 -1.000000 0.000000
vt 1.000000 -1.000000 0.000000
vt -1.000000 1.000000 0.000000
vt 1.000000 1.000000 0.000000
vn -0.000000 1.000000 -0.000000
vn -0.000000 1.000000 -0.000000
vn -0.000000 1.000000 -0.000000
vn -0.000000 1.000000 -0.000000
vn -0.000000 1.000000 -0.000000
vn -0.000000 1.000000 -0.000000
vn -0.000000 1.000000 -0.000000
vn -0.000000 1.000000 -0.000000
vn -0.000000 1.000000 -0.000000
vn -0.000000 1.000000 -0.000000
vn -0.000000 1.000000 -0.000000
vn -0.000000 1.000000 -0.000000
vn -0.000000 1.000000 -0.000000
vn -0.000000 1.000000 -0.000000
vn -0.000000 1.000000 -0.000000
vn -0.000000 1.000000 -0.000000
vn 0.000000 0.000000 1.000000
vn 0.000000 0.000000 1.000000
vn 0.000000 0.000000 1.000000
vn 0.000000 0.000000 1.000000
vn 0.000000 0.000000 1.000000
vn 0.000000 0.000000 1.000000
vn 0.000000 0.000000 1.000000
vn 0.000000 0.000000 1.000000
vn 0.000000 0.000000 1.000000
vn 0.000000 0.000000 1.000000
vn 0.000000 0.000000 1.000000
vn 0.000000 0.000000 1.000000
vn 0.000000 0.000000 1.000000
vn 0.000000 0.000000 1.000000
vn 0.000000 0.000000 1.000000
vn 0.000000 0.000000 1.000000
vn 0.000000 -1.000000 0.000000
vn 0.000000 -1.000000 0.000000
vn 0.000000 -1.000000 0.000000
vn 0.000000 -1.000000 0.000000
vn 0.000000 -1.000000 0.000000
vn 0.000000 -1.000000 0.000000
vn 0.000000 -1.000000 0.000000
vn 0.000000 -1.000000 0.000000
vn 0.000000 -1.000000 0.000000
vn 0.000000 -1.000000 0.000000
vn 0.000000 -1.000000 0.000000
vn 0.000000 -1.000000 0.000000
vn 0.000000 -1.000000 0.000000
vn 0.000000 -1.000000 0.000000
vn 0.000000 -1.000000 0.000000
vn 0.000000 -1.000000 0.000000
vn -0.000000 -0.000000 -1.000000
vn -0.000000 -0.000000 -1.000000
vn -0.000000 -0.000000 -1.000000
vn -0.000000 -0.000000 -1.000000
vn -0.000000 -0.000000 -1.000000
vn -0.000000 -0.000000 -1.000000
vn -0.000000 -0.000000 -1.000000
vn -0.000000 -0.000000 -1.000000
vn -0.000000 -0.000000 -1.000000
vn -0.000000 -0.000000 -1.000000
vn -0.000000 -0.000000 -1.000000
vn -0.000000 -0.000000 -1.000000
vn -0.000000 -0.000000 -1.000000
vn -0.000000 -0.000000 -1.000000
vn -0.000000 -0.000000 -1.000000
vn -0.000000 -0.000000 -1.000000
vn -1.000000 -0.000000 0.000000
vn -1.000000 -0.000000 0.000000
vn -1.000000 -0.000000 0.000000
vn -1.000000 -0.000000 0.000000
vn 1.000000 0.000000 -0.000000
vn 1.000000 0.000000 -0.000000
vn 1.000000 0.000000 -0.000000
vn 1.000000 0.000000 -0.000000
f 1065/1973/1973 1066/1974/1974 1080/1975/1975
f 1080/1975/1975 1066/1974/1974 1067/1976/1976
f 1080/1975/1975 1067/1976/1976 1079/1977/1977
f 1079/1977/1977 1067/1976/1976 1068/1978/1978
f 1079/1977/1977 1068/1978/1978 1078/1979/1979
f 1078/1979/1979 1068/1978/1978 1069/1980/1980
f 1078/1979/1979 1069/1980/1980 1077/1981/1981
f 1077/1981/1981 1069/1980/1980 1070/1982/1982
f 1077/1981/1981 1070/1982/1982 1076/1983/1983
f 1076/1983/1983 1070/1982/1982 1071/1984/1984
f 1076/1983/1983 1071/1984/1984 1075/1985/1985
f 1075/1985/1985 1071/1984/1984 1072/1986/1986
f 1075/1985/1985 1072/1986/1986 1074/1987/1987
f 1074/1987/1987 1072/1986/1986 1073/1988/1988
f 1081/1989/1989 1065/1990/1990 1088/1991/1991
f 1088/1991/1991 1065/1990/1990 1080/1992/1992
f 1088/1991/1991 1080/1992/1992 1087/1993/1993
f 1087/1993/1993 1080/1992/1992 1079/1994/1994
f 1087/1993/1993 1079/1994/1994 1086/1995/1995
f 1086/1995/1995 1079/1994/1994 1078/1996/1996
f 1086/1995/1995 1078/1996/1996 1085/1997/1997
f 1085/1997/1997 1078/1996/1996 1077/1998/1998
f 1085/1997/1997 1077/1998/1998 1084/1999/1999
f 1084/1999/1999 1077/1998/1998 1076/2000/2000
f 1084/1999/1999 1076/2000/2000 1083/2001/2001
f 1083/2001/2001 1076/2000/2000 1075/2002/2002
f 1083/2001/2001 1075/2002/2002 1082/2003/2003
f 1082/2003/2003 1075/2002/2002 1074/2004/2004
f 1089/2005/2005 1081/2006/2006 1096/2007/2007
f 1096/2007/2007 1081/2006/2006 1088/2008/2008
f 1096/2007/2007 1088/2008/2008 1095/2009/2009
f 1095/2009/2009 1088/2008/2008 1087/2010/2010
f 1095/2009/2009 1087/2010/2010 1094/2011/2011
f 1094/2011/2011 1087/2010/2010 1086/2012/2012
f 1094/2011/2011 1086/2012/2012 1093/2013/2013
f 1093/2013/2013 1086/2012/2012 1085/2014/2014
f 1093/2013/2013 1085/2014/2014 1092/2015/2015
f 1092/2015/2015 1085/2014/2014 1084/2016/2016
f 1092/2015/2015 1084/2016/2016 1091/2017/2017
f 1091/2017/2017 1084/2016/2016 1083/2018/2018
f 1091/2017/2017 1083/2018/2018 1090/2019/2019
f 1090/2019/2019 1083/2018/2018 1082/2020/2020
f 1066/2021/2021 1089/2022/2022 1067/2023/2023
f 1067/2023/2023 1089/2022/2022 1096/2024/2024
f 1067/2023/2023 1096/2024/2024 1068/2025/2025
f 1068/2025/2025 1096/2024/2024 1095/2026/2026
f 1068/2025/2025 1095/2026/2026 1069/2027/2027
f 1069/2027/2027 1095/2026/2026 1094/2028/2028
f 1069/2027/2027 1094/2028/2028 1070/2029/2029
f 1070/2029/2029 1094/2028/2028 1093/2030/2030
f 1070/2029/2029 1093/2030/2030 1071/2031/2031
f 1071/2031/2031 1093/2030/2030 1092/2032/2032
f 1071/2031/2031 1092/2032/2032 1072/2033/2033
f 1072/2033/2033 1092/2032/2032 1091/2034/2034
f 1072/2033/2033 1091/2034/2034 1073/2035/2035
f 1073/2035/2035 1091/2034/2034 1090/2036/2036
f 1090/2037/2037 1082/2038/2038 1073/2039/2039
f 1073/2039/2039 1082/2038/2038 1074/2040/2040
f 1089/2041/2041 1066/2042/2042 1081/2043/2043
f 1081/2043/2043 1066/2042/2042 1065/2044/2044
g Body1:19

v 74.000000 0.000000 -54.000000
v 74.000000 -2.000000 -54.000000
v 74.000000 -2.000000 -64.000000
v 74.000000 -2.000000 -74.000000
v 74.000000 -2.000000 -84.000000
v 74.000000 -2.000000 -94.000000
v 74.000000 -2.000000 -104.000000
v 74.000000 0.000000 -104.000000
v 74.000000 0.000000 -94.000000
v 74.000000 0.000000 -84.000000
v 74.000000 0.000000 -74.000000
v 74.000000 0.000000 -64.000000
v 72.000000 0.000000 -54.000000
v 72.000000 0.000000 -104.000000
v 72.000000 0.000000 -94.000000
v 72.000000 0.000000 -84.000000
v 72.000000 0.000000 -74.000000
v 72.000000 0.000000 -64.000000
v 72.000000 -2.000000 -54.000000
v 72.000000 -2.000000 -104.000000
v 72.000000 -2.000000 -94.000000
v 72.000000 -2.000000 -84.000000
v 72.000000 -2.000000 -74.000000
v 72.000000 -2.000000 -64.000000
vt 0.000000 0.000000 0.000000
vt 2.000000 0.000000 0.000000
vt 0.000000 10.000000 0.000000
vt 2.000000 10.000000 0.000000
vt 0.000000 20.000000 0.000000
vt 2.000000 20.000000 0.000000
vt 0.000000 30.000000 0.000000
vt 2.000000 30.000000 0.000000
vt 0.000000 40.000000 0.000000
vt 2.000000 40.000000 0.000000
vt 0.000000 50.000000 0.000000
vt 2.000000 50.000000 0.000000
vt -0.000000 0.000000 0.000000
vt 2.000000 0.000000 0.000000
vt -0.000000 10.000000 0.000000
vt 2.000000 10.000000 0.000000
vt -0.000000 20.000000 0.000000
vt 2.000000 20.000000 0.000000
vt -0.000000 30.000000 0.000000
vt 2.000000 30.000000 0.000000
vt -0.000000 40.000000 0.000000
vt 2.000000 40.000000 0.000000
vt -0.000000 50.000000 0.000000
vt 2.000000 50.000000 0.000000
vt -0.000000 0.000000 0.000000
vt 2.000000 0.000000 0.000000
vt -0.000000 10.000000 0.000000
vt 2.000000 10.000000 0.000000
vt -0.000000 20.000000 0.000000
vt 2.000000 20.000000 0.000000
vt -0.000000 30.000000 0.000000
vt 2.000000 30.000000 0.000000
vt -0.000000 40.000000 0.000000
vt 2.000000 40.000000 0.000000
vt -0.000000 50.000000 0.000000
vt 2.000000 50.000000 0.000000
vt 0.000000 0.000000 0.000000
vt 2.000000 0.000000 0.000000
vt 0.000000 10.000000 0.000000
vt 2.000000 10.000000 0.000000
vt 0.000000 20.000000 0.000000
vt 2.000000 20.000000 0.000000
vt 0.000000 30.000000 0.000000
vt 2.000000 30.000000 0.000000
vt 0.000000 40.000000 0.000000
vt 2.000000 40.000000 0.000000
vt 0.000000 50.000000 0.000000
vt 2.000000 50.000000 0.000000
vt 1.000000 1.000000 0.000000
vt -1.000000 1.000000 0.000000
vt 1.000000 -1.000000 0.000000
vt -1.000000 -1.000000 0.000000
vt -1.000000 -1.000000 0.000000
vt 1.000000 -1.000000 0.000000
vt -1.000000 1.000000 0.000000
vt 1.000000 1.000000 0.000000
vn 1.000000 -0.000000 -0.000000
vn 1.000000 -0.000000 -0.000000
vn 1.000000 -0.000000 -0.000000
vn 1.000000 -0.000000 -0.000000
vn 1.000000 -0.000000 -0.000000
vn 1.000000 -0.000000 -0.000000
vn 1.000000 -0.000000 -0.000000
vn 1.000000 -0.000000 -0.000000
vn 1.000000 -0.000000 -0.000000
vn 1.000000 -0.000000 -0.000000
vn 1.000000 -0.000000 -0.000000
vn 1.000000 -0.000000 -0.000000
vn 0.000000 1.000000 -0.000000
vn 0.000000 1.000000 -0.000000
vn 0.000000 1.000000 -0.000000
vn 0.000000 1.000000 -0.000000
vn 0.000000 1.000000 -0.000000
vn 0.000000 1.000000 -0.000000
vn 0.000000 1.000000 -0.000000
vn 0.000000 1.000000 -0.000000
vn 0.000000 1.000000 -0.000000
vn 0.000000 1.000000 -0.000000
vn 0.000000 1.000000 -0.000000
vn 0.000000 1.000000 -0.000000
vn -1.000000 0.000000 0.000000
vn -1.000000 0.000000 0.000000
vn -1.000000 0.000000 0.000000
vn -1.000000 0.000000 0.000000
vn -1.000000 0.000000 0.000000
vn -1.000000 0.000000 0.000000
vn -1.000000 0.000000 0.000000
vn -1.000000 0.000000 0.000000
vn -1.000000 0.000000 0.000000
vn -1.000000 0.000000 0.000000
vn -1.000000 0.000000 0.000000
vn -1.000000 0.000000 0.000000
vn -0.000000 -1.000000 0.000000
vn -0.000000 -1.000000 0.000000
vn -0.000000 -1.000000 0.000000
vn -0.000000 -1.000000 0.000000
vn -0.000000 -1.000000 0.000000
vn -0.000000 -1.000000 0.000000
vn -0.000000 -1.000000 0.000000
vn -0.000000 -1.000000 0.000000
vn -0.000000 -1.000000 0.000000
vn -0.000000 -1.000000 0.000000
vn -0.000000 -1.000000 0.000000
vn -0.000000 -1.000000 0.000000
vn -0.000000 -0.000000 -1.000000
vn -0.000000 -0.000000 -1.000000
vn -0.000000 -0.000000 -1.000000
vn -0.000000 -0.000000 -1.000000
vn 0.000000 0.000000 1.000000
vn 0.000000 0.000000 1.000000
vn 0.000000 0.000000 1.000000
vn 0.000000 0.000000 1.000000
f 1097/2045/2045 1098/2046/2046 1108/2047/2047
f 1108/2047/2047 1098/2046/2046 1099/2048/2048
f 1108/2047/2047 1099/2048/2048 1107/2049/2049
f 1107/2049/2049 1099/2048/2048 1100/2050/2050
f 1107/2049/2049 1100/2050/2050 1106/2051/2051
f 1106/2051/2051 1100/2050/2050 1101/2052/2052
f 1106/2051/2051 1101/2052/2052 1105/2053/2053
f 1105/2053/2053 1101/2052/2052 1102/2054/2054
f 1105/2053/2053 1102/2054/2054 1104/2055/2055
f 1104/2055/2055 1102/2054/2054 1103/2056/2056
f 1109/2057/2057 1097/2058/2058 1114/2059/2059
f 1114/2059/2059 1097/2058/2058 1108/2060/2060
f 1114/2059/2059 1108/2060/2060 1113/2061/2061
f 1113/2061/2061 1108/2060/2060 1107/2062/2062
f 1113/2061/2061 1107/2062/2062 1112/2063/2063
f 1112/2063/2063 1107/2062/2062 1106/2064/2064
f 1112/2063/2063 1106/2064/2064 1111/2065/2065
f 1111/2065/2065 1106/2064/2064 1105/2066/2066
f 1111/2065/2065 1105/2066/2066 1110/2067/2067
f 1110/2067/2067 1105/2066/2066 1104/2068/2068
f 1115/2069/2069 1109/2070/2070 1120/2071/2071
f 1120/2071/2071 1109/2070/2070 1114/2072/2072
f 1120/2071/2071 1114/2072/2072 1119/2073/2073
f 1119/2073/2073 1114/2072/2072 1113/2074/2074
f 1119/2073/2073 1113/2074/2074 1118/2075/2075
f 1118/2075/2075 1113/2074/2074 1112/2076/2076
f 1118/2075/2075 1112/2076/2076 1117/2077/2077
f 1117/2077/2077 1112/2076/2076 1111/2078/2078
f 1117/2077/2077 1111/2078/2078 1116/2079/2079
f 1116/2079/2079 1111/2078/2078 1110/2080/2080
f 1098/2081/2081 1115/2082/2082 1099/2083/2083
f 1099/2083/2083 1115/2082/2082 1120/2084/2084
f 1099/2083/2083 1120/2084/2084 1100/2085/2085
f 1100/2085/2085 1120/2084/2084 1119/2086/2086
f 1100/2085/2085 1119/2086/2086 1101/2087/2087
f 1101/2087/2087 1119/2086/2086 1118/2088/2088
f 1101/2087/2087 1118/2088/2088 1102/2089/2089
f 1102/2089/2089 1118/2088/2088 1117/2090/2090
f 1102/2089/2089 1117/2090/2090 1103/2091/2091
f 1103/2091/2091 1117/2090/2090 1116/2092/2092
f 1116/2093/2093 1110/2094/2094 1103/2095/2095
f 1103/2095/2095 1110/2094/2094 1104/2096/2096
f 1115/2097/2097 1098/2098/2098 1109/2099/2099
f 1109/2099/2099 1098/2098/2098 1097/2100/2100
g Body1:20

v 2.000000 0.000000 -104.000000
v 2.000000 0.000000 -106.000000
v 2.000000 10.909091 -106.000000
v 2.000000 21.818182 -106.000000
v 2.000000 32.727273 -106.000000
v 2.000000 43.636364 -106.000000
v 2.000000 54.545455 -106.000000
v 2.000000 65.454545 -106.000000
v 2.000000 76.363636 -106.000000
v 2.000000 87.272727 -106.000000
v 2.000000 98.181818 -106.000000
v 2.000000 109.090909 -106.000000
v 2.000000 120.000000 -106.000000
v 2.000000 120.000000 -104.000000
v 2.000000 109.090909 -104.000000
v 2.000000 98.181818 -104.000000
v 2.000000 87.272727 -104.000000
v 2.000000 76.363636 -104.000000
v 2.000000 65.454545 -104.000000
v 2.000000 54.545455 -104.000000
v 2.000000 43.636364 -104.000000
v 2.000000 32.727273 -104.000000
v 2.000000 21.818182 -104.000000
v 2.000000 10.909091 -104.000000
v -0.000000 0.000000 -104.000000
v -0.000000 120.000000 -104.000000
v -0.000000 109.090909 -104.000000
v -0.000000 98.181818 -104.000000
v -0.000000 87.272727 -104.000000
v -0.000000 76.363636 -104.000000
v -0.000000 65.454545 -104.000000
v -0.000000 54.545455 -104.000000
v -0.000000 43.636364 -104.000000
v -0.000000 32.727273 -104.000000
v -0.000000 21.818182 -104.000000
v -0.000000 10.909091 -104.000000
v -0.000000 0.000000 -106.000000
v -0.000000 120.000000 -106.000000
v -0.000000 109.090909 -106.000000
v -0.000000 98.181818 -106.000000
v -0.000000 87.272727 -106.000000
v -0.000000 76.363636 -106.000000
v -0.000000 65.454545 -106.000000
v -0.000000 54.545455 -106.000000
v -0.000000 43.636364 -106.000000
v -0.000000 32.727273 -106.000000
v -0.000000 21.818182 -106.000000
v -0.000000 10.909091 -106.000000
vt 0.000000 0.000000 0.000000
vt 2.000000 0.000000 0.000000
vt 0.000000 10.909091 0.000000
vt 2.000000 10.909091 0.000000
vt 0.000000 21.818182 0.000000
vt 2.000000 21.818182 0.000000
vt 0.000000 32.727273 0.000000
vt 2.000000 32.727273 0.000000
vt 0.000000 43.636364 0.000000
vt 2.000000 43.636364 0.000000
vt 0.000000 54.545455 0.000000
vt 2.000000 54.545455 0.000000
vt 0.000000 65.454545 0.000000
vt 2.000000 65.454545 0.000000
vt 0.000000 76.363636 0.000000
vt 2.000000 76.363636 0.000000
vt 0.000000 87.272727 0.000000
vt 2.000000 87.272727 0.000000
vt 0.000000 98.181818 0.000000
vt 2.000000 98.181818 0.000000
vt 0.000000 109.090909 0.000000
vt 2.000000 109.090909 0.000000
vt 0.000000 120.000000 0.000000
vt 2.000000 120.000000 0.000000
vt -0.000000 0.000000 0.000000
vt 2.000000 0.000000 0.000000
vt -0.000000 10.909091 0.000000
vt 2.000000 10.909091 0.000000
vt -0.000000 21.818182 0.000000
vt 2.000000 21.818182 0.000000
vt -0.000000 32.727273 0.000000
vt 2.000000 32.727273 0.000000
vt -0.000000 43.636364 0.000000
vt 2.000000 43.636364 0.000000
vt -0.000000 54.545455 0.000000
vt 2.000000 54.545455 0.000000
vt -0.000000 65.454545 0.000000
vt 2.000000 65.454545 0.000000
vt -0.000000 76.363636 0.000000
vt 2.000000 76.363636 0.000000
vt -0.000000 87.272727 0.000000
vt 2.000000 87.272727 0.000000
vt -0.000000 98.181818 0.000000
vt 2.000000 98.181818 0.000000
vt -0.000000 109.090909 0.000000
vt 2.000000 109.090909 0.000000
vt -0.000000 120.000000 0.000000
vt 2.000000 120.000000 0.000000
vt -0.000000 0.000000 0.000000
vt 2.000000 0.000000 0.000000
vt -0.000000 10.909091 0.000000
vt 2.000000 10.909091 0.000000
vt -0.000000 21.818182 0.000000
vt 2.000000 21.818182 0.000000
vt -0.000000 32.727273 0.000000
vt 2.000000 32.727273 0.000000
vt -0.000000 43.636364 0.000000
vt 2.000000 43.636364 0.000000
vt -0.000000 54.545455 0.000000
vt 2.000000 54.545455 0.000000
vt -0.000000 65.454545 0.000000
vt 2.000000 65.454545 0.000000
vt -0.000000 76.363636 0.000000
vt 2.000000 76.363636 0.000000
vt -0.000000 87.272727 0.000000
vt 2.000000 87.272727 0.000000
vt -0.000000 98.181818 0.000000
vt 2.000000 98.181818 0.000000
vt -0.000000 109.090909 0.000000
vt 2.000000 109.090909 0.000000
vt -0.000000 120.000000 0.000000
vt 2.000000 120.000000 0.000000
vt -0.000000 0.000000 0.000000
vt 2.000000 0.000000 0.000000
vt -0.000000 10.909091 0.000000
vt 2.000000 10.909091 0.000000
vt -0.000000 21.818182 0.000000
vt 2.000000 21.818182 0.000000
vt -0.000000 32.727273 0.000000
vt 2.000000 32.727273 0.000000
vt -0.000000 43.636364 0.000000
vt 2.000000 43.636364 0.000000
vt -0.000000 54.545455 0.000000
vt 2.000000 54.545455 0.000000
vt -0.000000 65.454545 0.000000
vt 2.000000 65.454545 0.000000
vt -0.000000 76.363636 0.000000
vt 2.000000 76.363636 0.000000
vt -0.000000 87.272727 0.000000
vt 2.000000 87.272727 0.000000
vt -0.000000 98.181818 0.000000
vt 2.000000 98.181818 0.000000
vt -0.000000 109.090909 0.000000
vt 2.000000 109.090909 0.000000
vt 0.000000 120.000000 0.000000
vt 2.000000 120.000000 0.000000
vt 1.000000 1.000000 0.000000
vt -1.000000 1.000000 0.000000
vt 1.000000 -1.000000 0.000000
vt -1.000000 -1.000000 0.000000
vt -1.000000 -1.000000 0.000000
vt 1.000000 -1.000000 0.000000
vt -1.000000 1.000000 0.000000
vt 1.000000 1.000000 0.000000
vn 1.000000 0.000000 0.000000
vn 1.000000 0.000000 0.000000
vn 1.000000 0.000000 0.000000
vn 1.000000 0.000000 0.000000
vn 1.000000 0.000000 0.000000
vn 1.000000 0.000000 0.000000
vn 1.000000 0.000000 0.000000
vn 1.000000 0.000000 0.000000
vn 1.000000 0.000000 0.000000
vn 1.000000 0.000000 0.000000
vn 1.000000 0.000000 0.000000
vn 1.000000 0.000000 0.000000
vn 1.000000 0.000000 0.000000
vn 1.000000 0.000000 0.000000
vn 1.000000 0.000000 0.000000
vn 1.000000 0.000000 0.000000
vn 1.000000 0.000000 0.000000
vn 1.000000 0.000000 0.000000
vn 1.000000 0.000000 0.000000
vn 1.000000 0.000000 0.000000
vn 1.000000 0.000000 0.000000
vn 1.000000 0.000000 0.000000
vn 1.000000 0.000000 0.000000
vn 1.000000 0.000000 0.000000
vn -0.000000 0.000000 1.000000
vn -0.000000 0.000000 1.000000
vn -0.000000 0.000000 1.000000
vn -0.000000 0.000000 1.000000
vn -0.000000 0.000000 1.000000
vn -0.000000 0.000000 1.000000
vn -0.000000 0.000000 1.000000
vn -0.000000 0.000000 1.000000
vn -0.000000 0.000000 1.000000
vn -0.000000 0.000000 1.000000
vn -0.000000 0.000000 1.000000
vn -0.000000 0.000000 1.000000
vn -0.000000 0.000000 1.000000
vn -0.000000 0.000000 1.000000
vn -0.000000 0.000000 1.000000
vn -0.000000 0.000000 1.000000
vn -0.000000 0.000000 1.000000
vn -0.000000 0.000000 1.000000
vn -0.000000 0.000000 1.000000
vn -0.000000 0.000000 1.000000
vn -0.000000 0.000000 1.000000
vn -0.000000 0.000000 1.000000
vn -0.000000 0.000000 1.000000
vn -0.000000 0.000000 1.000000
vn -1.000000 -0.000000 -0.000000
vn -1.000000 -0.000000 -0.000000
vn -1.000000 -0.000000 -0.000000
vn -1.000000 -0.000000 -0.000000
vn -1.000000 -0.000000 -0.000000
vn -1.000000 -0.000000 -0.000000
vn -1.000000 -0.000000 -0.000000
vn -1.000000 -0.000000 -0.000000
vn -1.000000 -0.000000 -0.000000
vn -1.000000 -0.000000 -0.000000
vn -1.000000 -0.000000 -0.000000
vn -1.000000 -0.000000 -0.000000
vn -1.000000 -0.000000 -0.000000
vn -1.000000 -0.000000 -0.000000
vn -1.000000 -0.000000 -0.000000
vn -1.000000 -0.000000 -0.000000
vn -1.000000 -0.000000 -0.000000
vn -1.000000 -0.000000 -0.000000
vn -1.000000 -0.000000 -0.000000
vn -1.000000 -0.000000 -0.000000
vn -1.000000 -0.000000 -0.000000
vn -1.000000 -0.000000 -0.000000
vn -1.000000 -0.000000 -0.000000
vn -1.000000 -0.000000 -0.000000
vn 0.000000 -0.000000 -1.000000
vn 0.000000 -0.000000 -1.000000
vn 0.000000 -0.000000 -1.000000
vn 0.000000 -0.000000 -1.000000
vn 0.000000 -0.000000 -1.000000
vn 0.000000 -0.000000 -1.000000
vn 0.000000 -0.000000 -1.000000
vn 0.000000 -0.000000 -1.000000
vn 0.000000 -0.000000 -1.000000
vn 0.000000 -0.000000 -1.000000
vn 0.000000 -0.000000 -1.000000
vn 0.000000 -0.000000 -1.000000
vn 0.000000 -0.000000 -1.000000
vn 0.000000 -0.000000 -1.000000
vn 0.000000 -0.000000 -1.000000
vn 0.000000 -0.000000 -1.000000
vn 0.000000 -0.000000 -1.000000
vn 0.000000 -0.000000 -1.000000
vn 0.000000 -0.000000 -1.000000
vn 0.000000 -0.000000 -1.000000
vn 0.000000 -0.000000 -1.000000
vn 0.000000 -0.000000 -1.000000
vn 0.000000 -0.000000 -1.000000
vn 0.000000 -0.000000 -1.000000
vn -0.000000 1.000000 0.000000
vn -0.000000 1.000000 0.000000
vn -0.000000 1.000000 0.000000
vn -0.000000 1.000000 0.000000
vn 0.000000 -1.000000 -0.000000
vn 0.000000 -1.000000 -0.000000
vn 0.000000 -1.000000 -0.000000
vn 0.000000 -1.000000 -0.000000
f 1121/2101/2101 1122/2102/2102 1144/2103/2103
f 1144/2103/2103 1122/2102/2102 1123/2104/2104
f 1144/2103/2103 1123/2104/2104 1143/2105/2105
f 1143/2105/2105 1123/2104/2104 1124/2106/2106
f 1143/2105/2105 1124/2106/2106 1142/2107/2107
f 1142/2107/2107 1124/2106/2106 1125/2108/2108
f 1142/2107/2107 1125/2108/2108 1141/2109/2109
f 1141/2109/2109 1125/2108/2108 1126/2110/2110
f 1141/2109/2109 1126/2110/2110 1140/2111/2111
f 1140/2111/2111 1126/2110/2110 1127/2112/2112
f 1140/2111/2111 1127/2112/2112 1139/2113/2113
f 1139/2113/2113 1127/2112/2112 1128/2114/2114
f 1139/2113/2113 1128/2114/2114 1138/2115/2115
f 1138/2115/2115 1128/2114/2114 1129/2116/2116
f 1138/2115/2115 1129/2116/2116 1137/2117/2117
f 1137/2117/2117 1129/2116/2116 1130/2118/2118
f 1137/2117/2117 1130/2118/2118 1136/2119/2119
f 1136/2119/2119 1130/2118/2118 1131/2120/2120
f 1136/2119/2119 1131/2120/2120 1135/2121/2121
f 1135/2121/2121 1131/2120/2120 1132/2122/2122
f 1135/2121/2121 1132/2122/2122 1134/2123/2123
f 1134/2123/2123 1132/2122/2122 1133/2124/2124
f 1145/2125/2125 1121/2126/2126 1156/2127/2127
f 1156/2127/2127 1121/2126/2126 1144/2128/2128
f 1156/2127/2127 1144/2128/2128 1155/2129/2129
f 1155/2129/2129 1144/2128/2128 1143/2130/2130
f 1155/2129/2129 1143/2130/2130 1154/2131/2131
f 1154/2131/2131 1143/2130/2130 1142/2132/2132
f 1154/2131/2131 1142/2132/2132 1153/2133/2133
f 1153/2133/2133 1142/2132/2132 1141/2134/2134
f 1153/2133/2133 1141/2134/2134 1152/2135/2135
f 1152/2135/2135 1141/2134/2134 1140/2136/2136
f 1152/2135/2135 1140/2136/2136 1151/2137/2137
f 1151/2137/2137 1140/2136/2136 1139/2138/2138
f 1151/2137/2137 1139/2138/2138 1150/2139/2139
f 1150/2139/2139 1139/2138/2138 1138/2140/2140
f 1150/2139/2139 1138/2140/2140 1149/2141/2141
f 1149/2141/2141 1138/2140/2140 1137/2142/2142
f 1149/2141/2141 1137/2142/2142 1148/2143/2143
f 1148/2143/2143 1137/2142/2142 1136/2144/2144
f 1148/2143/2143 1136/2144/2144 1147/2145/2145
f 1147/2145/2145 1136/2144/2144 1135/2146/2146
f 1147/2145/2145 1135/2146/2146 1146/2147/2147
f 1146/2147/2147 1135/2146/2146 1134/2148/2148
f 1157/2149/2149 1145/2150/2150 1168/2151/2151
f 1168/2151/2151 1145/2150/2150 1156/2152/2152
f 1168/2151/2151 1156/2152/2152 1167/2153/2153
f 1167/2153/2153 1156/2152/2152 1155/2154/2154
f 1167/2153/2153 1155/2154/2154 1166/2155/2155
f 1166/2155/2155 1155/2154/2154 1154/2156/2156
f 1166/2155/2155 1154/2156/2156 1165/2157/2157
f 1165/2157/2157 1154/2156/2156 1153/2158/2158
f 1165/2157/2157 1153/2158/2158 1164/2159/2159
f 1164/2159/2159 1153/2158/2158 1152/2160/2160
f 1164/2159/2159 1152/2160/2160 1163/2161/2161
f 1163/2161/2161 1152/2160/2160 1151/2162/2162
f 1163/2161/2161 1151/2162/2162 1162/2163/2163
f 1162/2163/2163 1151/2162/2162 1150/2164/2164
f 1162/2163/2163 1150/2164/2164 1161/2165/2165
f 1161/2165/2165 1150/2164/2164 1149/2166/2166
f 1161/2165/2165 1149/2166/2166 1160/2167/2167
f 1160/2167/2167 1149/2166/2166 1148/2168/2168
f 1160/2167/2167 1148/2168/2168 1159/2169/2169
f 1159/2169/2169 1148/2168/2168 1147/2170/2170
f 1159/2169/2169 1147/2170/2170 1158/2171/2171
f 1158/2171/2171 1147/2170/2170 1146/2172/2172
f 1122/2173/2173 1157/2174/2174 1123/2175/2175
f 1123/2175/2175 1157/2174/2174 1168/2176/2176
f 1123/2175/2175 1168/2176/2176 1124/2177/2177
f 1124/2177/2177 1168/2176/2176 1167/2178/2178
f 1124/2177/2177 1167/2178/2178 1125/2179/2179
f 1125/2179/2179 1167/2178/2178 1166/2180/2180
f 1125/2179/2179 1166/2180/2180 1126/2181/2181
f 1126/2181/2181 1166/2180/2180 1165/2182/2182
f 1126/2181/2181 1165/2182/2182 1127/2183/2183
f 1127/2183/2183 1165/2182/2182 1164/2184/2184
f 1127/2183/2183 1164/2184/2184 1128/2185/2185
f 1128/2185/2185 1164/2184/2184 1163/2186/2186
f 1128/2185/2185 1163/2186/2186 1129/2187/2187
f 1129/2187/2187 1163/2186/2186 1162/2188/2188
f 1129/2187/2187 1162/2188/2188 1130/2189/2189
f 1130/2189/2189 1162/2188/2188 1161/2190/2190
f 1130/2189/2189 1161/2190/2190 1131/2191/2191
f 1131/2191/2191 1161/2190/2190 1160/2192/2192
f 1131/2191/2191 1160/2192/2192 1132/2193/2193
f 1132/2193/2193 1160/2192/2192 1159/2194/2194
f 1132/2193/2193 1159/2194/2194 1133/2195/2195
f 1133/2195/2195 1159/2194/2194 1158/2196/2196
f 1158/2197/2197 1146/2198/2198 1133/2199/2199
f 1133/2199/2199 1146/2198/2198 1134/2200/2200
f 1157/2201/2201 1122/2202/2202 1145/2203/2203
f 1145/2203/2203 1122/2202/2202 1121/2204/2204
g Body1:21

v 72.000000 0.000000 -52.000000
v 72.000000 0.000000 -54.000000
v 62.000000 0.000000 -54.000000
v 52.000000 0.000000 -54.000000
v 42.000000 0.000000 -54.000000
v 32.000000 0.000000 -54.000000
v 22.000000 0.000000 -54.000000
v 12.000000 0.000000 -54.000000
v 2.000000 0.000000 -54.000000
v 2.000000 0.000000 -52.000000
v 12.000000 0.000000 -52.000000
v 22.000000 0.000000 -52.000000
v 32.000000 0.000000 -52.000000
v 42.000000 0.000000 -52.000000
v 52.000000 0.000000 -52.000000
v 62.000000 0.000000 -52.000000
v 72.000000 -2.000000 -52.000000
v 2.000000 -2.000000 -52.000000
v 12.000000 -2.000000 -52.000000
v 22.000000 -2.000000 -52.000000
v 32.000000 -2.000000 -52.000000
v 42.000000 -2.000000 -52.000000
v 52.000000 -2.000000 -52.000000
v 62.000000 -2.000000 -52.000000
v 72.000000 -2.000000 -54.000000
v 2.000000 -2.000000 -54.000000
v 12.000000 -2.000000 -54.000000
v 22.000000 -2.000000 -54.000000
v 32.000000 -2.000000 -54.000000
v 42.000000 -2.000000 -54.000000
v 52.000000 -2.000000 -54.000000
v 62.000000 -2.000000 -54.000000
vt 0.000000 0.000000 0.000000
vt 2.000000 0.000000 0.000000
vt 0.000000 10.000000 0.000000
vt 2.000000 10.000000 0.000000
vt 0.000000 20.000000 0.000000
vt 2.000000 20.000000 0.000000
vt 0.000000 30.000000 0.000000
vt 2.000000 30.000000 0.000000
vt 0.000000 40.000000 0.000000
vt 2.000000 40.000000 0.000000
vt 0.000000 50.000000 0.000000
vt 2.000000 50.000000 0.000000
vt 0.000000 60.000000 0.000000
vt 2.000000 60.000000 0.000000
vt 0.000000 70.000000 0.000000
vt 2.000000 70.000000 0.000000
vt -0.000000 0.000000 0.000000
vt 2.000000 0.000000 0.000000
vt -0.000000 10.000000 0.000000
vt 2.000000 10.000000 0.000000
vt -0.000000 20.000000 0.000000
vt 2.000000 20.000000 0.000000
vt -0.000000 30.000000 0.000000
vt 2.000000 30.000000 0.000000
vt -0.000000 40.000000 0.000000
vt 2.000000 40.000000 0.000000
vt -0.000000 50.000000 0.000000
vt 2.000000 50.000000 0.000000
vt -0.000000 60.000000 0.000000
vt 2.000000 60.000000 0.000000
vt -0.000000 70.000000 0.000000
vt 2.000000 70.000000 0.000000
vt -0.000000 0.000000 0.000000
vt 2.000000 0.000000 0.000000
vt -0.000000 10.000000 0.000000
vt 2.000000 10.000000 0.000000
vt -0.000000 20.000000 0.000000
vt 2.000000 20.000000 0.000000
vt -0.000000 30.000000 0.000000
vt 2.000000 30.000000 0.000000
vt -0.000000 40.000000 0.000000
vt 2.000000 40.000000 0.000000
vt -0.000000 50.000000 0.000000
vt 2.000000 50.000000 0.000000
vt -0.000000 60.000000 0.000000
vt 2.000000 60.000000 0.000000
vt -0.000000 70.000000 0.000000
vt 2.000000 70.000000 0.000000
vt 0.000000 0.000000 0.000000
vt 2.000000 0.000000 0.000000
vt 0.000000 10.000000 0.000000
vt 2.000000 10.000000 0.000000
vt 0.000000 20.000000 0.000000
vt 2.000000 20.000000 0.000000
vt 0.000000 30.000000 0.000000
vt 2.000000 30.000000 0.000000
vt 0.000000 40.000000 0.000000
vt 2.000000 40.000000 0.000000
vt 0.000000 50.000000 0.000000
vt 2.000000 50.000000 0.000000
vt 0.000000 60.000000 0.000000
vt 2.000000 60.000000 0.000000
vt 0.000000 70.000000 0.000000
vt 2.000000 70.000000 0.000000
vt 1.000000 1.000000 0.000000
vt -1.000000 1.000000 0.000000
vt 1.000000 -1.000000 0.000000
vt -1.000000 -1.000000 0.000000
vt -1.000000 -1.000000 0.000000
vt 1.000000 -1.000000 0.000000
vt -1.000000 1.000000 0.000000
vt 1.000000 1.000000 0.000000
vn 0.000000 1.000000 -0.000000
vn 0.000000 1.000000 -0.000000
vn 0.000000 1.000000 -0.000000
vn 0.000000 1.000000 -0.000000
vn 0.000000 1.000000 -0.000000
vn 0.000000 1.000000 -0.000000
vn 0.000000 1.000000 -0.000000
vn 0.000000 1.000000 -0.000000
vn 0.000000 1.000000 -0.000000
vn 0.000000 1.000000 -0.000000
vn 0.000000 1.000000 -0.000000
vn 0.000000 1.000000 -0.000000
vn 0.000000 1.000000 -0.000000
vn 0.000000 1.000000 -0.000000
vn 0.000000 1.000000 -0.000000
vn 0.000000 1.000000 -0.000000
vn 0.000000 0.000000 1.000000
vn 0.000000 0.000000 1.000000
vn 0.000000 0.000000 1.000000
vn 0.000000 0.000000 1.000000
vn 0.000000 0.000000 1.000000
vn 0.000000 0.000000 1.000000
vn 0.000000 0.000000 1.000000
vn 0.000000 0.000000 1.000000
vn 0.000000 0.000000 1.000000
vn 0.000000 0.000000 1.000000
vn 0.000000 0.000000 1.000000
vn 0.000000 0.000000 1.000000
vn 0.000000 0.000000 1.000000
vn 0.000000 0.000000 1.000000
vn 0.000000 0.000000 1.000000
vn 0.000000 0.000000 1.000000
vn -0.000000 -1.000000 0.000000
vn -0.000000 -1.000000 0.000000
vn -0.000000 -1.000000 0.000000
vn -0.000000 -1.000000 0.000000
vn -0.000000 -1.000000 0.000000
vn -0.000000 -1.000000 0.000000
vn -0.000000 -1.000000 0.000000
vn -0.000000 -1.000000 0.000000
vn -0.000000 -1.000000 0.000000
vn -0.000000 -1.000000 0.000000
vn -0.000000 -1.000000 0.000000
vn -0.000000 -1.000000 0.000000
vn -0.000000 -1.000000 0.000000
vn -0.000000 -1.000000 0.000000
vn -0.000000 -1.000000 0.000000
vn -0.000000 -1.000000 0.000000
vn -0.000000 -0.000000 -1.000000
vn -0.000000 -0.000000 -1.000000
vn -0.000000 -0.000000 -1.000000
vn -0.000000 -0.000000 -1.000000
vn -0.000000 -0.000000 -1.000000
vn -0.000000 -0.000000 -1.000000
vn -0.000000 -0.000000 -1.000000
vn -0.000000 -0.000000 -1.000000
vn -0.000000 -0.000000 -1.000000
vn -0.000000 -0.000000 -1.000000
vn -0.000000 -0.000000 -1.000000
vn -0.000000 -0.000000 -1.000000
vn -0.000000 -0.000000 -1.000000
vn -0.000000 -0.000000 -1.000000
vn -0.000000 -0.000000 -1.000000
vn -0.000000 -0.000000 -1.000000
vn -1.000000 0.000000 0.000000
vn -1.000000 0.000000 0.000000
vn -1.000000 0.000000 0.000000
vn -1.000000 0.000000 0.000000
vn 1.000000 -0.000000 -0.000000
vn 1.000000 -0.000000 -0.000000
vn 1.000000 -0.000000 -0.000000
vn 1.000000 -0.000000 -0.000000
f 1169/2205/2205 1170/2206/2206 1184/2207/2207
f 1184/2207/2207 1170/2206/2206 1171/2208/2208
f 1184/2207/2207 1171/2208/2208 1183/2209/2209
f 1183/2209/2209 1171/2208/2208 1172/2210/2210
f 1183/2209/2209 1172/2210/2210 1182/2211/2211
f 1182/2211/2211 1172/2210/2210 1173/2212/2212
f 1182/2211/2211 1173/2212/2212 1181/2213/2213
f 1181/2213/2213 1173/2212/2212 1174/2214/2214
f 1181/2213/2213 1174/2214/2214 1180/2215/2215
f 1180/2215/2215 1174/2214/2214 1175/2216/2216
f 1180/2215/2215 1175/2216/2216 1179/2217/2217
f 1179/2217/2217 1175/2216/2216 1176/2218/2218
f 1179/2217/2217 1176/2218/2218 1178/2219/2219
f 1178/2219/2219 1176/2218/2218 1177/2220/2220
f 1185/2221/2221 1169/2222/2222 1192/2223/2223
f 1192/2223/2223 1169/2222/2222 1184/2224/2224
f 1192/2223/2223 1184/2224/2224 1191/2225/2225
f 1191/2225/2225 1184/2224/2224 1183/2226/2226
f 1191/2225/2225 1183/2226/2226 1190/2227/2227
f 1190/2227/2227 1183/2226/2226 1182/2228/2228
f 1190/2227/2227 1182/2228/2228 1189/2229/2229
f 1189/2229/2229 1182/2228/2228 1181/2230/2230
f 1189/2229/2229 1181/2230/2230 1188/2231/2231
f 1188/2231/2231 1181/2230/2230 1180/2232/2232
f 1188/2231/2231 1180/2232/2232 1187/2233/2233
f 1187/2233/2233 1180/2232/2232 1179/2234/2234
f 1187/2233/2233 1179/2234/2234 1186/2235/2235
f 1186/2235/2235 1179/2234/2234 1178/2236/2236
f 1193/2237/2237 1185/2238/2238 1200/2239/2239
f 1200/2239/2239 1185/2238/2238 1192/2240/2240
f 1200/2239/2239 1192/2240/2240 1199/2241/2241
f 1199/2241/2241 1192/2240/2240 1191/2242/2242
f 1199/2241/2241 1191/2242/2242 1198/2243/2243
f 1198/2243/2243 1191/2242/2242 1190/2244/2244
f 1198/2243/2243 1190/2244/2244 1197/2245/2245
f 1197/2245/2245 1190/2244/2244 1189/2246/2246
f 1197/2245/2245 1189/2246/2246 1196/2247/2247
f 1196/2247/2247 1189/2246/2246 1188/2248/2248
f 1196/2247/2247 1188/2248/2248 1195/2249/2249
f 1195/2249/2249 1188/2248/2248 1187/2250/2250
f 1195/2249/2249 1187/2250/2250 1194/2251/2251
f 1194/2251/2251 1187/2250/2250 1186/2252/2252
f 1170/2253/2253 1193/2254/2254 1171/2255/2255
f 1171/2255/2255 1193/2254/2254 1200/2256/2256
f 1171/2255/2255 1200/2256/2256 1172/2257/2257
f 1172/2257/2257 1200/2256/2256 1199/2258/2258
f 1172/2257/2257 1199/2258/2258 1173/2259/2259
f 1173/2259/2259 1199/2258/2258 1198/2260/2260
f 1173/2259/2259 1198/2260/2260 1174/2261/2261
f 1174/2261/2261 1198/2260/2260 1197/2262/2262
f 1174/2261/2261 1197/2262/2262 1175/2263/2263
f 1175/2263/2263 1197/2262/2262 1196/2264/2264
f 1175/2263/2263 1196/2264/2264 1176/2265/2265
f 1176/2265/2265 1196/2264/2264 1195/2266/2266
f 1176/2265/2265 1195/2266/2266 1177/2267/2267
f 1177/2267/2267 1195/2266/2266 1194/2268/2268
f 1194/2269/2269 1186/2270/2270 1177/2271/2271
f 1177/2271/2271 1186/2270/2270 1178/2272/2272
f 1193/2273/2273 1170/2274/2274 1185/2275/2275
f 1185/2275/2275 1170/2274/2274 1169/2276/2276
g Body1:22

v 2.000000 0.000000 -54.000000
v 2.000000 -2.000000 -54.000000
v 2.000000 -2.000000 -64.000000
v 2.000000 -2.000000 -74.000000
v 2.000000 -2.000000 -84.000000
v 2.000000 -2.000000 -94.000000
v 2.000000 -2.000000 -104.000000
v 2.000000 0.000000 -104.000000
v 2.000000 0.000000 -94.000000
v 2.000000 0.000000 -84.000000
v 2.000000 0.000000 -74.000000
v 2.000000 0.000000 -64.000000
v -0.000000 0.000000 -54.000000
v -0.000000 0.000000 -104.000000
v -0.000000 0.000000 -94.000000
v -0.000000 0.000000 -84.000000
v -0.000000 0.000000 -74.000000
v -0.000000 0.000000 -64.000000
v -0.000000 -2.000000 -54.000000
v -0.000000 -2.000000 -104.000000
v -0.000000 -2.000000 -94.000000
v -0.000000 -2.000000 -84.000000
v -0.000000 -2.000000 -74.000000
v -0.000000 -2.000000 -64.000000
vt 0.000000 0.000000 0.000000
vt 2.000000 0.000000 0.000000
vt 0.000000 10.000000 0.000000
vt 2.000000 10.000000 0.000000
vt 0.000000 20.000000 0.000000
vt 2.000000 20.000000 0.000000
vt 0.000000 30.000000 0.000000
vt 2.000000 30.000000 0.000000
vt 0.000000 40.000000 0.000000
vt 2.000000 40.000000 0.000000
vt 0.000000 50.000000 0.000000
vt 2.000000 50.000000 0.000000
vt -0.000000 0.000000 0.000000
vt 2.000000 0.000000 0.000000
vt -0.000000 10.000000 0.000000
vt 2.000000 10.000000 0.000000
vt -0.000000 20.000000 0.000000
vt 2.000000 20.000000 0.000000
vt -0.000000 30.000000 0.000000
vt 2.000000 30.000000 0.000000
vt -0.000000 40.000000 0.000000
vt 2.000000 40.000000 0.000000
vt -0.000000 50.000000 0.000000
vt 2.000000 50.000000 0.000000
vt -0.000000 0.000000 0.000000
vt 2.000000 0.000000 0.000000
vt -0.000000 10.000000 0.000000
vt 2.000000 10.000000 0.000000
vt -0.000000 20.000000 0.000000
vt 2.000000 20.000000 0.000000
vt -0.000000 30.000000 0.000000
vt 2.000000 30.000000 0.000000
vt -0.000000 40.000000 0.000000
vt 2.000000 40.000000 0.000000
vt -0.000000 50.000000 0.000000
vt 2.000000 50.000000 0.000000
vt 0.000000 0.000000 0.000000
vt 2.000000 0.000000 0.000000
vt 0.000000 10.000000 0.000000
vt 2.000000 10.000000 0.000000
vt 0.000000 20.000000 0.000000
vt 2.000000 20.000000 0.000000
vt 0.000000 30.000000 0.000000
vt 2.000000 30.000000 0.000000
vt 0.000000 40.000000 0.000000
vt 2.000000 40.000000 0.000000
vt 0.000000 50.000000 0.000000
vt 2.000000 50.000000 0.000000
vt 1.000000 1.000000 0.000000
vt -1.000000 1.000000 0.000000
vt 1.000000 -1.000000 0.000000
vt -1.000000 -1.000000 0.000000
vt -1.000000 -1.000000 0.000000
vt 1.000000 -1.000000 0.000000
vt -1.000000 1.000000 0.000000
vt 1.000000 1.000000 0.000000
vn 1.000000 0.000000 0.000000
vn 1.000000 0.000000 0.000000
vn 1.000000 0.000000 0.000000
vn 1.000000 0.000000 0.000000
vn 1.000000 0.000000 0.000000
vn 1.000000 0.000000 0.000000
vn 1.000000 0.000000 0.000000
vn 1.000000 0.000000 0.000000
vn 1.000000 0.000000 0.000000
vn 1.000000 0.000000 0.000000
vn 1.000000 0.000000 0.000000
vn 1.000000 0.000000 0.000000
vn 0.000000 1.000000 0.000000
vn 0.000000 1.000000 0.000000
vn 0.000000 1.000000 0.000000
vn 0.000000 1.000000 0.000000
vn 0.000000 1.000000 0.000000
vn 0.000000 1.000000 0.000000
vn 0.000000 1.000000 0.000000
vn 0.000000 1.000000 0.000000
vn 0.000000 1.000000 0.000000
vn 0.000000 1.000000 0.000000
vn 0.000000 1.000000 0.000000
vn 0.000000 1.000000 0.000000
vn -1.000000 -0.000000 -0.000000
vn -1.000000 -0.000000 -0.000000
vn -1.000000 -0.000000 -0.000000
vn -1.000000 -0.000000 -0.000000
vn -1.000000 -0.000000 -0.000000
vn -1.000000 -0.000000 -0.000000
vn -1.000000 -0.000000 -0.000000
vn -1.000000 -0.000000 -0.000000
vn -1.000000 -0.000000 -0.000000
vn -1.000000 -0.000000 -0.000000
vn -1.000000 -0.000000 -0.000000
vn -1.000000 -0.000000 -0.000000
vn -0.000000 -1.000000 -0.000000
vn -0.000000 -1.000000 -0.000000
vn -0.000000 -1.000000 -0.000000
vn -0.000000 -1.000000 -0.000000
vn -0.000000 -1.000000 -0.000000
vn -0.000000 -1.000000 -0.000000
vn -0.000000 -1.000000 -0.000000
vn -0.000000 -1.000000 -0.000000
vn -0.000000 -1.000000 -0.000000
vn -0.000000 -1.000000 -0.000000
vn -0.000000 -1.000000 -0.000000
vn -0.000000 -1.000000 -0.000000
vn 0.000000 -0.000000 -1.000000
vn 0.000000 -0.000000 -1.000000
vn 0.000000 -0.000000 -1.000000
vn 0.000000 -0.000000 -1.000000
vn -0.000000 0.000000 1.000000
vn -0.000000 0.000000 1.000000
vn -0.000000 0.000000 1.000000
vn -0.000000 0.000000 1.000000
f 1201/2277/2277 1202/2278/2278 1212/2279/2279
f 1212/2279/2279 1202/2278/2278 1203/2280/2280
f 1212/2279/2279 1203/2280/2280 1211/2281/2281
f 1211/2281/2281 1203/2280/2280 1204/2282/2282
f 1211/2281/2281 1204/2282/2282 1210/2283/2283
f 1210/2283/2283 1204/2282/2282 1205/2284/2284
f 1210/2283/2283 1205/2284/2284 1209/2285/2285
f 1209/2285/2285 1205/2284/2284 1206/2286/2286
f 1209/2285/2285 1206/2286/2286 1208/2287/2287
f 1208/2287/2287 1206/2286/2286 1207/2288/2288
f 1213/2289/2289 1201/2290/2290 1218/2291/2291
f 1218/2291/2291 1201/2290/2290 1212/2292/2292
f 1218/2291/2291 1212/2292/2292 1217/2293/2293
f 1217/2293/2293 1212/2292/2292 1211/2294/2294
f 1217/2293/2293 1211/2294/2294 1216/2295/2295
f 1216/2295/2295 1211/2294/2294 1210/2296/2296
f 1216/2295/2295 1210/2296/2296 1215/2297/2297
f 1215/2297/2297 1210/2296/2296 1209/2298/2298
f 1215/2297/2297 1209/2298/2298 1214/2299/2299
f 1214/2299/2299 1209/2298/2298 1208/2300/2300
f 1219/2301/2301 1213/2302/2302 1224/2303/2303
f 1224/2303/2303 1213/2302/2302 1218/2304/2304
f 1224/2303/2303 1218/2304/2304 1223/2305/2305
f 1223/2305/2305 1218/2304/2304 1217/2306/2306
f 1223/2305/2305 1217/2306/2306 1222/2307/2307
f 1222/2307/2307 1217/2306/2306 1216/2308/2308
f 1222/2307/2307 1216/2308/2308 1221/2309/2309
f 1221/2309/2309 1216/2308/2308 1215/2310/2310
f 1221/2309/2309 1215/2310/2310 1220/2311/2311
f 1220/2311/2311 1215/2310/2310 1214/2312/2312
f 1202/2313/2313 1219/2314/2314 1203/2315/2315
f 1203/2315/2315 1219/2314/2314 1224/2316/2316
f 1203/2315/2315 1224/2316/2316 1204/2317/2317
f 1204/2317/2317 1224/2316/2316 1223/2318/2318
f 1204/2317/2317 1223/2318/2318 1205/2319/2319
f 1205/2319/2319 1223/2318/2318 1222/2320/2320
f 1205/2319/2319 1222/2320/2320 1206/2321/2321
f 1206/2321/2321 1222/2320/2320 1221/2322/2322
f 1206/2321/2321 1221/2322/2322 1207/2323/2323
f 1207/2323/2323 1221/2322/2322 1220/2324/2324
f 1220/2325/2325 1214/2326/2326 1207/2327/2327
f 1207/2327/2327 1214/2326/2326 1208/2328/2328
f 1219/2329/2329 1202/2330/2330 1213/2331/2331
f 1213/2331/2331 1202/2330/2330 1201/2332/2332
g Body1:23

v 2.000000 0.000000 -52.000000
v 2.000000 0.000000 -54.000000
v 2.000000 10.909091 -54.000000
v 2.000000 21.818182 -54.000000
v 2.000000 32.727273 -54.000000
v 2.000000 43.636364 -54.000000
v 2.000000 54.545455 -54.000000
v 2.000000 65.454545 -54.000000
v 2.000000 76.363636 -54.000000
v 2.000000 87.272727 -54.000000
v 2.000000 98.181818 -54.000000
v 2.000000 109.090909 -54.000000
v 2.000000 120.000000 -54.000000
v 2.000000 120.000000 -52.000000
v 2.000000 109.090909 -52.000000
v 2.000000 98.181818 -52.000000
v 2.000000 87.272727 -52.000000
v 2.000000 76.363636 -52.000000
v 2.000000 65.454545 -52.000000
v 2.000000 54.545455 -52.000000
v 2.000000 43.636364 -52.000000
v 2.000000 32.727273 -52.000000
v 2.000000 21.818182 -52.000000
v 2.000000 10.909091 -52.000000
v 0.000000 0.000000 -52.000000
v -0.000000 120.000000 -52.000000
v -0.000000 109.090909 -52.000000
v -0.000000 98.181818 -52.000000
v -0.000000 87.272727 -52.000000
v -0.000000 76.363636 -52.000000
v -0.000000 65.454545 -52.000000
v -0.000000 54.545455 -52.000000
v -0.000000 43.636364 -52.000000
v -0.000000 32.727273 -52.000000
v -0.000000 21.818182 -52.000000
v -0.000000 10.909091 -52.000000
v 0.000000 0.000000 -54.000000
v -0.000000 120.000000 -54.000000
v -0.000000 109.090909 -54.000000
v -0.000000 98.181818 -54.000000
v -0.000000 87.272727 -54.000000
v -0.000000 76.363636 -54.000000
v -0.000000 65.454545 -54.000000
v -0.000000 54.545455 -54.000000
v -0.000000 43.636364 -54.000000
v -0.000000 32.727273 -54.000000
v -0.000000 21.818182 -54.000000
v -0.000000 10.909091 -54.000000
vt 0.000000 0.000000 0.000000
vt 2.000000 0.000000 0.000000
vt 0.000000 10.909091 0.000000
vt 2.000000 10.909091 0.000000
vt 0.000000 21.818182 0.000000
vt 2.000000 21.818182 0.000000
vt 0.000000 32.727273 0.000000
vt 2.000000 32.727273 0.000000
vt 0.000000 43.636364 0.000000
vt 2.000000 43.636364 0.000000
vt 0.000000 54.545455 0.000000
vt 2.000000 54.545455 0.000000
vt 0.000000 65.454545 0.000000
vt 2.000000 65.454545 0.000000
vt 0.000000 76.363636 0.000000
vt 2.000000 76.363636 0.000000
vt 0.000000 87.272727 0.000000
vt 2.000000 87.272727 0.000000
vt 0.000000 98.181818 0.000000
vt 2.000000 98.181818 0.000000
vt 0.000000 109.090909 0.000000
vt 2.000000 109.090909 0.000000
vt 0.000000 120.000000 0.000000
vt 2.000000 120.000000 0.000000
vt -0.000000 0.000000 0.000000
vt 2.000000 0.000000 0.000000
vt -0.000000 10.909091 0.000000
vt 2.000000 10.909091 0.000000
vt -0.000000 21.818182 0.000000
vt 2.000000 21.818182 0.000000
vt -0.000000 32.727273 0.000000
vt 2.000000 32.727273 0.000000
vt -0.000000 43.636364 0.000000
vt 2.000000 43.636364 0.000000
vt -0.000000 54.545455 0.000000
vt 2.000000 54.545455 0.000000
vt -0.000000 65.454545 0.000000
vt 2.000000 65.454545 0.000000
vt -0.000000 76.363636 0.000000
vt 2.000000 76.363636 0.000000
vt -0.000000 87.272727 0.000000
vt 2.000000 87.272727 0.000000
vt -0.000000 98.181818 0.000000
vt 2.000000 98.181818 0.000000
vt -0.000000 109.090909 0.000000
vt 2.000000 109.090909 0.000000
vt -0.000000 120.000000 0.000000
vt 2.000000 120.000000 0.000000
vt -0.000000 0.000000 0.000000
vt 2.000000 0.000000 0.000000
vt -0.000000 10.909091 0.000000
vt 2.000000 10.909091 0.000000
vt -0.000000 21.818182 0.000000
vt 2.000000 21.818182 0.000000
vt -0.000000 32.727273 0.000000
vt 2.000000 32.727273 0.000000
vt -0.000000 43.636364 0.000000
vt 2.000000 43.636364 0.000000
vt -0.000000 54.545455 0.000000
vt 2.000000 54.545455 0.000000
vt -0.000000 65.454545 0.000000
vt 2.000000 65.454545 0.000000
vt -0.000000 76.363636 0.000000
vt 2.000000 76.363636 0.000000
vt -0.000000 87.272727 0.000000
vt 2.000000 87.272727 0.000000
vt -0.000000 98.181818 0.000000
vt 2.000000 98.181818 0.000000
vt -0.000000 109.090909 0.000000
vt 2.000000 109.090909 0.000000
vt -0.000000 120.000000 0.000000
vt 2.000000 120.000000 0.000000
vt -0.000000 0.000000 0.000000
vt 2.000000 0.000000 0.000000
vt -0.000000 10.909091 0.000000
vt 2.000000 10.909091 0.000000
vt -0.000000 21.818182 0.000000
vt 2.000000 21.818182 0.000000
vt -0.000000 32.727273 0.000000
vt 2.000000 32.727273 0.000000
vt -0.000000 43.636364 0.000000
vt 2.000000 43.636364 0.000000
vt -0.000000 54.545455 0.000000
vt 2.000000 54.545455 0.000000
vt -0.000000 65.454545 0.000000
vt 2.000000 65.454545 0.000000
vt -0.000000 76.363636 0.000000
vt 2.000000 76.363636 0.000000
vt -0.000000 87.272727 0.000000
vt 2.000000 87.272727 0.000000
vt -0.000000 98.181818 0.000000
vt 2.000000 98.181818 0.000000
vt -0.000000 109.090909 0.000000
vt 2.000000 109.090909 0.000000
vt 0.000000 120.000000 0.000000
vt 2.000000 120.000000 0.000000
vt 1.000000 1.000000 0.000000
vt -1.000000 1.000000 0.000000
vt 1.000000 -1.000000 0.000000
vt -1.000000 -1.000000 0.000000
vt -1.000000 -1.000000 0.000000
vt 1.000000 -1.000000 0.000000
vt -1.000000 1.000000 0.000000
vt 1.000000 1.000000 0.000000
vn 1.000000 0.000000 0.000000
vn 1.000000 0.000000 0.000000
vn 1.000000 0.000000 0.000000
vn 1.000000 0.000000 0.000000
vn 1.000000 0.000000 0.000000
vn 1.000000 0.000000 0.000000
vn 1.000000 0.000000 0.000000
vn 1.000000 0.000000 0.000000
vn 1.000000 0.000000 0.000000
vn 1.000000 0.000000 0.000000
vn 1.000000 0.000000 0.000000
vn 1.000000 0.000000 0.000000
vn 1.000000 0.000000 0.000000
vn 1.000000 0.000000 0.000000
vn 1.000000 0.000000 0.000000
vn 1.000000 0.000000 0.000000
vn 1.000000 0.000000 0.000000
vn 1.000000 0.000000 0.000000
vn 1.000000 0.000000 0.000000
vn 1.000000 0.000000 0.000000
vn 1.000000 0.000000 0.000000
vn 1.000000 0.000000 0.000000
vn 1.000000 0.000000 0.000000
vn 1.000000 0.000000 0.000000
vn -0.000000 0.000000 1.000000
vn -0.000000 0.000000 1.000000
vn -0.000000 0.000000 1.000000
vn -0.000000 0.000000 1.000000
vn -0.000000 0.000000 1.000000
vn -0.000000 0.000000 1.000000
vn -0.000000 0.000000 1.000000
vn -0.000000 0.000000 1.000000
vn -0.000000 0.000000 1.000000
vn -0.000000 0.000000 1.000000
vn -0.000000 0.000000 1.000000
vn -0.000000 0.000000 1.000000
vn -0.000000 0.000000 1.000000
vn -0.000000 0.000000 1.000000
vn -0.000000 0.000000 1.000000
vn -0.000000 0.000000 1.000000
vn -0.000000 0.000000 1.000000
vn -0.000000 0.000000 1.000000
vn -0.000000 0.000000 1.000000
vn -0.000000 0.000000 1.000000
vn -0.000000 0.000000 1.000000
vn -0.000000 0.000000 1.000000
vn -0.000000 0.000000 1.000000
vn -0.000000 0.000000 1.000000
vn -1.000000 -0.000000 -0.000000
vn -1.000000 -0.000000 -0.000000
vn -1.000000 -0.000000 -0.000000
vn -1.000000 -0.000000 -0.000000
vn -1.000000 -0.000000 -0.000000
vn -1.000000 -0.000000 -0.000000
vn -1.000000 -0.000000 -0.000000
vn -1.000000 -0.000000 -0.000000
vn -1.000000 -0.000000 -0.000000
vn -1.000000 -0.000000 -0.000000
vn -1.000000 -0.000000 -0.000000
vn -1.000000 -0.000000 -0.000000
vn -1.000000 -0.000000 -0.000000
vn -1.000000 -0.000000 -0.000000
vn -1.000000 -0.000000 -0.000000
vn -1.000000 -0.000000 -0.000000
vn -1.000000 -0.000000 -0.000000
vn -1.000000 -0.000000 -0.000000
vn -1.000000 -0.000000 -0.000000
vn -1.000000 -0.000000 -0.000000
vn -1.000000 -0.000000 -0.000000
vn -1.000000 -0.000000 -0.000000
vn -1.000000 -0.000000 -0.000000
vn -1.000000 -0.000000 -0.000000
vn 0.000000 -0.000000 -1.000000
vn 0.000000 -0.000000 -1.000000
vn 0.000000 -0.000000 -1.000000
vn 0.000000 -0.000000 -1.000000
vn 0.000000 -0.000000 -1.000000
vn 0.000000 -0.000000 -1.000000
vn 0.000000 -0.000000 -1.000000
vn 0.000000 -0.000000 -1.000000
vn 0.000000 -0.000000 -1.000000
vn 0.000000 -0.000000 -1.000000
vn 0.000000 -0.000000 -1.000000
vn 0.000000 -0.000000 -1.000000
vn 0.000000 -0.000000 -1.000000
vn 0.000000 -0.000000 -1.000000
vn 0.000000 -0.000000 -1.000000
vn 0.000000 -0.000000 -1.000000
vn 0.000000 -0.000000 -1.000000
vn 0.000000 -0.000000 -1.000000
vn 0.000000 -0.000000 -1.000000
vn 0.000000 -0.000000 -1.000000
vn 0.000000 -0.000000 -1.000000
vn 0.000000 -0.000000 -1.000000
vn 0.000000 -0.000000 -1.000000
vn 0.000000 -0.000000 -1.000000
vn -0.000000 1.000000 -0.000000
vn -0.000000 1.000000 -0.000000
vn -0.000000 1.000000 -0.000000
vn -0.000000 1.000000 -0.000000
vn 0.000000 -1.000000 0.000000
vn 0.000000 -1.000000 0.000000
vn 0.000000 -1.000000 0.000000
vn 0.000000 -1.000000 0.000000
f 1225/2333/2333 1226/2334/2334 1248/2335/2335
f 1248/2335/2335 1226/2334/2334 1227/2336/2336
f 1248/2335/2335 1227/2336/2336 1247/2337/2337
f 1247/2337/2337 1227/2336/2336 1228/2338/2338
f 1247/2337/2337 1228/2338/2338 1246/2339/2339
f 1246/2339/2339 1228/2338/2338 1229/2340/2340
f 1246/2339/2339 1229/2340/2340 1245/2341/2341
f 1245/2341/2341 1229/2340/2340 1230/2342/2342
f 1245/2341/2341 1230/2342/2342 1244/2343/2343
f 1244/2343/2343 1230/2342/2342 1231/2344/2344
f 1244/2343/2343 1231/2344/2344 1243/2345/2345
f 1243/2345/2345 1231/2344/2344 1232/2346/2346
f 1243/2345/2345 1232/2346/2346 1242/2347/2347
f 1242/2347/2347 1232/2346/2346 1233/2348/2348
f 1242/2347/2347 1233/2348/2348 1241/2349/2349
f 1241/2349/2349 1233/2348/2348 1234/2350/2350
f 1241/2349/2349 1234/2350/2350 1240/2351/2351
f 1240/2351/2351 1234/2350/2350 1235/2352/2352
f 1240/2351/2351 1235/2352/2352 1239/2353/2353
f 1239/2353/2353 1235/2352/2352 1236/2354/2354
f 1239/2353/2353 1236/2354/2354 1238/2355/2355
f 1238/2355/2355 1236/2354/2354 1237/2356/2356
f 1249/2357/2357 1225/2358/2358 1260/2359/2359
f 1260/2359/2359 1225/2358/2358 1248/2360/2360
f 1260/2359/2359 1248/2360/2360 1259/2361/2361
f 1259/2361/2361 1248/2360/2360 1247/2362/2362
f 1259/2361/2361 1247/2362/2362 1258/2363/2363
f 1258/2363/2363 1247/2362/2362 1246/2364/2364
f 1258/2363/2363 1246/2364/2364 1257/2365/2365
f 1257/2365/2365 1246/2364/2364 1245/2366/2366
f 1257/2365/2365 1245/2366/2366 1256/2367/2367
f 1256/2367/2367 1245/2366/2366 1244/2368/2368
f 1256/2367/2367 1244/2368/2368 1255/2369/2369
f 1255/2369/2369 1244/2368/2368 1243/2370/2370
f 1255/2369/2369 1243/2370/2370 1254/2371/2371
f 1254/2371/2371 1243/2370/2370 1242/2372/2372
f 1254/2371/2371 1242/2372/2372 1253/2373/2373
f 1253/2373/2373 1242/2372/2372 1241/2374/2374
f 1253/2373/2373 1241/2374/2374 1252/2375/2375
f 1252/2375/2375 1241/2374/2374 1240/2376/2376
f 1252/2375/2375 1240/2376/2376 1251/2377/2377
f 1251/2377/2377 1240/2376/2376 1239/2378/2378
f 1251/2377/2377 1239/2378/2378 1250/2379/2379
f 1250/2379/2379 1239/2378/2378 1238/2380/2380
f 1261/2381/2381 1249/2382/2382 1272/2383/2383
f 1272/2383/2383 1249/2382/2382 1260/2384/2384
f 1272/2383/2383 1260/2384/2384 1271/2385/2385
f 1271/2385/2385 1260/2384/2384 1259/2386/2386
f 1271/2385/2385 1259/2386/2386 1270/2387/2387
f 1270/2387/2387 1259/2386/2386 1258/2388/2388
f 1270/2387/2387 1258/2388/2388 1269/2389/2389
f 1269/2389/2389 1258/2388/2388 1257/2390/2390
f 1269/2389/2389 1257/2390/2390 1268/2391/2391
f 1268/2391/2391 1257/2390/2390 1256/2392/2392
f 1268/2391/2391 1256/2392/2392 1267/2393/2393
f 1267/2393/2393 1256/2392/2392 1255/2394/2394
f 1267/2393/2393 1255/2394/2394 1266/2395/2395
f 1266/2395/2395 1255/2394/2394 1254/2396/2396
f 1266/2395/2395 1254/2396/2396 1265/2397/2397
f 1265/2397/2397 1254/2396/2396 1253/2398/2398
f 1265/2397/2397 1253/2398/2398 1264/2399/2399
f 1264/2399/2399 1253/2398/2398 1252/2400/2400
f 1264/2399/2399 1252/2400/2400 1263/2401/2401
f 1263/2401/2401 1252/2400/2400 1251/2402/2402
f 1263/2401/2401 1251/2402/2402 1262/2403/2403
f 1262/2403/2403 1251/2402/2402 1250/2404/2404
f 1226/2405/2405 1261/2406/2406 1227/2407/2407
f 1227/2407/2407 1261/2406/2406 1272/2408/2408
f 1227/2407/2407 1272/2408/2408 1228/2409/2409
f 1228/2409/2409 1272/2408/2408 1271/2410/2410
f 1228/2409/2409 1271/2410/2410 1229/2411/2411
f 1229/2411/2411 1271/2410/2410 1270/2412/2412
f 1229/2411/2411 1270/2412/2412 1230/2413/2413
f 1230/2413/2413 1270/2412/2412 1269/2414/2414
f 1230/2413/2413 1269/2414/2414 1231/2415/2415
f 1231/2415/2415 1269/2414/2414 1268/2416/2416
f 1231/2415/2415 1268/2416/2416 1232/2417/2417
f 1232/2417/2417 1268/2416/2416 1267/2418/2418
f 1232/2417/2417 1267/2418/2418 1233/2419/2419
f 1233/2419/2419 1267/2418/2418 1266/2420/2420
f 1233/2419/2419 1266/2420/2420 1234/2421/2421
f 1234/2421/2421 1266/2420/2420 1265/2422/2422
f 1234/2421/2421 1265/2422/2422 1235/2423/2423
f 1235/2423/2423 1265/2422/2422 1264/2424/2424
f 1235/2423/2423 1264/2424/2424 1236/2425/2425
f 1236/2425/2425 1264/2424/2424 1263/2426/2426
f 1236/2425/2425 1263/2426/2426 1237/2427/2427
f 1237/2427/2427 1263/2426/2426 1262/2428/2428
f 1262/2429/2429 1250/2430/2430 1237/2431/2431
f 1237/2431/2431 1250/2430/2430 1238/2432/2432
f 1261/2433/2433 1226/2434/2434 1249/2435/2435
f 1249/2435/2435 1226/2434/2434 1225/2436/2436
g Body1:24

v 72.000000 122.000000 -104.000000
v 72.000000 122.000000 -106.000000
v 62.000000 122.000000 -106.000000
v 52.000000 122.000000 -106.000000
v 42.000000 122.000000 -106.000000
v 32.000000 122.000000 -106.000000
v 22.000000 122.000000 -106.000000
v 12.000000 122.000000 -106.000000
v 2.000000 122.000000 -106.000000
v 2.000000 122.000000 -104.000000
v 12.000000 122.000000 -104.000000
v 22.000000 122.000000 -104.000000
v 32.000000 122.000000 -104.000000
v 42.000000 122.000000 -104.000000
v 52.000000 122.000000 -104.000000
v 62.000000 122.000000 -104.000000
v 72.000000 120.000000 -104.000000
v 2.000000 120.000000 -104.000000
v 12.000000 120.000000 -104.000000
v 22.000000 120.000000 -104.000000
v 32.000000 120.000000 -104.000000
v 42.000000 120.000000 -104.000000
v 52.000000 120.000000 -104.000000
v 62.000000 120.000000 -104.000000
v 72.000000 120.000000 -106.000000
v 2.000000 120.000000 -106.000000
v 12.000000 120.000000 -106.000000
v 22.000000 120.000000 -106.000000
v 32.000000 120.000000 -106.000000
v 42.000000 120.000000 -106.000000
v 52.000000 120.000000 -106.000000
v 62.000000 120.000000 -106.000000
vt 0.000000 0.000000 0.000000
vt 2.000000 0.000000 0.000000
vt 0.000000 10.000000 0.000000
vt 2.000000 10.000000 0.000000
vt 0.000000 20.000000 0.000000
vt 2.000000 20.000000 0.000000
vt 0.000000 30.000000 0.000000
vt 2.000000 30.000000 0.000000
vt 0.000000 40.000000 0.000000
vt 2.000000 40.000000 0.000000
vt 0.000000 50.000000 0.000000
vt 2.000000 50.000000 0.000000
vt 0.000000 60.000000 0.000000
vt 2.000000 60.000000 0.000000
vt 0.000000 70.000000 0.000000
vt 2.000000 70.000000 0.000000
vt -0.000000 0.000000 0.000000
vt 2.000000 0.000000 0.000000
vt -0.000000 10.000000 0.000000
vt 2.000000 10.000000 0.000000
vt -0.000000 20.000000 0.000000
vt 2.000000 20.000000 0.000000
vt -0.000000 30.000000 0.000000
vt 2.000000 30.000000 0.000000
vt -0.000000 40.000000 0.000000
vt 2.000000 40.000000 0.000000
vt -0.000000 50.000000 0.000000
vt 2.000000 50.000000 0.000000
vt -0.000000 60.000000 0.000000
vt 2.000000 60.000000 0.000000
vt -0.000000 70.000000 0.000000
vt 2.000000 70.000000 0.000000
vt -0.000000 0.000000 0.000000
vt 2.000000 0.000000 0.000000
vt -0.000000 10.000000 0.000000
vt 2.000000 10.000000 0.000000
vt -0.000000 20.000000 0.000000
vt 2.000000 20.000000 0.000000
vt -0.000000 30.000000 0.000000
vt 2.000000 30.000000 0.000000
vt -0.000000 40.000000 0.000000
vt 2.000000 40.000000 0.000000
vt -0.000000 50.000000 0.000000
vt 2.000000 50.000000 0.000000
vt -0.000000 60.000000 0.000000
vt 2.000000 60.000000 0.000000
vt -0.000000 70.000000 0.000000
vt 2.000000 70.000000 0.000000
vt 0.000000 0.000000 0.000000
vt 2.000000 0.000000 0.000000
vt 0.000000 10.000000 0.000000
vt 2.000000 10.000000 0.000000
vt 0.000000 20.000000 0.000000
vt 2.000000 20.000000 0.000000
vt 0.000000 30.000000 0.000000
vt 2.000000 30.000000 0.000000
vt 0.000000 40.000000 0.000000
vt 2.000000 40.000000 0.000000
vt 0.000000 50.000000 0.000000
vt 2.000000 50.000000 0.000000
vt 0.000000 60.000000 0.000000
vt 2.000000 60.000000 0.000000
vt 0.000000 70.000000 0.000000
vt 2.000000 70.000000 0.000000
vt 1.000000 1.000000 0.000000
vt -1.000000 1.000000 0.000000
vt 1.000000 -1.000000 0.000000
vt -1.000000 -1.000000 0.000000
vt -1.000000 -1.000000 0.000000
vt 1.000000 -1.000000 0.000000
vt -1.000000 1.000000 0.000000
vt 1.000000 1.000000 0.000000
vn 0.000000 1.000000 -0.000000
vn 0.000000 1.000000 -0.000000
vn 0.000000 1.000000 -0.000000
vn 0.000000 1.000000 -0.000000
vn 0.000000 1.000000 -0.000000
vn 0.000000 1.000000 -0.000000
vn 0.000000 1.000000 -0.000000
vn 0.000000 1.000000 -0.000000
vn 0.000000 1.000000 -0.000000
vn 0.000000 1.000000 -0.000000
vn 0.000000 1.000000 -0.000000
vn 0.000000 1.000000 -0.000000
vn 0.000000 1.000000 -0.000000
vn 0.000000 1.000000 -0.000000
vn 0.000000 1.000000 -0.000000
vn 0.000000 1.000000 -0.000000
vn -0.000000 0.000000 1.000000
vn -0.000000 0.000000 1.000000
vn -0.000000 0.000000 1.000000
vn -0.000000 0.000000 1.000000
vn -0.000000 0.000000 1.000000
vn -0.000000 0.000000 1.000000
vn -0.000000 0.000000 1.000000
vn -0.000000 0.000000 1.000000
vn -0.000000 0.000000 1.000000
vn -0.000000 0.000000 1.000000
vn -0.000000 0.000000 1.000000
vn -0.000000 0.000000 1.000000
vn -0.000000 0.000000 1.000000
vn -0.000000 0.000000 1.000000
vn -0.000000 0.000000 1.000000
vn -0.000000 0.000000 1.000000
vn -0.000000 -1.000000 0.000000
vn -0.000000 -1.000000 0.000000
vn -0.000000 -1.000000 0.000000
vn -0.000000 -1.000000 0.000000
vn -0.000000 -1.000000 0.000000
vn -0.000000 -1.000000 0.000000
vn -0.000000 -1.000000 0.000000
vn -0.000000 -1.000000 0.000000
vn -0.000000 -1.000000 0.000000
vn -0.000000 -1.000000 0.000000
vn -0.000000 -1.000000 0.000000
vn -0.000000 -1.000000 0.000000
vn -0.000000 -1.000000 0.000000
vn -0.000000 -1.000000 0.000000
vn -0.000000 -1.000000 0.000000
vn -0.000000 -1.000000 0.000000
vn 0.000000 -0.000000 -1.000000
vn 0.000000 -0.000000 -1.000000
vn 0.000000 -0.000000 -1.000000
vn 0.000000 -0.000000 -1.000000
vn 0.000000 -0.000000 -1.000000
vn 0.000000 -0.000000 -1.000000
vn 0.000000 -0.000000 -1.000000
vn 0.000000 -0.000000 -1.000000
vn 0.000000 -0.000000 -1.000000
vn 0.000000 -0.000000 -1.000000
vn 0.000000 -0.000000 -1.000000
vn 0.000000 -0.000000 -1.000000
vn 0.000000 -0.000000 -1.000000
vn 0.000000 -0.000000 -1.000000
vn 0.000000 -0.000000 -1.000000
vn 0.000000 -0.000000 -1.000000
vn -1.000000 0.000000 -0.000000
vn -1.000000 0.000000 -0.000000
vn -1.000000 0.000000 -0.000000
vn -1.000000 0.000000 -0.000000
vn 1.000000 -0.000000 0.000000
vn 1.000000 -0.000000 0.000000
vn 1.000000 -0.000000 0.000000
vn 1.000000 -0.000000 0.000000
f 1273/2437/2437 1274/2438/2438 1288/2439/2439
f 1288/2439/2439 1274/2438/2438 1275/2440/2440
f 1288/2439/2439 1275/2440/2440 1287/2441/2441
f 1287/2441/2441 1275/2440/2440 1276/2442/2442
f 1287/2441/2441 1276/2442/2442 1286/2443/2443
f 1286/2443/2443 1276/2442/2442 1277/2444/2444
f 1286/2443/2443 1277/2444/2444 1285/2445/2445
f 1285/2445/2445 1277/2444/2444 1278/2446/2446
f 1285/2445/2445 1278/2446/2446 1284/2447/2447
f 1284/2447/2447 1278/2446/2446 1279/2448/2448
f 1284/2447/2447 1279/2448/2448 1283/2449/2449
f 1283/2449/2449 1279/2448/2448 1280/2450/2450
f 1283/2449/2449 1280/2450/2450 1282/2451/2451
f 1282/2451/2451 1280/2450/2450 1281/2452/2452
f 1289/2453/2453 1273/2454/2454 1296/2455/2455
f 1296/2455/2455 1273/2454/2454 1288/2456/2456
f 1296/2455/2455 1288/2456/2456 1295/2457/2457
f 1295/2457/2457 1288/2456/2456 1287/2458/2458
f 1295/2457/2457 1287/2458/2458 1294/2459/2459
f 1294/2459/2459 1287/2458/2458 1286/2460/2460
f 1294/2459/2459 1286/2460/2460 1293/2461/2461
f 1293/2461/2461 1286/2460/2460 1285/2462/2462
f 1293/2461/2461 1285/2462/2462 1292/2463/2463
f 1292/2463/2463 1285/2462/2462 1284/2464/2464
f 1292/2463/2463 1284/2464/2464 1291/2465/2465
f 1291/2465/2465 1284/2464/2464 1283/2466/2466
f 1291/2465/2465 1283/2466/2466 1290/2467/2467
f 1290/2467/2467 1283/2466/2466 1282/2468/2468
f 1297/2469/2469 1289/2470/2470 1304/2471/2471
f 1304/2471/2471 1289/2470/2470 1296/2472/2472
f 1304/2471/2471 1296/2472/2472 1303/2473/2473
f 1303/2473/2473 1296/2472/2472 1295/2474/2474
f 1303/2473/2473 1295/2474/2474 1302/2475/2475
f 1302/2475/2475 1295/2474/2474 1294/2476/2476
f 1302/2475/2475 1294/2476/2476 1301/2477/2477
f 1301/2477/2477 1294/2476/2476 1293/2478/2478
f 1301/2477/2477 1293/2478/2478 1300/2479/2479
f 1300/2479/2479 1293/2478/2478 1292/2480/2480
f 1300/2479/2479 1292/2480/2480 1299/2481/2481
f 1299/2481/2481 1292/2480/2480 1291/2482/2482
f 1299/2481/2481 1291/2482/2482 1298/2483/2483
f 1298/2483/2483 1291/2482/2482 1290/2484/2484
f 1274/2485/2485 1297/2486/2486 1275/2487/2487
f 1275/2487/2487 1297/2486/2486 1304/2488/2488
f 1275/2487/2487 1304/2488/2488 1276/2489/2489
f 1276/2489/2489 1304/2488/2488 1303/2490/2490
f 1276/2489/2489 1303/2490/2490 1277/2491/2491
f 1277/2491/2491 1303/2490/2490 1302/2492/2492
f 1277/2491/2491 1302/2492/2492 1278/2493/2493
f 1278/2493/2493 1302/2492/2492 1301/2494/2494
f 1278/2493/2493 1301/2494/2494 1279/2495/2495
f 1279/2495/2495 1301/2494/2494 1300/2496/2496
f 1279/2495/2495 1300/2496/2496 1280/2497/2497
f 1280/2497/2497 1300/2496/2496 1299/2498/2498
f 1280/2497/2497 1299/2498/2498 1281/2499/2499
f 1281/2499/2499 1299/2498/2498 1298/2500/2500
f 1298/2501/2501 1290/2502/2502 1281/2503/2503
f 1281/2503/2503 1290/2502/2502 1282/2504/2504
f 1297/2505/2505 1274/2506/2506 1289/2507/2507
f 1289/2507/2507 1274/2506/2506 1273/2508/2508
g Body1:25

v 72.000000 122.000000 -52.000000
v 72.000000 122.000000 -54.000000
v 62.000000 122.000000 -54.000000
v 52.000000 122.000000 -54.000000
v 42.000000 122.000000 -54.000000
v 32.000000 122.000000 -54.000000
v 22.000000 122.000000 -54.000000
v 12.000000 122.000000 -54.000000
v 2.000000 122.000000 -54.000000
v 2.000000 122.000000 -52.000000
v 12.000000 122.000000 -52.000000
v 22.000000 122.000000 -52.000000
v 32.000000 122.000000 -52.000000
v 42.000000 122.000000 -52.000000
v 52.000000 122.000000 -52.000000
v 62.000000 122.000000 -52.000000
v 72.000000 120.000000 -52.000000
v 2.000000 120.000000 -52.000000
v 12.000000 120.000000 -52.000000
v 22.000000 120.000000 -52.000000
v 32.000000 120.000000 -52.000000
v 42.000000 120.000000 -52.000000
v 52.000000 120.000000 -52.000000
v 62.000000 120.000000 -52.000000
v 72.000000 120.000000 -54.000000
v 2.000000 120.000000 -54.000000
v 12.000000 120.000000 -54.000000
v 22.000000 120.000000 -54.000000
v 32.000000 120.000000 -54.000000
v 42.000000 120.000000 -54.000000
v 52.000000 120.000000 -54.000000
v 62.000000 120.000000 -54.000000
vt 0.000000 0.000000 0.000000
vt 2.000000 0.000000 0.000000
vt 0.000000 10.000000 0.000000
vt 2.000000 10.000000 0.000000
vt 0.000000 20.000000 0.000000
vt 2.000000 20.000000 0.000000
vt 0.000000 30.000000 0.000000
vt 2.000000 30.000000 0.000000
vt 0.000000 40.000000 0.000000
vt 2.000000 40.000000 0.000000
vt 0.000000 50.000000 0.000000
vt 2.000000 50.000000 0.000000
vt 0.000000 60.000000 0.000000
vt 2.000000 60.000000 0.000000
vt 0.000000 70.000000 0.000000
vt 2.000000 70.000000 0.000000
vt -0.000000 0.000000 0.000000
vt 2.000000 0.000000 0.000000
vt -0.000000 10.000000 0.000000
vt 2.000000 10.000000 0.000000
vt -0.000000 20.000000 0.000000
vt 2.000000 20.000000 0.000000
vt -0.000000 30.000000 0.000000
vt 2.000000 30.000000 0.000000
vt -0.000000 40.000000 0.000000
vt 2.000000 40.000000 0.000000
vt -0.000000 50.000000 0.000000
vt 2.000000 50.000000 0.000000
vt -0.000000 60.000000 0.000000
vt 2.000000 60.000000 0.000000
vt -0.000000 70.000000 0.000000
vt 2.000000 70.000000 0.000000
vt -0.000000 0.000000 0.000000
vt 2.000000 0.000000 0.000000
vt -0.000000 10.000000 0.000000
vt 2.000000 10.000000 0.000000
vt -0.000000 20.000000 0.000000
vt 2.000000 20.000000 0.000000
vt -0.000000 30.000000 0.000000
vt 2.000000 30.000000 0.000000
vt -0.000000 40.000000 0.000000
vt 2.000000 40.000000 0.000000
vt -0.000000 50.000000 0.000000
vt 2.000000 50.000000 0.000000
vt -0.000000 60.000000 0.000000
vt 2.000000 60.000000 0.000000
vt -0.000000 70.000000 0.000000
vt 2.000000 70.000000 0.000000
vt 0.000000 0.000000 0.000000
vt 2.000000 0.000000 0.000000
vt 0.000000 10.000000 0.000000
vt 2.000000 10.000000 0.000000
vt 0.000000 20.000000 0.000000
vt 2.000000 20.000000 0.000000
vt 0.000000 30.000000 0.000000
vt 2.000000 30.000000 0.000000
vt 0.000000 40.000000 0.000000
vt 2.000000 40.000000 0.000000
vt 0.000000 50.000000 0.000000
vt 2.000000 50.000000 0.000000
vt 0.000000 60.000000 0.000000
vt 2.000000 60.000000 0.000000
vt 0.000000 70.000000 0.000000
vt 2.000000 70.000000 0.000000
vt 1.000000 1.000000 0.000000
vt -1.000000 1.000000 0.000000
vt 1.000000 -1.000000 0.000000
vt -1.000000 -1.000000 0.000000
vt -1.000000 -1.000000 0.000000
vt 1.000000 -1.000000 0.000000
vt -1.000000 1.000000 0.000000
vt 1.000000 1.000000 0.000000
vn 0.000000 1.000000 -0.000000
vn 0.000000 1.000000 -0.000000
vn 0.000000 1.000000 -0.000000
vn 0.000000 1.000000 -0.000000
vn 0.000000 1.000000 -0.000000
vn 0.000000 1.000000 -0.000000
vn 0.000000 1.000000 -0.000000
vn 0.000000 1.000000 -0.000000
vn 0.000000 1.000000 -0.000000
vn 0.000000 1.000000 -0.000000
vn 0.000000 1.000000 -0.000000
vn 0.000000 1.000000 -0.000000
vn 0.000000 1.000000 -0.000000
vn 0.000000 1.000000 -0.000000
vn 0.000000 1.000000 -0.000000
vn 0.000000 1.000000 -0.000000
vn -0.000000 0.000000 1.000000
vn -0.000000 0.000000 1.000000
vn -0.000000 0.000000 1.000000
vn -0.000000 0.000000 1.000000
vn -0.000000 0.000000 1.000000
vn -0.000000 0.000000 1.000000
vn -0.000000 0.000000 1.000000
vn -0.000000 0.000000 1.000000
vn -0.000000 0.000000 1.000000
vn -0.000000 0.000000 1.000000
vn -0.000000 0.000000 1.000000
vn -0.000000 0.000000 1.000000
vn -0.000000 0.000000 1.000000
vn -0.000000 0.000000 1.000000
vn -0.000000 0.000000 1.000000
vn -0.000000 0.000000 1.000000
vn -0.000000 -1.000000 0.000000
vn -0.000000 -1.000000 0.000000
vn -0.000000 -1.000000 0.000000
vn -0.000000 -1.000000 0.000000
vn -0.000000 -1.000000 0.000000
vn -0.000000 -1.000000 0.000000
vn -0.000000 -1.000000 0.000000
vn -0.000000 -1.000000 0.000000
vn -0.000000 -1.000000 0.000000
vn -0.000000 -1.000000 0.000000
vn -0.000000 -1.000000 0.000000
vn -0.000000 -1.000000 0.000000
vn -0.000000 -1.000000 0.000000
vn -0.000000 -1.000000 0.000000
vn -0.000000 -1.000000 0.000000
vn -0.000000 -1.000000 0.000000
vn 0.000000 -0.000000 -1.000000
vn 0.000000 -0.000000 -1.000000
vn 0.000000 -0.000000 -1.000000
vn 0.000000 -0.000000 -1.000000
vn 0.000000 -0.000000 -1.000000
vn 0.000000 -0.000000 -1.000000
vn 0.000000 -0.000000 -1.000000
vn 0.000000 -0.000000 -1.000000
vn 0.000000 -0.000000 -1.000000
vn 0.000000 -0.000000 -1.000000
vn 0.000000 -0.000000 -1.000000
vn 0.000000 -0.000000 -1.000000
vn 0.000000 -0.000000 -1.000000
vn 0.000000 -0.000000 -1.000000
vn 0.000000 -0.000000 -1.000000
vn 0.000000 -0.000000 -1.000000
vn -1.000000 0.000000 -0.000000
vn -1.000000 0.000000 -0.000000
vn -1.000000 0.000000 -0.000000
vn -1.000000 0.000000 -0.000000
vn 1.000000 -0.000000 0.000000
vn 1.000000 -0.000000 0.000000
vn 1.000000 -0.000000 0.000000
vn 1.000000 -0.000000 0.000000
f 1305/2509/2509 1306/2510/2510 1320/2511/2511
f 1320/2511/2511 1306/2510/2510 1307/2512/2512
f 1320/2511/2511 1307/2512/2512 1319/2513/2513
f 1319/2513/2513 1307/2512/2512 1308/2514/2514
f 1319/2513/2513 1308/2514/2514 1318/2515/2515
f 1318/2515/2515 1308/2514/2514 1309/2516/2516
f 1318/2515/2515 1309/2516/2516 1317/2517/2517
f 1317/2517/2517 1309/2516/2516 1310/2518/2518
f 1317/2517/2517 1310/2518/2518 1316/2519/2519
f 1316/2519/2519 1310/2518/2518 1311/2520/2520
f 1316/2519/2519 1311/2520/2520 1315/2521/2521
f 1315/2521/2521 1311/2520/2520 1312/2522/2522
f 1315/2521/2521 1312/2522/2522 1314/2523/2523
f 1314/2523/2523 1312/2522/2522 1313/2524/2524
f 1321/2525/2525 1305/2526/2526 1328/2527/2527
f 1328/2527/2527 1305/2526/2526 1320/2528/2528
f 1328/2527/2527 1320/2528/2528 1327/2529/2529
f 1327/2529/2529 1320/2528/2528 1319/2530/2530
f 1327/2529/2529 1319/2530/2530 1326/2531/2531
f 1326/2531/2531 1319/2530/2530 1318/2532/2532
f 1326/2531/2531 1318/2532/2532 1325/2533/2533
f 1325/2533/2533 1318/2532/2532 1317/2534/2534
f 1325/2533/2533 1317/2534/2534 1324/2535/2535
f 1324/2535/2535 1317/2534/2534 1316/2536/2536
f 1324/2535/2535 1316/2536/2536 1323/2537/2537
f 1323/2537/2537 1316/2536/2536 1315/2538/2538
f 1323/2537/2537 1315/2538/2538 1322/2539/2539
f 1322/2539/2539 1315/2538/2538 1314/2540/2540
f 1329/2541/2541 1321/2542/2542 1336/2543/2543
f 1336/2543/2543 1321/2542/2542 1328/2544/2544
f 1336/2543/2543 1328/2544/2544 1335/2545/2545
f 1335/2545/2545 1328/2544/2544 1327/2546/2546
f 1335/2545/2545 1327/2546/2546 1334/2547/2547
f 1334/2547/2547 1327/2546/2546 1326/2548/2548
f 1334/2547/2547 1326/2548/2548 1333/2549/2549
f 1333/2549/2549 1326/2548/2548 1325/2550/2550
f 1333/2549/2549 1325/2550/2550 1332/2551/2551
f 1332/2551/2551 1325/2550/2550 1324/2552/2552
f 1332/2551/2551 1324/2552/2552 1331/2553/2553
f 1331/2553/2553 1324/2552/2552 1323/2554/2554
f 1331/2553/2553 1323/2554/2554 1330/2555/2555
f 1330/2555/2555 1323/2554/2554 1322/2556/2556
f 1306/2557/2557 1329/2558/2558 1307/2559/2559
f 1307/2559/2559 1329/2558/2558 1336/2560/2560
f 1307/2559/2559 1336/2560/2560 1308/2561/2561
f 1308/2561/2561 1336/2560/2560 1335/2562/2562
f 1308/2561/2561 1335/2562/2562 1309/2563/2563
f 1309/2563/2563 1335/2562/2562 1334/2564/2564
f 1309/2563/2563 1334/2564/2564 1310/2565/2565
f 1310/2565/2565 1334/2564/2564 1333/2566/2566
f 1310/2565/2565 1333/2566/2566 1311/2567/2567
f 1311/2567/2567 1333/2566/2566 1332/2568/2568
f 1311/2567/2567 1332/2568/2568 1312/2569/2569
f 1312/2569/2569 1332/2568/2568 1331/2570/2570
f 1312/2569/2569 1331/2570/2570 1313/2571/2571
f 1313/2571/2571 1331/2570/2570 1330/2572/2572
f 1330/2573/2573 1322/2574/2574 1313/2575/2575
f 1313/2575/2575 1322/2574/2574 1314/2576/2576
f 1329/2577/2577 1306/2578/2578 1321/2579/2579
f 1321/2579/2579 1306/2578/2578 1305/2580/2580
g Body1:26

v 2.000000 122.000000 -54.000000
v 2.000000 120.000000 -54.000000
v 2.000000 120.000000 -64.000000
v 2.000000 120.000000 -74.000000
v 2.000000 120.000000 -84.000000
v 2.000000 120.000000 -94.000000
v 2.000000 120.000000 -104.000000
v 2.000000 122.000000 -104.000000
v 2.000000 122.000000 -94.000000
v 2.000000 122.000000 -84.000000
v 2.000000 122.000000 -74.000000
v 2.000000 122.000000 -64.000000
v -0.000000 122.000000 -54.000000
v -0.000000 122.000000 -104.000000
v -0.000000 122.000000 -94.000000
v -0.000000 122.000000 -84.000000
v -0.000000 122.000000 -74.000000
v -0.000000 122.000000 -64.000000
v -0.000000 120.000000 -54.000000
v -0.000000 120.000000 -104.000000
v -0.000000 120.000000 -94.000000
v -0.000000 120.000000 -84.000000
v -0.000000 120.000000 -74.000000
v -0.000000 120.000000 -64.000000
vt 0.000000 0.000000 0.000000
vt 2.000000 0.000000 0.000000
vt 0.000000 10.000000 0.000000
vt 2.000000 10.000000 0.000000
vt 0.000000 20.000000 0.000000
vt 2.000000 20.000000 0.000000
vt 0.000000 30.000000 0.000000
vt 2.000000 30.000000 0.000000
vt 0.000000 40.000000 0.000000
vt 2.000000 40.000000 0.000000
vt 0.000000 50.000000 0.000000
vt 2.000000 50.000000 0.000000
vt -0.000000 0.000000 0.000000
vt 2.000000 0.000000 0.000000
vt -0.000000 10.000000 0.000000
vt 2.000000 10.000000 0.000000
vt -0.000000 20.000000 0.000000
vt 2.000000 20.000000 0.000000
vt -0.000000 30.000000 0.000000
vt 2.000000 30.000000 0.000000
vt -0.000000 40.000000 0.000000
vt 2.000000 40.000000 0.000000
vt -0.000000 50.000000 0.000000
vt 2.000000 50.000000 0.000000
vt -0.000000 0.000000 0.000000
vt 2.000000 0.000000 0.000000
vt -0.000000 10.000000 0.000000
vt 2.000000 10.000000 0.000000
vt -0.000000 20.000000 0.000000
vt 2.000000 20.000000 0.000000
vt -0.000000 30.000000 0.000000
vt 2.000000 30.000000 0.000000
vt -0.000000 40.000000 0.000000
vt 2.000000 40.000000 0.000000
vt -0.000000 50.000000 0.000000
vt 2.000000 50.000000 0.000000
vt 0.000000 0.000000 0.000000
vt 2.000000 0.000000 0.000000
vt 0.000000 10.000000 0.000000
vt 2.000000 10.000000 0.000000
vt 0.000000 20.000000 0.000000
vt 2.000000 20.000000 0.000000
vt 0.000000 30.000000 0.000000
vt 2.000000 30.000000 0.000000
vt 0.000000 40.000000 0.000000
vt 2.000000 40.000000 0.000000
vt 0.000000 50.000000 0.000000
vt 2.000000 50.000000 0.000000
vt 1.000000 1.000000 0.000000
vt -1.000000 1.000000 0.000000
vt 1.000000 -1.000000 0.000000
vt -1.000000 -1.000000 0.000000
vt -1.000000 -1.000000 0.000000
vt 1.000000 -1.000000 0.000000
vt -1.000000 1.000000 0.000000
vt 1.000000 1.000000 0.000000
vn 1.000000 -0.000000 0.000000
vn 1.000000 -0.000000 0.000000
vn 1.000000 -0.000000 0.000000
vn 1.000000 -0.000000 0.000000
vn 1.000000 -0.000000 0.000000
vn 1.000000 -0.000000 0.000000
vn 1.000000 -0.000000 0.000000
vn 1.000000 -0.000000 0.000000
vn 1.000000 -0.000000 0.000000
vn 1.000000 -0.000000 0.000000
vn 1.000000 -0.000000 0.000000
vn 1.000000 -0.000000 0.000000
vn 0.000000 1.000000 -0.000000
vn 0.000000 1.000000 -0.000000
vn 0.000000 1.000000 -0.000000
vn 0.000000 1.000000 -0.000000
vn 0.000000 1.000000 -0.000000
vn 0.000000 1.000000 -0.000000
vn 0.000000 1.000000 -0.000000
vn 0.000000 1.000000 -0.000000
vn 0.000000 1.000000 -0.000000
vn 0.000000 1.000000 -0.000000
vn 0.000000 1.000000 -0.000000
vn 0.000000 1.000000 -0.000000
vn -1.000000 0.000000 -0.000000
vn -1.000000 0.000000 -0.000000
vn -1.000000 0.000000 -0.000000
vn -1.000000 0.000000 -0.000000
vn -1.000000 0.000000 -0.000000
vn -1.000000 0.000000 -0.000000
vn -1.000000 0.000000 -0.000000
vn -1.000000 0.000000 -0.000000
vn -1.000000 0.000000 -0.000000
vn -1.000000 0.000000 -0.000000
vn -1.000000 0.000000 -0.000000
vn -1.000000 0.000000 -0.000000
vn -0.000000 -1.000000 0.000000
vn -0.000000 -1.000000 0.000000
vn -0.000000 -1.000000 0.000000
vn -0.000000 -1.000000 0.000000
vn -0.000000 -1.000000 0.000000
vn -0.000000 -1.000000 0.000000
vn -0.000000 -1.000000 0.000000
vn -0.000000 -1.000000 0.000000
vn -0.000000 -1.000000 0.000000
vn -0.000000 -1.000000 0.000000
vn -0.000000 -1.000000 0.000000
vn -0.000000 -1.000000 0.000000
vn 0.000000 -0.000000 -1.000000
vn 0.000000 -0.000000 -1.000000
vn 0.000000 -0.000000 -1.000000
vn 0.000000 -0.000000 -1.000000
vn -0.000000 0.000000 1.000000
vn -0.000000 0.000000 1.000000
vn -0.000000 0.000000 1.000000
vn -0.000000 0.000000 1.000000
f 1337/2581/2581 1338/2582/2582 1348/2583/2583
f 1348/2583/2583 1338/2582/2582 1339/2584/2584
f 1348/2583/2583 1339/2584/2584 1347/2585/2585
f 1347/2585/2585 1339/2584/2584 1340/2586/2586
f 1347/2585/2585 1340/2586/2586 1346/2587/2587
f 1346/2587/2587 1340/2586/2586 1341/2588/2588
f 1346/2587/2587 1341/2588/2588 1345/2589/2589
f 1345/2589/2589 1341/2588/2588 1342/2590/2590
f 1345/2589/2589 1342/2590/2590 1344/2591/2591
f 1344/2591/2591 1342/2590/2590 1343/2592/2592
f 1349/2593/2593 1337/2594/2594 1354/2595/2595
f 1354/2595/2595 1337/2594/2594 1348/2596/2596
f 1354/2595/2595 1348/2596/2596 1353/2597/2597
f 1353/2597/2597 1348/2596/2596 1347/2598/2598
f 1353/2597/2597 1347/2598/2598 1352/2599/2599
f 1352/2599/2599 1347/2598/2598 1346/2600/2600
f 1352/2599/2599 1346/2600/2600 1351/2601/2601
f 1351/2601/2601 1346/2600/2600 1345/2602/2602
f 1351/2601/2601 1345/2602/2602 1350/2603/2603
f 1350/2603/2603 1345/2602/2602 1344/2604/2604
f 1355/2605/2605 1349/2606/2606 1360/2607/2607
f 1360/2607/2607 1349/2606/2606 1354/2608/2608
f 1360/2607/2607 1354/2608/2608 1359/2609/2609
f 1359/2609/2609 1354/2608/2608 1353/2610/2610
f 1359/2609/2609 1353/2610/2610 1358/2611/2611
f 1358/2611/2611 1353/2610/2610 1352/2612/2612
f 1358/2611/2611 1352/2612/2612 1357/2613/2613
f 1357/2613/2613 1352/2612/2612 1351/2614/2614
f 1357/2613/2613 1351/2614/2614 1356/2615/2615
f 1356/2615/2615 1351/2614/2614 1350/2616/2616
f 1338/2617/2617 1355/2618/2618 1339/2619/2619
f 1339/2619/2619 1355/2618/2618 1360/2620/2620
f 1339/2619/2619 1360/2620/2620 1340/2621/2621
f 1340/2621/2621 1360/2620/2620 1359/2622/2622
f 1340/2621/2621 1359/2622/2622 1341/2623/2623
f 1341/2623/2623 1359/2622/2622 1358/2624/2624
f 1341/2623/2623 1358/2624/2624 1342/2625/2625
f 1342/2625/2625 1358/2624/2624 1357/2626/2626
f 1342/2625/2625 1357/2626/2626 1343/2627/2627
f 1343/2627/2627 1357/2626/2626 1356/2628/2628
f 1356/2629/2629 1350/2630/2630 1343/2631/2631
f 1343/2631/2631 1350/2630/2630 1344/2632/2632
f 1355/2633/2633 1338/2634/2634 1349/2635/2635
f 1349/2635/2635 1338/2634/2634 1337/2636/2636
g Body1:27

v 74.000000 122.000000 -54.000000
v 74.000000 120.000000 -54.000000
v 74.000000 120.000000 -64.000000
v 74.000000 120.000000 -74.000000
v 74.000000 120.000000 -84.000000
v 74.000000 120.000000 -94.000000
v 74.000000 120.000000 -104.000000
v 74.000000 122.000000 -104.000000
v 74.000000 122.000000 -94.000000
v 74.000000 122.000000 -84.000000
v 74.000000 122.000000 -74.000000
v 74.000000 122.000000 -64.000000
v 72.000000 122.000000 -54.000000
v 72.000000 122.000000 -104.000000
v 72.000000 122.000000 -94.000000
v 72.000000 122.000000 -84.000000
v 72.000000 122.000000 -74.000000
v 72.000000 122.000000 -64.000000
v 72.000000 120.000000 -54.000000
v 72.000000 120.000000 -104.000000
v 72.000000 120.000000 -94.000000
v 72.000000 120.000000 -84.000000
v 72.000000 120.000000 -74.000000
v 72.000000 120.000000 -64.000000
vt 0.000000 0.000000 0.000000
vt 2.000000 0.000000 0.000000
vt 0.000000 10.000000 0.000000
vt 2.000000 10.000000 0.000000
vt 0.000000 20.000000 0.000000
vt 2.000000 20.000000 0.000000
vt 0.000000 30.000000 0.000000
vt 2.000000 30.000000 0.000000
vt 0.000000 40.000000 0.000000
vt 2.000000 40.000000 0.000000
vt 0.000000 50.000000 0.000000
vt 2.000000 50.000000 0.000000
vt -0.000000 0.000000 0.000000
vt 2.000000 0.000000 0.000000
vt -0.000000 10.000000 0.000000
vt 2.000000 10.000000 0.000000
vt -0.000000 20.000000 0.000000
vt 2.000000 20.000000 0.000000
vt -0.000000 30.000000 0.000000
vt 2.000000 30.000000 0.000000
vt -0.000000 40.000000 0.000000
vt 2.000000 40.000000 0.000000
vt -0.000000 50.000000 0.000000
vt 2.000000 50.000000 0.000000
vt -0.000000 0.000000 0.000000
vt 2.000000 0.000000 0.000000
vt -0.000000 10.000000 0.000000
vt 2.000000 10.000000 0.000000
vt -0.000000 20.000000 0.000000
vt 2.000000 20.000000 0.000000
vt -0.000000 30.000000 0.000000
vt 2.000000 30.000000 0.000000
vt -0.000000 40.000000 0.000000
vt 2.000000 40.000000 0.000000
vt -0.000000 50.000000 0.000000
vt 2.000000 50.000000 0.000000
vt 0.000000 0.000000 0.000000
vt 2.000000 0.000000 0.000000
vt 0.000000 10.000000 0.000000
vt 2.000000 10.000000 0.000000
vt 0.000000 20.000000 0.000000
vt 2.000000 20.000000 0.000000
vt 0.000000 30.000000 0.000000
vt 2.000000 30.000000 0.000000
vt 0.000000 40.000000 0.000000
vt 2.000000 40.000000 0.000000
vt 0.000000 50.000000 0.000000
vt 2.000000 50.000000 0.000000
vt 1.000000 1.000000 0.000000
vt -1.000000 1.000000 0.000000
vt 1.000000 -1.000000 0.000000
vt -1.000000 -1.000000 0.000000
vt -1.000000 -1.000000 0.000000
vt 1.000000 -1.000000 0.000000
vt -1.000000 1.000000 0.000000
vt 1.000000 1.000000 0.000000
vn 1.000000 -0.000000 0.000000
vn 1.000000 -0.000000 0.000000
vn 1.000000 -0.000000 0.000000
vn 1.000000 -0.000000 0.000000
vn 1.000000 -0.000000 0.000000
vn 1.000000 -0.000000 0.000000
vn 1.000000 -0.000000 0.000000
vn 1.000000 -0.000000 0.000000
vn 1.000000 -0.000000 0.000000
vn 1.000000 -0.000000 0.000000
vn 1.000000 -0.000000 0.000000
vn 1.000000 -0.000000 0.000000
vn 0.000000 1.000000 -0.000000
vn 0.000000 1.000000 -0.000000
vn 0.000000 1.000000 -0.000000
vn 0.000000 1.000000 -0.000000
vn 0.000000 1.000000 -0.000000
vn 0.000000 1.000000 -0.000000
vn 0.000000 1.000000 -0.000000
vn 0.000000 1.000000 -0.000000
vn 0.000000 1.000000 -0.000000
vn 0.000000 1.000000 -0.000000
vn 0.000000 1.000000 -0.000000
vn 0.000000 1.000000 -0.000000
vn -1.000000 0.000000 -0.000000
vn -1.000000 0.000000 -0.000000
vn -1.000000 0.000000 -0.000000
vn -1.000000 0.000000 -0.000000
vn -1.000000 0.000000 -0.000000
vn -1.000000 0.000000 -0.000000
vn -1.000000 0.000000 -0.000000
vn -1.000000 0.000000 -0.000000
vn -1.000000 0.000000 -0.000000
vn -1.000000 0.000000 -0.000000
vn -1.000000 0.000000 -0.000000
vn -1.000000 0.000000 -0.000000
vn -0.000000 -1.000000 0.000000
vn -0.000000 -1.000000 0.000000
vn -0.000000 -1.000000 0.000000
vn -0.000000 -1.000000 0.000000
vn -0.000000 -1.000000 0.000000
vn -0.000000 -1.000000 0.000000
vn -0.000000 -1.000000 0.000000
vn -0.000000 -1.000000 0.000000
vn -0.000000 -1.000000 0.000000
vn -0.000000 -1.000000 0.000000
vn -0.000000 -1.000000 0.000000
vn -0.000000 -1.000000 0.000000
vn 0.000000 -0.000000 -1.000000
vn 0.000000 -0.000000 -1.000000
vn 0.000000 -0.000000 -1.000000
vn 0.000000 -0.000000 -1.000000
vn -0.000000 0.000000 1.000000
vn -0.000000 0.000000 1.000000
vn -0.000000 0.000000 1.000000
vn -0.000000 0.000000 1.000000
f 1361/2637/2637 1362/2638/2638 1372/2639/2639
f 1372/2639/2639 1362/2638/2638 1363/2640/2640
f 1372/2639/2639 1363/2640/2640 1371/2641/2641
f 1371/2641/2641 1363/2640/2640 1364/2642/2642
f 1371/2641/2641 1364/2642/2642 1370/2643/2643
f 1370/2643/2643 1364/2642/2642 1365/2644/2644
f 1370/2643/2643 1365/2644/2644 1369/2645/2645
f 1369/2645/2645 1365/2644/2644 1366/2646/2646
f 1369/2645/2645 1366/2646/2646 1368/2647/2647
f 1368/2647/2647 1366/2646/2646 1367/2648/2648
f 1373/2649/2649 1361/2650/2650 1378/2651/2651
f 1378/2651/2651 1361/2650/2650 1372/2652/2652
f 1378/2651/2651 1372/2652/2652 1377/2653/2653
f 1377/2653/2653 1372/2652/2652 1371/2654/2654
f 1377/2653/2653 1371/2654/2654 1376/2655/2655
f 1376/2655/2655 1371/2654/2654 1370/2656/2656
f 1376/2655/2655 1370/2656/2656 1375/2657/2657
f 1375/2657/2657 1370/2656/2656 1369/2658/2658
f 1375/2657/2657 1369/2658/2658 1374/2659/2659
f 1374/2659/2659 1369/2658/2658 1368/2660/2660
f 1379/2661/2661 1373/2662/2662 1384/2663/2663
f 1384/2663/2663 1373/2662/2662 1378/2664/2664
f 1384/2663/2663 1378/2664/2664 1383/2665/2665
f 1383/2665/2665 1378/2664/2664 1377/2666/2666
f 1383/2665/2665 1377/2666/2666 1382/2667/2667
f 1382/2667/2667 1377/2666/2666 1376/2668/2668
f 1382/2667/2667 1376/2668/2668 1381/2669/2669
f 1381/2669/2669 1376/2668/2668 1375/2670/2670
f 1381/2669/2669 1375/2670/2670 1380/2671/2671
f 1380/2671/2671 1375/2670/2670 1374/2672/2672
f 1362/2673/2673 1379/2674/2674 1363/2675/2675
f 1363/2675/2675 1379/2674/2674 1384/2676/2676
f 1363/2675/2675 1384/2676/2676 1364/2677/2677
f 1364/2677/2677 1384/2676/2676 1383/2678/2678
f 1364/2677/2677 1383/2678/2678 1365/2679/2679
f 1365/2679/2679 1383/2678/2678 1382/2680/2680
f 1365/2679/2679 1382/2680/2680 1366/2681/2681
f 1366/2681/2681 1382/2680/2680 1381/2682/2682
f 1366/2681/2681 1381/2682/2682 1367/2683/2683
f 1367/2683/2683 1381/2682/2682 1380/2684/2684
f 1380/2685/2685 1374/2686/2686 1367/2687/2687
f 1367/2687/2687 1374/2686/2686 1368/2688/2688
f 1379/2689/2689 1362/2690/2690 1373/2691/2691
f 1373/2691/2691 1362/2690/2690 1361/2692/2692
g Body1:28

v 74.000000 0.000000 -52.000000
v 74.000000 0.000000 -54.000000
v 74.000000 10.909091 -54.000000
v 74.000000 21.818182 -54.000000
v 74.000000 32.727273 -54.000000
v 74.000000 43.636364 -54.000000
v 74.000000 54.545455 -54.000000
v 74.000000 65.454545 -54.000000
v 74.000000 76.363636 -54.000000
v 74.000000 87.272727 -54.000000
v 74.000000 98.181818 -54.000000
v 74.000000 109.090909 -54.000000
v 74.000000 120.000000 -54.000000
v 74.000000 120.000000 -52.000000
v 74.000000 109.090909 -52.000000
v 74.000000 98.181818 -52.000000
v 74.000000 87.272727 -52.000000
v 74.000000 76.363636 -52.000000
v 74.000000 65.454545 -52.000000
v 74.000000 54.545455 -52.000000
v 74.000000 43.636364 -52.000000
v 74.000000 32.727273 -52.000000
v 74.000000 21.818182 -52.000000
v 74.000000 10.909091 -52.000000
v 72.000000 0.000000 -52.000000
v 72.000000 120.000000 -52.000000
v 72.000000 109.090909 -52.000000
v 72.000000 98.181818 -52.000000
v 72.000000 87.272727 -52.000000
v 72.000000 76.363636 -52.000000
v 72.000000 65.454545 -52.000000
v 72.000000 54.545455 -52.000000
v 72.000000 43.636364 -52.000000
v 72.000000 32.727273 -52.000000
v 72.000000 21.818182 -52.000000
v 72.000000 10.909091 -52.000000
v 72.000000 0.000000 -54.000000
v 72.000000 120.000000 -54.000000
v 72.000000 109.090909 -54.000000
v 72.000000 98.181818 -54.000000
v 72.000000 87.272727 -54.000000
v 72.000000 76.363636 -54.000000
v 72.000000 65.454545 -54.000000
v 72.000000 54.545455 -54.000000
v 72.000000 43.636364 -54.000000
v 72.000000 32.727273 -54.000000
v 72.000000 21.818182 -54.000000
v 72.000000 10.909091 -54.000000
vt 0.000000 0.000000 0.000000
vt 2.000000 0.000000 0.000000
vt 0.000000 10.909091 0.000000
vt 2.000000 10.909091 0.000000
vt 0.000000 21.818182 0.000000
vt 2.000000 21.818182 0.000000
vt 0.000000 32.727273 0.000000
vt 2.000000 32.727273 0.000000
vt 0.000000 43.636364 0.000000
vt 2.000000 43.636364 0.000000
vt 0.000000 54.545455 0.000000
vt 2.000000 54.545455 0.000000
vt 0.000000 65.454545 0.000000
vt 2.000000 65.454545 0.000000
vt 0.000000 76.363636 0.000000
vt 2.000000 76.363636 0.000000
vt 0.000000 87.272727 0.000000
vt 2.000000 87.272727 0.000000
vt 0.000000 98.181818 0.000000
vt 2.000000 98.181818 0.000000
vt 0.000000 109.090909 0.000000
vt 2.000000 109.090909 0.000000
vt 0.000000 120.000000 0.000000
vt 2.000000 120.000000 0.000000
vt -0.000000 0.000000 0.000000
vt 2.000000 0.000000 0.000000
vt -0.000000 10.909091 0.000000
vt 2.000000 10.909091 0.000000
vt -0.000000 21.818182 0.000000
vt 2.000000 21.818182 0.000000
vt -0.000000 32.727273 0.000000
vt 2.000000 32.727273 0.000000
vt -0.000000 43.636364 0.000000
vt 2.000000 43.636364 0.000000
vt -0.000000 54.545455 0.000000
vt 2.000000 54.545455 0.000000
vt -0.000000 65.454545 0.000000
vt 2.000000 65.454545 0.000000
vt -0.000000 76.363636 0.000000
vt 2.000000 76.363636 0.000000
vt -0.000000 87.272727 0.000000
vt 2.000000 87.272727 0.000000
vt -0.000000 98.181818 0.000000
vt 2.000000 98.181818 0.000000
vt -0.000000 109.090909 0.000000
vt 2.000000 109.090909 0.000000
vt -0.000000 120.000000 0.000000
vt 2.000000 120.000000 0.000000
vt -0.000000 0.000000 0.000000
vt 2.000000 0.000000 0.000000
vt -0.000000 10.909091 0.000000
vt 2.000000 10.909091 0.000000
vt -0.000000 21.818182 0.000000
vt 2.000000 21.818182 0.000000
vt -0.000000 32.727273 0.000000
vt 2.000000 32.727273 0.000000
vt -0.000000 43.636364 0.000000
vt 2.000000 43.636364 0.000000
vt -0.000000 54.545455 0.000000
vt 2.000000 54.545455 0.000000
vt -0.000000 65.454545 0.000000
vt 2.000000 65.454545 0.000000
vt -0.000000 76.363636 0.000000
vt 2.000000 76.363636 0.000000
vt -0.000000 87.272727 0.000000
vt 2.000000 87.272727 0.000000
vt -0.000000 98.181818 0.000000
vt 2.000000 98.181818 0.000000
vt -0.000000 109.090909 0.000000
vt 2.000000 109.090909 0.000000
vt -0.000000 120.000000 0.000000
vt 2.000000 120.000000 0.000000
vt -0.000000 0.000000 0.000000
vt 2.000000 0.000000 0.000000
vt -0.000000 10.909091 0.000000
vt 2.000000 10.909091 0.000000
vt -0.000000 21.818182 0.000000
vt 2.000000 21.818182 0.000000
vt -0.000000 32.727273 0.000000
vt 2.000000 32.727273 0.000000
vt -0.000000 43.636364 0.000000
vt 2.000000 43.636364 0.000000
vt -0.000000 54.545455 0.000000
vt 2.000000 54.545455 0.000000
vt -0.000000 65.454545 0.000000
vt 2.000000 65.454545 0.000000
vt -0.000000 76.363636 0.000000
vt 2.000000 76.363636 0.000000
vt -0.000000 87.272727 0.000000
vt 2.000000 87.272727 0.000000
vt -0.000000 98.181818 0.000000
vt 2.000000 98.181818 0.000000
vt -0.000000 109.090909 0.000000
vt 2.000000 109.090909 0.000000
vt 0.000000 120.000000 0.000000
vt 2.000000 120.000000 0.000000
vt 1.000000 1.000000 0.000000
vt -1.000000 1.000000 0.000000
vt 1.000000 -1.000000 0.000000
vt -1.000000 -1.000000 0.000000
vt -1.000000 -1.000000 0.000000
vt 1.000000 -1.000000 0.000000
vt -1.000000 1.000000 0.000000
vt 1.000000 1.000000 0.000000
vn 1.000000 0.000000 0.000000
vn 1.000000 0.000000 0.000000
vn 1.000000 0.000000 0.000000
vn 1.000000 0.000000 0.000000
vn 1.000000 0.000000 0.000000
vn 1.000000 0.000000 0.000000
vn 1.000000 0.000000 0.000000
vn 1.000000 0.000000 0.000000
vn 1.000000 0.000000 0.000000
vn 1.000000 0.000000 0.000000
vn 1.000000 0.000000 0.000000
vn 1.000000 0.000000 0.000000
vn 1.000000 0.000000 0.000000
vn 1.000000 0.000000 0.000000
vn 1.000000 0.000000 0.000000
vn 1.000000 0.000000 0.000000
vn 1.000000 0.000000 0.000000
vn 1.000000 0.000000 0.000000
vn 1.000000 0.000000 0.000000
vn 1.000000 0.000000 0.000000
vn 1.000000 0.000000 0.000000
vn 1.000000 0.000000 0.000000
vn 1.000000 0.000000 0.000000
vn 1.000000 0.000000 0.000000
vn -0.000000 0.000000 1.000000
vn -0.000000 0.000000 1.000000
vn -0.000000 0.000000 1.000000
vn -0.000000 0.000000 1.000000
vn -0.000000 0.000000 1.000000
vn -0.000000 0.000000 1.000000
vn -0.000000 0.000000 1.000000
vn -0.000000 0.000000 1.000000
vn -0.000000 0.000000 1.000000
vn -0.000000 0.000000 1.000000
vn -0.000000 0.000000 1.000000
vn -0.000000 0.000000 1.000000
vn -0.000000 0.000000 1.000000
vn -0.000000 0.000000 1.000000
vn -0.000000 0.000000 1.000000
vn -0.000000 0.000000 1.000000
vn -0.000000 0.000000 1.000000
vn -0.000000 0.000000 1.000000
vn -0.000000 0.000000 1.000000
vn -0.000000 0.000000 1.000000
vn -0.000000 0.000000 1.000000
vn -0.000000 0.000000 1.000000
vn -0.000000 0.000000 1.000000
vn -0.000000 0.000000 1.000000
vn -1.000000 -0.000000 -0.000000
vn -1.000000 -0.000000 -0.000000
vn -1.000000 -0.000000 -0.000000
vn -1.000000 -0.000000 -0.000000
vn -1.000000 -0.000000 -0.000000
vn -1.000000 -0.000000 -0.000000
vn -1.000000 -0.000000 -0.000000
vn -1.000000 -0.000000 -0.000000
vn -1.000000 -0.000000 -0.000000
vn -1.000000 -0.000000 -0.000000
vn -1.000000 -0.000000 -0.000000
vn -1.000000 -0.000000 -0.000000
vn -1.000000 -0.000000 -0.000000
vn -1.000000 -0.000000 -0.000000
vn -1.000000 -0.000000 -0.000000
vn -1.000000 -0.000000 -0.000000
vn -1.000000 -0.000000 -0.000000
vn -1.000000 -0.000000 -0.000000
vn -1.000000 -0.000000 -0.000000
vn -1.000000 -0.000000 -0.000000
vn -1.000000 -0.000000 -0.000000
vn -1.000000 -0.000000 -0.000000
vn -1.000000 -0.000000 -0.000000
vn -1.000000 -0.000000 -0.000000
vn 0.000000 -0.000000 -1.000000
vn 0.000000 -0.000000 -1.000000
vn 0.000000 -0.000000 -1.000000
vn 0.000000 -0.000000 -1.000000
vn 0.000000 -0.000000 -1.000000
vn 0.000000 -0.000000 -1.000000
vn 0.000000 -0.000000 -1.000000
vn 0.000000 -0.000000 -1.000000
vn 0.000000 -0.000000 -1.000000
vn 0.000000 -0.000000 -1.000000
vn 0.000000 -0.000000 -1.000000
vn 0.000000 -0.000000 -1.000000
vn 0.000000 -0.000000 -1.000000
vn 0.000000 -0.000000 -1.000000
vn 0.000000 -0.000000 -1.000000
vn 0.000000 -0.000000 -1.000000
vn 0.000000 -0.000000 -1.000000
vn 0.000000 -0.000000 -1.000000
vn 0.000000 -0.000000 -1.000000
vn 0.000000 -0.000000 -1.000000
vn 0.000000 -0.000000 -1.000000
vn 0.000000 -0.000000 -1.000000
vn 0.000000 -0.000000 -1.000000
vn 0.000000 -0.000000 -1.000000
vn -0.000000 1.000000 -0.000000
vn -0.000000 1.000000 -0.000000
vn -0.000000 1.000000 -0.000000
vn -0.000000 1.000000 -0.000000
vn 0.000000 -1.000000 0.000000
vn 0.000000 -1.000000 0.000000
vn 0.000000 -1.000000 0.000000
vn 0.000000 -1.000000 0.000000
f 1385/2693/2693 1386/2694/2694 1408/2695/2695
f 1408/2695/2695 1386/2694/2694 1387/2696/2696
f 1408/2695/2695 1387/2696/2696 1407/2697/2697
f 1407/2697/2697 1387/2696/2696 1388/2698/2698
f 1407/2697/2697 1388/2698/2698 1406/2699/2699
f 1406/2699/2699 1388/2698/2698 1389/2700/2700
f 1406/2699/2699 1389/2700/2700 1405/2701/2701
f 1405/2701/2701 1389/2700/2700 1390/2702/2702
f 1405/2701/2701 1390/2702/2702 1404/2703/2703
f 1404/2703/2703 1390/2702/2702 1391/2704/2704
f 1404/2703/2703 1391/2704/2704 1403/2705/2705
f 1403/2705/2705 1391/2704/2704 1392/2706/2706
f 1403/2705/2705 1392/2706/2706 1402/2707/2707
f 1402/2707/2707 1392/2706/2706 1393/2708/2708
f 1402/2707/2707 1393/2708/2708 1401/2709/2709
f 1401/2709/2709 1393/2708/2708 1394/2710/2710
f 1401/2709/2709 1394/2710/2710 1400/2711/2711
f 1400/2711/2711 1394/2710/2710 1395/2712/2712
f 1400/2711/2711 1395/2712/2712 1399/2713/2713
f 1399/2713/2713 1395/2712/2712 1396/2714/2714
f 1399/2713/2713 1396/2714/2714 1398/2715/2715
f 1398/2715/2715 1396/2714/2714 1397/2716/2716
f 1409/2717/2717 1385/2718/2718 1420/2719/2719
f 1420/2719/2719 1385/2718/2718 1408/2720/2720
f 1420/2719/2719 1408/2720/2720 1419/2721/2721
f 1419/2721/2721 1408/2720/2720 1407/2722/2722
f 1419/2721/2721 1407/2722/2722 1418/2723/2723
f 1418/2723/2723 1407/2722/2722 1406/2724/2724
f 1418/2723/2723 1406/2724/2724 1417/2725/2725
f 1417/2725/2725 1406/2724/2724 1405/2726/2726
f 1417/2725/2725 1405/2726/2726 1416/2727/2727
f 1416/2727/2727 1405/2726/2726 1404/2728/2728
f 1416/2727/2727 1404/2728/2728 1415/2729/2729
f 1415/2729/2729 1404/2728/2728 1403/2730/2730
f 1415/2729/2729 1403/2730/2730 1414/2731/2731
f 1414/2731/2731 1403/2730/2730 1402/2732/2732
f 1414/2731/2731 1402/2732/2732 1413/2733/2733
f 1413/2733/2733 1402/2732/2732 1401/2734/2734
f 1413/2733/2733 1401/2734/2734 1412/2735/2735
f 1412/2735/2735 1401/2734/2734 1400/2736/2736
f 1412/2735/2735 1400/2736/2736 1411/2737/2737
f 1411/2737/2737 1400/2736/2736 1399/2738/2738
f 1411/2737/2737 1399/2738/2738 1410/2739/2739
f 1410/2739/2739 1399/2738/2738 1398/2740/2740
f 1421/2741/2741 1409/2742/2742 1432/2743/2743
f 1432/2743/2743 1409/2742/2742 1420/2744/2744
f 1432/2743/2743 1420/2744/2744 1431/2745/2745
f 1431/2745/2745 1420/2744/2744 1419/2746/2746
f 1431/2745/2745 1419/2746/2746 1430/2747/2747
f 1430/2747/2747 1419/2746/2746 1418/2748/2748
f 1430/2747/2747 1418/2748/2748 1429/2749/2749
f 1429/2749/2749 1418/2748/2748 1417/2750/2750
f 1429/2749/2749 1417/2750/2750 1428/2751/2751
f 1428/2751/2751 1417/2750/2750 1416/2752/2752
f 1428/2751/2751 1416/2752/2752 1427/2753/2753
f 1427/2753/2753 1416/2752/2752 1415/2754/2754
f 1427/2753/2753 1415/2754/2754 1426/2755/2755
f 1426/2755/2755 1415/2754/2754 1414/2756/2756
f 1426/2755/2755 1414/2756/2756 1425/2757/2757
f 1425/2757/2757 1414/2756/2756 1413/2758/2758
f 1425/2757/2757 1413/2758/2758 1424/2759/2759
f 1424/2759/2759 1413/2758/2758 1412/2760/2760
f 1424/2759/2759 1412/2760/2760 1423/2761/2761
f 1423/2761/2761 1412/2760/2760 1411/2762/2762
f 1423/2761/2761 1411/2762/2762 1422/2763/2763
f 1422/2763/2763 1411/2762/2762 1410/2764/2764
f 1386/2765/2765 1421/2766/2766 1387/2767/2767
f 1387/2767/2767 1421/2766/2766 1432/2768/2768
f 1387/2767/2767 1432/2768/2768 1388/2769/2769
f 1388/2769/2769 1432/2768/2768 1431/2770/2770
f 1388/2769/2769 1431/2770/2770 1389/2771/2771
f 1389/2771/2771 1431/2770/2770 1430/2772/2772
f 1389/2771/2771 1430/2772/2772 1390/2773/2773
f 1390/2773/2773 1430/2772/2772 1429/2774/2774
f 1390/2773/2773 1429/2774/2774 1391/2775/2775
f 1391/2775/2775 1429/2774/2774 1428/2776/2776
f 1391/2775/2775 1428/2776/2776 1392/2777/2777
f 1392/2777/2777 1428/2776/2776 1427/2778/2778
f 1392/2777/2777 1427/2778/2778 1393/2779/2779
f 1393/2779/2779 1427/2778/2778 1426/2780/2780
f 1393/2779/2779 1426/2780/2780 1394/2781/2781
f 1394/2781/2781 1426/2780/2780 1425/2782/2782
f 1394/2781/2781 1425/2782/2782 1395/2783/2783
f 1395/2783/2783 1425/2782/2782 1424/2784/2784
f 1395/2783/2783 1424/2784/2784 1396/2785/2785
f 1396/2785/2785 1424/2784/2784 1423/2786/2786
f 1396/2785/2785 1423/2786/2786 1397/2787/2787
f 1397/2787/2787 1423/2786/2786 1422/2788/2788
f 1422/2789/2789 1410/2790/2790 1397/2791/2791
f 1397/2791/2791 1410/2790/2790 1398/2792/2792
f 1421/2793/2793 1386/2794/2794 1409/2795/2795
f 1409/2795/2795 1386/2794/2794 1385/2796/2796
g Body1:29

v 72.000000 18.000000 -52.000000
v 72.000000 18.000000 -54.000000
v 62.000000 18.000000 -54.000000
v 52.000000 18.000000 -54.000000
v 42.000000 18.000000 -54.000000
v 32.000000 18.000000 -54.000000
v 22.000000 18.000000 -54.000000
v 12.000000 18.000000 -54.000000
v 2.000000 18.000000 -54.000000
v 2.000000 18.000000 -52.000000
v 12.000000 18.000000 -52.000000
v 22.000000 18.000000 -52.000000
v 32.000000 18.000000 -52.000000
v 42.000000 18.000000 -52.000000
v 52.000000 18.000000 -52.000000
v 62.000000 18.000000 -52.000000
v 72.000000 16.000000 -52.000000
v 2.000000 16.000000 -52.000000
v 12.000000 16.000000 -52.000000
v 22.000000 16.000000 -52.000000
v 32.000000 16.000000 -52.000000
v 42.000000 16.000000 -52.000000
v 52.000000 16.000000 -52.000000
v 62.000000 16.000000 -52.000000
v 72.000000 16.000000 -54.000000
v 2.000000 16.000000 -54.000000
v 12.000000 16.000000 -54.000000
v 22.000000 16.000000 -54.000000
v 32.000000 16.000000 -54.000000
v 42.000000 16.000000 -54.000000
v 52.000000 16.000000 -54.000000
v 62.000000 16.000000 -54.000000
vt 0.000000 0.000000 0.000000
vt 2.000000 0.000000 0.000000
vt 0.000000 10.000000 0.000000
vt 2.000000 10.000000 0.000000
vt 0.000000 20.000000 0.000000
vt 2.000000 20.000000 0.000000
vt 0.000000 30.000000 0.000000
vt 2.000000 30.000000 0.000000
vt 0.000000 40.000000 0.000000
vt 2.000000 40.000000 0.000000
vt 0.000000 50.000000 0.000000
vt 2.000000 50.000000 0.000000
vt 0.000000 60.000000 0.000000
vt 2.000000 60.000000 0.000000
vt 0.000000 70.000000 0.000000
vt 2.000000 70.000000 0.000000
vt -0.000000 0.000000 0.000000
vt 2.000000 0.000000 0.000000
vt -0.000000 10.000000 0.000000
vt 2.000000 10.000000 0.000000
vt -0.000000 20.000000 0.000000
vt 2.000000 20.000000 0.000000
vt -0.000000 30.000000 0.000000
vt 2.000000 30.000000 0.000000
vt -0.000000 40.000000 0.000000
vt 2.000000 40.000000 0.000000
vt -0.000000 50.000000 0.000000
vt 2.000000 50.000000 0.000000
vt -0.000000 60.000000 0.000000
vt 2.000000 60.000000 0.000000
vt -0.000000 70.000000 0.000000
vt 2.000000 70.000000 0.000000
vt -0.000000 0.000000 0.000000
vt 2.000000 0.000000 0.000000
vt -0.000000 10.000000 0.000000
vt 2.000000 10.000000 0.000000
vt -0.000000 20.000000 0.000000
vt 2.000000 20.000000 0.000000
vt -0.000000 30.000000 0.000000
vt 2.000000 30.000000 0.000000
vt -0.000000 40.000000 0.000000
vt 2.000000 40.000000 0.000000
vt -0.000000 50.000000 0.000000
vt 2.000000 50.000000 0.000000
vt -0.000000 60.000000 0.000000
vt 2.000000 60.000000 0.000000
vt -0.000000 70.000000 0.000000
vt 2.000000 70.000000 0.000000
vt 0.000000 0.000000 0.000000
vt 2.000000 0.000000 0.000000
vt 0.000000 10.000000 0.000000
vt 2.000000 10.000000 0.000000
vt 0.000000 20.000000 0.000000
vt 2.000000 20.000000 0.000000
vt 0.000000 30.000000 0.000000
vt 2.000000 30.000000 0.000000
vt 0.000000 40.000000 0.000000
vt 2.000000 40.000000 0.000000
vt 0.000000 50.000000 0.000000
vt 2.000000 50.000000 0.000000
vt 0.000000 60.000000 0.000000
vt 2.000000 60.000000 0.000000
vt 0.000000 70.000000 0.000000
vt 2.000000 70.000000 0.000000
vt 1.000000 1.000000 0.000000
vt -1.000000 1.000000 0.000000
vt 1.000000 -1.000000 0.000000
vt -1.000000 -1.000000 0.000000
vt -1.000000 -1.000000 0.000000
vt 1.000000 -1.000000 0.000000
vt -1.000000 1.000000 0.000000
vt 1.000000 1.000000 0.000000
vn 0.000000 1.000000 -0.000000
vn 0.000000 1.000000 -0.000000
vn 0.000000 1.000000 -0.000000
vn 0.000000 1.000000 -0.000000
vn 0.000000 1.000000 -0.000000
vn 0.000000 1.000000 -0.000000
vn 0.000000 1.000000 -0.000000
vn 0.000000 1.000000 -0.000000
vn 0.000000 1.000000 -0.000000
vn 0.000000 1.000000 -0.000000
vn 0.000000 1.000000 -0.000000
vn 0.000000 1.000000 -0.000000
vn 0.000000 1.000000 -0.000000
vn 0.000000 1.000000 -0.000000
vn 0.000000 1.000000 -0.000000
vn 0.000000 1.000000 -0.000000
vn 0.000000 0.000000 1.000000
vn 0.000000 0.000000 1.000000
vn 0.000000 0.000000 1.000000
vn 0.000000 0.000000 1.000000
vn 0.000000 0.000000 1.000000
vn 0.000000 0.000000 1.000000
vn 0.000000 0.000000 1.000000
vn 0.000000 0.000000 1.000000
vn 0.000000 0.000000 1.000000
vn 0.000000 0.000000 1.000000
vn 0.000000 0.000000 1.000000
vn 0.000000 0.000000 1.000000
vn 0.000000 0.000000 1.000000
vn 0.000000 0.000000 1.000000
vn 0.000000 0.000000 1.000000
vn 0.000000 0.000000 1.000000
vn -0.000000 -1.000000 0.000000
vn -0.000000 -1.000000 0.000000
vn -0.000000 -1.000000 0.000000
vn -0.000000 -1.000000 0.000000
vn -0.000000 -1.000000 0.000000
vn -0.000000 -1.000000 0.000000
vn -0.000000 -1.000000 0.000000
vn -0.000000 -1.000000 0.000000
vn -0.000000 -1.000000 0.000000
vn -0.000000 -1.000000 0.000000
vn -0.000000 -1.000000 0.000000
vn -0.000000 -1.000000 0.000000
vn -0.000000 -1.000000 0.000000
vn -0.000000 -1.000000 0.000000
vn -0.000000 -1.000000 0.000000
vn -0.000000 -1.000000 0.000000
vn -0.000000 -0.000000 -1.000000
vn -0.000000 -0.000000 -1.000000
vn -0.000000 -0.000000 -1.000000
vn -0.000000 -0.000000 -1.000000
vn -0.000000 -0.000000 -1.000000
vn -0.000000 -0.000000 -1.000000
vn -0.000000 -0.000000 -1.000000
vn -0.000000 -0.000000 -1.000000
vn -0.000000 -0.000000 -1.000000
vn -0.000000 -0.000000 -1.000000
vn -0.000000 -0.000000 -1.000000
vn -0.000000 -0.000000 -1.000000
vn -0.000000 -0.000000 -1.000000
vn -0.000000 -0.000000 -1.000000
vn -0.000000 -0.000000 -1.000000
vn -0.000000 -0.000000 -1.000000
vn -1.000000 0.000000 0.000000
vn -1.000000 0.000000 0.000000
vn -1.000000 0.000000 0.000000
vn -1.000000 0.000000 0.000000
vn 1.000000 -0.000000 -0.000000
vn 1.000000 -0.000000 -0.000000
vn 1.000000 -0.000000 -0.000000
vn 1.000000 -0.000000 -0.000000
f 1433/2797/2797 1434/2798/2798 1448/2799/2799
f 1448/2799/2799 1434/2798/2798 1435/2800/2800
f 1448/2799/2799 1435/2800/2800 1447/2801/2801
f 1447/2801/2801 1435/2800/2800 1436/2802/2802
f 1447/2801/2801 1436/2802/2802 1446/2803/2803
f 1446/2803/2803 1436/2802/2802 1437/2804/2804
f 1446/2803/2803 1437/2804/2804 1445/2805/2805
f 1445/2805/2805 1437/2804/2804 1438/2806/2806
f 1445/2805/2805 1438/2806/2806 1444/2807/2807
f 1444/2807/2807 1438/2806/2806 1439/2808/2808
f 1444/2807/2807 1439/2808/2808 1443/2809/2809
f 1443/2809/2809 1439/2808/2808 1440/2810/2810
f 1443/2809/2809 1440/2810/2810 1442/2811/2811
f 1442/2811/2811 1440/2810/2810 1441/2812/2812
f 1449/2813/2813 1433/2814/2814 1456/2815/2815
f 1456/2815/2815 1433/2814/2814 1448/2816/2816
f 1456/2815/2815 1448/2816/2816 1455/2817/2817
f 1455/2817/2817 1448/2816/2816 1447/2818/2818
f 1455/2817/2817 1447/2818/2818 1454/2819/2819
f 1454/2819/2819 1447/2818/2818 1446/2820/2820
f 1454/2819/2819 1446/2820/2820 1453/2821/2821
f 1453/2821/2821 1446/2820/2820 1445/2822/2822
f 1453/2821/2821 1445/2822/2822 1452/2823/2823
f 1452/2823/2823 1445/2822/2822 1444/2824/2824
f 1452/2823/2823 1444/2824/2824 1451/2825/2825
f 1451/2825/2825 1444/2824/2824 1443/2826/2826
f 1451/2825/2825 1443/2826/2826 1450/2827/2827
f 1450/2827/2827 1443/2826/2826 1442/2828/2828
f 1457/2829/2829 1449/2830/2830 1464/2831/2831
f 1464/2831/2831 1449/2830/2830 1456/2832/2832
f 1464/2831/2831 1456/2832/2832 1463/2833/2833
f 1463/2833/2833 1456/2832/2832 1455/2834/2834
f 1463/2833/2833 1455/2834/2834 1462/2835/2835
f 1462/2835/2835 1455/2834/2834 1454/2836/2836
f 1462/2835/2835 1454/2836/2836 1461/2837/2837
f 1461/2837/2837 1454/2836/2836 1453/2838/2838
f 1461/2837/2837 1453/2838/2838 1460/2839/2839
f 1460/2839/2839 1453/2838/2838 1452/2840/2840
f 1460/2839/2839 1452/2840/2840 1459/2841/2841
f 1459/2841/2841 1452/2840/2840 1451/2842/2842
f 1459/2841/2841 1451/2842/2842 1458/2843/2843
f 1458/2843/2843 1451/2842/2842 1450/2844/2844
f 1434/2845/2845 1457/2846/2846 1435/2847/2847
f 1435/2847/2847 1457/2846/2846 1464/2848/2848
f 1435/2847/2847 1464/2848/2848 1436/2849/2849
f 1436/2849/2849 1464/2848/2848 1463/2850/2850
f 1436/2849/2849 1463/2850/2850 1437/2851/2851
f 1437/2851/2851 1463/2850/2850 1462/2852/2852
f 1437/2851/2851 1462/2852/2852 1438/2853/2853
f 1438/2853/2853 1462/2852/2852 1461/2854/2854
f 1438/2853/2853 1461/2854/2854 1439/2855/2855
f 1439/2855/2855 1461/2854/2854 1460/2856/2856
f 1439/2855/2855 1460/2856/2856 1440/2857/2857
f 1440/2857/2857 1460/2856/2856 1459/2858/2858
f 1440/2857/2857 1459/2858/2858 1441/2859/2859
f 1441/2859/2859 1459/2858/2858 1458/2860/2860
f 1458/2861/2861 1450/2862/2862 1441/2863/2863
f 1441/2863/2863 1450/2862/2862 1442/2864/2864
f 1457/2865/2865 1434/2866/2866 1449/2867/2867
f 1449/2867/2867 1434/2866/2866 1433/2868/2868
g Body1:30

v 72.000000 33.000000 -52.000000
v 72.000000 33.000000 -54.000000
v 62.000000 33.000000 -54.000000
v 52.000000 33.000000 -54.000000
v 42.000000 33.000000 -54.000000
v 32.000000 33.000000 -54.000000
v 22.000000 33.000000 -54.000000
v 12.000000 33.000000 -54.000000
v 2.000000 33.000000 -54.000000
v 2.000000 33.000000 -52.000000
v 12.000000 33.000000 -52.000000
v 22.000000 33.000000 -52.000000
v 32.000000 33.000000 -52.000000
v 42.000000 33.000000 -52.000000
v 52.000000 33.000000 -52.000000
v 62.000000 33.000000 -52.000000
v 72.000000 31.000000 -52.000000
v 2.000000 31.000000 -52.000000
v 12.000000 31.000000 -52.000000
v 22.000000 31.000000 -52.000000
v 32.000000 31.000000 -52.000000
v 42.000000 31.000000 -52.000000
v 52.000000 31.000000 -52.000000
v 62.000000 31.000000 -52.000000
v 72.000000 31.000000 -54.000000
v 2.000000 31.000000 -54.000000
v 12.000000 31.000000 -54.000000
v 22.000000 31.000000 -54.000000
v 32.000000 31.000000 -54.000000
v 42.000000 31.000000 -54.000000
v 52.000000 31.000000 -54.000000
v 62.000000 31.000000 -54.000000
vt 0.000000 0.000000 0.000000
vt 2.000000 0.000000 0.000000
vt 0.000000 10.000000 0.000000
vt 2.000000 10.000000 0.000000
vt 0.000000 20.000000 0.000000
vt 2.000000 20.000000 0.000000
vt 0.000000 30.000000 0.000000
vt 2.000000 30.000000 0.000000
vt 0.000000 40.000000 0.000000
vt 2.000000 40.000000 0.000000
vt 0.000000 50.000000 0.000000
vt 2.000000 50.000000 0.000000
vt 0.000000 60.000000 0.000000
vt 2.000000 60.000000 0.000000
vt 0.000000 70.000000 0.000000
vt 2.000000 70.000000 0.000000
vt -0.000000 0.000000 0.000000
vt 2.000000 0.000000 0.000000
vt -0.000000 10.000000 0.000000
vt 2.000000 10.000000 0.000000
vt -0.000000 20.000000 0.000000
vt 2.000000 20.000000 0.000000
vt -0.000000 30.000000 0.000000
vt 2.000000 30.000000 0.000000
vt -0.000000 40.000000 0.000000
vt 2.000000 40.000000 0.000000
vt -0.000000 50.000000 0.000000
vt 2.000000 50.000000 0.000000
vt -0.000000 60.000000 0.000000
vt 2.000000 60.000000 0.000000
vt -0.000000 70.000000 0.000000
vt 2.000000 70.000000 0.000000
vt -0.000000 0.000000 0.000000
vt 2.000000 0.000000 0.000000
vt -0.000000 10.000000 0.000000
vt 2.000000 10.000000 0.000000
vt -0.000000 20.000000 0.000000
vt 2.000000 20.000000 0.000000
vt -0.000000 30.000000 0.000000
vt 2.000000 30.000000 0.000000
vt -0.000000 40.000000 0.000000
vt 2.000000 40.000000 0.000000
vt -0.000000 50.000000 0.000000
vt 2.000000 50.000000 0.000000
vt -0.000000 60.000000 0.000000
vt 2.000000 60.000000 0.000000
vt -0.000000 70.000000 0.000000
vt 2.000000 70.000000 0.000000
vt 0.000000 0.000000 0.000000
vt 2.000000 0.000000 0.000000
vt 0.000000 10.000000 0.000000
vt 2.000000 10.000000 0.000000
vt 0.000000 20.000000 0.000000
vt 2.000000 20.000000 0.000000
vt 0.000000 30.000000 0.000000
vt 2.000000 30.000000 0.000000
vt 0.000000 40.000000 0.000000
vt 2.000000 40.000000 0.000000
vt 0.000000 50.000000 0.000000
vt 2.000000 50.000000 0.000000
vt 0.000000 60.000000 0.000000
vt 2.000000 60.000000 0.000000
vt 0.000000 70.000000 0.000000
vt 2.000000 70.000000 0.000000
vt 1.000000 1.000000 0.000000
vt -1.000000 1.000000 0.000000
vt 1.000000 -1.000000 0.000000
vt -1.000000 -1.000000 0.000000
vt -1.000000 -1.000000 0.000000
vt 1.000000 -1.000000 0.000000
vt -1.000000 1.000000 0.000000
vt 1.000000 1.000000 0.000000
vn 0.000000 1.000000 -0.000000
vn 0.000000 1.000000 -0.000000
vn 0.000000 1.000000 -0.000000
vn 0.000000 1.000000 -0.000000
vn 0.000000 1.000000 -0.000000
vn 0.000000 1.000000 -0.000000
vn 0.000000 1.000000 -0.000000
vn 0.000000 1.000000 -0.000000
vn 0.000000 1.000000 -0.000000
vn 0.000000 1.000000 -0.000000
vn 0.000000 1.000000 -0.000000
vn 0.000000 1.000000 -0.000000
vn 0.000000 1.000000 -0.000000
vn 0.000000 1.000000 -0.000000
vn 0.000000 1.000000 -0.000000
vn 0.000000 1.000000 -0.000000
vn 0.000000 0.000000 1.000000
vn 0.000000 0.000000 1.000000
vn 0.000000 0.000000 1.000000
vn 0.000000 0.000000 1.000000
vn 0.000000 0.000000 1.000000
vn 0.000000 0.000000 1.000000
vn 0.000000 0.000000 1.000000
vn 0.000000 0.000000 1.000000
vn 0.000000 0.000000 1.000000
vn 0.000000 0.000000 1.000000
vn 0.000000 0.000000 1.000000
vn 0.000000 0.000000 1.000000
vn 0.000000 0.000000 1.000000
vn 0.000000 0.000000 1.000000
vn 0.000000 0.000000 1.000000
vn 0.000000 0.000000 1.000000
vn -0.000000 -1.000000 0.000000
vn -0.000000 -1.000000 0.000000
vn -0.000000 -1.000000 0.000000
vn -0.000000 -1.000000 0.000000
vn -0.000000 -1.000000 0.000000
vn -0.000000 -1.000000 0.000000
vn -0.000000 -1.000000 0.000000
vn -0.000000 -1.000000 0.000000
vn -0.000000 -1.000000 0.000000
vn -0.000000 -1.000000 0.000000
vn -0.000000 -1.000000 0.000000
vn -0.000000 -1.000000 0.000000
vn -0.000000 -1.000000 0.000000
vn -0.000000 -1.000000 0.000000
vn -0.000000 -1.000000 0.000000
vn -0.000000 -1.000000 0.000000
vn -0.000000 -0.000000 -1.000000
vn -0.000000 -0.000000 -1.000000
vn -0.000000 -0.000000 -1.000000
vn -0.000000 -0.000000 -1.000000
vn -0.000000 -0.000000 -1.000000
vn -0.000000 -0.000000 -1.000000
vn -0.000000 -0.000000 -1.000000
vn -0.000000 -0.000000 -1.000000
vn -0.000000 -0.000000 -1.000000
vn -0.000000 -0.000000 -1.000000
vn -0.000000 -0.000000 -1.000000
vn -0.000000 -0.000000 -1.000000
vn -0.000000 -0.000000 -1.000000
vn -0.000000 -0.000000 -1.000000
vn -0.000000 -0.000000 -1.000000
vn -0.000000 -0.000000 -1.000000
vn -1.000000 0.000000 0.000000
vn -1.000000 0.000000 0.000000
vn -1.000000 0.000000 0.000000
vn -1.000000 0.000000 0.000000
vn 1.000000 -0.000000 -0.000000
vn 1.000000 -0.000000 -0.000000
vn 1.000000 -0.000000 -0.000000
vn 1.000000 -0.000000 -0.000000
f 1465/2869/2869 1466/2870/2870 1480/2871/2871
f 1480/2871/2871 1466/2870/2870 1467/2872/2872
f 1480/2871/2871 1467/2872/2872 1479/2873/2873
f 1479/2873/2873 1467/2872/2872 1468/2874/2874
f 1479/2873/2873 1468/2874/2874 1478/2875/2875
f 1478/2875/2875 1468/2874/2874 1469/2876/2876
f 1478/2875/2875 1469/2876/2876 1477/2877/2877
f 1477/2877/2877 1469/2876/2876 1470/2878/2878
f 1477/2877/2877 1470/2878/2878 1476/2879/2879
f 1476/2879/2879 1470/2878/2878 1471/2880/2880
f 1476/2879/2879 1471/2880/2880 1475/2881/2881
f 1475/2881/2881 1471/2880/2880 1472/2882/2882
f 1475/2881/2881 1472/2882/2882 1474/2883/2883
f 1474/2883/2883 1472/2882/2882 1473/2884/2884
f 1481/2885/2885 1465/2886/2886 1488/2887/2887
f 1488/2887/2887 1465/2886/2886 1480/2888/2888
f 1488/2887/2887 1480/2888/2888 1487/2889/2889
f 1487/2889/2889 1480/2888/2888 1479/2890/2890
f 1487/2889/2889 1479/2890/2890 1486/2891/2891
f 1486/2891/2891 1479/2890/2890 1478/2892/2892
f 1486/2891/2891 1478/2892/2892 1485/2893/2893
f 1485/2893/2893 1478/2892/2892 1477/2894/2894
f 1485/2893/2893 1477/2894/2894 1484/2895/2895
f 1484/2895/2895 1477/2894/2894 1476/2896/2896
f 1484/2895/2895 1476/2896/2896 1483/2897/2897
f 1483/2897/2897 1476/2896/2896 1475/2898/2898
f 1483/2897/2897 1475/2898/2898 1482/2899/2899
f 1482/2899/2899 1475/2898/2898 1474/2900/2900
f 1489/2901/2901 1481/2902/2902 1496/2903/2903
f 1496/2903/2903 1481/2902/2902 1488/2904/2904
f 1496/2903/2903 1488/2904/2904 1495/2905/2905
f 1495/2905/2905 1488/2904/2904 1487/2906/2906
f 1495/2905/2905 1487/2906/2906 1494/2907/2907
f 1494/2907/2907 1487/2906/2906 1486/2908/2908
f 1494/2907/2907 1486/2908/2908 1493/2909/2909
f 1493/2909/2909 1486/2908/2908 1485/2910/2910
f 1493/2909/2909 1485/2910/2910 1492/2911/2911
f 1492/2911/2911 1485/2910/2910 1484/2912/2912
f 1492/2911/2911 1484/2912/2912 1491/2913/2913
f 1491/2913/2913 1484/2912/2912 1483/2914/2914
f 1491/2913/2913 1483/2914/2914 1490/2915/2915
f 1490/2915/2915 1483/2914/2914 1482/2916/2916
f 1466/2917/2917 1489/2918/2918 1467/2919/2919
f 1467/2919/2919 1489/2918/2918 1496/2920/2920
f 1467/2919/2919 1496/2920/2920 1468/2921/2921
f 1468/2921/2921 1496/2920/2920 1495/2922/2922
f 1468/2921/2921 1495/2922/2922 1469/2923/2923
f 1469/2923/2923 1495/2922/2922 1494/2924/2924
f 1469/2923/2923 1494/2924/2924 1470/2925/2925
f 1470/2925/2925 1494/2924/2924 1493/2926/2926
f 1470/2925/2925 1493/2926/2926 1471/2927/2927
f 1471/2927/2927 1493/2926/2926 1492/2928/2928
f 1471/2927/2927 1492/2928/2928 1472/2929/2929
f 1472/2929/2929 1492/2928/2928 1491/2930/2930
f 1472/2929/2929 1491/2930/2930 1473/2931/2931
f 1473/2931/2931 1491/2930/2930 1490/2932/2932
f 1490/2933/2933 1482/2934/2934 1473/2935/2935
f 1473/2935/2935 1482/2934/2934 1474/2936/2936
f 1489/2937/2937 1466/2938/2938 1481/2939/2939
f 1481/2939/2939 1466/2938/2938 1465/2940/2940
g Body1:31

v 2.000000 61.000000 -54.000000
v 2.000000 59.000000 -54.000000
v 2.000000 59.000000 -64.000000
v 2.000000 59.000000 -74.000000
v 2.000000 59.000000 -84.000000
v 2.000000 59.000000 -94.000000
v 2.000000 59.000000 -104.000000
v 2.000000 61.000000 -104.000000
v 2.000000 61.000000 -94.000000
v 2.000000 61.000000 -84.000000
v 2.000000 61.000000 -74.000000
v 2.000000 61.000000 -64.000000
v -0.000000 61.000000 -54.000000
v -0.000000 61.000000 -104.000000
v -0.000000 61.000000 -94.000000
v -0.000000 61.000000 -84.000000
v -0.000000 61.000000 -74.000000
v -0.000000 61.000000 -64.000000
v -0.000000 59.000000 -54.000000
v -0.000000 59.000000 -104.000000
v -0.000000 59.000000 -94.000000
v -0.000000 59.000000 -84.000000
v -0.000000 59.000000 -74.000000
v -0.000000 59.000000 -64.000000
vt 0.000000 0.000000 0.000000
vt 2.000000 0.000000 0.000000
vt 0.000000 10.000000 0.000000
vt 2.000000 10.000000 0.000000
vt 0.000000 20.000000 0.000000
vt 2.000000 20.000000 0.000000
vt 0.000000 30.000000 0.000000
vt 2.000000 30.000000 0.000000
vt 0.000000 40.000000 0.000000
vt 2.000000 40.000000 0.000000
vt 0.000000 50.000000 0.000000
vt 2.000000 50.000000 0.000000
vt -0.000000 0.000000 0.000000
vt 2.000000 0.000000 0.000000
vt -0.000000 10.000000 0.000000
vt 2.000000 10.000000 0.000000
vt -0.000000 20.000000 0.000000
vt 2.000000 20.000000 0.000000
vt -0.000000 30.000000 0.000000
vt 2.000000 30.000000 0.000000
vt -0.000000 40.000000 0.000000
vt 2.000000 40.000000 0.000000
vt -0.000000 50.000000 0.000000
vt 2.000000 50.000000 0.000000
vt -0.000000 0.000000 0.000000
vt 2.000000 0.000000 0.000000
vt -0.000000 10.000000 0.000000
vt 2.000000 10.000000 0.000000
vt -0.000000 20.000000 0.000000
vt 2.000000 20.000000 0.000000
vt -0.000000 30.000000 0.000000
vt 2.000000 30.000000 0.000000
vt -0.000000 40.000000 0.000000
vt 2.000000 40.000000 0.000000
vt -0.000000 50.000000 0.000000
vt 2.000000 50.000000 0.000000
vt 0.000000 0.000000 0.000000
vt 2.000000 0.000000 0.000000
vt 0.000000 10.000000 0.000000
vt 2.000000 10.000000 0.000000
vt 0.000000 20.000000 0.000000
vt 2.000000 20.000000 0.000000
vt 0.000000 30.000000 0.000000
vt 2.000000 30.000000 0.000000
vt 0.000000 40.000000 0.000000
vt 2.000000 40.000000 0.000000
vt 0.000000 50.000000 0.000000
vt 2.000000 50.000000 0.000000
vt 1.000000 1.000000 0.000000
vt -1.000000 1.000000 0.000000
vt 1.000000 -1.000000 0.000000
vt -1.000000 -1.000000 0.000000
vt -1.000000 -1.000000 0.000000
vt 1.000000 -1.000000 0.000000
vt -1.000000 1.000000 0.000000
vt 1.000000 1.000000 0.000000
vn 1.000000 0.000000 0.000000
vn 1.000000 0.000000 0.000000
vn 1.000000 0.000000 0.000000
vn 1.000000 0.000000 0.000000
vn 1.000000 0.000000 0.000000
vn 1.000000 0.000000 0.000000
vn 1.000000 0.000000 0.000000
vn 1.000000 0.000000 0.000000
vn 1.000000 0.000000 0.000000
vn 1.000000 0.000000 0.000000
vn 1.000000 0.000000 0.000000
vn 1.000000 0.000000 0.000000
vn -0.000000 1.000000 -0.000000
vn -0.000000 1.000000 -0.000000
vn -0.000000 1.000000 -0.000000
vn -0.000000 1.000000 -0.000000
vn -0.000000 1.000000 -0.000000
vn -0.000000 1.000000 -0.000000
vn -0.000000 1.000000 -0.000000
vn -0.000000 1.000000 -0.000000
vn -0.000000 1.000000 -0.000000
vn -0.000000 1.000000 -0.000000
vn -0.000000 1.000000 -0.000000
vn -0.000000 1.000000 -0.000000
vn -1.000000 -0.000000 -0.000000
vn -1.000000 -0.000000 -0.000000
vn -1.000000 -0.000000 -0.000000
vn -1.000000 -0.000000 -0.000000
vn -1.000000 -0.000000 -0.000000
vn -1.000000 -0.000000 -0.000000
vn -1.000000 -0.000000 -0.000000
vn -1.000000 -0.000000 -0.000000
vn -1.000000 -0.000000 -0.000000
vn -1.000000 -0.000000 -0.000000
vn -1.000000 -0.000000 -0.000000
vn -1.000000 -0.000000 -0.000000
vn 0.000000 -1.000000 0.000000
vn 0.000000 -1.000000 0.000000
vn 0.000000 -1.000000 0.000000
vn 0.000000 -1.000000 0.000000
vn 0.000000 -1.000000 0.000000
vn 0.000000 -1.000000 0.000000
vn 0.000000 -1.000000 0.000000
vn 0.000000 -1.000000 0.000000
vn 0.000000 -1.000000 0.000000
vn 0.000000 -1.000000 0.000000
vn 0.000000 -1.000000 0.000000
vn 0.000000 -1.000000 0.000000
vn 0.000000 -0.000000 -1.000000
vn 0.000000 -0.000000 -1.000000
vn 0.000000 -0.000000 -1.000000
vn 0.000000 -0.000000 -1.000000
vn -0.000000 0.000000 1.000000
vn -0.000000 0.000000 1.000000
vn -0.000000 0.000000 1.000000
vn -0.000000 0.000000 1.000000
f 1497/2941/2941 1498/2942/2942 1508/2943/2943
f 1508/2943/2943 1498/2942/2942 1499/2944/2944
f 1508/2943/2943 1499/2944/2944 1507/2945/2945
f 1507/2945/2945 1499/2944/2944 1500/2946/2946
f 1507/2945/2945 1500/2946/2946 1506/2947/2947
f 1506/2947/2947 1500/2946/2946 1501/2948/2948
f 1506/2947/2947 1501/2948/2948 1505/2949/2949
f 1505/2949/2949 1501/2948/2948 1502/2950/2950
f 1505/2949/2949 1502/2950/2950 1504/2951/2951
f 1504/2951/2951 1502/2950/2950 1503/2952/2952
f 1509/2953/2953 1497/2954/2954 1514/2955/2955
f 1514/2955/2955 1497/2954/2954 1508/2956/2956
f 1514/2955/2955 1508/2956/2956 1513/2957/2957
f 1513/2957/2957 1508/2956/2956 1507/2958/2958
f 1513/2957/2957 1507/2958/2958 1512/2959/2959
f 1512/2959/2959 1507/2958/2958 1506/2960/2960
f 1512/2959/2959 1506/2960/2960 1511/2961/2961
f 1511/2961/2961 1506/2960/2960 1505/2962/2962
f 1511/2961/2961 1505/2962/2962 1510/2963/2963
f 1510/2963/2963 1505/2962/2962 1504/2964/2964
f 1515/2965/2965 1509/2966/2966 1520/2967/2967
f 1520/2967/2967 1509/2966/2966 1514/2968/2968
f 1520/2967/2967 1514/2968/2968 1519/2969/2969
f 1519/2969/2969 1514/2968/2968 1513/2970/2970
f 1519/2969/2969 1513/2970/2970 1518/2971/2971
f 1518/2971/2971 1513/2970/2970 1512/2972/2972
f 1518/2971/2971 1512/2972/2972 1517/2973/2973
f 1517/2973/2973 1512/2972/2972 1511/2974/2974
f 1517/2973/2973 1511/2974/2974 1516/2975/2975
f 1516/2975/2975 1511/2974/2974 1510/2976/2976
f 1498/2977/2977 1515/2978/2978 1499/2979/2979
f 1499/2979/2979 1515/2978/2978 1520/2980/2980
f 1499/2979/2979 1520/2980/2980 1500/2981/2981
f 1500/2981/2981 1520/2980/2980 1519/2982/2982
f 1500/2981/2981 1519/2982/2982 1501/2983/2983
f 1501/2983/2983 1519/2982/2982 1518/2984/2984
f 1501/2983/2983 1518/2984/2984 1502/2985/2985
f 1502/2985/2985 1518/2984/2984 1517/2986/2986
f 1502/2985/2985 1517/2986/2986 1503/2987/2987
f 1503/2987/2987 1517/2986/2986 1516/2988/2988
f 1516/2989/2989 1510/2990/2990 1503/2991/2991
f 1503/2991/2991 1510/2990/2990 1504/2992/2992
f 1515/2993/2993 1498/2994/2994 1509/2995/2995
f 1509/2995/2995 1498/2994/2994 1497/2996/2996
g Body1:32

v 73.000000 61.000000 -54.000000
v 73.000000 59.000000 -54.000000
v 73.000000 59.000000 -64.000000
v 73.000000 59.000000 -74.000000
v 73.000000 59.000000 -84.000000
v 73.000000 59.000000 -94.000000
v 73.000000 59.000000 -104.000000
v 73.000000 61.000000 -104.000000
v 73.000000 61.000000 -94.000000
v 73.000000 61.000000 -84.000000
v 73.000000 61.000000 -74.000000
v 73.000000 61.000000 -64.000000
v 71.000000 61.000000 -54.000000
v 71.000000 61.000000 -104.000000
v 71.000000 61.000000 -94.000000
v 71.000000 61.000000 -84.000000
v 71.000000 61.000000 -74.000000
v 71.000000 61.000000 -64.000000
v 71.000000 59.000000 -54.000000
v 71.000000 59.000000 -104.000000
v 71.000000 59.000000 -94.000000
v 71.000000 59.000000 -84.000000
v 71.000000 59.000000 -74.000000
v 71.000000 59.000000 -64.000000
vt 0.000000 0.000000 0.000000
vt 2.000000 0.000000 0.000000
vt 0.000000 10.000000 0.000000
vt 2.000000 10.000000 0.000000
vt 0.000000 20.000000 0.000000
vt 2.000000 20.000000 0.000000
vt 0.000000 30.000000 0.000000
vt 2.000000 30.000000 0.000000
vt 0.000000 40.000000 0.000000
vt 2.000000 40.000000 0.000000
vt 0.000000 50.000000 0.000000
vt 2.000000 50.000000 0.000000
vt -0.000000 0.000000 0.000000
vt 2.000000 0.000000 0.000000
vt -0.000000 10.000000 0.000000
vt 2.000000 10.000000 0.000000
vt -0.000000 20.000000 0.000000
vt 2.000000 20.000000 0.000000
vt -0.000000 30.000000 0.000000
vt 2.000000 30.000000 0.000000
vt -0.000000 40.000000 0.000000
vt 2.000000 40.000000 0.000000
vt -0.000000 50.000000 0.000000
vt 2.000000 50.000000 0.000000
vt -0.000000 0.000000 0.000000
vt 2.000000 0.000000 0.000000
vt -0.000000 10.000000 0.000000
vt 2.000000 10.000000 0.000000
vt -0.000000 20.000000 0.000000
vt 2.000000 20.000000 0.000000
vt -0.000000 30.000000 0.000000
vt 2.000000 30.000000 0.000000
vt -0.000000 40.000000 0.000000
vt 2.000000 40.000000 0.000000
vt -0.000000 50.000000 0.000000
vt 2.000000 50.000000 0.000000
vt 0.000000 0.000000 0.000000
vt 2.000000 0.000000 0.000000
vt 0.000000 10.000000 0.000000
vt 2.000000 10.000000 0.000000
vt 0.000000 20.000000 0.000000
vt 2.000000 20.000000 0.000000
vt 0.000000 30.000000 0.000000
vt 2.000000 30.000000 0.000000
vt 0.000000 40.000000 0.000000
vt 2.000000 40.000000 0.000000
vt 0.000000 50.000000 0.000000
vt 2.000000 50.000000 0.000000
vt 1.000000 1.000000 0.000000
vt -1.000000 1.000000 0.000000
vt 1.000000 -1.000000 0.000000
vt -1.000000 -1.000000 0.000000
vt -1.000000 -1.000000 0.000000
vt 1.000000 -1.000000 0.000000
vt -1.000000 1.000000 0.000000
vt 1.000000 1.000000 0.000000
vn 1.000000 0.000000 -0.000000
vn 1.000000 0.000000 -0.000000
vn 1.000000 0.000000 -0.000000
vn 1.000000 0.000000 -0.000000
vn 1.000000 0.000000 -0.000000
vn 1.000000 0.000000 -0.000000
vn 1.000000 0.000000 -0.000000
vn 1.000000 0.000000 -0.000000
vn 1.000000 0.000000 -0.000000
vn 1.000000 0.000000 -0.000000
vn 1.000000 0.000000 -0.000000
vn 1.000000 0.000000 -0.000000
vn -0.000000 1.000000 -0.000000
vn -0.000000 1.000000 -0.000000
vn -0.000000 1.000000 -0.000000
vn -0.000000 1.000000 -0.000000
vn -0.000000 1.000000 -0.000000
vn -0.000000 1.000000 -0.000000
vn -0.000000 1.000000 -0.000000
vn -0.000000 1.000000 -0.000000
vn -0.000000 1.000000 -0.000000
vn -0.000000 1.000000 -0.000000
vn -0.000000 1.000000 -0.000000
vn -0.000000 1.000000 -0.000000
vn -1.000000 -0.000000 0.000000
vn -1.000000 -0.000000 0.000000
vn -1.000000 -0.000000 0.000000
vn -1.000000 -0.000000 0.000000
vn -1.000000 -0.000000 0.000000
vn -1.000000 -0.000000 0.000000
vn -1.000000 -0.000000 0.000000
vn -1.000000 -0.000000 0.000000
vn -1.000000 -0.000000 0.000000
vn -1.000000 -0.000000 0.000000
vn -1.000000 -0.000000 0.000000
vn -1.000000 -0.000000 0.000000
vn 0.000000 -1.000000 0.000000
vn 0.000000 -1.000000 0.000000
vn 0.000000 -1.000000 0.000000
vn 0.000000 -1.000000 0.000000
vn 0.000000 -1.000000 0.000000
vn 0.000000 -1.000000 0.000000
vn 0.000000 -1.000000 0.000000
vn 0.000000 -1.000000 0.000000
vn 0.000000 -1.000000 0.000000
vn 0.000000 -1.000000 0.000000
vn 0.000000 -1.000000 0.000000
vn 0.000000 -1.000000 0.000000
vn -0.000000 -0.000000 -1.000000
vn -0.000000 -0.000000 -1.000000
vn -0.000000 -0.000000 -1.000000
vn -0.000000 -0.000000 -1.000000
vn 0.000000 0.000000 1.000000
vn 0.000000 0.000000 1.000000
vn 0.000000 0.000000 1.000000
vn 0.000000 0.000000 1.000000
f 1521/2997/2997 1522/2998/2998 1532/2999/2999
f 1532/2999/2999 1522/2998/2998 1523/3000/3000
f 1532/2999/2999 1523/3000/3000 1531/3001/3001
f 1531/3001/3001 1523/3000/3000 1524/3002/3002
f 1531/3001/3001 1524/3002/3002 1530/3003/3003
f 1530/3003/3003 1524/3002/3002 1525/3004/3004
f 1530/3003/3003 1525/3004/3004 1529/3005/3005
f 1529/3005/3005 1525/3004/3004 1526/3006/3006
f 1529/3005/3005 1526/3006/3006 1528/3007/3007
f 1528/3007/3007 1526/3006/3006 1527/3008/3008
f 1533/3009/3009 1521/3010/3010 1538/3011/3011
f 1538/3011/3011 1521/3010/3010 1532/3012/3012
f 1538/3011/3011 1532/3012/3012 1537/3013/3013
f 1537/3013/3013 1532/3012/3012 1531/3014/3014
f 1537/3013/3013 1531/3014/3014 1536/3015/3015
f 1536/3015/3015 1531/3014/3014 1530/3016/3016
f 1536/3015/3015 1530/3016/3016 1535/3017/3017
f 1535/3017/3017 1530/3016/3016 1529/3018/3018
f 1535/3017/3017 1529/3018/3018 1534/3019/3019
f 1534/3019/3019 1529/3018/3018 1528/3020/3020
f 1539/3021/3021 1533/3022/3022 1544/3023/3023
f 1544/3023/3023 1533/3022/3022 1538/3024/3024
f 1544/3023/3023 1538/3024/3024 1543/3025/3025
f 1543/3025/3025 1538/3024/3024 1537/3026/3026
f 1543/3025/3025 1537/3026/3026 1542/3027/3027
f 1542/3027/3027 1537/3026/3026 1536/3028/3028
f 1542/3027/3027 1536/3028/3028 1541/3029/3029
f 1541/3029/3029 1536/3028/3028 1535/3030/3030
f 1541/3029/3029 1535/3030/3030 1540/3031/3031
f 1540/3031/3031 1535/3030/3030 1534/3032/3032
f 1522/3033/3033 1539/3034/3034 1523/3035/3035
f 1523/3035/3035 1539/3034/3034 1544/3036/3036
f 1523/3035/3035 1544/3036/3036 1524/3037/3037
f 1524/3037/3037 1544/3036/3036 1543/3038/3038
f 1524/3037/3037 1543/3038/3038 1525/3039/3039
f 1525/3039/3039 1543/3038/3038 1542/3040/3040
f 1525/3039/3039 1542/3040/3040 1526/3041/3041
f 1526/3041/3041 1542/3040/3040 1541/3042/3042
f 1526/3041/3041 1541/3042/3042 1527/3043/3043
f 1527/3043/3043 1541/3042/3042 1540/3044/3044
f 1540/3045/3045 1534/3046/3046 1527/3047/3047
f 1527/3047/3047 1534/3046/3046 1528/3048/3048
f 1539/3049/3049 1522/3050/3050 1533/3051/3051
f 1533/3051/3051 1522/3050/3050 1521/3052/3052
g Body1:33

v 67.480000 122.317500 8.960000
v 57.320000 122.317500 8.960000
v 47.160000 122.317500 8.960000
v 37.000000 122.317500 8.960000
v 26.840000 122.317500 8.960000
v 16.680000 122.317500 8.960000
v 6.520000 122.317500 8.960000
v 6.520000 122.000000 8.960000
v 16.680000 122.000000 8.960000
v 26.840000 122.000000 8.960000
v 37.000000 122.000000 8.960000
v 47.160000 122.000000 8.960000
v 57.320000 122.000000 8.960000
v 67.480000 122.000000 8.960000
v 67.480000 122.317500 -52.000000
v 67.480000 122.317500 -41.840000
v 67.480000 122.317500 -31.680000
v 67.480000 122.317500 -21.520000
v 67.480000 122.317500 -11.360000
v 67.480000 122.317500 -1.200000
v 67.480000 122.000000 -1.200000
v 67.480000 122.000000 -11.360000
v 67.480000 122.000000 -21.520000
v 67.480000 122.000000 -31.680000
v 67.480000 122.000000 -41.840000
v 67.480000 122.000000 -52.000000
v 6.520000 122.317500 -52.000000
v 16.680000 122.317500 -52.000000
v 26.840000 122.317500 -52.000000
v 37.000000 122.317500 -52.000000
v 47.160000 122.317500 -52.000000
v 57.320000 122.317500 -52.000000
v 57.320000 122.000000 -52.000000
v 47.160000 122.000000 -52.000000
v 37.000000 122.000000 -52.000000
v 26.840000 122.000000 -52.000000
v 16.680000 122.000000 -52.000000
v 6.520000 122.000000 -52.000000
v 6.520000 122.317500 -1.200000
v 6.520000 122.317500 -11.360000
v 6.520000 122.317500 -21.520000
v 6.520000 122.317500 -31.680000
v 6.520000 122.317500 -41.840000
v 6.520000 122.000000 -41.840000
v 6.520000 122.000000 -31.680000
v 6.520000 122.000000 -21.520000
v 6.520000 122.000000 -11.360000
v 6.520000 122.000000 -1.200000
v 16.680000 122.000000 -41.840000
v 16.680000 122.000000 -31.680000
v 16.680000 122.000000 -21.520000
v 16.680000 122.000000 -11.360000
v 16.680000 122.000000 -1.200000
v 26.840000 122.000000 -41.840000
v 26.840000 122.000000 -31.680000
v 26.840000 122.000000 -21.520000
v 26.840000 122.000000 -11.360000
v 26.840000 122.000000 -1.200000
v 37.000000 122.000000 -41.840000
v 37.000000 122.000000 -31.680000
v 37.000000 122.000000 -21.520000
v 37.000000 122.000000 -11.360000
v 37.000000 122.000000 -1.200000
v 47.160000 122.000000 -41.840000
v 47.160000 122.000000 -31.680000
v 47.160000 122.000000 -21.520000
v 47.160000 122.000000 -11.360000
v 47.160000 122.000000 -1.200000
v 57.320000 122.000000 -41.840000
v 57.320000 122.000000 -31.680000
v 57.320000 122.000000 -21.520000
v 57.320000 122.000000 -11.360000
v 57.320000 122.000000 -1.200000
v 16.680000 122.317500 -41.840000
v 26.840000 122.317500 -41.840000
v 37.000000 122.317500 -41.840000
v 47.160000 122.317500 -41.840000
v 57.320000 122.317500 -41.840000
v 16.680000 122.317500 -31.680000
v 26.840000 122.317500 -31.680000
v 37.000000 122.317500 -31.680000
v 47.160000 122.317500 -31.680000
v 57.320000 122.317500 -31.680000
v 16.680000 122.317500 -21.520000
v 26.840000 122.317500 -21.520000
v 37.000000 122.317500 -21.520000
v 47.160000 122.317500 -21.520000
v 57.320000 122.317500 -21.520000
v 16.680000 122.317500 -11.360000
v 26.840000 122.317500 -11.360000
v 37.000000 122.317500 -11.360000
v 47.160000 122.317500 -11.360000
v 57.320000 122.317500 -11.360000
v 16.680000 122.317500 -1.200000
v 26.840000 122.317500 -1.200000
v 37.000000 122.317500 -1.200000
v 47.160000 122.317500 -1.200000
v 57.320000 122.317500 -1.200000
vt 0.000000 0.000000 0.000000
vt 10.160000 0.000000 0.000000
vt 0.000000 0.317500 0.000000
vt 10.160000 0.317500 0.000000
vt 20.320000 0.000000 0.000000
vt 20.320000 0.317500 0.000000
vt 30.480000 0.000000 0.000000
vt 30.480000 0.317500 0.000000
vt 40.640000 0.000000 0.000000
vt 40.640000 0.317500 0.000000
vt 50.800000 0.000000 0.000000
vt 50.800000 0.317500 0.000000
vt 60.960000 0.000000 0.000000
vt 60.960000 0.317500 0.000000
vt 0.000000 0.000000 0.000000
vt 10.160000 0.000000 0.000000
vt 0.000000 0.317500 0.000000
vt 10.160000 0.317500 0.000000
vt 20.320000 0.000000 0.000000
vt 20.320000 0.317500 0.000000
vt 30.480000 0.000000 0.000000
vt 30.480000 0.317500 0.000000
vt 40.640000 0.000000 0.000000
vt 40.640000 0.317500 0.000000
vt 50.800000 0.000000 0.000000
vt 50.800000 0.317500 0.000000
vt 60.960000 0.000000 0.000000
vt 60.960000 0.317500 0.000000
vt 0.000000 0.000000 0.000000
vt 10.160000 0.000000 0.000000
vt 0.000000 0.317500 0.000000
vt 10.160000 0.317500 0.000000
vt 20.320000 0.000000 0.000000
vt 20.320000 0.317500 0.000000
vt 30.480000 0.000000 0.000000
vt 30.480000 0.317500 0.000000
vt 40.640000 0.000000 0.000000
vt 40.640000 0.317500 0.000000
vt 50.800000 0.000000 0.000000
vt 50.800000 0.317500 0.000000
vt 60.960000 0.000000 0.000000
vt 60.960000 0.317500 0.000000
vt 0.000000 0.000000 0.000000
vt 10.160000 0.000000 0.000000
vt 0.000000 0.317500 0.000000
vt 10.160000 0.317500 0.000000
vt 20.320000 0.000000 0.000000
vt 20.320000 0.317500 0.000000
vt 30.480000 0.000000 0.000000
vt 30.480000 0.317500 0.000000
vt 40.640000 0.000000 0.000000
vt 40.640000 0.317500 0.000000
vt 50.800000 0.000000 0.000000
vt 50.800000 0.317500 0.000000
vt 60.960000 0.000000 0.000000
vt 60.960000 0.317500 0.000000
vt -30.480000 -30.480000 0.000000
vt -20.320000 -30.480000 0.000000
vt -30.480000 -20.320000 0.000000
vt -20.320000 -20.320000 0.000000
vt -30.480000 -10.160000 0.000000
vt -20.320000 -10.160000 0.000000
vt -30.480000 0.000000 0.000000
vt -20.320000 0.000000 0.000000
vt -30.480000 10.160000 0.000000
vt -20.320000 10.160000 0.000000
vt -30.480000 20.320000 0.000000
vt -20.320000 20.320000 0.000000
vt -30.480000 30.480000 0.000000
vt -20.320000 30.480000 0.000000
vt -10.160000 20.320000 0.000000
vt -10.160000 30.480000 0.000000
vt 0.000000 20.320000 0.000000
vt 0.000000 30.480000 0.000000
vt 10.160000 20.320000 0.000000
vt 10.160000 30.480000 0.000000
vt 20.320000 20.320000 0.000000
vt 20.320000 30.480000 0.000000
vt 30.480000 20.320000 0.000000
vt 30.480000 30.480000 0.000000
vt -10.160000 -30.480000 0.000000
vt -10.160000 -20.320000 0.000000
vt -10.160000 -10.160000 0.000000
vt -10.160000 0.000000 0.000000
vt -10.160000 10.160000 0.000000
vt 0.000000 -30.480000 0.000000
vt 0.000000 -20.320000 0.000000
vt 0.000000 -10.160000 0.000000
vt 0.000000 0.000000 0.000000
vt 0.000000 10.160000 0.000000
vt 10.160000 -30.480000 0.000000
vt 10.160000 -20.320000 0.000000
vt 10.160000 -10.160000 0.000000
vt 10.160000 0.000000 0.000000
vt 10.160000 10.160000 0.000000
vt 20.320000 -30.480000 0.000000
vt 20.320000 -20.320000 0.000000
vt 20.320000 -10.160000 0.000000
vt 20.320000 0.000000 0.000000
vt 20.320000 10.160000 0.000000
vt 30.480000 -30.480000 0.000000
vt 30.480000 -20.320000 0.000000
vt 30.480000 -10.160000 0.000000
vt 30.480000 0.000000 0.000000
vt 30.480000 10.160000 0.000000
vt 20.320000 -30.480000 0.000000
vt 30.480000 -30.480000 0.000000
vt 20.320000 -20.320000 0.000000
vt 30.480000 -20.320000 0.000000
vt 20.320000 -10.160000 0.000000
vt 30.480000 -10.160000 0.000000
vt 20.320000 0.000000 0.000000
vt 30.480000 0.000000 0.000000
vt 20.320000 10.160000 0.000000
vt 30.480000 10.160000 0.000000
vt 20.320000 20.320000 0.000000
vt 30.480000 20.320000 0.000000
vt 20.320000 30.480000 0.000000
vt 30.480000 30.480000 0.000000
vt 10.160000 30.480000 0.000000
vt 10.160000 20.320000 0.000000
vt 10.160000 10.160000 0.000000
vt 10.160000 0.000000 0.000000
vt 10.160000 -10.160000 0.000000
vt 10.160000 -20.320000 0.000000
vt 10.160000 -30.480000 0.000000
vt 0.000000 -20.320000 0.000000
vt -0.000000 -30.480000 0.000000
vt -10.160000 -20.320000 0.000000
vt -10.160000 -30.480000 0.000000
vt -20.320000 -20.320000 0.000000
vt -20.320000 -30.480000 0.000000
vt -30.480000 -20.320000 0.000000
vt -30.480000 -30.480000 0.000000
vt -0.000000 30.480000 0.000000
vt 0.000000 20.320000 0.000000
vt 0.000000 10.160000 0.000000
vt 0.000000 0.000000 0.000000
vt 0.000000 -10.160000 0.000000
vt -10.160000 30.480000 0.000000
vt -10.160000 20.320000 0.000000
vt -10.160000 10.160000 0.000000
vt -10.160000 0.000000 0.000000
vt -10.160000 -10.160000 0.000000
vt -20.320000 30.480000 0.000000
vt -20.320000 20.320000 0.000000
vt -20.320000 10.160000 0.000000
vt -20.320000 0.000000 0.000000
vt -20.320000 -10.160000 0.000000
vt -30.480000 30.480000 0.000000
vt -30.480000 20.320000 0.000000
vt -30.480000 10.160000 0.000000
vt -30.480000 0.000000 0.000000
vt -30.480000 -10.160000 0.000000
vn -0.000000 0.000000 1.000000
vn -0.000000 0.000000 1.000000
vn -0.000000 0.000000 1.000000
vn -0.000000 0.000000 1.000000
vn -0.000000 0.000000 1.000000
vn -0.000000 0.000000 1.000000
vn -0.000000 0.000000 1.000000
vn -0.000000 0.000000 1.000000
vn -0.000000 0.000000 1.000000
vn -0.000000 0.000000 1.000000
vn -0.000000 0.000000 1.000000
vn -0.000000 0.000000 1.000000
vn -0.000000 0.000000 1.000000
vn -0.000000 0.000000 1.000000
vn 1.000000 0.000000 0.000000
vn 1.000000 0.000000 0.000000
vn 1.000000 0.000000 0.000000
vn 1.000000 0.000000 0.000000
vn 1.000000 0.000000 0.000000
vn 1.000000 0.000000 0.000000
vn 1.000000 0.000000 0.000000
vn 1.000000 0.000000 0.000000
vn 1.000000 0.000000 0.000000
vn 1.000000 0.000000 0.000000
vn 1.000000 0.000000 0.000000
vn 1.000000 0.000000 0.000000
vn 1.000000 0.000000 0.000000
vn 1.000000 0.000000 0.000000
vn 0.000000 -0.000000 -1.000000
vn 0.000000 -0.000000 -1.000000
vn 0.000000 -0.000000 -1.000000
vn 0.000000 -0.000000 -1.000000
vn 0.000000 -0.000000 -1.000000
vn 0.000000 -0.000000 -1.000000
vn 0.000000 -0.000000 -1.000000
vn 0.000000 -0.000000 -1.000000
vn 0.000000 -0.000000 -1.000000
vn 0.000000 -0.000000 -1.000000
vn 0.000000 -0.000000 -1.000000
vn 0.000000 -0.000000 -1.000000
vn 0.000000 -0.000000 -1.000000
vn 0.000000 -0.000000 -1.000000
vn -1.000000 -0.000000 -0.000000
vn -1.000000 -0.000000 -0.000000
vn -1.000000 -0.000000 -0.000000
vn -1.000000 -0.000000 -0.000000
vn -1.000000 -0.000000 -0.000000
vn -1.000000 -0.000000 -0.000000
vn -1.000000 -0.000000 -0.000000
vn -1.000000 -0.000000 -0.000000
vn -1.000000 -0.000000 -0.000000
vn -1.000000 -0.000000 -0.000000
vn -1.000000 -0.000000 -0.000000
vn -1.000000 -0.000000 -0.000000
vn -1.000000 -0.000000 -0.000000
vn -1.000000 -0.000000 -0.000000
vn 0.000000 -1.000000 0.000000
vn 0.000000 -1.000000 0.000000
vn 0.000000 -1.000000 0.000000
vn 0.000000 -1.000000 0.000000
vn 0.000000 -1.000000 0.000000
vn 0.000000 -1.000000 0.000000
vn 0.000000 -1.000000 0.000000
vn 0.000000 -1.000000 0.000000
vn 0.000000 -1.000000 0.000000
vn 0.000000 -1.000000 0.000000
vn 0.000000 -1.000000 0.000000
vn 0.000000 -1.000000 0.000000
vn 0.000000 -1.000000 0.000000
vn 0.000000 -1.000000 0.000000
vn 0.000000 -1.000000 0.000000
vn 0.000000 -1.000000 0.000000
vn 0.000000 -1.000000 0.000000
vn 0.000000 -1.000000 0.000000
vn 0.000000 -1.000000 0.000000
vn 0.000000 -1.000000 0.000000
vn 0.000000 -1.000000 0.000000
vn 0.000000 -1.000000 0.000000
vn 0.000000 -1.000000 0.000000
vn 0.000000 -1.000000 0.000000
vn 0.000000 -1.000000 0.000000
vn 0.000000 -1.000000 0.000000
vn 0.000000 -1.000000 0.000000
vn 0.000000 -1.000000 0.000000
vn 0.000000 -1.000000 0.000000
vn 0.000000 -1.000000 0.000000
vn 0.000000 -1.000000 0.000000
vn 0.000000 -1.000000 0.000000
vn 0.000000 -1.000000 0.000000
vn 0.000000 -1.000000 0.000000
vn 0.000000 -1.000000 0.000000
vn 0.000000 -1.000000 0.000000
vn 0.000000 -1.000000 0.000000
vn 0.000000 -1.000000 0.000000
vn 0.000000 -1.000000 0.000000
vn 0.000000 -1.000000 0.000000
vn 0.000000 -1.000000 0.000000
vn 0.000000 -1.000000 0.000000
vn 0.000000 -1.000000 0.000000
vn 0.000000 -1.000000 0.000000
vn 0.000000 -1.000000 0.000000
vn 0.000000 -1.000000 0.000000
vn 0.000000 -1.000000 0.000000
vn 0.000000 -1.000000 0.000000
vn 0.000000 -1.000000 0.000000
vn -0.000000 1.000000 -0.000000
vn -0.000000 1.000000 -0.000000
vn -0.000000 1.000000 -0.000000
vn -0.000000 1.000000 -0.000000
vn -0.000000 1.000000 -0.000000
vn -0.000000 1.000000 -0.000000
vn -0.000000 1.000000 -0.000000
vn -0.000000 1.000000 -0.000000
vn -0.000000 1.000000 -0.000000
vn -0.000000 1.000000 -0.000000
vn -0.000000 1.000000 -0.000000
vn -0.000000 1.000000 -0.000000
vn -0.000000 1.000000 -0.000000
vn -0.000000 1.000000 -0.000000
vn -0.000000 1.000000 -0.000000
vn -0.000000 1.000000 -0.000000
vn -0.000000 1.000000 -0.000000
vn -0.000000 1.000000 -0.000000
vn -0.000000 1.000000 -0.000000
vn -0.000000 1.000000 -0.000000
vn -0.000000 1.000000 -0.000000
vn -0.000000 1.000000 -0.000000
vn -0.000000 1.000000 -0.000000
vn -0.000000 1.000000 -0.000000
vn -0.000000 1.000000 -0.000000
vn -0.000000 1.000000 -0.000000
vn -0.000000 1.000000 -0.000000
vn -0.000000 1.000000 -0.000000
vn -0.000000 1.000000 -0.000000
vn -0.000000 1.000000 -0.000000
vn -0.000000 1.000000 -0.000000
vn -0.000000 1.000000 -0.000000
vn -0.000000 1.000000 -0.000000
vn -0.000000 1.000000 -0.000000
vn -0.000000 1.000000 -0.000000
vn -0.000000 1.000000 -0.000000
vn -0.000000 1.000000 -0.000000
vn -0.000000 1.000000 -0.000000
vn -0.000000 1.000000 -0.000000
vn -0.000000 1.000000 -0.000000
vn -0.000000 1.000000 -0.000000
vn -0.000000 1.000000 -0.000000
vn -0.000000 1.000000 -0.000000
vn -0.000000 1.000000 -0.000000
vn -0.000000 1.000000 -0.000000
vn -0.000000 1.000000 -0.000000
vn -0.000000 1.000000 -0.000000
vn -0.000000 1.000000 -0.000000
vn -0.000000 1.000000 -0.000000
f 1545/3053/3053 1546/3054/3054 1558/3055/3055
f 1558/3055/3055 1546/3054/3054 1557/3056/3056
f 1557/3056/3056 1546/3054/3054 1547/3057/3057
f 1557/3056/3056 1547/3057/3057 1556/3058/3058
f 1556/3058/3058 1547/3057/3057 1548/3059/3059
f 1556/3058/3058 1548/3059/3059 1555/3060/3060
f 1555/3060/3060 1548/3059/3059 1549/3061/3061
f 1555/3060/3060 1549/3061/3061 1554/3062/3062
f 1554/3062/3062 1549/3061/3061 1550/3063/3063
f 1554/3062/3062 1550/3063/3063 1553/3064/3064
f 1553/3064/3064 1550/3063/3063 1551/3065/3065
f 1553/3064/3064 1551/3065/3065 1552/3066/3066
f 1559/3067/3067 1560/3068/3068 1570/3069/3069
f 1570/3069/3069 1560/3068/3068 1569/3070/3070
f 1569/3070/3070 1560/3068/3068 1561/3071/3071
f 1569/3070/3070 1561/3071/3071 1568/3072/3072
f 1568/3072/3072 1561/3071/3071 1562/3073/3073
f 1568/3072/3072 1562/3073/3073 1567/3074/3074
f 1567/3074/3074 1562/3073/3073 1563/3075/3075
f 1567/3074/3074 1563/3075/3075 1566/3076/3076
f 1566/3076/3076 1563/3075/3075 1564/3077/3077
f 1566/3076/3076 1564/3077/3077 1565/3078/3078
f 1565/3078/3078 1564/3077/3077 1545/3079/3079
f 1565/3078/3078 1545/3079/3079 1558/3080/3080
f 1571/3081/3081 1572/3082/3082 1582/3083/3083
f 1582/3083/3083 1572/3082/3082 1581/3084/3084
f 1581/3084/3084 1572/3082/3082 1573/3085/3085
f 1581/3084/3084 1573/3085/3085 1580/3086/3086
f 1580/3086/3086 1573/3085/3085 1574/3087/3087
f 1580/3086/3086 1574/3087/3087 1579/3088/3088
f 1579/3088/3088 1574/3087/3087 1575/3089/3089
f 1579/3088/3088 1575/3089/3089 1578/3090/3090
f 1578/3090/3090 1575/3089/3089 1576/3091/3091
f 1578/3090/3090 1576/3091/3091 1577/3092/3092
f 1577/3092/3092 1576/3091/3091 1559/3093/3093
f 1577/3092/3092 1559/3093/3093 1570/3094/3094
f 1551/3095/3095 1583/3096/3096 1552/3097/3097
f 1552/3097/3097 1583/3096/3096 1592/3098/3098
f 1592/3098/3098 1583/3096/3096 1584/3099/3099
f 1592/3098/3098 1584/3099/3099 1591/3100/3100
f 1591/3100/3100 1584/3099/3099 1585/3101/3101
f 1591/3100/3100 1585/3101/3101 1590/3102/3102
f 1590/3102/3102 1585/3101/3101 1586/3103/3103
f 1590/3102/3102 1586/3103/3103 1589/3104/3104
f 1589/3104/3104 1586/3103/3103 1587/3105/3105
f 1589/3104/3104 1587/3105/3105 1588/3106/3106
f 1588/3106/3106 1587/3105/3105 1571/3107/3107
f 1588/3106/3106 1571/3107/3107 1582/3108/3108
f 1552/3109/3109 1592/3110/3110 1553/3111/3111
f 1553/3111/3111 1592/3110/3110 1597/3112/3112
f 1553/3111/3111 1597/3112/3112 1554/3113/3113
f 1554/3113/3113 1597/3112/3112 1602/3114/3114
f 1554/3113/3113 1602/3114/3114 1555/3115/3115
f 1555/3115/3115 1602/3114/3114 1607/3116/3116
f 1555/3115/3115 1607/3116/3116 1556/3117/3117
f 1556/3117/3117 1607/3116/3116 1612/3118/3118
f 1556/3117/3117 1612/3118/3118 1557/3119/3119
f 1557/3119/3119 1612/3118/3118 1617/3120/3120
f 1557/3119/3119 1617/3120/3120 1558/3121/3121
f 1558/3121/3121 1617/3120/3120 1565/3122/3122
f 1565/3122/3122 1617/3120/3120 1616/3123/3123
f 1565/3122/3122 1616/3123/3123 1566/3124/3124
f 1566/3124/3124 1616/3123/3123 1615/3125/3125
f 1566/3124/3124 1615/3125/3125 1567/3126/3126
f 1567/3126/3126 1615/3125/3125 1614/3127/3127
f 1567/3126/3126 1614/3127/3127 1568/3128/3128
f 1568/3128/3128 1614/3127/3127 1613/3129/3129
f 1568/3128/3128 1613/3129/3129 1569/3130/3130
f 1569/3130/3130 1613/3129/3129 1577/3131/3131
f 1569/3130/3130 1577/3131/3131 1570/3132/3132
f 1592/3110/3110 1591/3133/3133 1597/3112/3112
f 1597/3112/3112 1591/3133/3133 1596/3134/3134
f 1597/3112/3112 1596/3134/3134 1602/3114/3114
f 1602/3114/3114 1596/3134/3134 1601/3135/3135
f 1602/3114/3114 1601/3135/3135 1607/3116/3116
f 1607/3116/3116 1601/3135/3135 1606/3136/3136
f 1607/3116/3116 1606/3136/3136 1612/3118/3118
f 1612/3118/3118 1606/3136/3136 1611/3137/3137
f 1612/3118/3118 1611/3137/3137 1617/3120/3120
f 1617/3120/3120 1611/3137/3137 1616/3123/3123
f 1591/3133/3133 1590/3138/3138 1596/3134/3134
f 1596/3134/3134 1590/3138/3138 1595/3139/3139
f 1596/3134/3134 1595/3139/3139 1601/3135/3135
f 1601/3135/3135 1595/3139/3139 1600/3140/3140
f 1601/3135/3135 1600/3140/3140 1606/3136/3136
f 1606/3136/3136 1600/3140/3140 1605/3141/3141
f 1606/3136/3136 1605/3141/3141 1611/3137/3137
f 1611/3137/3137 1605/3141/3141 1610/3142/3142
f 1611/3137/3137 1610/3142/3142 1616/3123/3123
f 1616/3123/3123 1610/3142/3142 1615/3125/3125
f 1590/3138/3138 1589/3143/3143 1595/3139/3139
f 1595/3139/3139 1589/3143/3143 1594/3144/3144
f 1595/3139/3139 1594/3144/3144 1600/3140/3140
f 1600/3140/3140 1594/3144/3144 1599/3145/3145
f 1600/3140/3140 1599/3145/3145 1605/3141/3141
f 1605/3141/3141 1599/3145/3145 1604/3146/3146
f 1605/3141/3141 1604/3146/3146 1610/3142/3142
f 1610/3142/3142 1604/3146/3146 1609/3147/3147
f 1610/3142/3142 1609/3147/3147 1615/3125/3125
f 1615/3125/3125 1609/3147/3147 1614/3127/3127
f 1589/3143/3143 1588/3148/3148 1594/3144/3144
f 1594/3144/3144 1588/3148/3148 1593/3149/3149
f 1594/3144/3144 1593/3149/3149 1599/3145/3145
f 1599/3145/3145 1593/3149/3149 1598/3150/3150
f 1599/3145/3145 1598/3150/3150 1604/3146/3146
f 1604/3146/3146 1598/3150/3150 1603/3151/3151
f 1604/3146/3146 1603/3151/3151 1609/3147/3147
f 1609/3147/3147 1603/3151/3151 1608/3152/3152
f 1609/3147/3147 1608/3152/3152 1614/3127/3127
f 1614/3127/3127 1608/3152/3152 1613/3129/3129
f 1588/3148/3148 1582/3153/3153 1593/3149/3149
f 1593/3149/3149 1582/3153/3153 1581/3154/3154
f 1593/3149/3149 1581/3154/3154 1598/3150/3150
f 1598/3150/3150 1581/3154/3154 1580/3155/3155
f 1598/3150/3150 1580/3155/3155 1603/3151/3151
f 1603/3151/3151 1580/3155/3155 1579/3156/3156
f 1603/3151/3151 1579/3156/3156 1608/3152/3152
f 1608/3152/3152 1579/3156/3156 1578/3157/3157
f 1608/3152/3152 1578/3157/3157 1613/3129/3129
f 1613/3129/3129 1578/3157/3157 1577/3131/3131
f 1572/3158/3158 1571/3159/3159 1618/3160/3160
f 1618/3160/3160 1571/3159/3159 1587/3161/3161
f 1618/3160/3160 1587/3161/3161 1623/3162/3162
f 1623/3162/3162 1587/3161/3161 1586/3163/3163
f 1623/3162/3162 1586/3163/3163 1628/3164/3164
f 1628/3164/3164 1586/3163/3163 1585/3165/3165
f 1628/3164/3164 1585/3165/3165 1633/3166/3166
f 1633/3166/3166 1585/3165/3165 1584/3167/3167
f 1633/3166/3166 1584/3167/3167 1638/3168/3168
f 1638/3168/3168 1584/3167/3167 1583/3169/3169
f 1638/3168/3168 1583/3169/3169 1550/3170/3170
f 1550/3170/3170 1583/3169/3169 1551/3171/3171
f 1550/3170/3170 1549/3172/3172 1638/3168/3168
f 1638/3168/3168 1549/3172/3172 1639/3173/3173
f 1638/3168/3168 1639/3173/3173 1633/3166/3166
f 1633/3166/3166 1639/3173/3173 1634/3174/3174
f 1633/3166/3166 1634/3174/3174 1628/3164/3164
f 1628/3164/3164 1634/3174/3174 1629/3175/3175
f 1628/3164/3164 1629/3175/3175 1623/3162/3162
f 1623/3162/3162 1629/3175/3175 1624/3176/3176
f 1623/3162/3162 1624/3176/3176 1618/3160/3160
f 1618/3160/3160 1624/3176/3176 1619/3177/3177
f 1618/3160/3160 1619/3177/3177 1572/3158/3158
f 1572/3158/3158 1619/3177/3177 1573/3178/3178
f 1573/3178/3178 1619/3177/3177 1620/3179/3179
f 1573/3178/3178 1620/3179/3179 1574/3180/3180
f 1574/3180/3180 1620/3179/3179 1621/3181/3181
f 1574/3180/3180 1621/3181/3181 1575/3182/3182
f 1575/3182/3182 1621/3181/3181 1622/3183/3183
f 1575/3182/3182 1622/3183/3183 1576/3184/3184
f 1576/3184/3184 1622/3183/3183 1560/3185/3185
f 1576/3184/3184 1560/3185/3185 1559/3186/3186
f 1549/3172/3172 1548/3187/3187 1639/3173/3173
f 1639/3173/3173 1548/3187/3187 1640/3188/3188
f 1639/3173/3173 1640/3188/3188 1634/3174/3174
f 1634/3174/3174 1640/3188/3188 1635/3189/3189
f 1634/3174/3174 1635/3189/3189 1629/3175/3175
f 1629/3175/3175 1635/3189/3189 1630/3190/3190
f 1629/3175/3175 1630/3190/3190 1624/3176/3176
f 1624/3176/3176 1630/3190/3190 1625/3191/3191
f 1624/3176/3176 1625/3191/3191 1619/3177/3177
f 1619/3177/3177 1625/3191/3191 1620/3179/3179
f 1548/3187/3187 1547/3192/3192 1640/3188/3188
f 1640/3188/3188 1547/3192/3192 1641/3193/3193
f 1640/3188/3188 1641/3193/3193 1635/3189/3189
f 1635/3189/3189 1641/3193/3193 1636/3194/3194
f 1635/3189/3189 1636/3194/3194 1630/3190/3190
f 1630/3190/3190 1636/3194/3194 1631/3195/3195
f 1630/3190/3190 1631/3195/3195 1625/3191/3191
f 1625/3191/3191 1631/3195/3195 1626/3196/3196
f 1625/3191/3191 1626/3196/3196 1620/3179/3179
f 1620/3179/3179 1626/3196/3196 1621/3181/3181
f 1547/3192/3192 1546/3197/3197 1641/3193/3193
f 1641/3193/3193 1546/3197/3197 1642/3198/3198
f 1641/3193/3193 1642/3198/3198 1636/3194/3194
f 1636/3194/3194 1642/3198/3198 1637/3199/3199
f 1636/3194/3194 1637/3199/3199 1631/3195/3195
f 1631/3195/3195 1637/3199/3199 1632/3200/3200
f 1631/3195/3195 1632/3200/3200 1626/3196/3196
f 1626/3196/3196 1632/3200/3200 1627/3201/3201
f 1626/3196/3196 1627/3201/3201 1621/3181/3181
f 1621/3181/3181 1627/3201/3201 1622/3183/3183
f 1546/3197/3197 1545/3202/3202 1642/3198/3198
f 1642/3198/3198 1545/3202/3202 1564/3203/3203
f 1642/3198/3198 1564/3203/3203 1637/3199/3199
f 1637/3199/3199 1564/3203/3203 1563/3204/3204
f 1637/3199/3199 1563/3204/3204 1632/3200/3200
f 1632/3200/3200 1563/3204/3204 1562/3205/3205
f 1632/3200/3200 1562/3205/3205 1627/3201/3201
f 1627/3201/3201 1562/3205/3205 1561/3206/3206
f 1627/3201/3201 1561/3206/3206 1622/3183/3183
f 1622/3183/3183 1561/3206/3206 1560/3185/3185
# 1642 vertices
# 3206 texture params
# 3206 normals
# 3148 facets

# 34 groups
