# WaveFront *.obj file (generated by Autodesk ATF)

mtllib RACE_station.mtl

g Body1

v 2.000000 -0.000000 -52.000000
v 2.000000 -0.000000 -50.000000
v 12.000000 0.000000 -50.000000
v 22.000000 0.000000 -50.000000
v 32.000000 0.000000 -50.000000
v 42.000000 0.000000 -50.000000
v 52.000000 0.000000 -50.000000
v 62.000000 0.000000 -50.000000
v 72.000000 0.000000 -50.000000
v 72.000000 0.000000 -52.000000
v 62.000000 0.000000 -52.000000
v 52.000000 0.000000 -52.000000
v 42.000000 0.000000 -52.000000
v 32.000000 0.000000 -52.000000
v 22.000000 0.000000 -52.000000
v 12.000000 0.000000 -52.000000
v 2.000000 -2.000000 -52.000000
v 72.000000 -2.000000 -52.000000
v 62.000000 -2.000000 -52.000000
v 52.000000 -2.000000 -52.000000
v 42.000000 -2.000000 -52.000000
v 32.000000 -2.000000 -52.000000
v 22.000000 -2.000000 -52.000000
v 12.000000 -2.000000 -52.000000
v 2.000000 -2.000000 -50.000000
v 72.000000 -2.000000 -50.000000
v 62.000000 -2.000000 -50.000000
v 52.000000 -2.000000 -50.000000
v 42.000000 -2.000000 -50.000000
v 32.000000 -2.000000 -50.000000
v 22.000000 -2.000000 -50.000000
v 12.000000 -2.000000 -50.000000
vt 0.000000 0.000000 0.000000
vt 2.000000 0.000000 0.000000
vt 0.000000 10.000000 0.000000
vt 2.000000 10.000000 0.000000
vt 0.000000 20.000000 0.000000
vt 2.000000 20.000000 0.000000
vt 0.000000 30.000000 0.000000
vt 2.000000 30.000000 0.000000
vt 0.000000 40.000000 0.000000
vt 2.000000 40.000000 0.000000
vt 0.000000 50.000000 0.000000
vt 2.000000 50.000000 0.000000
vt 0.000000 60.000000 0.000000
vt 2.000000 60.000000 0.000000
vt 0.000000 70.000000 0.000000
vt 2.000000 70.000000 0.000000
vt -0.000000 0.000000 0.000000
vt 2.000000 0.000000 0.000000
vt -0.000000 10.000000 0.000000
vt 2.000000 10.000000 0.000000
vt -0.000000 20.000000 0.000000
vt 2.000000 20.000000 0.000000
vt -0.000000 30.000000 0.000000
vt 2.000000 30.000000 0.000000
vt -0.000000 40.000000 0.000000
vt 2.000000 40.000000 0.000000
vt -0.000000 50.000000 0.000000
vt 2.000000 50.000000 0.000000
vt -0.000000 60.000000 0.000000
vt 2.000000 60.000000 0.000000
vt -0.000000 70.000000 0.000000
vt 2.000000 70.000000 0.000000
vt -0.000000 0.000000 0.000000
vt 2.000000 0.000000 0.000000
vt -0.000000 10.000000 0.000000
vt 2.000000 10.000000 0.000000
vt -0.000000 20.000000 0.000000
vt 2.000000 20.000000 0.000000
vt -0.000000 30.000000 0.000000
vt 2.000000 30.000000 0.000000
vt -0.000000 40.000000 0.000000
vt 2.000000 40.000000 0.000000
vt -0.000000 50.000000 0.000000
vt 2.000000 50.000000 0.000000
vt -0.000000 60.000000 0.000000
vt 2.000000 60.000000 0.000000
vt -0.000000 70.000000 0.000000
vt 2.000000 70.000000 0.000000
vt 0.000000 0.000000 0.000000
vt 2.000000 0.000000 0.000000
vt 0.000000 10.000000 0.000000
vt 2.000000 10.000000 0.000000
vt 0.000000 20.000000 0.000000
vt 2.000000 20.000000 0.000000
vt 0.000000 30.000000 0.000000
vt 2.000000 30.000000 0.000000
vt 0.000000 40.000000 0.000000
vt 2.000000 40.000000 0.000000
vt 0.000000 50.000000 0.000000
vt 2.000000 50.000000 0.000000
vt 0.000000 60.000000 0.000000
vt 2.000000 60.000000 0.000000
vt 0.000000 70.000000 0.000000
vt 2.000000 70.000000 0.000000
vt 1.000000 1.000000 0.000000
vt -1.000000 1.000000 0.000000
vt 1.000000 -1.000000 0.000000
vt -1.000000 -1.000000 0.000000
vt -1.000000 -1.000000 0.000000
vt 1.000000 -1.000000 0.000000
vt -1.000000 1.000000 0.000000
vt 1.000000 1.000000 0.000000
vn -0.000000 1.000000 -0.000000
vn -0.000000 1.000000 -0.000000
vn -0.000000 1.000000 -0.000000
vn -0.000000 1.000000 -0.000000
vn -0.000000 1.000000 -0.000000
vn -0.000000 1.000000 -0.000000
vn -0.000000 1.000000 -0.000000
vn -0.000000 1.000000 -0.000000
vn -0.000000 1.000000 -0.000000
vn -0.000000 1.000000 -0.000000
vn -0.000000 1.000000 -0.000000
vn -0.000000 1.000000 -0.000000
vn -0.000000 1.000000 -0.000000
vn -0.000000 1.000000 -0.000000
vn -0.000000 1.000000 -0.000000
vn -0.000000 1.000000 -0.000000
vn -0.000000 -0.000000 -1.000000
vn -0.000000 -0.000000 -1.000000
vn -0.000000 -0.000000 -1.000000
vn -0.000000 -0.000000 -1.000000
vn -0.000000 -0.000000 -1.000000
vn -0.000000 -0.000000 -1.000000
vn -0.000000 -0.000000 -1.000000
vn -0.000000 -0.000000 -1.000000
vn -0.000000 -0.000000 -1.000000
vn -0.000000 -0.000000 -1.000000
vn -0.000000 -0.000000 -1.000000
vn -0.000000 -0.000000 -1.000000
vn -0.000000 -0.000000 -1.000000
vn -0.000000 -0.000000 -1.000000
vn -0.000000 -0.000000 -1.000000
vn -0.000000 -0.000000 -1.000000
vn 0.000000 -1.000000 0.000000
vn 0.000000 -1.000000 0.000000
vn 0.000000 -1.000000 0.000000
vn 0.000000 -1.000000 0.000000
vn 0.000000 -1.000000 0.000000
vn 0.000000 -1.000000 0.000000
vn 0.000000 -1.000000 0.000000
vn 0.000000 -1.000000 0.000000
vn 0.000000 -1.000000 0.000000
vn 0.000000 -1.000000 0.000000
vn 0.000000 -1.000000 0.000000
vn 0.000000 -1.000000 0.000000
vn 0.000000 -1.000000 0.000000
vn 0.000000 -1.000000 0.000000
vn 0.000000 -1.000000 0.000000
vn 0.000000 -1.000000 0.000000
vn 0.000000 0.000000 1.000000
vn 0.000000 0.000000 1.000000
vn 0.000000 0.000000 1.000000
vn 0.000000 0.000000 1.000000
vn 0.000000 0.000000 1.000000
vn 0.000000 0.000000 1.000000
vn 0.000000 0.000000 1.000000
vn 0.000000 0.000000 1.000000
vn 0.000000 0.000000 1.000000
vn 0.000000 0.000000 1.000000
vn 0.000000 0.000000 1.000000
vn 0.000000 0.000000 1.000000
vn 0.000000 0.000000 1.000000
vn 0.000000 0.000000 1.000000
vn 0.000000 0.000000 1.000000
vn 0.000000 0.000000 1.000000
vn 1.000000 0.000000 -0.000000
vn 1.000000 0.000000 -0.000000
vn 1.000000 0.000000 -0.000000
vn 1.000000 0.000000 -0.000000
vn -1.000000 -0.000000 0.000000
vn -1.000000 -0.000000 0.000000
vn -1.000000 -0.000000 0.000000
vn -1.000000 -0.000000 0.000000
usemtl Steel_-_Satin
f 1/1/1 2/2/2 16/3/3
f 16/3/3 2/2/2 3/4/4
f 16/3/3 3/4/4 15/5/5
f 15/5/5 3/4/4 4/6/6
f 15/5/5 4/6/6 14/7/7
f 14/7/7 4/6/6 5/8/8
f 14/7/7 5/8/8 13/9/9
f 13/9/9 5/8/8 6/10/10
f 13/9/9 6/10/10 12/11/11
f 12/11/11 6/10/10 7/12/12
f 12/11/11 7/12/12 11/13/13
f 11/13/13 7/12/12 8/14/14
f 11/13/13 8/14/14 10/15/15
f 10/15/15 8/14/14 9/16/16
f 17/17/17 1/18/18 24/19/19
f 24/19/19 1/18/18 16/20/20
f 24/19/19 16/20/20 23/21/21
f 23/21/21 16/20/20 15/22/22
f 23/21/21 15/22/22 22/23/23
f 22/23/23 15/22/22 14/24/24
f 22/23/23 14/24/24 21/25/25
f 21/25/25 14/24/24 13/26/26
f 21/25/25 13/26/26 20/27/27
f 20/27/27 13/26/26 12/28/28
f 20/27/27 12/28/28 19/29/29
f 19/29/29 12/28/28 11/30/30
f 19/29/29 11/30/30 18/31/31
f 18/31/31 11/30/30 10/32/32
f 25/33/33 17/34/34 32/35/35
f 32/35/35 17/34/34 24/36/36
f 32/35/35 24/36/36 31/37/37
f 31/37/37 24/36/36 23/38/38
f 31/37/37 23/38/38 30/39/39
f 30/39/39 23/38/38 22/40/40
f 30/39/39 22/40/40 29/41/41
f 29/41/41 22/40/40 21/42/42
f 29/41/41 21/42/42 28/43/43
f 28/43/43 21/42/42 20/44/44
f 28/43/43 20/44/44 27/45/45
f 27/45/45 20/44/44 19/46/46
f 27/45/45 19/46/46 26/47/47
f 26/47/47 19/46/46 18/48/48
f 2/49/49 25/50/50 3/51/51
f 3/51/51 25/50/50 32/52/52
f 3/51/51 32/52/52 4/53/53
f 4/53/53 32/52/52 31/54/54
f 4/53/53 31/54/54 5/55/55
f 5/55/55 31/54/54 30/56/56
f 5/55/55 30/56/56 6/57/57
f 6/57/57 30/56/56 29/58/58
f 6/57/57 29/58/58 7/59/59
f 7/59/59 29/58/58 28/60/60
f 7/59/59 28/60/60 8/61/61
f 8/61/61 28/60/60 27/62/62
f 8/61/61 27/62/62 9/63/63
f 9/63/63 27/62/62 26/64/64
f 26/65/65 18/66/66 9/67/67
f 9/67/67 18/66/66 10/68/68
f 25/69/69 2/70/70 17/71/71
f 17/71/71 2/70/70 1/72/72
g Body1:1

v 72.000000 0.000000 -52.000000
v 72.000000 0.000000 -50.000000
v 72.000000 10.909091 -50.000000
v 72.000000 21.818182 -50.000000
v 72.000000 32.727273 -50.000000
v 72.000000 43.636364 -50.000000
v 72.000000 54.545455 -50.000000
v 72.000000 65.454545 -50.000000
v 72.000000 76.363636 -50.000000
v 72.000000 87.272727 -50.000000
v 72.000000 98.181818 -50.000000
v 72.000000 109.090909 -50.000000
v 72.000000 120.000000 -50.000000
v 72.000000 120.000000 -52.000000
v 72.000000 109.090909 -52.000000
v 72.000000 98.181818 -52.000000
v 72.000000 87.272727 -52.000000
v 72.000000 76.363636 -52.000000
v 72.000000 65.454545 -52.000000
v 72.000000 54.545455 -52.000000
v 72.000000 43.636364 -52.000000
v 72.000000 32.727273 -52.000000
v 72.000000 21.818182 -52.000000
v 72.000000 10.909091 -52.000000
v 74.000000 0.000000 -52.000000
v 74.000000 120.000000 -52.000000
v 74.000000 109.090909 -52.000000
v 74.000000 98.181818 -52.000000
v 74.000000 87.272727 -52.000000
v 74.000000 76.363636 -52.000000
v 74.000000 65.454545 -52.000000
v 74.000000 54.545455 -52.000000
v 74.000000 43.636364 -52.000000
v 74.000000 32.727273 -52.000000
v 74.000000 21.818182 -52.000000
v 74.000000 10.909091 -52.000000
v 74.000000 0.000000 -50.000000
v 74.000000 120.000000 -50.000000
v 74.000000 109.090909 -50.000000
v 74.000000 98.181818 -50.000000
v 74.000000 87.272727 -50.000000
v 74.000000 76.363636 -50.000000
v 74.000000 65.454545 -50.000000
v 74.000000 54.545455 -50.000000
v 74.000000 43.636364 -50.000000
v 74.000000 32.727273 -50.000000
v 74.000000 21.818182 -50.000000
v 74.000000 10.909091 -50.000000
vt 0.000000 0.000000 0.000000
vt 2.000000 0.000000 0.000000
vt 0.000000 10.909091 0.000000
vt 2.000000 10.909091 0.000000
vt 0.000000 21.818182 0.000000
vt 2.000000 21.818182 0.000000
vt 0.000000 32.727273 0.000000
vt 2.000000 32.727273 0.000000
vt 0.000000 43.636364 0.000000
vt 2.000000 43.636364 0.000000
vt 0.000000 54.545455 0.000000
vt 2.000000 54.545455 0.000000
vt 0.000000 65.454545 0.000000
vt 2.000000 65.454545 0.000000
vt 0.000000 76.363636 0.000000
vt 2.000000 76.363636 0.000000
vt 0.000000 87.272727 0.000000
vt 2.000000 87.272727 0.000000
vt 0.000000 98.181818 0.000000
vt 2.000000 98.181818 0.000000
vt 0.000000 109.090909 0.000000
vt 2.000000 109.090909 0.000000
vt 0.000000 120.000000 0.000000
vt 2.000000 120.000000 0.000000
vt -0.000000 0.000000 0.000000
vt 2.000000 0.000000 0.000000
vt -0.000000 10.909091 0.000000
vt 2.000000 10.909091 0.000000
vt -0.000000 21.818182 0.000000
vt 2.000000 21.818182 0.000000
vt -0.000000 32.727273 0.000000
vt 2.000000 32.727273 0.000000
vt -0.000000 43.636364 0.000000
vt 2.000000 43.636364 0.000000
vt -0.000000 54.545455 0.000000
vt 2.000000 54.545455 0.000000
vt -0.000000 65.454545 0.000000
vt 2.000000 65.454545 0.000000
vt -0.000000 76.363636 0.000000
vt 2.000000 76.363636 0.000000
vt -0.000000 87.272727 0.000000
vt 2.000000 87.272727 0.000000
vt -0.000000 98.181818 0.000000
vt 2.000000 98.181818 0.000000
vt -0.000000 109.090909 0.000000
vt 2.000000 109.090909 0.000000
vt -0.000000 120.000000 0.000000
vt 2.000000 120.000000 0.000000
vt -0.000000 0.000000 0.000000
vt 2.000000 0.000000 0.000000
vt -0.000000 10.909091 0.000000
vt 2.000000 10.909091 0.000000
vt -0.000000 21.818182 0.000000
vt 2.000000 21.818182 0.000000
vt -0.000000 32.727273 0.000000
vt 2.000000 32.727273 0.000000
vt -0.000000 43.636364 0.000000
vt 2.000000 43.636364 0.000000
vt -0.000000 54.545455 0.000000
vt 2.000000 54.545455 0.000000
vt -0.000000 65.454545 0.000000
vt 2.000000 65.454545 0.000000
vt -0.000000 76.363636 0.000000
vt 2.000000 76.363636 0.000000
vt -0.000000 87.272727 0.000000
vt 2.000000 87.272727 0.000000
vt -0.000000 98.181818 0.000000
vt 2.000000 98.181818 0.000000
vt -0.000000 109.090909 0.000000
vt 2.000000 109.090909 0.000000
vt -0.000000 120.000000 0.000000
vt 2.000000 120.000000 0.000000
vt -0.000000 0.000000 0.000000
vt 2.000000 0.000000 0.000000
vt -0.000000 10.909091 0.000000
vt 2.000000 10.909091 0.000000
vt -0.000000 21.818182 0.000000
vt 2.000000 21.818182 0.000000
vt -0.000000 32.727273 0.000000
vt 2.000000 32.727273 0.000000
vt -0.000000 43.636364 0.000000
vt 2.000000 43.636364 0.000000
vt -0.000000 54.545455 0.000000
vt 2.000000 54.545455 0.000000
vt -0.000000 65.454545 0.000000
vt 2.000000 65.454545 0.000000
vt -0.000000 76.363636 0.000000
vt 2.000000 76.363636 0.000000
vt -0.000000 87.272727 0.000000
vt 2.000000 87.272727 0.000000
vt -0.000000 98.181818 0.000000
vt 2.000000 98.181818 0.000000
vt -0.000000 109.090909 0.000000
vt 2.000000 109.090909 0.000000
vt 0.000000 120.000000 0.000000
vt 2.000000 120.000000 0.000000
vt 1.000000 1.000000 0.000000
vt -1.000000 1.000000 0.000000
vt 1.000000 -1.000000 0.000000
vt -1.000000 -1.000000 0.000000
vt -1.000000 -1.000000 0.000000
vt 1.000000 -1.000000 0.000000
vt -1.000000 1.000000 0.000000
vt 1.000000 1.000000 0.000000
vn -1.000000 0.000000 -0.000000
vn -1.000000 0.000000 -0.000000
vn -1.000000 0.000000 -0.000000
vn -1.000000 0.000000 -0.000000
vn -1.000000 0.000000 -0.000000
vn -1.000000 0.000000 -0.000000
vn -1.000000 0.000000 -0.000000
vn -1.000000 0.000000 -0.000000
vn -1.000000 0.000000 -0.000000
vn -1.000000 0.000000 -0.000000
vn -1.000000 0.000000 -0.000000
vn -1.000000 0.000000 -0.000000
vn -1.000000 0.000000 -0.000000
vn -1.000000 0.000000 -0.000000
vn -1.000000 0.000000 -0.000000
vn -1.000000 0.000000 -0.000000
vn -1.000000 0.000000 -0.000000
vn -1.000000 0.000000 -0.000000
vn -1.000000 0.000000 -0.000000
vn -1.000000 0.000000 -0.000000
vn -1.000000 0.000000 -0.000000
vn -1.000000 0.000000 -0.000000
vn -1.000000 0.000000 -0.000000
vn -1.000000 0.000000 -0.000000
vn 0.000000 0.000000 -1.000000
vn 0.000000 0.000000 -1.000000
vn 0.000000 0.000000 -1.000000
vn 0.000000 0.000000 -1.000000
vn 0.000000 0.000000 -1.000000
vn 0.000000 0.000000 -1.000000
vn 0.000000 0.000000 -1.000000
vn 0.000000 0.000000 -1.000000
vn 0.000000 0.000000 -1.000000
vn 0.000000 0.000000 -1.000000
vn 0.000000 0.000000 -1.000000
vn 0.000000 0.000000 -1.000000
vn 0.000000 0.000000 -1.000000
vn 0.000000 0.000000 -1.000000
vn 0.000000 0.000000 -1.000000
vn 0.000000 0.000000 -1.000000
vn 0.000000 0.000000 -1.000000
vn 0.000000 0.000000 -1.000000
vn 0.000000 0.000000 -1.000000
vn 0.000000 0.000000 -1.000000
vn 0.000000 0.000000 -1.000000
vn 0.000000 0.000000 -1.000000
vn 0.000000 0.000000 -1.000000
vn 0.000000 0.000000 -1.000000
vn 1.000000 0.000000 0.000000
vn 1.000000 0.000000 0.000000
vn 1.000000 0.000000 0.000000
vn 1.000000 0.000000 0.000000
vn 1.000000 0.000000 0.000000
vn 1.000000 0.000000 0.000000
vn 1.000000 0.000000 0.000000
vn 1.000000 0.000000 0.000000
vn 1.000000 0.000000 0.000000
vn 1.000000 0.000000 0.000000
vn 1.000000 0.000000 0.000000
vn 1.000000 0.000000 0.000000
vn 1.000000 0.000000 0.000000
vn 1.000000 0.000000 0.000000
vn 1.000000 0.000000 0.000000
vn 1.000000 0.000000 0.000000
vn 1.000000 0.000000 0.000000
vn 1.000000 0.000000 0.000000
vn 1.000000 0.000000 0.000000
vn 1.000000 0.000000 0.000000
vn 1.000000 0.000000 0.000000
vn 1.000000 0.000000 0.000000
vn 1.000000 0.000000 0.000000
vn 1.000000 0.000000 0.000000
vn 0.000000 -0.000000 1.000000
vn 0.000000 -0.000000 1.000000
vn 0.000000 -0.000000 1.000000
vn 0.000000 -0.000000 1.000000
vn 0.000000 -0.000000 1.000000
vn 0.000000 -0.000000 1.000000
vn 0.000000 -0.000000 1.000000
vn 0.000000 -0.000000 1.000000
vn 0.000000 -0.000000 1.000000
vn 0.000000 -0.000000 1.000000
vn 0.000000 -0.000000 1.000000
vn 0.000000 -0.000000 1.000000
vn 0.000000 -0.000000 1.000000
vn 0.000000 -0.000000 1.000000
vn 0.000000 -0.000000 1.000000
vn 0.000000 -0.000000 1.000000
vn 0.000000 -0.000000 1.000000
vn 0.000000 -0.000000 1.000000
vn 0.000000 -0.000000 1.000000
vn 0.000000 -0.000000 1.000000
vn 0.000000 -0.000000 1.000000
vn 0.000000 -0.000000 1.000000
vn 0.000000 -0.000000 1.000000
vn 0.000000 -0.000000 1.000000
vn 0.000000 1.000000 0.000000
vn 0.000000 1.000000 0.000000
vn 0.000000 1.000000 0.000000
vn 0.000000 1.000000 0.000000
vn -0.000000 -1.000000 -0.000000
vn -0.000000 -1.000000 -0.000000
vn -0.000000 -1.000000 -0.000000
vn -0.000000 -1.000000 -0.000000
f 33/73/73 34/74/74 56/75/75
f 56/75/75 34/74/74 35/76/76
f 56/75/75 35/76/76 55/77/77
f 55/77/77 35/76/76 36/78/78
f 55/77/77 36/78/78 54/79/79
f 54/79/79 36/78/78 37/80/80
f 54/79/79 37/80/80 53/81/81
f 53/81/81 37/80/80 38/82/82
f 53/81/81 38/82/82 52/83/83
f 52/83/83 38/82/82 39/84/84
f 52/83/83 39/84/84 51/85/85
f 51/85/85 39/84/84 40/86/86
f 51/85/85 40/86/86 50/87/87
f 50/87/87 40/86/86 41/88/88
f 50/87/87 41/88/88 49/89/89
f 49/89/89 41/88/88 42/90/90
f 49/89/89 42/90/90 48/91/91
f 48/91/91 42/90/90 43/92/92
f 48/91/91 43/92/92 47/93/93
f 47/93/93 43/92/92 44/94/94
f 47/93/93 44/94/94 46/95/95
f 46/95/95 44/94/94 45/96/96
f 57/97/97 33/98/98 68/99/99
f 68/99/99 33/98/98 56/100/100
f 68/99/99 56/100/100 67/101/101
f 67/101/101 56/100/100 55/102/102
f 67/101/101 55/102/102 66/103/103
f 66/103/103 55/102/102 54/104/104
f 66/103/103 54/104/104 65/105/105
f 65/105/105 54/104/104 53/106/106
f 65/105/105 53/106/106 64/107/107
f 64/107/107 53/106/106 52/108/108
f 64/107/107 52/108/108 63/109/109
f 63/109/109 52/108/108 51/110/110
f 63/109/109 51/110/110 62/111/111
f 62/111/111 51/110/110 50/112/112
f 62/111/111 50/112/112 61/113/113
f 61/113/113 50/112/112 49/114/114
f 61/113/113 49/114/114 60/115/115
f 60/115/115 49/114/114 48/116/116
f 60/115/115 48/116/116 59/117/117
f 59/117/117 48/116/116 47/118/118
f 59/117/117 47/118/118 58/119/119
f 58/119/119 47/118/118 46/120/120
f 69/121/121 57/122/122 80/123/123
f 80/123/123 57/122/122 68/124/124
f 80/123/123 68/124/124 79/125/125
f 79/125/125 68/124/124 67/126/126
f 79/125/125 67/126/126 78/127/127
f 78/127/127 67/126/126 66/128/128
f 78/127/127 66/128/128 77/129/129
f 77/129/129 66/128/128 65/130/130
f 77/129/129 65/130/130 76/131/131
f 76/131/131 65/130/130 64/132/132
f 76/131/131 64/132/132 75/133/133
f 75/133/133 64/132/132 63/134/134
f 75/133/133 63/134/134 74/135/135
f 74/135/135 63/134/134 62/136/136
f 74/135/135 62/136/136 73/137/137
f 73/137/137 62/136/136 61/138/138
f 73/137/137 61/138/138 72/139/139
f 72/139/139 61/138/138 60/140/140
f 72/139/139 60/140/140 71/141/141
f 71/141/141 60/140/140 59/142/142
f 71/141/141 59/142/142 70/143/143
f 70/143/143 59/142/142 58/144/144
f 34/145/145 69/146/146 35/147/147
f 35/147/147 69/146/146 80/148/148
f 35/147/147 80/148/148 36/149/149
f 36/149/149 80/148/148 79/150/150
f 36/149/149 79/150/150 37/151/151
f 37/151/151 79/150/150 78/152/152
f 37/151/151 78/152/152 38/153/153
f 38/153/153 78/152/152 77/154/154
f 38/153/153 77/154/154 39/155/155
f 39/155/155 77/154/154 76/156/156
f 39/155/155 76/156/156 40/157/157
f 40/157/157 76/156/156 75/158/158
f 40/157/157 75/158/158 41/159/159
f 41/159/159 75/158/158 74/160/160
f 41/159/159 74/160/160 42/161/161
f 42/161/161 74/160/160 73/162/162
f 42/161/161 73/162/162 43/163/163
f 43/163/163 73/162/162 72/164/164
f 43/163/163 72/164/164 44/165/165
f 44/165/165 72/164/164 71/166/166
f 44/165/165 71/166/166 45/167/167
f 45/167/167 71/166/166 70/168/168
f 70/169/169 58/170/170 45/171/171
f 45/171/171 58/170/170 46/172/172
f 69/173/173 34/174/174 57/175/175
f 57/175/175 34/174/174 33/176/176
g Body1:2

v 2.000000 122.000000 -52.000000
v 2.000000 122.000000 -50.000000
v 12.000000 122.000000 -50.000000
v 22.000000 122.000000 -50.000000
v 32.000000 122.000000 -50.000000
v 42.000000 122.000000 -50.000000
v 52.000000 122.000000 -50.000000
v 62.000000 122.000000 -50.000000
v 72.000000 122.000000 -50.000000
v 72.000000 122.000000 -52.000000
v 62.000000 122.000000 -52.000000
v 52.000000 122.000000 -52.000000
v 42.000000 122.000000 -52.000000
v 32.000000 122.000000 -52.000000
v 22.000000 122.000000 -52.000000
v 12.000000 122.000000 -52.000000
v 2.000000 120.000000 -52.000000
v 72.000000 120.000000 -52.000000
v 62.000000 120.000000 -52.000000
v 52.000000 120.000000 -52.000000
v 42.000000 120.000000 -52.000000
v 32.000000 120.000000 -52.000000
v 22.000000 120.000000 -52.000000
v 12.000000 120.000000 -52.000000
v 2.000000 120.000000 -50.000000
v 72.000000 120.000000 -50.000000
v 62.000000 120.000000 -50.000000
v 52.000000 120.000000 -50.000000
v 42.000000 120.000000 -50.000000
v 32.000000 120.000000 -50.000000
v 22.000000 120.000000 -50.000000
v 12.000000 120.000000 -50.000000
vt 0.000000 0.000000 0.000000
vt 2.000000 0.000000 0.000000
vt 0.000000 10.000000 0.000000
vt 2.000000 10.000000 0.000000
vt 0.000000 20.000000 0.000000
vt 2.000000 20.000000 0.000000
vt 0.000000 30.000000 0.000000
vt 2.000000 30.000000 0.000000
vt 0.000000 40.000000 0.000000
vt 2.000000 40.000000 0.000000
vt 0.000000 50.000000 0.000000
vt 2.000000 50.000000 0.000000
vt 0.000000 60.000000 0.000000
vt 2.000000 60.000000 0.000000
vt 0.000000 70.000000 0.000000
vt 2.000000 70.000000 0.000000
vt -0.000000 0.000000 0.000000
vt 2.000000 0.000000 0.000000
vt -0.000000 10.000000 0.000000
vt 2.000000 10.000000 0.000000
vt -0.000000 20.000000 0.000000
vt 2.000000 20.000000 0.000000
vt -0.000000 30.000000 0.000000
vt 2.000000 30.000000 0.000000
vt -0.000000 40.000000 0.000000
vt 2.000000 40.000000 0.000000
vt -0.000000 50.000000 0.000000
vt 2.000000 50.000000 0.000000
vt -0.000000 60.000000 0.000000
vt 2.000000 60.000000 0.000000
vt -0.000000 70.000000 0.000000
vt 2.000000 70.000000 0.000000
vt -0.000000 0.000000 0.000000
vt 2.000000 0.000000 0.000000
vt -0.000000 10.000000 0.000000
vt 2.000000 10.000000 0.000000
vt -0.000000 20.000000 0.000000
vt 2.000000 20.000000 0.000000
vt -0.000000 30.000000 0.000000
vt 2.000000 30.000000 0.000000
vt -0.000000 40.000000 0.000000
vt 2.000000 40.000000 0.000000
vt -0.000000 50.000000 0.000000
vt 2.000000 50.000000 0.000000
vt -0.000000 60.000000 0.000000
vt 2.000000 60.000000 0.000000
vt -0.000000 70.000000 0.000000
vt 2.000000 70.000000 0.000000
vt 0.000000 0.000000 0.000000
vt 2.000000 0.000000 0.000000
vt 0.000000 10.000000 0.000000
vt 2.000000 10.000000 0.000000
vt 0.000000 20.000000 0.000000
vt 2.000000 20.000000 0.000000
vt 0.000000 30.000000 0.000000
vt 2.000000 30.000000 0.000000
vt 0.000000 40.000000 0.000000
vt 2.000000 40.000000 0.000000
vt 0.000000 50.000000 0.000000
vt 2.000000 50.000000 0.000000
vt 0.000000 60.000000 0.000000
vt 2.000000 60.000000 0.000000
vt 0.000000 70.000000 0.000000
vt 2.000000 70.000000 0.000000
vt 1.000000 1.000000 0.000000
vt -1.000000 1.000000 0.000000
vt 1.000000 -1.000000 0.000000
vt -1.000000 -1.000000 0.000000
vt -1.000000 -1.000000 0.000000
vt 1.000000 -1.000000 0.000000
vt -1.000000 1.000000 0.000000
vt 1.000000 1.000000 0.000000
vn -0.000000 1.000000 -0.000000
vn -0.000000 1.000000 -0.000000
vn -0.000000 1.000000 -0.000000
vn -0.000000 1.000000 -0.000000
vn -0.000000 1.000000 -0.000000
vn -0.000000 1.000000 -0.000000
vn -0.000000 1.000000 -0.000000
vn -0.000000 1.000000 -0.000000
vn -0.000000 1.000000 -0.000000
vn -0.000000 1.000000 -0.000000
vn -0.000000 1.000000 -0.000000
vn -0.000000 1.000000 -0.000000
vn -0.000000 1.000000 -0.000000
vn -0.000000 1.000000 -0.000000
vn -0.000000 1.000000 -0.000000
vn -0.000000 1.000000 -0.000000
vn 0.000000 -0.000000 -1.000000
vn 0.000000 -0.000000 -1.000000
vn 0.000000 -0.000000 -1.000000
vn 0.000000 -0.000000 -1.000000
vn 0.000000 -0.000000 -1.000000
vn 0.000000 -0.000000 -1.000000
vn 0.000000 -0.000000 -1.000000
vn 0.000000 -0.000000 -1.000000
vn 0.000000 -0.000000 -1.000000
vn 0.000000 -0.000000 -1.000000
vn 0.000000 -0.000000 -1.000000
vn 0.000000 -0.000000 -1.000000
vn 0.000000 -0.000000 -1.000000
vn 0.000000 -0.000000 -1.000000
vn 0.000000 -0.000000 -1.000000
vn 0.000000 -0.000000 -1.000000
vn 0.000000 -1.000000 0.000000
vn 0.000000 -1.000000 0.000000
vn 0.000000 -1.000000 0.000000
vn 0.000000 -1.000000 0.000000
vn 0.000000 -1.000000 0.000000
vn 0.000000 -1.000000 0.000000
vn 0.000000 -1.000000 0.000000
vn 0.000000 -1.000000 0.000000
vn 0.000000 -1.000000 0.000000
vn 0.000000 -1.000000 0.000000
vn 0.000000 -1.000000 0.000000
vn 0.000000 -1.000000 0.000000
vn 0.000000 -1.000000 0.000000
vn 0.000000 -1.000000 0.000000
vn 0.000000 -1.000000 0.000000
vn 0.000000 -1.000000 0.000000
vn -0.000000 0.000000 1.000000
vn -0.000000 0.000000 1.000000
vn -0.000000 0.000000 1.000000
vn -0.000000 0.000000 1.000000
vn -0.000000 0.000000 1.000000
vn -0.000000 0.000000 1.000000
vn -0.000000 0.000000 1.000000
vn -0.000000 0.000000 1.000000
vn -0.000000 0.000000 1.000000
vn -0.000000 0.000000 1.000000
vn -0.000000 0.000000 1.000000
vn -0.000000 0.000000 1.000000
vn -0.000000 0.000000 1.000000
vn -0.000000 0.000000 1.000000
vn -0.000000 0.000000 1.000000
vn -0.000000 0.000000 1.000000
vn 1.000000 0.000000 0.000000
vn 1.000000 0.000000 0.000000
vn 1.000000 0.000000 0.000000
vn 1.000000 0.000000 0.000000
vn -1.000000 -0.000000 -0.000000
vn -1.000000 -0.000000 -0.000000
vn -1.000000 -0.000000 -0.000000
vn -1.000000 -0.000000 -0.000000
f 81/177/177 82/178/178 96/179/179
f 96/179/179 82/178/178 83/180/180
f 96/179/179 83/180/180 95/181/181
f 95/181/181 83/180/180 84/182/182
f 95/181/181 84/182/182 94/183/183
f 94/183/183 84/182/182 85/184/184
f 94/183/183 85/184/184 93/185/185
f 93/185/185 85/184/184 86/186/186
f 93/185/185 86/186/186 92/187/187
f 92/187/187 86/186/186 87/188/188
f 92/187/187 87/188/188 91/189/189
f 91/189/189 87/188/188 88/190/190
f 91/189/189 88/190/190 90/191/191
f 90/191/191 88/190/190 89/192/192
f 97/193/193 81/194/194 104/195/195
f 104/195/195 81/194/194 96/196/196
f 104/195/195 96/196/196 103/197/197
f 103/197/197 96/196/196 95/198/198
f 103/197/197 95/198/198 102/199/199
f 102/199/199 95/198/198 94/200/200
f 102/199/199 94/200/200 101/201/201
f 101/201/201 94/200/200 93/202/202
f 101/201/201 93/202/202 100/203/203
f 100/203/203 93/202/202 92/204/204
f 100/203/203 92/204/204 99/205/205
f 99/205/205 92/204/204 91/206/206
f 99/205/205 91/206/206 98/207/207
f 98/207/207 91/206/206 90/208/208
f 105/209/209 97/210/210 112/211/211
f 112/211/211 97/210/210 104/212/212
f 112/211/211 104/212/212 111/213/213
f 111/213/213 104/212/212 103/214/214
f 111/213/213 103/214/214 110/215/215
f 110/215/215 103/214/214 102/216/216
f 110/215/215 102/216/216 109/217/217
f 109/217/217 102/216/216 101/218/218
f 109/217/217 101/218/218 108/219/219
f 108/219/219 101/218/218 100/220/220
f 108/219/219 100/220/220 107/221/221
f 107/221/221 100/220/220 99/222/222
f 107/221/221 99/222/222 106/223/223
f 106/223/223 99/222/222 98/224/224
f 82/225/225 105/226/226 83/227/227
f 83/227/227 105/226/226 112/228/228
f 83/227/227 112/228/228 84/229/229
f 84/229/229 112/228/228 111/230/230
f 84/229/229 111/230/230 85/231/231
f 85/231/231 111/230/230 110/232/232
f 85/231/231 110/232/232 86/233/233
f 86/233/233 110/232/232 109/234/234
f 86/233/233 109/234/234 87/235/235
f 87/235/235 109/234/234 108/236/236
f 87/235/235 108/236/236 88/237/237
f 88/237/237 108/236/236 107/238/238
f 88/237/237 107/238/238 89/239/239
f 89/239/239 107/238/238 106/240/240
f 106/241/241 98/242/242 89/243/243
f 89/243/243 98/242/242 90/244/244
f 105/245/245 82/246/246 97/247/247
f 97/247/247 82/246/246 81/248/248
g Body1:3

v -0.000000 0.000000 -52.000000
v -0.000000 0.000000 -50.000000
v -0.000000 10.909091 -50.000000
v -0.000000 21.818182 -50.000000
v -0.000000 32.727273 -50.000000
v -0.000000 43.636364 -50.000000
v -0.000000 54.545455 -50.000000
v -0.000000 65.454545 -50.000000
v -0.000000 76.363636 -50.000000
v -0.000000 87.272727 -50.000000
v -0.000000 98.181818 -50.000000
v -0.000000 109.090909 -50.000000
v -0.000000 120.000000 -50.000000
v -0.000000 120.000000 -52.000000
v -0.000000 109.090909 -52.000000
v -0.000000 98.181818 -52.000000
v -0.000000 87.272727 -52.000000
v -0.000000 76.363636 -52.000000
v -0.000000 65.454545 -52.000000
v -0.000000 54.545455 -52.000000
v -0.000000 43.636364 -52.000000
v -0.000000 32.727273 -52.000000
v -0.000000 21.818182 -52.000000
v -0.000000 10.909091 -52.000000
v 2.000000 0.000000 -52.000000
v 2.000000 120.000000 -52.000000
v 2.000000 109.090909 -52.000000
v 2.000000 98.181818 -52.000000
v 2.000000 87.272727 -52.000000
v 2.000000 76.363636 -52.000000
v 2.000000 65.454545 -52.000000
v 2.000000 54.545455 -52.000000
v 2.000000 43.636364 -52.000000
v 2.000000 32.727273 -52.000000
v 2.000000 21.818182 -52.000000
v 2.000000 10.909091 -52.000000
v 2.000000 0.000000 -50.000000
v 2.000000 120.000000 -50.000000
v 2.000000 109.090909 -50.000000
v 2.000000 98.181818 -50.000000
v 2.000000 87.272727 -50.000000
v 2.000000 76.363636 -50.000000
v 2.000000 65.454545 -50.000000
v 2.000000 54.545455 -50.000000
v 2.000000 43.636364 -50.000000
v 2.000000 32.727273 -50.000000
v 2.000000 21.818182 -50.000000
v 2.000000 10.909091 -50.000000
vt 0.000000 0.000000 0.000000
vt 2.000000 0.000000 0.000000
vt 0.000000 10.909091 0.000000
vt 2.000000 10.909091 0.000000
vt 0.000000 21.818182 0.000000
vt 2.000000 21.818182 0.000000
vt 0.000000 32.727273 0.000000
vt 2.000000 32.727273 0.000000
vt 0.000000 43.636364 0.000000
vt 2.000000 43.636364 0.000000
vt 0.000000 54.545455 0.000000
vt 2.000000 54.545455 0.000000
vt 0.000000 65.454545 0.000000
vt 2.000000 65.454545 0.000000
vt 0.000000 76.363636 0.000000
vt 2.000000 76.363636 0.000000
vt 0.000000 87.272727 0.000000
vt 2.000000 87.272727 0.000000
vt 0.000000 98.181818 0.000000
vt 2.000000 98.181818 0.000000
vt 0.000000 109.090909 0.000000
vt 2.000000 109.090909 0.000000
vt 0.000000 120.000000 0.000000
vt 2.000000 120.000000 0.000000
vt -0.000000 0.000000 0.000000
vt 2.000000 0.000000 0.000000
vt -0.000000 10.909091 0.000000
vt 2.000000 10.909091 0.000000
vt -0.000000 21.818182 0.000000
vt 2.000000 21.818182 0.000000
vt -0.000000 32.727273 0.000000
vt 2.000000 32.727273 0.000000
vt -0.000000 43.636364 0.000000
vt 2.000000 43.636364 0.000000
vt -0.000000 54.545455 0.000000
vt 2.000000 54.545455 0.000000
vt -0.000000 65.454545 0.000000
vt 2.000000 65.454545 0.000000
vt -0.000000 76.363636 0.000000
vt 2.000000 76.363636 0.000000
vt -0.000000 87.272727 0.000000
vt 2.000000 87.272727 0.000000
vt -0.000000 98.181818 0.000000
vt 2.000000 98.181818 0.000000
vt -0.000000 109.090909 0.000000
vt 2.000000 109.090909 0.000000
vt -0.000000 120.000000 0.000000
vt 2.000000 120.000000 0.000000
vt -0.000000 0.000000 0.000000
vt 2.000000 0.000000 0.000000
vt -0.000000 10.909091 0.000000
vt 2.000000 10.909091 0.000000
vt -0.000000 21.818182 0.000000
vt 2.000000 21.818182 0.000000
vt -0.000000 32.727273 0.000000
vt 2.000000 32.727273 0.000000
vt -0.000000 43.636364 0.000000
vt 2.000000 43.636364 0.000000
vt -0.000000 54.545455 0.000000
vt 2.000000 54.545455 0.000000
vt -0.000000 65.454545 0.000000
vt 2.000000 65.454545 0.000000
vt -0.000000 76.363636 0.000000
vt 2.000000 76.363636 0.000000
vt -0.000000 87.272727 0.000000
vt 2.000000 87.272727 0.000000
vt -0.000000 98.181818 0.000000
vt 2.000000 98.181818 0.000000
vt -0.000000 109.090909 0.000000
vt 2.000000 109.090909 0.000000
vt -0.000000 120.000000 0.000000
vt 2.000000 120.000000 0.000000
vt -0.000000 0.000000 0.000000
vt 2.000000 0.000000 0.000000
vt -0.000000 10.909091 0.000000
vt 2.000000 10.909091 0.000000
vt -0.000000 21.818182 0.000000
vt 2.000000 21.818182 0.000000
vt -0.000000 32.727273 0.000000
vt 2.000000 32.727273 0.000000
vt -0.000000 43.636364 0.000000
vt 2.000000 43.636364 0.000000
vt -0.000000 54.545455 0.000000
vt 2.000000 54.545455 0.000000
vt -0.000000 65.454545 0.000000
vt 2.000000 65.454545 0.000000
vt -0.000000 76.363636 0.000000
vt 2.000000 76.363636 0.000000
vt -0.000000 87.272727 0.000000
vt 2.000000 87.272727 0.000000
vt -0.000000 98.181818 0.000000
vt 2.000000 98.181818 0.000000
vt -0.000000 109.090909 0.000000
vt 2.000000 109.090909 0.000000
vt 0.000000 120.000000 0.000000
vt 2.000000 120.000000 0.000000
vt 1.000000 1.000000 0.000000
vt -1.000000 1.000000 0.000000
vt 1.000000 -1.000000 0.000000
vt -1.000000 -1.000000 0.000000
vt -1.000000 -1.000000 0.000000
vt 1.000000 -1.000000 0.000000
vt -1.000000 1.000000 0.000000
vt 1.000000 1.000000 0.000000
vn -1.000000 0.000000 -0.000000
vn -1.000000 0.000000 -0.000000
vn -1.000000 0.000000 -0.000000
vn -1.000000 0.000000 -0.000000
vn -1.000000 0.000000 -0.000000
vn -1.000000 0.000000 -0.000000
vn -1.000000 0.000000 -0.000000
vn -1.000000 0.000000 -0.000000
vn -1.000000 0.000000 -0.000000
vn -1.000000 0.000000 -0.000000
vn -1.000000 0.000000 -0.000000
vn -1.000000 0.000000 -0.000000
vn -1.000000 0.000000 -0.000000
vn -1.000000 0.000000 -0.000000
vn -1.000000 0.000000 -0.000000
vn -1.000000 0.000000 -0.000000
vn -1.000000 0.000000 -0.000000
vn -1.000000 0.000000 -0.000000
vn -1.000000 0.000000 -0.000000
vn -1.000000 0.000000 -0.000000
vn -1.000000 0.000000 -0.000000
vn -1.000000 0.000000 -0.000000
vn -1.000000 0.000000 -0.000000
vn -1.000000 0.000000 -0.000000
vn 0.000000 0.000000 -1.000000
vn 0.000000 0.000000 -1.000000
vn 0.000000 0.000000 -1.000000
vn 0.000000 0.000000 -1.000000
vn 0.000000 0.000000 -1.000000
vn 0.000000 0.000000 -1.000000
vn 0.000000 0.000000 -1.000000
vn 0.000000 0.000000 -1.000000
vn 0.000000 0.000000 -1.000000
vn 0.000000 0.000000 -1.000000
vn 0.000000 0.000000 -1.000000
vn 0.000000 0.000000 -1.000000
vn 0.000000 0.000000 -1.000000
vn 0.000000 0.000000 -1.000000
vn 0.000000 0.000000 -1.000000
vn 0.000000 0.000000 -1.000000
vn 0.000000 0.000000 -1.000000
vn 0.000000 0.000000 -1.000000
vn 0.000000 0.000000 -1.000000
vn 0.000000 0.000000 -1.000000
vn 0.000000 0.000000 -1.000000
vn 0.000000 0.000000 -1.000000
vn 0.000000 0.000000 -1.000000
vn 0.000000 0.000000 -1.000000
vn 1.000000 0.000000 0.000000
vn 1.000000 0.000000 0.000000
vn 1.000000 0.000000 0.000000
vn 1.000000 0.000000 0.000000
vn 1.000000 0.000000 0.000000
vn 1.000000 0.000000 0.000000
vn 1.000000 0.000000 0.000000
vn 1.000000 0.000000 0.000000
vn 1.000000 0.000000 0.000000
vn 1.000000 0.000000 0.000000
vn 1.000000 0.000000 0.000000
vn 1.000000 0.000000 0.000000
vn 1.000000 0.000000 0.000000
vn 1.000000 0.000000 0.000000
vn 1.000000 0.000000 0.000000
vn 1.000000 0.000000 0.000000
vn 1.000000 0.000000 0.000000
vn 1.000000 0.000000 0.000000
vn 1.000000 0.000000 0.000000
vn 1.000000 0.000000 0.000000
vn 1.000000 0.000000 0.000000
vn 1.000000 0.000000 0.000000
vn 1.000000 0.000000 0.000000
vn 1.000000 0.000000 0.000000
vn 0.000000 -0.000000 1.000000
vn 0.000000 -0.000000 1.000000
vn 0.000000 -0.000000 1.000000
vn 0.000000 -0.000000 1.000000
vn 0.000000 -0.000000 1.000000
vn 0.000000 -0.000000 1.000000
vn 0.000000 -0.000000 1.000000
vn 0.000000 -0.000000 1.000000
vn 0.000000 -0.000000 1.000000
vn 0.000000 -0.000000 1.000000
vn 0.000000 -0.000000 1.000000
vn 0.000000 -0.000000 1.000000
vn 0.000000 -0.000000 1.000000
vn 0.000000 -0.000000 1.000000
vn 0.000000 -0.000000 1.000000
vn 0.000000 -0.000000 1.000000
vn 0.000000 -0.000000 1.000000
vn 0.000000 -0.000000 1.000000
vn 0.000000 -0.000000 1.000000
vn 0.000000 -0.000000 1.000000
vn 0.000000 -0.000000 1.000000
vn 0.000000 -0.000000 1.000000
vn 0.000000 -0.000000 1.000000
vn 0.000000 -0.000000 1.000000
vn 0.000000 1.000000 0.000000
vn 0.000000 1.000000 0.000000
vn 0.000000 1.000000 0.000000
vn 0.000000 1.000000 0.000000
vn -0.000000 -1.000000 -0.000000
vn -0.000000 -1.000000 -0.000000
vn -0.000000 -1.000000 -0.000000
vn -0.000000 -1.000000 -0.000000
f 113/249/249 114/250/250 136/251/251
f 136/251/251 114/250/250 115/252/252
f 136/251/251 115/252/252 135/253/253
f 135/253/253 115/252/252 116/254/254
f 135/253/253 116/254/254 134/255/255
f 134/255/255 116/254/254 117/256/256
f 134/255/255 117/256/256 133/257/257
f 133/257/257 117/256/256 118/258/258
f 133/257/257 118/258/258 132/259/259
f 132/259/259 118/258/258 119/260/260
f 132/259/259 119/260/260 131/261/261
f 131/261/261 119/260/260 120/262/262
f 131/261/261 120/262/262 130/263/263
f 130/263/263 120/262/262 121/264/264
f 130/263/263 121/264/264 129/265/265
f 129/265/265 121/264/264 122/266/266
f 129/265/265 122/266/266 128/267/267
f 128/267/267 122/266/266 123/268/268
f 128/267/267 123/268/268 127/269/269
f 127/269/269 123/268/268 124/270/270
f 127/269/269 124/270/270 126/271/271
f 126/271/271 124/270/270 125/272/272
f 137/273/273 113/274/274 148/275/275
f 148/275/275 113/274/274 136/276/276
f 148/275/275 136/276/276 147/277/277
f 147/277/277 136/276/276 135/278/278
f 147/277/277 135/278/278 146/279/279
f 146/279/279 135/278/278 134/280/280
f 146/279/279 134/280/280 145/281/281
f 145/281/281 134/280/280 133/282/282
f 145/281/281 133/282/282 144/283/283
f 144/283/283 133/282/282 132/284/284
f 144/283/283 132/284/284 143/285/285
f 143/285/285 132/284/284 131/286/286
f 143/285/285 131/286/286 142/287/287
f 142/287/287 131/286/286 130/288/288
f 142/287/287 130/288/288 141/289/289
f 141/289/289 130/288/288 129/290/290
f 141/289/289 129/290/290 140/291/291
f 140/291/291 129/290/290 128/292/292
f 140/291/291 128/292/292 139/293/293
f 139/293/293 128/292/292 127/294/294
f 139/293/293 127/294/294 138/295/295
f 138/295/295 127/294/294 126/296/296
f 149/297/297 137/298/298 160/299/299
f 160/299/299 137/298/298 148/300/300
f 160/299/299 148/300/300 159/301/301
f 159/301/301 148/300/300 147/302/302
f 159/301/301 147/302/302 158/303/303
f 158/303/303 147/302/302 146/304/304
f 158/303/303 146/304/304 157/305/305
f 157/305/305 146/304/304 145/306/306
f 157/305/305 145/306/306 156/307/307
f 156/307/307 145/306/306 144/308/308
f 156/307/307 144/308/308 155/309/309
f 155/309/309 144/308/308 143/310/310
f 155/309/309 143/310/310 154/311/311
f 154/311/311 143/310/310 142/312/312
f 154/311/311 142/312/312 153/313/313
f 153/313/313 142/312/312 141/314/314
f 153/313/313 141/314/314 152/315/315
f 152/315/315 141/314/314 140/316/316
f 152/315/315 140/316/316 151/317/317
f 151/317/317 140/316/316 139/318/318
f 151/317/317 139/318/318 150/319/319
f 150/319/319 139/318/318 138/320/320
f 114/321/321 149/322/322 115/323/323
f 115/323/323 149/322/322 160/324/324
f 115/323/323 160/324/324 116/325/325
f 116/325/325 160/324/324 159/326/326
f 116/325/325 159/326/326 117/327/327
f 117/327/327 159/326/326 158/328/328
f 117/327/327 158/328/328 118/329/329
f 118/329/329 158/328/328 157/330/330
f 118/329/329 157/330/330 119/331/331
f 119/331/331 157/330/330 156/332/332
f 119/331/331 156/332/332 120/333/333
f 120/333/333 156/332/332 155/334/334
f 120/333/333 155/334/334 121/335/335
f 121/335/335 155/334/334 154/336/336
f 121/335/335 154/336/336 122/337/337
f 122/337/337 154/336/336 153/338/338
f 122/337/337 153/338/338 123/339/339
f 123/339/339 153/338/338 152/340/340
f 123/339/339 152/340/340 124/341/341
f 124/341/341 152/340/340 151/342/342
f 124/341/341 151/342/342 125/343/343
f 125/343/343 151/342/342 150/344/344
f 150/345/345 138/346/346 125/347/347
f 125/347/347 138/346/346 126/348/348
f 149/349/349 114/350/350 137/351/351
f 137/351/351 114/350/350 113/352/352
g Body1:4

v 6.000000 -0.000000 -52.000000
v 6.000000 -0.000000 -50.000000
v 6.000000 10.909091 -50.000000
v 6.000000 21.818182 -50.000000
v 6.000000 32.727273 -50.000000
v 6.000000 43.636364 -50.000000
v 6.000000 54.545455 -50.000000
v 6.000000 65.454545 -50.000000
v 6.000000 76.363636 -50.000000
v 6.000000 87.272727 -50.000000
v 6.000000 98.181818 -50.000000
v 6.000000 109.090909 -50.000000
v 6.000000 120.000000 -50.000000
v 6.000000 120.000000 -52.000000
v 6.000000 109.090909 -52.000000
v 6.000000 98.181818 -52.000000
v 6.000000 87.272727 -52.000000
v 6.000000 76.363636 -52.000000
v 6.000000 65.454545 -52.000000
v 6.000000 54.545455 -52.000000
v 6.000000 43.636364 -52.000000
v 6.000000 32.727273 -52.000000
v 6.000000 21.818182 -52.000000
v 6.000000 10.909091 -52.000000
v 8.000000 -0.000000 -52.000000
v 8.000000 120.000000 -52.000000
v 8.000000 109.090909 -52.000000
v 8.000000 98.181818 -52.000000
v 8.000000 87.272727 -52.000000
v 8.000000 76.363636 -52.000000
v 8.000000 65.454545 -52.000000
v 8.000000 54.545455 -52.000000
v 8.000000 43.636364 -52.000000
v 8.000000 32.727273 -52.000000
v 8.000000 21.818182 -52.000000
v 8.000000 10.909091 -52.000000
v 8.000000 -0.000000 -50.000000
v 8.000000 120.000000 -50.000000
v 8.000000 109.090909 -50.000000
v 8.000000 98.181818 -50.000000
v 8.000000 87.272727 -50.000000
v 8.000000 76.363636 -50.000000
v 8.000000 65.454545 -50.000000
v 8.000000 54.545455 -50.000000
v 8.000000 43.636364 -50.000000
v 8.000000 32.727273 -50.000000
v 8.000000 21.818182 -50.000000
v 8.000000 10.909091 -50.000000
vt 0.000000 0.000000 0.000000
vt 2.000000 0.000000 0.000000
vt 0.000000 10.909091 0.000000
vt 2.000000 10.909091 0.000000
vt 0.000000 21.818182 0.000000
vt 2.000000 21.818182 0.000000
vt 0.000000 32.727273 0.000000
vt 2.000000 32.727273 0.000000
vt 0.000000 43.636364 0.000000
vt 2.000000 43.636364 0.000000
vt 0.000000 54.545455 0.000000
vt 2.000000 54.545455 0.000000
vt 0.000000 65.454545 0.000000
vt 2.000000 65.454545 0.000000
vt 0.000000 76.363636 0.000000
vt 2.000000 76.363636 0.000000
vt 0.000000 87.272727 0.000000
vt 2.000000 87.272727 0.000000
vt 0.000000 98.181818 0.000000
vt 2.000000 98.181818 0.000000
vt 0.000000 109.090909 0.000000
vt 2.000000 109.090909 0.000000
vt 0.000000 120.000000 0.000000
vt 2.000000 120.000000 0.000000
vt -0.000000 0.000000 0.000000
vt 2.000000 0.000000 0.000000
vt -0.000000 10.909091 0.000000
vt 2.000000 10.909091 0.000000
vt -0.000000 21.818182 0.000000
vt 2.000000 21.818182 0.000000
vt -0.000000 32.727273 0.000000
vt 2.000000 32.727273 0.000000
vt -0.000000 43.636364 0.000000
vt 2.000000 43.636364 0.000000
vt -0.000000 54.545455 0.000000
vt 2.000000 54.545455 0.000000
vt -0.000000 65.454545 0.000000
vt 2.000000 65.454545 0.000000
vt -0.000000 76.363636 0.000000
vt 2.000000 76.363636 0.000000
vt -0.000000 87.272727 0.000000
vt 2.000000 87.272727 0.000000
vt -0.000000 98.181818 0.000000
vt 2.000000 98.181818 0.000000
vt -0.000000 109.090909 0.000000
vt 2.000000 109.090909 0.000000
vt -0.000000 120.000000 0.000000
vt 2.000000 120.000000 0.000000
vt -0.000000 0.000000 0.000000
vt 2.000000 0.000000 0.000000
vt -0.000000 10.909091 0.000000
vt 2.000000 10.909091 0.000000
vt -0.000000 21.818182 0.000000
vt 2.000000 21.818182 0.000000
vt -0.000000 32.727273 0.000000
vt 2.000000 32.727273 0.000000
vt -0.000000 43.636364 0.000000
vt 2.000000 43.636364 0.000000
vt -0.000000 54.545455 0.000000
vt 2.000000 54.545455 0.000000
vt -0.000000 65.454545 0.000000
vt 2.000000 65.454545 0.000000
vt -0.000000 76.363636 0.000000
vt 2.000000 76.363636 0.000000
vt -0.000000 87.272727 0.000000
vt 2.000000 87.272727 0.000000
vt -0.000000 98.181818 0.000000
vt 2.000000 98.181818 0.000000
vt -0.000000 109.090909 0.000000
vt 2.000000 109.090909 0.000000
vt -0.000000 120.000000 0.000000
vt 2.000000 120.000000 0.000000
vt -0.000000 0.000000 0.000000
vt 2.000000 0.000000 0.000000
vt -0.000000 10.909091 0.000000
vt 2.000000 10.909091 0.000000
vt -0.000000 21.818182 0.000000
vt 2.000000 21.818182 0.000000
vt -0.000000 32.727273 0.000000
vt 2.000000 32.727273 0.000000
vt -0.000000 43.636364 0.000000
vt 2.000000 43.636364 0.000000
vt -0.000000 54.545455 0.000000
vt 2.000000 54.545455 0.000000
vt -0.000000 65.454545 0.000000
vt 2.000000 65.454545 0.000000
vt -0.000000 76.363636 0.000000
vt 2.000000 76.363636 0.000000
vt -0.000000 87.272727 0.000000
vt 2.000000 87.272727 0.000000
vt -0.000000 98.181818 0.000000
vt 2.000000 98.181818 0.000000
vt -0.000000 109.090909 0.000000
vt 2.000000 109.090909 0.000000
vt 0.000000 120.000000 0.000000
vt 2.000000 120.000000 0.000000
vt 1.000000 1.000000 0.000000
vt -1.000000 1.000000 0.000000
vt 1.000000 -1.000000 0.000000
vt -1.000000 -1.000000 0.000000
vt -1.000000 -1.000000 0.000000
vt 1.000000 -1.000000 0.000000
vt -1.000000 1.000000 0.000000
vt 1.000000 1.000000 0.000000
vn -1.000000 0.000000 -0.000000
vn -1.000000 0.000000 -0.000000
vn -1.000000 0.000000 -0.000000
vn -1.000000 0.000000 -0.000000
vn -1.000000 0.000000 -0.000000
vn -1.000000 0.000000 -0.000000
vn -1.000000 0.000000 -0.000000
vn -1.000000 0.000000 -0.000000
vn -1.000000 0.000000 -0.000000
vn -1.000000 0.000000 -0.000000
vn -1.000000 0.000000 -0.000000
vn -1.000000 0.000000 -0.000000
vn -1.000000 0.000000 -0.000000
vn -1.000000 0.000000 -0.000000
vn -1.000000 0.000000 -0.000000
vn -1.000000 0.000000 -0.000000
vn -1.000000 0.000000 -0.000000
vn -1.000000 0.000000 -0.000000
vn -1.000000 0.000000 -0.000000
vn -1.000000 0.000000 -0.000000
vn -1.000000 0.000000 -0.000000
vn -1.000000 0.000000 -0.000000
vn -1.000000 0.000000 -0.000000
vn -1.000000 0.000000 -0.000000
vn 0.000000 0.000000 -1.000000
vn 0.000000 0.000000 -1.000000
vn 0.000000 0.000000 -1.000000
vn 0.000000 0.000000 -1.000000
vn 0.000000 0.000000 -1.000000
vn 0.000000 0.000000 -1.000000
vn 0.000000 0.000000 -1.000000
vn 0.000000 0.000000 -1.000000
vn 0.000000 0.000000 -1.000000
vn 0.000000 0.000000 -1.000000
vn 0.000000 0.000000 -1.000000
vn 0.000000 0.000000 -1.000000
vn 0.000000 0.000000 -1.000000
vn 0.000000 0.000000 -1.000000
vn 0.000000 0.000000 -1.000000
vn 0.000000 0.000000 -1.000000
vn 0.000000 0.000000 -1.000000
vn 0.000000 0.000000 -1.000000
vn 0.000000 0.000000 -1.000000
vn 0.000000 0.000000 -1.000000
vn 0.000000 0.000000 -1.000000
vn 0.000000 0.000000 -1.000000
vn 0.000000 0.000000 -1.000000
vn 0.000000 0.000000 -1.000000
vn 1.000000 0.000000 0.000000
vn 1.000000 0.000000 0.000000
vn 1.000000 0.000000 0.000000
vn 1.000000 0.000000 0.000000
vn 1.000000 0.000000 0.000000
vn 1.000000 0.000000 0.000000
vn 1.000000 0.000000 0.000000
vn 1.000000 0.000000 0.000000
vn 1.000000 0.000000 0.000000
vn 1.000000 0.000000 0.000000
vn 1.000000 0.000000 0.000000
vn 1.000000 0.000000 0.000000
vn 1.000000 0.000000 0.000000
vn 1.000000 0.000000 0.000000
vn 1.000000 0.000000 0.000000
vn 1.000000 0.000000 0.000000
vn 1.000000 0.000000 0.000000
vn 1.000000 0.000000 0.000000
vn 1.000000 0.000000 0.000000
vn 1.000000 0.000000 0.000000
vn 1.000000 0.000000 0.000000
vn 1.000000 0.000000 0.000000
vn 1.000000 0.000000 0.000000
vn 1.000000 0.000000 0.000000
vn 0.000000 -0.000000 1.000000
vn 0.000000 -0.000000 1.000000
vn 0.000000 -0.000000 1.000000
vn 0.000000 -0.000000 1.000000
vn 0.000000 -0.000000 1.000000
vn 0.000000 -0.000000 1.000000
vn 0.000000 -0.000000 1.000000
vn 0.000000 -0.000000 1.000000
vn 0.000000 -0.000000 1.000000
vn 0.000000 -0.000000 1.000000
vn 0.000000 -0.000000 1.000000
vn 0.000000 -0.000000 1.000000
vn 0.000000 -0.000000 1.000000
vn 0.000000 -0.000000 1.000000
vn 0.000000 -0.000000 1.000000
vn 0.000000 -0.000000 1.000000
vn 0.000000 -0.000000 1.000000
vn 0.000000 -0.000000 1.000000
vn 0.000000 -0.000000 1.000000
vn 0.000000 -0.000000 1.000000
vn 0.000000 -0.000000 1.000000
vn 0.000000 -0.000000 1.000000
vn 0.000000 -0.000000 1.000000
vn 0.000000 -0.000000 1.000000
vn 0.000000 1.000000 0.000000
vn 0.000000 1.000000 0.000000
vn 0.000000 1.000000 0.000000
vn 0.000000 1.000000 0.000000
vn -0.000000 -1.000000 -0.000000
vn -0.000000 -1.000000 -0.000000
vn -0.000000 -1.000000 -0.000000
vn -0.000000 -1.000000 -0.000000
f 161/353/353 162/354/354 184/355/355
f 184/355/355 162/354/354 163/356/356
f 184/355/355 163/356/356 183/357/357
f 183/357/357 163/356/356 164/358/358
f 183/357/357 164/358/358 182/359/359
f 182/359/359 164/358/358 165/360/360
f 182/359/359 165/360/360 181/361/361
f 181/361/361 165/360/360 166/362/362
f 181/361/361 166/362/362 180/363/363
f 180/363/363 166/362/362 167/364/364
f 180/363/363 167/364/364 179/365/365
f 179/365/365 167/364/364 168/366/366
f 179/365/365 168/366/366 178/367/367
f 178/367/367 168/366/366 169/368/368
f 178/367/367 169/368/368 177/369/369
f 177/369/369 169/368/368 170/370/370
f 177/369/369 170/370/370 176/371/371
f 176/371/371 170/370/370 171/372/372
f 176/371/371 171/372/372 175/373/373
f 175/373/373 171/372/372 172/374/374
f 175/373/373 172/374/374 174/375/375
f 174/375/375 172/374/374 173/376/376
f 185/377/377 161/378/378 196/379/379
f 196/379/379 161/378/378 184/380/380
f 196/379/379 184/380/380 195/381/381
f 195/381/381 184/380/380 183/382/382
f 195/381/381 183/382/382 194/383/383
f 194/383/383 183/382/382 182/384/384
f 194/383/383 182/384/384 193/385/385
f 193/385/385 182/384/384 181/386/386
f 193/385/385 181/386/386 192/387/387
f 192/387/387 181/386/386 180/388/388
f 192/387/387 180/388/388 191/389/389
f 191/389/389 180/388/388 179/390/390
f 191/389/389 179/390/390 190/391/391
f 190/391/391 179/390/390 178/392/392
f 190/391/391 178/392/392 189/393/393
f 189/393/393 178/392/392 177/394/394
f 189/393/393 177/394/394 188/395/395
f 188/395/395 177/394/394 176/396/396
f 188/395/395 176/396/396 187/397/397
f 187/397/397 176/396/396 175/398/398
f 187/397/397 175/398/398 186/399/399
f 186/399/399 175/398/398 174/400/400
f 197/401/401 185/402/402 208/403/403
f 208/403/403 185/402/402 196/404/404
f 208/403/403 196/404/404 207/405/405
f 207/405/405 196/404/404 195/406/406
f 207/405/405 195/406/406 206/407/407
f 206/407/407 195/406/406 194/408/408
f 206/407/407 194/408/408 205/409/409
f 205/409/409 194/408/408 193/410/410
f 205/409/409 193/410/410 204/411/411
f 204/411/411 193/410/410 192/412/412
f 204/411/411 192/412/412 203/413/413
f 203/413/413 192/412/412 191/414/414
f 203/413/413 191/414/414 202/415/415
f 202/415/415 191/414/414 190/416/416
f 202/415/415 190/416/416 201/417/417
f 201/417/417 190/416/416 189/418/418
f 201/417/417 189/418/418 200/419/419
f 200/419/419 189/418/418 188/420/420
f 200/419/419 188/420/420 199/421/421
f 199/421/421 188/420/420 187/422/422
f 199/421/421 187/422/422 198/423/423
f 198/423/423 187/422/422 186/424/424
f 162/425/425 197/426/426 163/427/427
f 163/427/427 197/426/426 208/428/428
f 163/427/427 208/428/428 164/429/429
f 164/429/429 208/428/428 207/430/430
f 164/429/429 207/430/430 165/431/431
f 165/431/431 207/430/430 206/432/432
f 165/431/431 206/432/432 166/433/433
f 166/433/433 206/432/432 205/434/434
f 166/433/433 205/434/434 167/435/435
f 167/435/435 205/434/434 204/436/436
f 167/435/435 204/436/436 168/437/437
f 168/437/437 204/436/436 203/438/438
f 168/437/437 203/438/438 169/439/439
f 169/439/439 203/438/438 202/440/440
f 169/439/439 202/440/440 170/441/441
f 170/441/441 202/440/440 201/442/442
f 170/441/441 201/442/442 171/443/443
f 171/443/443 201/442/442 200/444/444
f 171/443/443 200/444/444 172/445/445
f 172/445/445 200/444/444 199/446/446
f 172/445/445 199/446/446 173/447/447
f 173/447/447 199/446/446 198/448/448
f 198/449/449 186/450/450 173/451/451
f 173/451/451 186/450/450 174/452/452
f 197/453/453 162/454/454 185/455/455
f 185/455/455 162/454/454 161/456/456
g Body1:5

v 66.000000 -0.000000 -52.000000
v 66.000000 -0.000000 -50.000000
v 66.000000 10.909091 -50.000000
v 66.000000 21.818182 -50.000000
v 66.000000 32.727273 -50.000000
v 66.000000 43.636364 -50.000000
v 66.000000 54.545455 -50.000000
v 66.000000 65.454545 -50.000000
v 66.000000 76.363636 -50.000000
v 66.000000 87.272727 -50.000000
v 66.000000 98.181818 -50.000000
v 66.000000 109.090909 -50.000000
v 66.000000 120.000000 -50.000000
v 66.000000 120.000000 -52.000000
v 66.000000 109.090909 -52.000000
v 66.000000 98.181818 -52.000000
v 66.000000 87.272727 -52.000000
v 66.000000 76.363636 -52.000000
v 66.000000 65.454545 -52.000000
v 66.000000 54.545455 -52.000000
v 66.000000 43.636364 -52.000000
v 66.000000 32.727273 -52.000000
v 66.000000 21.818182 -52.000000
v 66.000000 10.909091 -52.000000
v 68.000000 -0.000000 -52.000000
v 68.000000 120.000000 -52.000000
v 68.000000 109.090909 -52.000000
v 68.000000 98.181818 -52.000000
v 68.000000 87.272727 -52.000000
v 68.000000 76.363636 -52.000000
v 68.000000 65.454545 -52.000000
v 68.000000 54.545455 -52.000000
v 68.000000 43.636364 -52.000000
v 68.000000 32.727273 -52.000000
v 68.000000 21.818182 -52.000000
v 68.000000 10.909091 -52.000000
v 68.000000 -0.000000 -50.000000
v 68.000000 120.000000 -50.000000
v 68.000000 109.090909 -50.000000
v 68.000000 98.181818 -50.000000
v 68.000000 87.272727 -50.000000
v 68.000000 76.363636 -50.000000
v 68.000000 65.454545 -50.000000
v 68.000000 54.545455 -50.000000
v 68.000000 43.636364 -50.000000
v 68.000000 32.727273 -50.000000
v 68.000000 21.818182 -50.000000
v 68.000000 10.909091 -50.000000
vt 0.000000 0.000000 0.000000
vt 2.000000 0.000000 0.000000
vt 0.000000 10.909091 0.000000
vt 2.000000 10.909091 0.000000
vt 0.000000 21.818182 0.000000
vt 2.000000 21.818182 0.000000
vt 0.000000 32.727273 0.000000
vt 2.000000 32.727273 0.000000
vt 0.000000 43.636364 0.000000
vt 2.000000 43.636364 0.000000
vt 0.000000 54.545455 0.000000
vt 2.000000 54.545455 0.000000
vt 0.000000 65.454545 0.000000
vt 2.000000 65.454545 0.000000
vt 0.000000 76.363636 0.000000
vt 2.000000 76.363636 0.000000
vt 0.000000 87.272727 0.000000
vt 2.000000 87.272727 0.000000
vt 0.000000 98.181818 0.000000
vt 2.000000 98.181818 0.000000
vt 0.000000 109.090909 0.000000
vt 2.000000 109.090909 0.000000
vt 0.000000 120.000000 0.000000
vt 2.000000 120.000000 0.000000
vt -0.000000 0.000000 0.000000
vt 2.000000 0.000000 0.000000
vt -0.000000 10.909091 0.000000
vt 2.000000 10.909091 0.000000
vt -0.000000 21.818182 0.000000
vt 2.000000 21.818182 0.000000
vt -0.000000 32.727273 0.000000
vt 2.000000 32.727273 0.000000
vt -0.000000 43.636364 0.000000
vt 2.000000 43.636364 0.000000
vt -0.000000 54.545455 0.000000
vt 2.000000 54.545455 0.000000
vt -0.000000 65.454545 0.000000
vt 2.000000 65.454545 0.000000
vt -0.000000 76.363636 0.000000
vt 2.000000 76.363636 0.000000
vt -0.000000 87.272727 0.000000
vt 2.000000 87.272727 0.000000
vt -0.000000 98.181818 0.000000
vt 2.000000 98.181818 0.000000
vt -0.000000 109.090909 0.000000
vt 2.000000 109.090909 0.000000
vt -0.000000 120.000000 0.000000
vt 2.000000 120.000000 0.000000
vt -0.000000 0.000000 0.000000
vt 2.000000 0.000000 0.000000
vt -0.000000 10.909091 0.000000
vt 2.000000 10.909091 0.000000
vt -0.000000 21.818182 0.000000
vt 2.000000 21.818182 0.000000
vt -0.000000 32.727273 0.000000
vt 2.000000 32.727273 0.000000
vt -0.000000 43.636364 0.000000
vt 2.000000 43.636364 0.000000
vt -0.000000 54.545455 0.000000
vt 2.000000 54.545455 0.000000
vt -0.000000 65.454545 0.000000
vt 2.000000 65.454545 0.000000
vt -0.000000 76.363636 0.000000
vt 2.000000 76.363636 0.000000
vt -0.000000 87.272727 0.000000
vt 2.000000 87.272727 0.000000
vt -0.000000 98.181818 0.000000
vt 2.000000 98.181818 0.000000
vt -0.000000 109.090909 0.000000
vt 2.000000 109.090909 0.000000
vt -0.000000 120.000000 0.000000
vt 2.000000 120.000000 0.000000
vt -0.000000 0.000000 0.000000
vt 2.000000 0.000000 0.000000
vt -0.000000 10.909091 0.000000
vt 2.000000 10.909091 0.000000
vt -0.000000 21.818182 0.000000
vt 2.000000 21.818182 0.000000
vt -0.000000 32.727273 0.000000
vt 2.000000 32.727273 0.000000
vt -0.000000 43.636364 0.000000
vt 2.000000 43.636364 0.000000
vt -0.000000 54.545455 0.000000
vt 2.000000 54.545455 0.000000
vt -0.000000 65.454545 0.000000
vt 2.000000 65.454545 0.000000
vt -0.000000 76.363636 0.000000
vt 2.000000 76.363636 0.000000
vt -0.000000 87.272727 0.000000
vt 2.000000 87.272727 0.000000
vt -0.000000 98.181818 0.000000
vt 2.000000 98.181818 0.000000
vt -0.000000 109.090909 0.000000
vt 2.000000 109.090909 0.000000
vt 0.000000 120.000000 0.000000
vt 2.000000 120.000000 0.000000
vt 1.000000 1.000000 0.000000
vt -1.000000 1.000000 0.000000
vt 1.000000 -1.000000 0.000000
vt -1.000000 -1.000000 0.000000
vt -1.000000 -1.000000 0.000000
vt 1.000000 -1.000000 0.000000
vt -1.000000 1.000000 0.000000
vt 1.000000 1.000000 0.000000
vn -1.000000 0.000000 -0.000000
vn -1.000000 0.000000 -0.000000
vn -1.000000 0.000000 -0.000000
vn -1.000000 0.000000 -0.000000
vn -1.000000 0.000000 -0.000000
vn -1.000000 0.000000 -0.000000
vn -1.000000 0.000000 -0.000000
vn -1.000000 0.000000 -0.000000
vn -1.000000 0.000000 -0.000000
vn -1.000000 0.000000 -0.000000
vn -1.000000 0.000000 -0.000000
vn -1.000000 0.000000 -0.000000
vn -1.000000 0.000000 -0.000000
vn -1.000000 0.000000 -0.000000
vn -1.000000 0.000000 -0.000000
vn -1.000000 0.000000 -0.000000
vn -1.000000 0.000000 -0.000000
vn -1.000000 0.000000 -0.000000
vn -1.000000 0.000000 -0.000000
vn -1.000000 0.000000 -0.000000
vn -1.000000 0.000000 -0.000000
vn -1.000000 0.000000 -0.000000
vn -1.000000 0.000000 -0.000000
vn -1.000000 0.000000 -0.000000
vn 0.000000 0.000000 -1.000000
vn 0.000000 0.000000 -1.000000
vn 0.000000 0.000000 -1.000000
vn 0.000000 0.000000 -1.000000
vn 0.000000 0.000000 -1.000000
vn 0.000000 0.000000 -1.000000
vn 0.000000 0.000000 -1.000000
vn 0.000000 0.000000 -1.000000
vn 0.000000 0.000000 -1.000000
vn 0.000000 0.000000 -1.000000
vn 0.000000 0.000000 -1.000000
vn 0.000000 0.000000 -1.000000
vn 0.000000 0.000000 -1.000000
vn 0.000000 0.000000 -1.000000
vn 0.000000 0.000000 -1.000000
vn 0.000000 0.000000 -1.000000
vn 0.000000 0.000000 -1.000000
vn 0.000000 0.000000 -1.000000
vn 0.000000 0.000000 -1.000000
vn 0.000000 0.000000 -1.000000
vn 0.000000 0.000000 -1.000000
vn 0.000000 0.000000 -1.000000
vn 0.000000 0.000000 -1.000000
vn 0.000000 0.000000 -1.000000
vn 1.000000 0.000000 0.000000
vn 1.000000 0.000000 0.000000
vn 1.000000 0.000000 0.000000
vn 1.000000 0.000000 0.000000
vn 1.000000 0.000000 0.000000
vn 1.000000 0.000000 0.000000
vn 1.000000 0.000000 0.000000
vn 1.000000 0.000000 0.000000
vn 1.000000 0.000000 0.000000
vn 1.000000 0.000000 0.000000
vn 1.000000 0.000000 0.000000
vn 1.000000 0.000000 0.000000
vn 1.000000 0.000000 0.000000
vn 1.000000 0.000000 0.000000
vn 1.000000 0.000000 0.000000
vn 1.000000 0.000000 0.000000
vn 1.000000 0.000000 0.000000
vn 1.000000 0.000000 0.000000
vn 1.000000 0.000000 0.000000
vn 1.000000 0.000000 0.000000
vn 1.000000 0.000000 0.000000
vn 1.000000 0.000000 0.000000
vn 1.000000 0.000000 0.000000
vn 1.000000 0.000000 0.000000
vn 0.000000 -0.000000 1.000000
vn 0.000000 -0.000000 1.000000
vn 0.000000 -0.000000 1.000000
vn 0.000000 -0.000000 1.000000
vn 0.000000 -0.000000 1.000000
vn 0.000000 -0.000000 1.000000
vn 0.000000 -0.000000 1.000000
vn 0.000000 -0.000000 1.000000
vn 0.000000 -0.000000 1.000000
vn 0.000000 -0.000000 1.000000
vn 0.000000 -0.000000 1.000000
vn 0.000000 -0.000000 1.000000
vn 0.000000 -0.000000 1.000000
vn 0.000000 -0.000000 1.000000
vn 0.000000 -0.000000 1.000000
vn 0.000000 -0.000000 1.000000
vn 0.000000 -0.000000 1.000000
vn 0.000000 -0.000000 1.000000
vn 0.000000 -0.000000 1.000000
vn 0.000000 -0.000000 1.000000
vn 0.000000 -0.000000 1.000000
vn 0.000000 -0.000000 1.000000
vn 0.000000 -0.000000 1.000000
vn 0.000000 -0.000000 1.000000
vn 0.000000 1.000000 0.000000
vn 0.000000 1.000000 0.000000
vn 0.000000 1.000000 0.000000
vn 0.000000 1.000000 0.000000
vn -0.000000 -1.000000 -0.000000
vn -0.000000 -1.000000 -0.000000
vn -0.000000 -1.000000 -0.000000
vn -0.000000 -1.000000 -0.000000
f 209/457/457 210/458/458 232/459/459
f 232/459/459 210/458/458 211/460/460
f 232/459/459 211/460/460 231/461/461
f 231/461/461 211/460/460 212/462/462
f 231/461/461 212/462/462 230/463/463
f 230/463/463 212/462/462 213/464/464
f 230/463/463 213/464/464 229/465/465
f 229/465/465 213/464/464 214/466/466
f 229/465/465 214/466/466 228/467/467
f 228/467/467 214/466/466 215/468/468
f 228/467/467 215/468/468 227/469/469
f 227/469/469 215/468/468 216/470/470
f 227/469/469 216/470/470 226/471/471
f 226/471/471 216/470/470 217/472/472
f 226/471/471 217/472/472 225/473/473
f 225/473/473 217/472/472 218/474/474
f 225/473/473 218/474/474 224/475/475
f 224/475/475 218/474/474 219/476/476
f 224/475/475 219/476/476 223/477/477
f 223/477/477 219/476/476 220/478/478
f 223/477/477 220/478/478 222/479/479
f 222/479/479 220/478/478 221/480/480
f 233/481/481 209/482/482 244/483/483
f 244/483/483 209/482/482 232/484/484
f 244/483/483 232/484/484 243/485/485
f 243/485/485 232/484/484 231/486/486
f 243/485/485 231/486/486 242/487/487
f 242/487/487 231/486/486 230/488/488
f 242/487/487 230/488/488 241/489/489
f 241/489/489 230/488/488 229/490/490
f 241/489/489 229/490/490 240/491/491
f 240/491/491 229/490/490 228/492/492
f 240/491/491 228/492/492 239/493/493
f 239/493/493 228/492/492 227/494/494
f 239/493/493 227/494/494 238/495/495
f 238/495/495 227/494/494 226/496/496
f 238/495/495 226/496/496 237/497/497
f 237/497/497 226/496/496 225/498/498
f 237/497/497 225/498/498 236/499/499
f 236/499/499 225/498/498 224/500/500
f 236/499/499 224/500/500 235/501/501
f 235/501/501 224/500/500 223/502/502
f 235/501/501 223/502/502 234/503/503
f 234/503/503 223/502/502 222/504/504
f 245/505/505 233/506/506 256/507/507
f 256/507/507 233/506/506 244/508/508
f 256/507/507 244/508/508 255/509/509
f 255/509/509 244/508/508 243/510/510
f 255/509/509 243/510/510 254/511/511
f 254/511/511 243/510/510 242/512/512
f 254/511/511 242/512/512 253/513/513
f 253/513/513 242/512/512 241/514/514
f 253/513/513 241/514/514 252/515/515
f 252/515/515 241/514/514 240/516/516
f 252/515/515 240/516/516 251/517/517
f 251/517/517 240/516/516 239/518/518
f 251/517/517 239/518/518 250/519/519
f 250/519/519 239/518/518 238/520/520
f 250/519/519 238/520/520 249/521/521
f 249/521/521 238/520/520 237/522/522
f 249/521/521 237/522/522 248/523/523
f 248/523/523 237/522/522 236/524/524
f 248/523/523 236/524/524 247/525/525
f 247/525/525 236/524/524 235/526/526
f 247/525/525 235/526/526 246/527/527
f 246/527/527 235/526/526 234/528/528
f 210/529/529 245/530/530 211/531/531
f 211/531/531 245/530/530 256/532/532
f 211/531/531 256/532/532 212/533/533
f 212/533/533 256/532/532 255/534/534
f 212/533/533 255/534/534 213/535/535
f 213/535/535 255/534/534 254/536/536
f 213/535/535 254/536/536 214/537/537
f 214/537/537 254/536/536 253/538/538
f 214/537/537 253/538/538 215/539/539
f 215/539/539 253/538/538 252/540/540
f 215/539/539 252/540/540 216/541/541
f 216/541/541 252/540/540 251/542/542
f 216/541/541 251/542/542 217/543/543
f 217/543/543 251/542/542 250/544/544
f 217/543/543 250/544/544 218/545/545
f 218/545/545 250/544/544 249/546/546
f 218/545/545 249/546/546 219/547/547
f 219/547/547 249/546/546 248/548/548
f 219/547/547 248/548/548 220/549/549
f 220/549/549 248/548/548 247/550/550
f 220/549/549 247/550/550 221/551/551
f 221/551/551 247/550/550 246/552/552
f 246/553/553 234/554/554 221/555/555
f 221/555/555 234/554/554 222/556/556
f 245/557/557 210/558/558 233/559/559
f 233/559/559 210/558/558 209/560/560
g Body1:6

v 67.480000 0.040000 -49.682500
v 57.320000 0.040000 -49.682500
v 47.160000 0.040000 -49.682500
v 37.000000 0.040000 -49.682500
v 26.840000 0.040000 -49.682500
v 16.680000 0.040000 -49.682500
v 6.520000 0.040000 -49.682500
v 6.520000 0.040000 -50.000000
v 16.680000 0.040000 -50.000000
v 26.840000 0.040000 -50.000000
v 37.000000 0.040000 -50.000000
v 47.160000 0.040000 -50.000000
v 57.320000 0.040000 -50.000000
v 67.480000 0.040000 -50.000000
v 67.480000 121.960000 -49.682500
v 67.480000 110.876364 -49.682500
v 67.480000 99.792727 -49.682500
v 67.480000 88.709091 -49.682500
v 67.480000 77.625455 -49.682500
v 67.480000 66.541818 -49.682500
v 67.480000 55.458182 -49.682500
v 67.480000 44.374545 -49.682500
v 67.480000 33.290909 -49.682500
v 67.480000 22.207273 -49.682500
v 67.480000 11.123636 -49.682500
v 67.480000 11.123636 -50.000000
v 67.480000 22.207273 -50.000000
v 67.480000 33.290909 -50.000000
v 67.480000 44.374545 -50.000000
v 67.480000 55.458182 -50.000000
v 67.480000 66.541818 -50.000000
v 67.480000 77.625455 -50.000000
v 67.480000 88.709091 -50.000000
v 67.480000 99.792727 -50.000000
v 67.480000 110.876364 -50.000000
v 67.480000 121.960000 -50.000000
v 6.520000 121.960000 -49.682500
v 16.680000 121.960000 -49.682500
v 26.840000 121.960000 -49.682500
v 37.000000 121.960000 -49.682500
v 47.160000 121.960000 -49.682500
v 57.320000 121.960000 -49.682500
v 57.320000 121.960000 -50.000000
v 47.160000 121.960000 -50.000000
v 37.000000 121.960000 -50.000000
v 26.840000 121.960000 -50.000000
v 16.680000 121.960000 -50.000000
v 6.520000 121.960000 -50.000000
v 6.520000 11.123636 -49.682500
v 6.520000 22.207273 -49.682500
v 6.520000 33.290909 -49.682500
v 6.520000 44.374545 -49.682500
v 6.520000 55.458182 -49.682500
v 6.520000 66.541818 -49.682500
v 6.520000 77.625455 -49.682500
v 6.520000 88.709091 -49.682500
v 6.520000 99.792727 -49.682500
v 6.520000 110.876364 -49.682500
v 6.520000 110.876364 -50.000000
v 6.520000 99.792727 -50.000000
v 6.520000 88.709091 -50.000000
v 6.520000 77.625455 -50.000000
v 6.520000 66.541818 -50.000000
v 6.520000 55.458182 -50.000000
v 6.520000 44.374545 -50.000000
v 6.520000 33.290909 -50.000000
v 6.520000 22.207273 -50.000000
v 6.520000 11.123636 -50.000000
v 16.680000 110.876364 -50.000000
v 16.680000 99.792727 -50.000000
v 16.680000 88.709091 -50.000000
v 16.680000 77.625455 -50.000000
v 16.680000 66.541818 -50.000000
v 16.680000 55.458182 -50.000000
v 16.680000 44.374545 -50.000000
v 16.680000 33.290909 -50.000000
v 16.680000 22.207273 -50.000000
v 16.680000 11.123636 -50.000000
v 26.840000 110.876364 -50.000000
v 26.840000 99.792727 -50.000000
v 26.840000 88.709091 -50.000000
v 26.840000 77.625455 -50.000000
v 26.840000 66.541818 -50.000000
v 26.840000 55.458182 -50.000000
v 26.840000 44.374545 -50.000000
v 26.840000 33.290909 -50.000000
v 26.840000 22.207273 -50.000000
v 26.840000 11.123636 -50.000000
v 37.000000 110.876364 -50.000000
v 37.000000 99.792727 -50.000000
v 37.000000 88.709091 -50.000000
v 37.000000 77.625455 -50.000000
v 37.000000 66.541818 -50.000000
v 37.000000 55.458182 -50.000000
v 37.000000 44.374545 -50.000000
v 37.000000 33.290909 -50.000000
v 37.000000 22.207273 -50.000000
v 37.000000 11.123636 -50.000000
v 47.160000 110.876364 -50.000000
v 47.160000 99.792727 -50.000000
v 47.160000 88.709091 -50.000000
v 47.160000 77.625455 -50.000000
v 47.160000 66.541818 -50.000000
v 47.160000 55.458182 -50.000000
v 47.160000 44.374545 -50.000000
v 47.160000 33.290909 -50.000000
v 47.160000 22.207273 -50.000000
v 47.160000 11.123636 -50.000000
v 57.320000 110.876364 -50.000000
v 57.320000 99.792727 -50.000000
v 57.320000 88.709091 -50.000000
v 57.320000 77.625455 -50.000000
v 57.320000 66.541818 -50.000000
v 57.320000 55.458182 -50.000000
v 57.320000 44.374545 -50.000000
v 57.320000 33.290909 -50.000000
v 57.320000 22.207273 -50.000000
v 57.320000 11.123636 -50.000000
v 16.680000 110.876364 -49.682500
v 26.840000 110.876364 -49.682500
v 37.000000 110.876364 -49.682500
v 47.160000 110.876364 -49.682500
v 57.320000 110.876364 -49.682500
v 16.680000 99.792727 -49.682500
v 26.840000 99.792727 -49.682500
v 37.000000 99.792727 -49.682500
v 47.160000 99.792727 -49.682500
v 57.320000 99.792727 -49.682500
v 16.680000 88.709091 -49.682500
v 26.840000 88.709091 -49.682500
v 37.000000 88.709091 -49.682500
v 47.160000 88.709091 -49.682500
v 57.320000 88.709091 -49.682500
v 16.680000 77.625455 -49.682500
v 26.840000 77.625455 -49.682500
v 37.000000 77.625455 -49.682500
v 47.160000 77.625455 -49.682500
v 57.320000 77.625455 -49.682500
v 16.680000 66.541818 -49.682500
v 26.840000 66.541818 -49.682500
v 37.000000 66.541818 -49.682500
v 47.160000 66.541818 -49.682500
v 57.320000 66.541818 -49.682500
v 16.680000 55.458182 -49.682500
v 26.840000 55.458182 -49.682500
v 37.000000 55.458182 -49.682500
v 47.160000 55.458182 -49.682500
v 57.320000 55.458182 -49.682500
v 16.680000 44.374545 -49.682500
v 26.840000 44.374545 -49.682500
v 37.000000 44.374545 -49.682500
v 47.160000 44.374545 -49.682500
v 57.320000 44.374545 -49.682500
v 16.680000 33.290909 -49.682500
v 26.840000 33.290909 -49.682500
v 37.000000 33.290909 -49.682500
v 47.160000 33.290909 -49.682500
v 57.320000 33.290909 -49.682500
v 16.680000 22.207273 -49.682500
v 26.840000 22.207273 -49.682500
v 37.000000 22.207273 -49.682500
v 47.160000 22.207273 -49.682500
v 57.320000 22.207273 -49.682500
v 16.680000 11.123636 -49.682500
v 26.840000 11.123636 -49.682500
v 37.000000 11.123636 -49.682500
v 47.160000 11.123636 -49.682500
v 57.320000 11.123636 -49.682500
vt 0.000000 0.000000 0.000000
vt 10.160000 0.000000 0.000000
vt 0.000000 0.317500 0.000000
vt 10.160000 0.317500 0.000000
vt 20.320000 0.000000 0.000000
vt 20.320000 0.317500 0.000000
vt 30.480000 0.000000 0.000000
vt 30.480000 0.317500 0.000000
vt 40.640000 0.000000 0.000000
vt 40.640000 0.317500 0.000000
vt 50.800000 0.000000 0.000000
vt 50.800000 0.317500 0.000000
vt 60.960000 0.000000 0.000000
vt 60.960000 0.317500 0.000000
vt 0.000000 0.000000 0.000000
vt 11.083636 0.000000 0.000000
vt 0.000000 0.317500 0.000000
vt 11.083636 0.317500 0.000000
vt 22.167273 0.000000 0.000000
vt 22.167273 0.317500 0.000000
vt 33.250909 0.000000 0.000000
vt 33.250909 0.317500 0.000000
vt 44.334545 0.000000 0.000000
vt 44.334545 0.317500 0.000000
vt 55.418182 0.000000 0.000000
vt 55.418182 0.317500 0.000000
vt 66.501818 0.000000 0.000000
vt 66.501818 0.317500 0.000000
vt 77.585455 0.000000 0.000000
vt 77.585455 0.317500 0.000000
vt 88.669091 0.000000 0.000000
vt 88.669091 0.317500 0.000000
vt 99.752727 0.000000 0.000000
vt 99.752727 0.317500 0.000000
vt 110.836364 0.000000 0.000000
vt 110.836364 0.317500 0.000000
vt 121.920000 0.000000 0.000000
vt 121.920000 0.317500 0.000000
vt 0.000000 0.000000 0.000000
vt 10.160000 0.000000 0.000000
vt 0.000000 0.317500 0.000000
vt 10.160000 0.317500 0.000000
vt 20.320000 0.000000 0.000000
vt 20.320000 0.317500 0.000000
vt 30.480000 0.000000 0.000000
vt 30.480000 0.317500 0.000000
vt 40.640000 0.000000 0.000000
vt 40.640000 0.317500 0.000000
vt 50.800000 0.000000 0.000000
vt 50.800000 0.317500 0.000000
vt 60.960000 0.000000 0.000000
vt 60.960000 0.317500 0.000000
vt 0.000000 0.000000 0.000000
vt 11.083636 0.000000 0.000000
vt 0.000000 0.317500 0.000000
vt 11.083636 0.317500 0.000000
vt 22.167273 0.000000 0.000000
vt 22.167273 0.317500 0.000000
vt 33.250909 0.000000 0.000000
vt 33.250909 0.317500 0.000000
vt 44.334545 0.000000 0.000000
vt 44.334545 0.317500 0.000000
vt 55.418182 0.000000 0.000000
vt 55.418182 0.317500 0.000000
vt 66.501818 0.000000 0.000000
vt 66.501818 0.317500 0.000000
vt 77.585455 0.000000 0.000000
vt 77.585455 0.317500 0.000000
vt 88.669091 0.000000 0.000000
vt 88.669091 0.317500 0.000000
vt 99.752727 0.000000 0.000000
vt 99.752727 0.317500 0.000000
vt 110.836364 0.000000 0.000000
vt 110.836364 0.317500 0.000000
vt 121.920000 0.000000 0.000000
vt 121.920000 0.317500 0.000000
vt -60.960000 -30.480000 0.000000
vt -49.876364 -30.480000 0.000000
vt -60.960000 -20.320000 0.000000
vt -49.876364 -20.320000 0.000000
vt -60.960000 -10.160000 0.000000
vt -49.876364 -10.160000 0.000000
vt -60.960000 0.000000 0.000000
vt -49.876364 0.000000 0.000000
vt -60.960000 10.160000 0.000000
vt -49.876364 10.160000 0.000000
vt -60.960000 20.320000 0.000000
vt -49.876364 20.320000 0.000000
vt -60.960000 30.480000 0.000000
vt -49.876364 30.480000 0.000000
vt -38.792727 20.320000 0.000000
vt -38.792727 30.480000 0.000000
vt -27.709091 20.320000 0.000000
vt -27.709091 30.480000 0.000000
vt -16.625455 20.320000 0.000000
vt -16.625455 30.480000 0.000000
vt -5.541818 20.320000 0.000000
vt -5.541818 30.480000 0.000000
vt 5.541818 20.320000 0.000000
vt 5.541818 30.480000 0.000000
vt 16.625455 20.320000 0.000000
vt 16.625455 30.480000 0.000000
vt 27.709091 20.320000 0.000000
vt 27.709091 30.480000 0.000000
vt 38.792727 20.320000 0.000000
vt 38.792727 30.480000 0.000000
vt 49.876364 20.320000 0.000000
vt 49.876364 30.480000 0.000000
vt 60.960000 20.320000 0.000000
vt 60.960000 30.480000 0.000000
vt -38.792727 -30.480000 0.000000
vt -38.792727 -20.320000 0.000000
vt -38.792727 -10.160000 0.000000
vt -38.792727 0.000000 0.000000
vt -38.792727 10.160000 0.000000
vt -27.709091 -30.480000 0.000000
vt -27.709091 -20.320000 0.000000
vt -27.709091 -10.160000 0.000000
vt -27.709091 0.000000 0.000000
vt -27.709091 10.160000 0.000000
vt -16.625455 -30.480000 0.000000
vt -16.625455 -20.320000 0.000000
vt -16.625455 -10.160000 0.000000
vt -16.625455 0.000000 0.000000
vt -16.625455 10.160000 0.000000
vt -5.541818 -30.480000 0.000000
vt -5.541818 -20.320000 0.000000
vt -5.541818 -10.160000 0.000000
vt -5.541818 0.000000 0.000000
vt -5.541818 10.160000 0.000000
vt 5.541818 -30.480000 0.000000
vt 5.541818 -20.320000 0.000000
vt 5.541818 -10.160000 0.000000
vt 5.541818 0.000000 0.000000
vt 5.541818 10.160000 0.000000
vt 16.625455 -30.480000 0.000000
vt 16.625455 -20.320000 0.000000
vt 16.625455 -10.160000 0.000000
vt 16.625455 0.000000 0.000000
vt 16.625455 10.160000 0.000000
vt 27.709091 -30.480000 0.000000
vt 27.709091 -20.320000 0.000000
vt 27.709091 -10.160000 0.000000
vt 27.709091 0.000000 0.000000
vt 27.709091 10.160000 0.000000
vt 38.792727 -30.480000 0.000000
vt 38.792727 -20.320000 0.000000
vt 38.792727 -10.160000 0.000000
vt 38.792727 0.000000 0.000000
vt 38.792727 10.160000 0.000000
vt 49.876364 -30.480000 0.000000
vt 49.876364 -20.320000 0.000000
vt 49.876364 -10.160000 0.000000
vt 49.876364 0.000000 0.000000
vt 49.876364 10.160000 0.000000
vt 60.960000 -30.480000 0.000000
vt 60.960000 -20.320000 0.000000
vt 60.960000 -10.160000 0.000000
vt 60.960000 0.000000 0.000000
vt 60.960000 10.160000 0.000000
vt 20.320000 -60.960000 0.000000
vt 30.480000 -60.960000 0.000000
vt 20.320000 -49.876364 0.000000
vt 30.480000 -49.876364 0.000000
vt 20.320000 -38.792727 0.000000
vt 30.480000 -38.792727 0.000000
vt 20.320000 -27.709091 0.000000
vt 30.480000 -27.709091 0.000000
vt 20.320000 -16.625455 0.000000
vt 30.480000 -16.625455 0.000000
vt 20.320000 -5.541818 0.000000
vt 30.480000 -5.541818 0.000000
vt 20.320000 5.541818 0.000000
vt 30.480000 5.541818 0.000000
vt 20.320000 16.625455 0.000000
vt 30.480000 16.625455 0.000000
vt 20.320000 27.709091 0.000000
vt 30.480000 27.709091 0.000000
vt 20.320000 38.792727 0.000000
vt 30.480000 38.792727 0.000000
vt 20.320000 49.876364 0.000000
vt 30.480000 49.876364 0.000000
vt 20.320000 60.960000 0.000000
vt 30.480000 60.960000 0.000000
vt 10.160000 60.960000 0.000000
vt 10.160000 49.876364 0.000000
vt 10.160000 38.792727 0.000000
vt 10.160000 27.709091 0.000000
vt 10.160000 16.625455 0.000000
vt 10.160000 5.541818 0.000000
vt 10.160000 -5.541818 0.000000
vt 10.160000 -16.625455 0.000000
vt 10.160000 -27.709091 0.000000
vt 10.160000 -38.792727 0.000000
vt 10.160000 -49.876364 0.000000
vt 10.160000 -60.960000 0.000000
vt 0.000000 -49.876364 0.000000
vt -0.000000 -60.960000 0.000000
vt -10.160000 -49.876364 0.000000
vt -10.160000 -60.960000 0.000000
vt -20.320000 -49.876364 0.000000
vt -20.320000 -60.960000 0.000000
vt -30.480000 -49.876364 0.000000
vt -30.480000 -60.960000 0.000000
vt -0.000000 60.960000 0.000000
vt 0.000000 49.876364 0.000000
vt 0.000000 38.792727 0.000000
vt 0.000000 27.709091 0.000000
vt 0.000000 16.625455 0.000000
vt 0.000000 5.541818 0.000000
vt 0.000000 -5.541818 0.000000
vt 0.000000 -16.625455 0.000000
vt 0.000000 -27.709091 0.000000
vt 0.000000 -38.792727 0.000000
vt -10.160000 60.960000 0.000000
vt -10.160000 49.876364 0.000000
vt -10.160000 38.792727 0.000000
vt -10.160000 27.709091 0.000000
vt -10.160000 16.625455 0.000000
vt -10.160000 5.541818 0.000000
vt -10.160000 -5.541818 0.000000
vt -10.160000 -16.625455 0.000000
vt -10.160000 -27.709091 0.000000
vt -10.160000 -38.792727 0.000000
vt -20.320000 60.960000 0.000000
vt -20.320000 49.876364 0.000000
vt -20.320000 38.792727 0.000000
vt -20.320000 27.709091 0.000000
vt -20.320000 16.625455 0.000000
vt -20.320000 5.541818 0.000000
vt -20.320000 -5.541818 0.000000
vt -20.320000 -16.625455 0.000000
vt -20.320000 -27.709091 0.000000
vt -20.320000 -38.792727 0.000000
vt -30.480000 60.960000 0.000000
vt -30.480000 49.876364 0.000000
vt -30.480000 38.792727 0.000000
vt -30.480000 27.709091 0.000000
vt -30.480000 16.625455 0.000000
vt -30.480000 5.541818 0.000000
vt -30.480000 -5.541818 0.000000
vt -30.480000 -16.625455 0.000000
vt -30.480000 -27.709091 0.000000
vt -30.480000 -38.792727 0.000000
vn 0.000000 -1.000000 0.000000
vn 0.000000 -1.000000 0.000000
vn 0.000000 -1.000000 0.000000
vn 0.000000 -1.000000 0.000000
vn 0.000000 -1.000000 0.000000
vn 0.000000 -1.000000 0.000000
vn 0.000000 -1.000000 0.000000
vn 0.000000 -1.000000 0.000000
vn 0.000000 -1.000000 0.000000
vn 0.000000 -1.000000 0.000000
vn 0.000000 -1.000000 0.000000
vn 0.000000 -1.000000 0.000000
vn 0.000000 -1.000000 0.000000
vn 0.000000 -1.000000 0.000000
vn 1.000000 0.000000 0.000000
vn 1.000000 0.000000 0.000000
vn 1.000000 0.000000 0.000000
vn 1.000000 0.000000 0.000000
vn 1.000000 0.000000 0.000000
vn 1.000000 0.000000 0.000000
vn 1.000000 0.000000 0.000000
vn 1.000000 0.000000 0.000000
vn 1.000000 0.000000 0.000000
vn 1.000000 0.000000 0.000000
vn 1.000000 0.000000 0.000000
vn 1.000000 0.000000 0.000000
vn 1.000000 0.000000 0.000000
vn 1.000000 0.000000 0.000000
vn 1.000000 0.000000 0.000000
vn 1.000000 0.000000 0.000000
vn 1.000000 0.000000 0.000000
vn 1.000000 0.000000 0.000000
vn 1.000000 0.000000 0.000000
vn 1.000000 0.000000 0.000000
vn 1.000000 0.000000 0.000000
vn 1.000000 0.000000 0.000000
vn 1.000000 0.000000 0.000000
vn 1.000000 0.000000 0.000000
vn -0.000000 1.000000 -0.000000
vn -0.000000 1.000000 -0.000000
vn -0.000000 1.000000 -0.000000
vn -0.000000 1.000000 -0.000000
vn -0.000000 1.000000 -0.000000
vn -0.000000 1.000000 -0.000000
vn -0.000000 1.000000 -0.000000
vn -0.000000 1.000000 -0.000000
vn -0.000000 1.000000 -0.000000
vn -0.000000 1.000000 -0.000000
vn -0.000000 1.000000 -0.000000
vn -0.000000 1.000000 -0.000000
vn -0.000000 1.000000 -0.000000
vn -0.000000 1.000000 -0.000000
vn -1.000000 -0.000000 -0.000000
vn -1.000000 -0.000000 -0.000000
vn -1.000000 -0.000000 -0.000000
vn -1.000000 -0.000000 -0.000000
vn -1.000000 -0.000000 -0.000000
vn -1.000000 -0.000000 -0.000000
vn -1.000000 -0.000000 -0.000000
vn -1.000000 -0.000000 -0.000000
vn -1.000000 -0.000000 -0.000000
vn -1.000000 -0.000000 -0.000000
vn -1.000000 -0.000000 -0.000000
vn -1.000000 -0.000000 -0.000000
vn -1.000000 -0.000000 -0.000000
vn -1.000000 -0.000000 -0.000000
vn -1.000000 -0.000000 -0.000000
vn -1.000000 -0.000000 -0.000000
vn -1.000000 -0.000000 -0.000000
vn -1.000000 -0.000000 -0.000000
vn -1.000000 -0.000000 -0.000000
vn -1.000000 -0.000000 -0.000000
vn -1.000000 -0.000000 -0.000000
vn -1.000000 -0.000000 -0.000000
vn -1.000000 -0.000000 -0.000000
vn -1.000000 -0.000000 -0.000000
vn 0.000000 -0.000000 -1.000000
vn 0.000000 -0.000000 -1.000000
vn 0.000000 -0.000000 -1.000000
vn 0.000000 -0.000000 -1.000000
vn 0.000000 -0.000000 -1.000000
vn 0.000000 -0.000000 -1.000000
vn 0.000000 -0.000000 -1.000000
vn 0.000000 -0.000000 -1.000000
vn 0.000000 -0.000000 -1.000000
vn 0.000000 -0.000000 -1.000000
vn 0.000000 -0.000000 -1.000000
vn 0.000000 -0.000000 -1.000000
vn 0.000000 -0.000000 -1.000000
vn 0.000000 -0.000000 -1.000000
vn 0.000000 -0.000000 -1.000000
vn 0.000000 -0.000000 -1.000000
vn 0.000000 -0.000000 -1.000000
vn 0.000000 -0.000000 -1.000000
vn 0.000000 -0.000000 -1.000000
vn 0.000000 -0.000000 -1.000000
vn 0.000000 -0.000000 -1.000000
vn 0.000000 -0.000000 -1.000000
vn 0.000000 -0.000000 -1.000000
vn 0.000000 -0.000000 -1.000000
vn 0.000000 -0.000000 -1.000000
vn 0.000000 -0.000000 -1.000000
vn 0.000000 -0.000000 -1.000000
vn 0.000000 -0.000000 -1.000000
vn 0.000000 -0.000000 -1.000000
vn 0.000000 -0.000000 -1.000000
vn 0.000000 -0.000000 -1.000000
vn 0.000000 -0.000000 -1.000000
vn 0.000000 -0.000000 -1.000000
vn 0.000000 -0.000000 -1.000000
vn 0.000000 -0.000000 -1.000000
vn 0.000000 -0.000000 -1.000000
vn 0.000000 -0.000000 -1.000000
vn 0.000000 -0.000000 -1.000000
vn 0.000000 -0.000000 -1.000000
vn 0.000000 -0.000000 -1.000000
vn 0.000000 -0.000000 -1.000000
vn 0.000000 -0.000000 -1.000000
vn 0.000000 -0.000000 -1.000000
vn 0.000000 -0.000000 -1.000000
vn 0.000000 -0.000000 -1.000000
vn 0.000000 -0.000000 -1.000000
vn 0.000000 -0.000000 -1.000000
vn 0.000000 -0.000000 -1.000000
vn 0.000000 -0.000000 -1.000000
vn 0.000000 -0.000000 -1.000000
vn 0.000000 -0.000000 -1.000000
vn 0.000000 -0.000000 -1.000000
vn 0.000000 -0.000000 -1.000000
vn 0.000000 -0.000000 -1.000000
vn 0.000000 -0.000000 -1.000000
vn 0.000000 -0.000000 -1.000000
vn 0.000000 -0.000000 -1.000000
vn 0.000000 -0.000000 -1.000000
vn 0.000000 -0.000000 -1.000000
vn 0.000000 -0.000000 -1.000000
vn 0.000000 -0.000000 -1.000000
vn 0.000000 -0.000000 -1.000000
vn 0.000000 -0.000000 -1.000000
vn 0.000000 -0.000000 -1.000000
vn 0.000000 -0.000000 -1.000000
vn 0.000000 -0.000000 -1.000000
vn 0.000000 -0.000000 -1.000000
vn 0.000000 -0.000000 -1.000000
vn 0.000000 -0.000000 -1.000000
vn 0.000000 -0.000000 -1.000000
vn 0.000000 -0.000000 -1.000000
vn 0.000000 -0.000000 -1.000000
vn 0.000000 -0.000000 -1.000000
vn 0.000000 -0.000000 -1.000000
vn 0.000000 -0.000000 -1.000000
vn 0.000000 -0.000000 -1.000000
vn 0.000000 -0.000000 -1.000000
vn 0.000000 -0.000000 -1.000000
vn 0.000000 -0.000000 -1.000000
vn 0.000000 -0.000000 -1.000000
vn 0.000000 -0.000000 -1.000000
vn 0.000000 -0.000000 -1.000000
vn 0.000000 -0.000000 -1.000000
vn 0.000000 -0.000000 -1.000000
vn -0.000000 0.000000 1.000000
vn -0.000000 0.000000 1.000000
vn -0.000000 0.000000 1.000000
vn -0.000000 0.000000 1.000000
vn -0.000000 0.000000 1.000000
vn -0.000000 0.000000 1.000000
vn -0.000000 0.000000 1.000000
vn -0.000000 0.000000 1.000000
vn -0.000000 0.000000 1.000000
vn -0.000000 0.000000 1.000000
vn -0.000000 0.000000 1.000000
vn -0.000000 0.000000 1.000000
vn -0.000000 0.000000 1.000000
vn -0.000000 0.000000 1.000000
vn -0.000000 0.000000 1.000000
vn -0.000000 0.000000 1.000000
vn -0.000000 0.000000 1.000000
vn -0.000000 0.000000 1.000000
vn -0.000000 0.000000 1.000000
vn -0.000000 0.000000 1.000000
vn -0.000000 0.000000 1.000000
vn -0.000000 0.000000 1.000000
vn -0.000000 0.000000 1.000000
vn -0.000000 0.000000 1.000000
vn -0.000000 0.000000 1.000000
vn -0.000000 0.000000 1.000000
vn -0.000000 0.000000 1.000000
vn -0.000000 0.000000 1.000000
vn -0.000000 0.000000 1.000000
vn -0.000000 0.000000 1.000000
vn -0.000000 0.000000 1.000000
vn -0.000000 0.000000 1.000000
vn -0.000000 0.000000 1.000000
vn -0.000000 0.000000 1.000000
vn -0.000000 0.000000 1.000000
vn -0.000000 0.000000 1.000000
vn -0.000000 0.000000 1.000000
vn -0.000000 0.000000 1.000000
vn -0.000000 0.000000 1.000000
vn -0.000000 0.000000 1.000000
vn -0.000000 0.000000 1.000000
vn -0.000000 0.000000 1.000000
vn -0.000000 0.000000 1.000000
vn -0.000000 0.000000 1.000000
vn -0.000000 0.000000 1.000000
vn -0.000000 0.000000 1.000000
vn -0.000000 0.000000 1.000000
vn -0.000000 0.000000 1.000000
vn -0.000000 0.000000 1.000000
vn -0.000000 0.000000 1.000000
vn -0.000000 0.000000 1.000000
vn -0.000000 0.000000 1.000000
vn -0.000000 0.000000 1.000000
vn -0.000000 0.000000 1.000000
vn -0.000000 0.000000 1.000000
vn -0.000000 0.000000 1.000000
vn -0.000000 0.000000 1.000000
vn -0.000000 0.000000 1.000000
vn -0.000000 0.000000 1.000000
vn -0.000000 0.000000 1.000000
vn -0.000000 0.000000 1.000000
vn -0.000000 0.000000 1.000000
vn -0.000000 0.000000 1.000000
vn -0.000000 0.000000 1.000000
vn -0.000000 0.000000 1.000000
vn -0.000000 0.000000 1.000000
vn -0.000000 0.000000 1.000000
vn -0.000000 0.000000 1.000000
vn -0.000000 0.000000 1.000000
vn -0.000000 0.000000 1.000000
vn -0.000000 0.000000 1.000000
vn -0.000000 0.000000 1.000000
vn -0.000000 0.000000 1.000000
vn -0.000000 0.000000 1.000000
vn -0.000000 0.000000 1.000000
vn -0.000000 0.000000 1.000000
vn -0.000000 0.000000 1.000000
vn -0.000000 0.000000 1.000000
vn -0.000000 0.000000 1.000000
vn -0.000000 0.000000 1.000000
vn -0.000000 0.000000 1.000000
vn -0.000000 0.000000 1.000000
vn -0.000000 0.000000 1.000000
vn -0.000000 0.000000 1.000000
f 257/561/561 258/562/562 270/563/563
f 270/563/563 258/562/562 269/564/564
f 269/564/564 258/562/562 259/565/565
f 269/564/564 259/565/565 268/566/566
f 268/566/566 259/565/565 260/567/567
f 268/566/566 260/567/567 267/568/568
f 267/568/568 260/567/567 261/569/569
f 267/568/568 261/569/569 266/570/570
f 266/570/570 261/569/569 262/571/571
f 266/570/570 262/571/571 265/572/572
f 265/572/572 262/571/571 263/573/573
f 265/572/572 263/573/573 264/574/574
f 271/575/575 272/576/576 292/577/577
f 292/577/577 272/576/576 291/578/578
f 291/578/578 272/576/576 273/579/579
f 291/578/578 273/579/579 290/580/580
f 290/580/580 273/579/579 274/581/581
f 290/580/580 274/581/581 289/582/582
f 289/582/582 274/581/581 275/583/583
f 289/582/582 275/583/583 288/584/584
f 288/584/584 275/583/583 276/585/585
f 288/584/584 276/585/585 287/586/586
f 287/586/586 276/585/585 277/587/587
f 287/586/586 277/587/587 286/588/588
f 286/588/588 277/587/587 278/589/589
f 286/588/588 278/589/589 285/590/590
f 285/590/590 278/589/589 279/591/591
f 285/590/590 279/591/591 284/592/592
f 284/592/592 279/591/591 280/593/593
f 284/592/592 280/593/593 283/594/594
f 283/594/594 280/593/593 281/595/595
f 283/594/594 281/595/595 282/596/596
f 282/596/596 281/595/595 257/597/597
f 282/596/596 257/597/597 270/598/598
f 293/599/599 294/600/600 304/601/601
f 304/601/601 294/600/600 303/602/602
f 303/602/602 294/600/600 295/603/603
f 303/602/602 295/603/603 302/604/604
f 302/604/604 295/603/603 296/605/605
f 302/604/604 296/605/605 301/606/606
f 301/606/606 296/605/605 297/607/607
f 301/606/606 297/607/607 300/608/608
f 300/608/608 297/607/607 298/609/609
f 300/608/608 298/609/609 299/610/610
f 299/610/610 298/609/609 271/611/611
f 299/610/610 271/611/611 292/612/612
f 263/613/613 305/614/614 264/615/615
f 264/615/615 305/614/614 324/616/616
f 324/616/616 305/614/614 306/617/617
f 324/616/616 306/617/617 323/618/618
f 323/618/618 306/617/617 307/619/619
f 323/618/618 307/619/619 322/620/620
f 322/620/620 307/619/619 308/621/621
f 322/620/620 308/621/621 321/622/622
f 321/622/622 308/621/621 309/623/623
f 321/622/622 309/623/623 320/624/624
f 320/624/624 309/623/623 310/625/625
f 320/624/624 310/625/625 319/626/626
f 319/626/626 310/625/625 311/627/627
f 319/626/626 311/627/627 318/628/628
f 318/628/628 311/627/627 312/629/629
f 318/628/628 312/629/629 317/630/630
f 317/630/630 312/629/629 313/631/631
f 317/630/630 313/631/631 316/632/632
f 316/632/632 313/631/631 314/633/633
f 316/632/632 314/633/633 315/634/634
f 315/634/634 314/633/633 293/635/635
f 315/634/634 293/635/635 304/636/636
f 264/637/637 324/638/638 265/639/639
f 265/639/639 324/638/638 334/640/640
f 265/639/639 334/640/640 266/641/641
f 266/641/641 334/640/640 344/642/642
f 266/641/641 344/642/642 267/643/643
f 267/643/643 344/642/642 354/644/644
f 267/643/643 354/644/644 268/645/645
f 268/645/645 354/644/644 364/646/646
f 268/645/645 364/646/646 269/647/647
f 269/647/647 364/646/646 374/648/648
f 269/647/647 374/648/648 270/649/649
f 270/649/649 374/648/648 282/650/650
f 282/650/650 374/648/648 373/651/651
f 282/650/650 373/651/651 283/652/652
f 283/652/652 373/651/651 372/653/653
f 283/652/652 372/653/653 284/654/654
f 284/654/654 372/653/653 371/655/655
f 284/654/654 371/655/655 285/656/656
f 285/656/656 371/655/655 370/657/657
f 285/656/656 370/657/657 286/658/658
f 286/658/658 370/657/657 369/659/659
f 286/658/658 369/659/659 287/660/660
f 287/660/660 369/659/659 368/661/661
f 287/660/660 368/661/661 288/662/662
f 288/662/662 368/661/661 367/663/663
f 288/662/662 367/663/663 289/664/664
f 289/664/664 367/663/663 366/665/665
f 289/664/664 366/665/665 290/666/666
f 290/666/666 366/665/665 365/667/667
f 290/666/666 365/667/667 291/668/668
f 291/668/668 365/667/667 299/669/669
f 291/668/668 299/669/669 292/670/670
f 324/638/638 323/671/671 334/640/640
f 334/640/640 323/671/671 333/672/672
f 334/640/640 333/672/672 344/642/642
f 344/642/642 333/672/672 343/673/673
f 344/642/642 343/673/673 354/644/644
f 354/644/644 343/673/673 353/674/674
f 354/644/644 353/674/674 364/646/646
f 364/646/646 353/674/674 363/675/675
f 364/646/646 363/675/675 374/648/648
f 374/648/648 363/675/675 373/651/651
f 323/671/671 322/676/676 333/672/672
f 333/672/672 322/676/676 332/677/677
f 333/672/672 332/677/677 343/673/673
f 343/673/673 332/677/677 342/678/678
f 343/673/673 342/678/678 353/674/674
f 353/674/674 342/678/678 352/679/679
f 353/674/674 352/679/679 363/675/675
f 363/675/675 352/679/679 362/680/680
f 363/675/675 362/680/680 373/651/651
f 373/651/651 362/680/680 372/653/653
f 322/676/676 321/681/681 332/677/677
f 332/677/677 321/681/681 331/682/682
f 332/677/677 331/682/682 342/678/678
f 342/678/678 331/682/682 341/683/683
f 342/678/678 341/683/683 352/679/679
f 352/679/679 341/683/683 351/684/684
f 352/679/679 351/684/684 362/680/680
f 362/680/680 351/684/684 361/685/685
f 362/680/680 361/685/685 372/653/653
f 372/653/653 361/685/685 371/655/655
f 321/681/681 320/686/686 331/682/682
f 331/682/682 320/686/686 330/687/687
f 331/682/682 330/687/687 341/683/683
f 341/683/683 330/687/687 340/688/688
f 341/683/683 340/688/688 351/684/684
f 351/684/684 340/688/688 350/689/689
f 351/684/684 350/689/689 361/685/685
f 361/685/685 350/689/689 360/690/690
f 361/685/685 360/690/690 371/655/655
f 371/655/655 360/690/690 370/657/657
f 320/686/686 319/691/691 330/687/687
f 330/687/687 319/691/691 329/692/692
f 330/687/687 329/692/692 340/688/688
f 340/688/688 329/692/692 339/693/693
f 340/688/688 339/693/693 350/689/689
f 350/689/689 339/693/693 349/694/694
f 350/689/689 349/694/694 360/690/690
f 360/690/690 349/694/694 359/695/695
f 360/690/690 359/695/695 370/657/657
f 370/657/657 359/695/695 369/659/659
f 319/691/691 318/696/696 329/692/692
f 329/692/692 318/696/696 328/697/697
f 329/692/692 328/697/697 339/693/693
f 339/693/693 328/697/697 338/698/698
f 339/693/693 338/698/698 349/694/694
f 349/694/694 338/698/698 348/699/699
f 349/694/694 348/699/699 359/695/695
f 359/695/695 348/699/699 358/700/700
f 359/695/695 358/700/700 369/659/659
f 369/659/659 358/700/700 368/661/661
f 318/696/696 317/701/701 328/697/697
f 328/697/697 317/701/701 327/702/702
f 328/697/697 327/702/702 338/698/698
f 338/698/698 327/702/702 337/703/703
f 338/698/698 337/703/703 348/699/699
f 348/699/699 337/703/703 347/704/704
f 348/699/699 347/704/704 358/700/700
f 358/700/700 347/704/704 357/705/705
f 358/700/700 357/705/705 368/661/661
f 368/661/661 357/705/705 367/663/663
f 317/701/701 316/706/706 327/702/702
f 327/702/702 316/706/706 326/707/707
f 327/702/702 326/707/707 337/703/703
f 337/703/703 326/707/707 336/708/708
f 337/703/703 336/708/708 347/704/704
f 347/704/704 336/708/708 346/709/709
f 347/704/704 346/709/709 357/705/705
f 357/705/705 346/709/709 356/710/710
f 357/705/705 356/710/710 367/663/663
f 367/663/663 356/710/710 366/665/665
f 316/706/706 315/711/711 326/707/707
f 326/707/707 315/711/711 325/712/712
f 326/707/707 325/712/712 336/708/708
f 336/708/708 325/712/712 335/713/713
f 336/708/708 335/713/713 346/709/709
f 346/709/709 335/713/713 345/714/714
f 346/709/709 345/714/714 356/710/710
f 356/710/710 345/714/714 355/715/715
f 356/710/710 355/715/715 366/665/665
f 366/665/665 355/715/715 365/667/667
f 315/711/711 304/716/716 325/712/712
f 325/712/712 304/716/716 303/717/717
f 325/712/712 303/717/717 335/713/713
f 335/713/713 303/717/717 302/718/718
f 335/713/713 302/718/718 345/714/714
f 345/714/714 302/718/718 301/719/719
f 345/714/714 301/719/719 355/715/715
f 355/715/715 301/719/719 300/720/720
f 355/715/715 300/720/720 365/667/667
f 365/667/667 300/720/720 299/669/669
f 294/721/721 293/722/722 375/723/723
f 375/723/723 293/722/722 314/724/724
f 375/723/723 314/724/724 380/725/725
f 380/725/725 314/724/724 313/726/726
f 380/725/725 313/726/726 385/727/727
f 385/727/727 313/726/726 312/728/728
f 385/727/727 312/728/728 390/729/729
f 390/729/729 312/728/728 311/730/730
f 390/729/729 311/730/730 395/731/731
f 395/731/731 311/730/730 310/732/732
f 395/731/731 310/732/732 400/733/733
f 400/733/733 310/732/732 309/734/734
f 400/733/733 309/734/734 405/735/735
f 405/735/735 309/734/734 308/736/736
f 405/735/735 308/736/736 410/737/737
f 410/737/737 308/736/736 307/738/738
f 410/737/737 307/738/738 415/739/739
f 415/739/739 307/738/738 306/740/740
f 415/739/739 306/740/740 420/741/741
f 420/741/741 306/740/740 305/742/742
f 420/741/741 305/742/742 262/743/743
f 262/743/743 305/742/742 263/744/744
f 262/743/743 261/745/745 420/741/741
f 420/741/741 261/745/745 421/746/746
f 420/741/741 421/746/746 415/739/739
f 415/739/739 421/746/746 416/747/747
f 415/739/739 416/747/747 410/737/737
f 410/737/737 416/747/747 411/748/748
f 410/737/737 411/748/748 405/735/735
f 405/735/735 411/748/748 406/749/749
f 405/735/735 406/749/749 400/733/733
f 400/733/733 406/749/749 401/750/750
f 400/733/733 401/750/750 395/731/731
f 395/731/731 401/750/750 396/751/751
f 395/731/731 396/751/751 390/729/729
f 390/729/729 396/751/751 391/752/752
f 390/729/729 391/752/752 385/727/727
f 385/727/727 391/752/752 386/753/753
f 385/727/727 386/753/753 380/725/725
f 380/725/725 386/753/753 381/754/754
f 380/725/725 381/754/754 375/723/723
f 375/723/723 381/754/754 376/755/755
f 375/723/723 376/755/755 294/721/721
f 294/721/721 376/755/755 295/756/756
f 295/756/756 376/755/755 377/757/757
f 295/756/756 377/757/757 296/758/758
f 296/758/758 377/757/757 378/759/759
f 296/758/758 378/759/759 297/760/760
f 297/760/760 378/759/759 379/761/761
f 297/760/760 379/761/761 298/762/762
f 298/762/762 379/761/761 272/763/763
f 298/762/762 272/763/763 271/764/764
f 261/745/745 260/765/765 421/746/746
f 421/746/746 260/765/765 422/766/766
f 421/746/746 422/766/766 416/747/747
f 416/747/747 422/766/766 417/767/767
f 416/747/747 417/767/767 411/748/748
f 411/748/748 417/767/767 412/768/768
f 411/748/748 412/768/768 406/749/749
f 406/749/749 412/768/768 407/769/769
f 406/749/749 407/769/769 401/750/750
f 401/750/750 407/769/769 402/770/770
f 401/750/750 402/770/770 396/751/751
f 396/751/751 402/770/770 397/771/771
f 396/751/751 397/771/771 391/752/752
f 391/752/752 397/771/771 392/772/772
f 391/752/752 392/772/772 386/753/753
f 386/753/753 392/772/772 387/773/773
f 386/753/753 387/773/773 381/754/754
f 381/754/754 387/773/773 382/774/774
f 381/754/754 382/774/774 376/755/755
f 376/755/755 382/774/774 377/757/757
f 260/765/765 259/775/775 422/766/766
f 422/766/766 259/775/775 423/776/776
f 422/766/766 423/776/776 417/767/767
f 417/767/767 423/776/776 418/777/777
f 417/767/767 418/777/777 412/768/768
f 412/768/768 418/777/777 413/778/778
f 412/768/768 413/778/778 407/769/769
f 407/769/769 413/778/778 408/779/779
f 407/769/769 408/779/779 402/770/770
f 402/770/770 408/779/779 403/780/780
f 402/770/770 403/780/780 397/771/771
f 397/771/771 403/780/780 398/781/781
f 397/771/771 398/781/781 392/772/772
f 392/772/772 398/781/781 393/782/782
f 392/772/772 393/782/782 387/773/773
f 387/773/773 393/782/782 388/783/783
f 387/773/773 388/783/783 382/774/774
f 382/774/774 388/783/783 383/784/784
f 382/774/774 383/784/784 377/757/757
f 377/757/757 383/784/784 378/759/759
f 259/775/775 258/785/785 423/776/776
f 423/776/776 258/785/785 424/786/786
f 423/776/776 424/786/786 418/777/777
f 418/777/777 424/786/786 419/787/787
f 418/777/777 419/787/787 413/778/778
f 413/778/778 419/787/787 414/788/788
f 413/778/778 414/788/788 408/779/779
f 408/779/779 414/788/788 409/789/789
f 408/779/779 409/789/789 403/780/780
f 403/780/780 409/789/789 404/790/790
f 403/780/780 404/790/790 398/781/781
f 398/781/781 404/790/790 399/791/791
f 398/781/781 399/791/791 393/782/782
f 393/782/782 399/791/791 394/792/792
f 393/782/782 394/792/792 388/783/783
f 388/783/783 394/792/792 389/793/793
f 388/783/783 389/793/793 383/784/784
f 383/784/784 389/793/793 384/794/794
f 383/784/784 384/794/794 378/759/759
f 378/759/759 384/794/794 379/761/761
f 258/785/785 257/795/795 424/786/786
f 424/786/786 257/795/795 281/796/796
f 424/786/786 281/796/796 419/787/787
f 419/787/787 281/796/796 280/797/797
f 419/787/787 280/797/797 414/788/788
f 414/788/788 280/797/797 279/798/798
f 414/788/788 279/798/798 409/789/789
f 409/789/789 279/798/798 278/799/799
f 409/789/789 278/799/799 404/790/790
f 404/790/790 278/799/799 277/800/800
f 404/790/790 277/800/800 399/791/791
f 399/791/791 277/800/800 276/801/801
f 399/791/791 276/801/801 394/792/792
f 394/792/792 276/801/801 275/802/802
f 394/792/792 275/802/802 389/793/793
f 389/793/793 275/802/802 274/803/803
f 389/793/793 274/803/803 384/794/794
f 384/794/794 274/803/803 273/804/804
f 384/794/794 273/804/804 379/761/761
f 379/761/761 273/804/804 272/763/763
g Body1:7

v 74.000000 0.000000 -104.000000
v 74.000000 0.000000 -106.000000
v 74.000000 10.909091 -106.000000
v 74.000000 21.818182 -106.000000
v 74.000000 32.727273 -106.000000
v 74.000000 43.636364 -106.000000
v 74.000000 54.545455 -106.000000
v 74.000000 65.454545 -106.000000
v 74.000000 76.363636 -106.000000
v 74.000000 87.272727 -106.000000
v 74.000000 98.181818 -106.000000
v 74.000000 109.090909 -106.000000
v 74.000000 120.000000 -106.000000
v 74.000000 120.000000 -104.000000
v 74.000000 109.090909 -104.000000
v 74.000000 98.181818 -104.000000
v 74.000000 87.272727 -104.000000
v 74.000000 76.363636 -104.000000
v 74.000000 65.454545 -104.000000
v 74.000000 54.545455 -104.000000
v 74.000000 43.636364 -104.000000
v 74.000000 32.727273 -104.000000
v 74.000000 21.818182 -104.000000
v 74.000000 10.909091 -104.000000
v 72.000000 0.000000 -104.000000
v 72.000000 120.000000 -104.000000
v 72.000000 109.090909 -104.000000
v 72.000000 98.181818 -104.000000
v 72.000000 87.272727 -104.000000
v 72.000000 76.363636 -104.000000
v 72.000000 65.454545 -104.000000
v 72.000000 54.545455 -104.000000
v 72.000000 43.636364 -104.000000
v 72.000000 32.727273 -104.000000
v 72.000000 21.818182 -104.000000
v 72.000000 10.909091 -104.000000
v 72.000000 0.000000 -106.000000
v 72.000000 120.000000 -106.000000
v 72.000000 109.090909 -106.000000
v 72.000000 98.181818 -106.000000
v 72.000000 87.272727 -106.000000
v 72.000000 76.363636 -106.000000
v 72.000000 65.454545 -106.000000
v 72.000000 54.545455 -106.000000
v 72.000000 43.636364 -106.000000
v 72.000000 32.727273 -106.000000
v 72.000000 21.818182 -106.000000
v 72.000000 10.909091 -106.000000
vt 0.000000 0.000000 0.000000
vt 2.000000 0.000000 0.000000
vt 0.000000 10.909091 0.000000
vt 2.000000 10.909091 0.000000
vt 0.000000 21.818182 0.000000
vt 2.000000 21.818182 0.000000
vt 0.000000 32.727273 0.000000
vt 2.000000 32.727273 0.000000
vt 0.000000 43.636364 0.000000
vt 2.000000 43.636364 0.000000
vt 0.000000 54.545455 0.000000
vt 2.000000 54.545455 0.000000
vt 0.000000 65.454545 0.000000
vt 2.000000 65.454545 0.000000
vt 0.000000 76.363636 0.000000
vt 2.000000 76.363636 0.000000
vt 0.000000 87.272727 0.000000
vt 2.000000 87.272727 0.000000
vt 0.000000 98.181818 0.000000
vt 2.000000 98.181818 0.000000
vt 0.000000 109.090909 0.000000
vt 2.000000 109.090909 0.000000
vt 0.000000 120.000000 0.000000
vt 2.000000 120.000000 0.000000
vt -0.000000 0.000000 0.000000
vt 2.000000 0.000000 0.000000
vt -0.000000 10.909091 0.000000
vt 2.000000 10.909091 0.000000
vt -0.000000 21.818182 0.000000
vt 2.000000 21.818182 0.000000
vt -0.000000 32.727273 0.000000
vt 2.000000 32.727273 0.000000
vt -0.000000 43.636364 0.000000
vt 2.000000 43.636364 0.000000
vt -0.000000 54.545455 0.000000
vt 2.000000 54.545455 0.000000
vt -0.000000 65.454545 0.000000
vt 2.000000 65.454545 0.000000
vt -0.000000 76.363636 0.000000
vt 2.000000 76.363636 0.000000
vt -0.000000 87.272727 0.000000
vt 2.000000 87.272727 0.000000
vt -0.000000 98.181818 0.000000
vt 2.000000 98.181818 0.000000
vt -0.000000 109.090909 0.000000
vt 2.000000 109.090909 0.000000
vt -0.000000 120.000000 0.000000
vt 2.000000 120.000000 0.000000
vt -0.000000 0.000000 0.000000
vt 2.000000 0.000000 0.000000
vt -0.000000 10.909091 0.000000
vt 2.000000 10.909091 0.000000
vt -0.000000 21.818182 0.000000
vt 2.000000 21.818182 0.000000
vt -0.000000 32.727273 0.000000
vt 2.000000 32.727273 0.000000
vt -0.000000 43.636364 0.000000
vt 2.000000 43.636364 0.000000
vt -0.000000 54.545455 0.000000
vt 2.000000 54.545455 0.000000
vt -0.000000 65.454545 0.000000
vt 2.000000 65.454545 0.000000
vt -0.000000 76.363636 0.000000
vt 2.000000 76.363636 0.000000
vt -0.000000 87.272727 0.000000
vt 2.000000 87.272727 0.000000
vt -0.000000 98.181818 0.000000
vt 2.000000 98.181818 0.000000
vt -0.000000 109.090909 0.000000
vt 2.000000 109.090909 0.000000
vt -0.000000 120.000000 0.000000
vt 2.000000 120.000000 0.000000
vt -0.000000 0.000000 0.000000
vt 2.000000 0.000000 0.000000
vt -0.000000 10.909091 0.000000
vt 2.000000 10.909091 0.000000
vt -0.000000 21.818182 0.000000
vt 2.000000 21.818182 0.000000
vt -0.000000 32.727273 0.000000
vt 2.000000 32.727273 0.000000
vt -0.000000 43.636364 0.000000
vt 2.000000 43.636364 0.000000
vt -0.000000 54.545455 0.000000
vt 2.000000 54.545455 0.000000
vt -0.000000 65.454545 0.000000
vt 2.000000 65.454545 0.000000
vt -0.000000 76.363636 0.000000
vt 2.000000 76.363636 0.000000
vt -0.000000 87.272727 0.000000
vt 2.000000 87.272727 0.000000
vt -0.000000 98.181818 0.000000
vt 2.000000 98.181818 0.000000
vt -0.000000 109.090909 0.000000
vt 2.000000 109.090909 0.000000
vt 0.000000 120.000000 0.000000
vt 2.000000 120.000000 0.000000
vt 1.000000 1.000000 0.000000
vt -1.000000 1.000000 0.000000
vt 1.000000 -1.000000 0.000000
vt -1.000000 -1.000000 0.000000
vt -1.000000 -1.000000 0.000000
vt 1.000000 -1.000000 0.000000
vt -1.000000 1.000000 0.000000
vt 1.000000 1.000000 0.000000
vn 1.000000 0.000000 -0.000000
vn 1.000000 0.000000 -0.000000
vn 1.000000 0.000000 -0.000000
vn 1.000000 0.000000 -0.000000
vn 1.000000 0.000000 -0.000000
vn 1.000000 0.000000 -0.000000
vn 1.000000 0.000000 -0.000000
vn 1.000000 0.000000 -0.000000
vn 1.000000 0.000000 -0.000000
vn 1.000000 0.000000 -0.000000
vn 1.000000 0.000000 -0.000000
vn 1.000000 0.000000 -0.000000
vn 1.000000 0.000000 -0.000000
vn 1.000000 0.000000 -0.000000
vn 1.000000 0.000000 -0.000000
vn 1.000000 0.000000 -0.000000
vn 1.000000 0.000000 -0.000000
vn 1.000000 0.000000 -0.000000
vn 1.000000 0.000000 -0.000000
vn 1.000000 0.000000 -0.000000
vn 1.000000 0.000000 -0.000000
vn 1.000000 0.000000 -0.000000
vn 1.000000 0.000000 -0.000000
vn 1.000000 0.000000 -0.000000
vn 0.000000 0.000000 1.000000
vn 0.000000 0.000000 1.000000
vn 0.000000 0.000000 1.000000
vn 0.000000 0.000000 1.000000
vn 0.000000 0.000000 1.000000
vn 0.000000 0.000000 1.000000
vn 0.000000 0.000000 1.000000
vn 0.000000 0.000000 1.000000
vn 0.000000 0.000000 1.000000
vn 0.000000 0.000000 1.000000
vn 0.000000 0.000000 1.000000
vn 0.000000 0.000000 1.000000
vn 0.000000 0.000000 1.000000
vn 0.000000 0.000000 1.000000
vn 0.000000 0.000000 1.000000
vn 0.000000 0.000000 1.000000
vn 0.000000 0.000000 1.000000
vn 0.000000 0.000000 1.000000
vn 0.000000 0.000000 1.000000
vn 0.000000 0.000000 1.000000
vn 0.000000 0.000000 1.000000
vn 0.000000 0.000000 1.000000
vn 0.000000 0.000000 1.000000
vn 0.000000 0.000000 1.000000
vn -1.000000 -0.000000 0.000000
vn -1.000000 -0.000000 0.000000
vn -1.000000 -0.000000 0.000000
vn -1.000000 -0.000000 0.000000
vn -1.000000 -0.000000 0.000000
vn -1.000000 -0.000000 0.000000
vn -1.000000 -0.000000 0.000000
vn -1.000000 -0.000000 0.000000
vn -1.000000 -0.000000 0.000000
vn -1.000000 -0.000000 0.000000
vn -1.000000 -0.000000 0.000000
vn -1.000000 -0.000000 0.000000
vn -1.000000 -0.000000 0.000000
vn -1.000000 -0.000000 0.000000
vn -1.000000 -0.000000 0.000000
vn -1.000000 -0.000000 0.000000
vn -1.000000 -0.000000 0.000000
vn -1.000000 -0.000000 0.000000
vn -1.000000 -0.000000 0.000000
vn -1.000000 -0.000000 0.000000
vn -1.000000 -0.000000 0.000000
vn -1.000000 -0.000000 0.000000
vn -1.000000 -0.000000 0.000000
vn -1.000000 -0.000000 0.000000
vn -0.000000 -0.000000 -1.000000
vn -0.000000 -0.000000 -1.000000
vn -0.000000 -0.000000 -1.000000
vn -0.000000 -0.000000 -1.000000
vn -0.000000 -0.000000 -1.000000
vn -0.000000 -0.000000 -1.000000
vn -0.000000 -0.000000 -1.000000
vn -0.000000 -0.000000 -1.000000
vn -0.000000 -0.000000 -1.000000
vn -0.000000 -0.000000 -1.000000
vn -0.000000 -0.000000 -1.000000
vn -0.000000 -0.000000 -1.000000
vn -0.000000 -0.000000 -1.000000
vn -0.000000 -0.000000 -1.000000
vn -0.000000 -0.000000 -1.000000
vn -0.000000 -0.000000 -1.000000
vn -0.000000 -0.000000 -1.000000
vn -0.000000 -0.000000 -1.000000
vn -0.000000 -0.000000 -1.000000
vn -0.000000 -0.000000 -1.000000
vn -0.000000 -0.000000 -1.000000
vn -0.000000 -0.000000 -1.000000
vn -0.000000 -0.000000 -1.000000
vn -0.000000 -0.000000 -1.000000
vn -0.000000 1.000000 -0.000000
vn -0.000000 1.000000 -0.000000
vn -0.000000 1.000000 -0.000000
vn -0.000000 1.000000 -0.000000
vn 0.000000 -1.000000 0.000000
vn 0.000000 -1.000000 0.000000
vn 0.000000 -1.000000 0.000000
vn 0.000000 -1.000000 0.000000
f 425/805/805 426/806/806 448/807/807
f 448/807/807 426/806/806 427/808/808
f 448/807/807 427/808/808 447/809/809
f 447/809/809 427/808/808 428/810/810
f 447/809/809 428/810/810 446/811/811
f 446/811/811 428/810/810 429/812/812
f 446/811/811 429/812/812 445/813/813
f 445/813/813 429/812/812 430/814/814
f 445/813/813 430/814/814 444/815/815
f 444/815/815 430/814/814 431/816/816
f 444/815/815 431/816/816 443/817/817
f 443/817/817 431/816/816 432/818/818
f 443/817/817 432/818/818 442/819/819
f 442/819/819 432/818/818 433/820/820
f 442/819/819 433/820/820 441/821/821
f 441/821/821 433/820/820 434/822/822
f 441/821/821 434/822/822 440/823/823
f 440/823/823 434/822/822 435/824/824
f 440/823/823 435/824/824 439/825/825
f 439/825/825 435/824/824 436/826/826
f 439/825/825 436/826/826 438/827/827
f 438/827/827 436/826/826 437/828/828
f 449/829/829 425/830/830 460/831/831
f 460/831/831 425/830/830 448/832/832
f 460/831/831 448/832/832 459/833/833
f 459/833/833 448/832/832 447/834/834
f 459/833/833 447/834/834 458/835/835
f 458/835/835 447/834/834 446/836/836
f 458/835/835 446/836/836 457/837/837
f 457/837/837 446/836/836 445/838/838
f 457/837/837 445/838/838 456/839/839
f 456/839/839 445/838/838 444/840/840
f 456/839/839 444/840/840 455/841/841
f 455/841/841 444/840/840 443/842/842
f 455/841/841 443/842/842 454/843/843
f 454/843/843 443/842/842 442/844/844
f 454/843/843 442/844/844 453/845/845
f 453/845/845 442/844/844 441/846/846
f 453/845/845 441/846/846 452/847/847
f 452/847/847 441/846/846 440/848/848
f 452/847/847 440/848/848 451/849/849
f 451/849/849 440/848/848 439/850/850
f 451/849/849 439/850/850 450/851/851
f 450/851/851 439/850/850 438/852/852
f 461/853/853 449/854/854 472/855/855
f 472/855/855 449/854/854 460/856/856
f 472/855/855 460/856/856 471/857/857
f 471/857/857 460/856/856 459/858/858
f 471/857/857 459/858/858 470/859/859
f 470/859/859 459/858/858 458/860/860
f 470/859/859 458/860/860 469/861/861
f 469/861/861 458/860/860 457/862/862
f 469/861/861 457/862/862 468/863/863
f 468/863/863 457/862/862 456/864/864
f 468/863/863 456/864/864 467/865/865
f 467/865/865 456/864/864 455/866/866
f 467/865/865 455/866/866 466/867/867
f 466/867/867 455/866/866 454/868/868
f 466/867/867 454/868/868 465/869/869
f 465/869/869 454/868/868 453/870/870
f 465/869/869 453/870/870 464/871/871
f 464/871/871 453/870/870 452/872/872
f 464/871/871 452/872/872 463/873/873
f 463/873/873 452/872/872 451/874/874
f 463/873/873 451/874/874 462/875/875
f 462/875/875 451/874/874 450/876/876
f 426/877/877 461/878/878 427/879/879
f 427/879/879 461/878/878 472/880/880
f 427/879/879 472/880/880 428/881/881
f 428/881/881 472/880/880 471/882/882
f 428/881/881 471/882/882 429/883/883
f 429/883/883 471/882/882 470/884/884
f 429/883/883 470/884/884 430/885/885
f 430/885/885 470/884/884 469/886/886
f 430/885/885 469/886/886 431/887/887
f 431/887/887 469/886/886 468/888/888
f 431/887/887 468/888/888 432/889/889
f 432/889/889 468/888/888 467/890/890
f 432/889/889 467/890/890 433/891/891
f 433/891/891 467/890/890 466/892/892
f 433/891/891 466/892/892 434/893/893
f 434/893/893 466/892/892 465/894/894
f 434/893/893 465/894/894 435/895/895
f 435/895/895 465/894/894 464/896/896
f 435/895/895 464/896/896 436/897/897
f 436/897/897 464/896/896 463/898/898
f 436/897/897 463/898/898 437/899/899
f 437/899/899 463/898/898 462/900/900
f 462/901/901 450/902/902 437/903/903
f 437/903/903 450/902/902 438/904/904
f 461/905/905 426/906/906 449/907/907
f 449/907/907 426/906/906 425/908/908
g Body1:8

v 72.000000 0.000000 -104.000000
v 72.000000 0.000000 -106.000000
v 62.000000 0.000000 -106.000000
v 52.000000 0.000000 -106.000000
v 42.000000 0.000000 -106.000000
v 32.000000 0.000000 -106.000000
v 22.000000 0.000000 -106.000000
v 12.000000 0.000000 -106.000000
v 2.000000 0.000000 -106.000000
v 2.000000 0.000000 -104.000000
v 12.000000 0.000000 -104.000000
v 22.000000 0.000000 -104.000000
v 32.000000 0.000000 -104.000000
v 42.000000 0.000000 -104.000000
v 52.000000 0.000000 -104.000000
v 62.000000 0.000000 -104.000000
v 72.000000 -2.000000 -104.000000
v 2.000000 -2.000000 -104.000000
v 12.000000 -2.000000 -104.000000
v 22.000000 -2.000000 -104.000000
v 32.000000 -2.000000 -104.000000
v 42.000000 -2.000000 -104.000000
v 52.000000 -2.000000 -104.000000
v 62.000000 -2.000000 -104.000000
v 72.000000 -2.000000 -106.000000
v 2.000000 -2.000000 -106.000000
v 12.000000 -2.000000 -106.000000
v 22.000000 -2.000000 -106.000000
v 32.000000 -2.000000 -106.000000
v 42.000000 -2.000000 -106.000000
v 52.000000 -2.000000 -106.000000
v 62.000000 -2.000000 -106.000000
vt 0.000000 0.000000 0.000000
vt 2.000000 0.000000 0.000000
vt 0.000000 10.000000 0.000000
vt 2.000000 10.000000 0.000000
vt 0.000000 20.000000 0.000000
vt 2.000000 20.000000 0.000000
vt 0.000000 30.000000 0.000000
vt 2.000000 30.000000 0.000000
vt 0.000000 40.000000 0.000000
vt 2.000000 40.000000 0.000000
vt 0.000000 50.000000 0.000000
vt 2.000000 50.000000 0.000000
vt 0.000000 60.000000 0.000000
vt 2.000000 60.000000 0.000000
vt 0.000000 70.000000 0.000000
vt 2.000000 70.000000 0.000000
vt -0.000000 0.000000 0.000000
vt 2.000000 0.000000 0.000000
vt -0.000000 10.000000 0.000000
vt 2.000000 10.000000 0.000000
vt -0.000000 20.000000 0.000000
vt 2.000000 20.000000 0.000000
vt -0.000000 30.000000 0.000000
vt 2.000000 30.000000 0.000000
vt -0.000000 40.000000 0.000000
vt 2.000000 40.000000 0.000000
vt -0.000000 50.000000 0.000000
vt 2.000000 50.000000 0.000000
vt -0.000000 60.000000 0.000000
vt 2.000000 60.000000 0.000000
vt -0.000000 70.000000 0.000000
vt 2.000000 70.000000 0.000000
vt -0.000000 0.000000 0.000000
vt 2.000000 0.000000 0.000000
vt -0.000000 10.000000 0.000000
vt 2.000000 10.000000 0.000000
vt -0.000000 20.000000 0.000000
vt 2.000000 20.000000 0.000000
vt -0.000000 30.000000 0.000000
vt 2.000000 30.000000 0.000000
vt -0.000000 40.000000 0.000000
vt 2.000000 40.000000 0.000000
vt -0.000000 50.000000 0.000000
vt 2.000000 50.000000 0.000000
vt -0.000000 60.000000 0.000000
vt 2.000000 60.000000 0.000000
vt -0.000000 70.000000 0.000000
vt 2.000000 70.000000 0.000000
vt 0.000000 0.000000 0.000000
vt 2.000000 0.000000 0.000000
vt 0.000000 10.000000 0.000000
vt 2.000000 10.000000 0.000000
vt 0.000000 20.000000 0.000000
vt 2.000000 20.000000 0.000000
vt 0.000000 30.000000 0.000000
vt 2.000000 30.000000 0.000000
vt 0.000000 40.000000 0.000000
vt 2.000000 40.000000 0.000000
vt 0.000000 50.000000 0.000000
vt 2.000000 50.000000 0.000000
vt 0.000000 60.000000 0.000000
vt 2.000000 60.000000 0.000000
vt 0.000000 70.000000 0.000000
vt 2.000000 70.000000 0.000000
vt 1.000000 1.000000 0.000000
vt -1.000000 1.000000 0.000000
vt 1.000000 -1.000000 0.000000
vt -1.000000 -1.000000 0.000000
vt -1.000000 -1.000000 0.000000
vt 1.000000 -1.000000 0.000000
vt -1.000000 1.000000 0.000000
vt 1.000000 1.000000 0.000000
vn -0.000000 1.000000 -0.000000
vn -0.000000 1.000000 -0.000000
vn -0.000000 1.000000 -0.000000
vn -0.000000 1.000000 -0.000000
vn -0.000000 1.000000 -0.000000
vn -0.000000 1.000000 -0.000000
vn -0.000000 1.000000 -0.000000
vn -0.000000 1.000000 -0.000000
vn -0.000000 1.000000 -0.000000
vn -0.000000 1.000000 -0.000000
vn -0.000000 1.000000 -0.000000
vn -0.000000 1.000000 -0.000000
vn -0.000000 1.000000 -0.000000
vn -0.000000 1.000000 -0.000000
vn -0.000000 1.000000 -0.000000
vn -0.000000 1.000000 -0.000000
vn 0.000000 0.000000 1.000000
vn 0.000000 0.000000 1.000000
vn 0.000000 0.000000 1.000000
vn 0.000000 0.000000 1.000000
vn 0.000000 0.000000 1.000000
vn 0.000000 0.000000 1.000000
vn 0.000000 0.000000 1.000000
vn 0.000000 0.000000 1.000000
vn 0.000000 0.000000 1.000000
vn 0.000000 0.000000 1.000000
vn 0.000000 0.000000 1.000000
vn 0.000000 0.000000 1.000000
vn 0.000000 0.000000 1.000000
vn 0.000000 0.000000 1.000000
vn 0.000000 0.000000 1.000000
vn 0.000000 0.000000 1.000000
vn 0.000000 -1.000000 0.000000
vn 0.000000 -1.000000 0.000000
vn 0.000000 -1.000000 0.000000
vn 0.000000 -1.000000 0.000000
vn 0.000000 -1.000000 0.000000
vn 0.000000 -1.000000 0.000000
vn 0.000000 -1.000000 0.000000
vn 0.000000 -1.000000 0.000000
vn 0.000000 -1.000000 0.000000
vn 0.000000 -1.000000 0.000000
vn 0.000000 -1.000000 0.000000
vn 0.000000 -1.000000 0.000000
vn 0.000000 -1.000000 0.000000
vn 0.000000 -1.000000 0.000000
vn 0.000000 -1.000000 0.000000
vn 0.000000 -1.000000 0.000000
vn -0.000000 -0.000000 -1.000000
vn -0.000000 -0.000000 -1.000000
vn -0.000000 -0.000000 -1.000000
vn -0.000000 -0.000000 -1.000000
vn -0.000000 -0.000000 -1.000000
vn -0.000000 -0.000000 -1.000000
vn -0.000000 -0.000000 -1.000000
vn -0.000000 -0.000000 -1.000000
vn -0.000000 -0.000000 -1.000000
vn -0.000000 -0.000000 -1.000000
vn -0.000000 -0.000000 -1.000000
vn -0.000000 -0.000000 -1.000000
vn -0.000000 -0.000000 -1.000000
vn -0.000000 -0.000000 -1.000000
vn -0.000000 -0.000000 -1.000000
vn -0.000000 -0.000000 -1.000000
vn -1.000000 -0.000000 0.000000
vn -1.000000 -0.000000 0.000000
vn -1.000000 -0.000000 0.000000
vn -1.000000 -0.000000 0.000000
vn 1.000000 0.000000 -0.000000
vn 1.000000 0.000000 -0.000000
vn 1.000000 0.000000 -0.000000
vn 1.000000 0.000000 -0.000000
f 473/909/909 474/910/910 488/911/911
f 488/911/911 474/910/910 475/912/912
f 488/911/911 475/912/912 487/913/913
f 487/913/913 475/912/912 476/914/914
f 487/913/913 476/914/914 486/915/915
f 486/915/915 476/914/914 477/916/916
f 486/915/915 477/916/916 485/917/917
f 485/917/917 477/916/916 478/918/918
f 485/917/917 478/918/918 484/919/919
f 484/919/919 478/918/918 479/920/920
f 484/919/919 479/920/920 483/921/921
f 483/921/921 479/920/920 480/922/922
f 483/921/921 480/922/922 482/923/923
f 482/923/923 480/922/922 481/924/924
f 489/925/925 473/926/926 496/927/927
f 496/927/927 473/926/926 488/928/928
f 496/927/927 488/928/928 495/929/929
f 495/929/929 488/928/928 487/930/930
f 495/929/929 487/930/930 494/931/931
f 494/931/931 487/930/930 486/932/932
f 494/931/931 486/932/932 493/933/933
f 493/933/933 486/932/932 485/934/934
f 493/933/933 485/934/934 492/935/935
f 492/935/935 485/934/934 484/936/936
f 492/935/935 484/936/936 491/937/937
f 491/937/937 484/936/936 483/938/938
f 491/937/937 483/938/938 490/939/939
f 490/939/939 483/938/938 482/940/940
f 497/941/941 489/942/942 504/943/943
f 504/943/943 489/942/942 496/944/944
f 504/943/943 496/944/944 503/945/945
f 503/945/945 496/944/944 495/946/946
f 503/945/945 495/946/946 502/947/947
f 502/947/947 495/946/946 494/948/948
f 502/947/947 494/948/948 501/949/949
f 501/949/949 494/948/948 493/950/950
f 501/949/949 493/950/950 500/951/951
f 500/951/951 493/950/950 492/952/952
f 500/951/951 492/952/952 499/953/953
f 499/953/953 492/952/952 491/954/954
f 499/953/953 491/954/954 498/955/955
f 498/955/955 491/954/954 490/956/956
f 474/957/957 497/958/958 475/959/959
f 475/959/959 497/958/958 504/960/960
f 475/959/959 504/960/960 476/961/961
f 476/961/961 504/960/960 503/962/962
f 476/961/961 503/962/962 477/963/963
f 477/963/963 503/962/962 502/964/964
f 477/963/963 502/964/964 478/965/965
f 478/965/965 502/964/964 501/966/966
f 478/965/965 501/966/966 479/967/967
f 479/967/967 501/966/966 500/968/968
f 479/967/967 500/968/968 480/969/969
f 480/969/969 500/968/968 499/970/970
f 480/969/969 499/970/970 481/971/971
f 481/971/971 499/970/970 498/972/972
f 498/973/973 490/974/974 481/975/975
f 481/975/975 490/974/974 482/976/976
f 497/977/977 474/978/978 489/979/979
f 489/979/979 474/978/978 473/980/980
g Body1:9

v 74.000000 0.000000 -54.000000
v 74.000000 -2.000000 -54.000000
v 74.000000 -2.000000 -64.000000
v 74.000000 -2.000000 -74.000000
v 74.000000 -2.000000 -84.000000
v 74.000000 -2.000000 -94.000000
v 74.000000 -2.000000 -104.000000
v 74.000000 0.000000 -104.000000
v 74.000000 0.000000 -94.000000
v 74.000000 0.000000 -84.000000
v 74.000000 0.000000 -74.000000
v 74.000000 0.000000 -64.000000
v 72.000000 0.000000 -54.000000
v 72.000000 0.000000 -104.000000
v 72.000000 0.000000 -94.000000
v 72.000000 0.000000 -84.000000
v 72.000000 0.000000 -74.000000
v 72.000000 0.000000 -64.000000
v 72.000000 -2.000000 -54.000000
v 72.000000 -2.000000 -104.000000
v 72.000000 -2.000000 -94.000000
v 72.000000 -2.000000 -84.000000
v 72.000000 -2.000000 -74.000000
v 72.000000 -2.000000 -64.000000
vt 0.000000 0.000000 0.000000
vt 2.000000 0.000000 0.000000
vt 0.000000 10.000000 0.000000
vt 2.000000 10.000000 0.000000
vt 0.000000 20.000000 0.000000
vt 2.000000 20.000000 0.000000
vt 0.000000 30.000000 0.000000
vt 2.000000 30.000000 0.000000
vt 0.000000 40.000000 0.000000
vt 2.000000 40.000000 0.000000
vt 0.000000 50.000000 0.000000
vt 2.000000 50.000000 0.000000
vt -0.000000 0.000000 0.000000
vt 2.000000 0.000000 0.000000
vt -0.000000 10.000000 0.000000
vt 2.000000 10.000000 0.000000
vt -0.000000 20.000000 0.000000
vt 2.000000 20.000000 0.000000
vt -0.000000 30.000000 0.000000
vt 2.000000 30.000000 0.000000
vt -0.000000 40.000000 0.000000
vt 2.000000 40.000000 0.000000
vt -0.000000 50.000000 0.000000
vt 2.000000 50.000000 0.000000
vt -0.000000 0.000000 0.000000
vt 2.000000 0.000000 0.000000
vt -0.000000 10.000000 0.000000
vt 2.000000 10.000000 0.000000
vt -0.000000 20.000000 0.000000
vt 2.000000 20.000000 0.000000
vt -0.000000 30.000000 0.000000
vt 2.000000 30.000000 0.000000
vt -0.000000 40.000000 0.000000
vt 2.000000 40.000000 0.000000
vt -0.000000 50.000000 0.000000
vt 2.000000 50.000000 0.000000
vt 0.000000 0.000000 0.000000
vt 2.000000 0.000000 0.000000
vt 0.000000 10.000000 0.000000
vt 2.000000 10.000000 0.000000
vt 0.000000 20.000000 0.000000
vt 2.000000 20.000000 0.000000
vt 0.000000 30.000000 0.000000
vt 2.000000 30.000000 0.000000
vt 0.000000 40.000000 0.000000
vt 2.000000 40.000000 0.000000
vt 0.000000 50.000000 0.000000
vt 2.000000 50.000000 0.000000
vt 1.000000 1.000000 0.000000
vt -1.000000 1.000000 0.000000
vt 1.000000 -1.000000 0.000000
vt -1.000000 -1.000000 0.000000
vt -1.000000 -1.000000 0.000000
vt 1.000000 -1.000000 0.000000
vt -1.000000 1.000000 0.000000
vt 1.000000 1.000000 0.000000
vn 1.000000 -0.000000 -0.000000
vn 1.000000 -0.000000 -0.000000
vn 1.000000 -0.000000 -0.000000
vn 1.000000 -0.000000 -0.000000
vn 1.000000 -0.000000 -0.000000
vn 1.000000 -0.000000 -0.000000
vn 1.000000 -0.000000 -0.000000
vn 1.000000 -0.000000 -0.000000
vn 1.000000 -0.000000 -0.000000
vn 1.000000 -0.000000 -0.000000
vn 1.000000 -0.000000 -0.000000
vn 1.000000 -0.000000 -0.000000
vn 0.000000 1.000000 -0.000000
vn 0.000000 1.000000 -0.000000
vn 0.000000 1.000000 -0.000000
vn 0.000000 1.000000 -0.000000
vn 0.000000 1.000000 -0.000000
vn 0.000000 1.000000 -0.000000
vn 0.000000 1.000000 -0.000000
vn 0.000000 1.000000 -0.000000
vn 0.000000 1.000000 -0.000000
vn 0.000000 1.000000 -0.000000
vn 0.000000 1.000000 -0.000000
vn 0.000000 1.000000 -0.000000
vn -1.000000 0.000000 0.000000
vn -1.000000 0.000000 0.000000
vn -1.000000 0.000000 0.000000
vn -1.000000 0.000000 0.000000
vn -1.000000 0.000000 0.000000
vn -1.000000 0.000000 0.000000
vn -1.000000 0.000000 0.000000
vn -1.000000 0.000000 0.000000
vn -1.000000 0.000000 0.000000
vn -1.000000 0.000000 0.000000
vn -1.000000 0.000000 0.000000
vn -1.000000 0.000000 0.000000
vn -0.000000 -1.000000 0.000000
vn -0.000000 -1.000000 0.000000
vn -0.000000 -1.000000 0.000000
vn -0.000000 -1.000000 0.000000
vn -0.000000 -1.000000 0.000000
vn -0.000000 -1.000000 0.000000
vn -0.000000 -1.000000 0.000000
vn -0.000000 -1.000000 0.000000
vn -0.000000 -1.000000 0.000000
vn -0.000000 -1.000000 0.000000
vn -0.000000 -1.000000 0.000000
vn -0.000000 -1.000000 0.000000
vn -0.000000 -0.000000 -1.000000
vn -0.000000 -0.000000 -1.000000
vn -0.000000 -0.000000 -1.000000
vn -0.000000 -0.000000 -1.000000
vn 0.000000 0.000000 1.000000
vn 0.000000 0.000000 1.000000
vn 0.000000 0.000000 1.000000
vn 0.000000 0.000000 1.000000
f 505/981/981 506/982/982 516/983/983
f 516/983/983 506/982/982 507/984/984
f 516/983/983 507/984/984 515/985/985
f 515/985/985 507/984/984 508/986/986
f 515/985/985 508/986/986 514/987/987
f 514/987/987 508/986/986 509/988/988
f 514/987/987 509/988/988 513/989/989
f 513/989/989 509/988/988 510/990/990
f 513/989/989 510/990/990 512/991/991
f 512/991/991 510/990/990 511/992/992
f 517/993/993 505/994/994 522/995/995
f 522/995/995 505/994/994 516/996/996
f 522/995/995 516/996/996 521/997/997
f 521/997/997 516/996/996 515/998/998
f 521/997/997 515/998/998 520/999/999
f 520/999/999 515/998/998 514/1000/1000
f 520/999/999 514/1000/1000 519/1001/1001
f 519/1001/1001 514/1000/1000 513/1002/1002
f 519/1001/1001 513/1002/1002 518/1003/1003
f 518/1003/1003 513/1002/1002 512/1004/1004
f 523/1005/1005 517/1006/1006 528/1007/1007
f 528/1007/1007 517/1006/1006 522/1008/1008
f 528/1007/1007 522/1008/1008 527/1009/1009
f 527/1009/1009 522/1008/1008 521/1010/1010
f 527/1009/1009 521/1010/1010 526/1011/1011
f 526/1011/1011 521/1010/1010 520/1012/1012
f 526/1011/1011 520/1012/1012 525/1013/1013
f 525/1013/1013 520/1012/1012 519/1014/1014
f 525/1013/1013 519/1014/1014 524/1015/1015
f 524/1015/1015 519/1014/1014 518/1016/1016
f 506/1017/1017 523/1018/1018 507/1019/1019
f 507/1019/1019 523/1018/1018 528/1020/1020
f 507/1019/1019 528/1020/1020 508/1021/1021
f 508/1021/1021 528/1020/1020 527/1022/1022
f 508/1021/1021 527/1022/1022 509/1023/1023
f 509/1023/1023 527/1022/1022 526/1024/1024
f 509/1023/1023 526/1024/1024 510/1025/1025
f 510/1025/1025 526/1024/1024 525/1026/1026
f 510/1025/1025 525/1026/1026 511/1027/1027
f 511/1027/1027 525/1026/1026 524/1028/1028
f 524/1029/1029 518/1030/1030 511/1031/1031
f 511/1031/1031 518/1030/1030 512/1032/1032
f 523/1033/1033 506/1034/1034 517/1035/1035
f 517/1035/1035 506/1034/1034 505/1036/1036
g Body1:10

v 2.000000 0.000000 -104.000000
v 2.000000 0.000000 -106.000000
v 2.000000 10.909091 -106.000000
v 2.000000 21.818182 -106.000000
v 2.000000 32.727273 -106.000000
v 2.000000 43.636364 -106.000000
v 2.000000 54.545455 -106.000000
v 2.000000 65.454545 -106.000000
v 2.000000 76.363636 -106.000000
v 2.000000 87.272727 -106.000000
v 2.000000 98.181818 -106.000000
v 2.000000 109.090909 -106.000000
v 2.000000 120.000000 -106.000000
v 2.000000 120.000000 -104.000000
v 2.000000 109.090909 -104.000000
v 2.000000 98.181818 -104.000000
v 2.000000 87.272727 -104.000000
v 2.000000 76.363636 -104.000000
v 2.000000 65.454545 -104.000000
v 2.000000 54.545455 -104.000000
v 2.000000 43.636364 -104.000000
v 2.000000 32.727273 -104.000000
v 2.000000 21.818182 -104.000000
v 2.000000 10.909091 -104.000000
v -0.000000 0.000000 -104.000000
v -0.000000 120.000000 -104.000000
v -0.000000 109.090909 -104.000000
v -0.000000 98.181818 -104.000000
v -0.000000 87.272727 -104.000000
v -0.000000 76.363636 -104.000000
v -0.000000 65.454545 -104.000000
v -0.000000 54.545455 -104.000000
v -0.000000 43.636364 -104.000000
v -0.000000 32.727273 -104.000000
v -0.000000 21.818182 -104.000000
v -0.000000 10.909091 -104.000000
v -0.000000 0.000000 -106.000000
v -0.000000 120.000000 -106.000000
v -0.000000 109.090909 -106.000000
v -0.000000 98.181818 -106.000000
v -0.000000 87.272727 -106.000000
v -0.000000 76.363636 -106.000000
v -0.000000 65.454545 -106.000000
v -0.000000 54.545455 -106.000000
v -0.000000 43.636364 -106.000000
v -0.000000 32.727273 -106.000000
v -0.000000 21.818182 -106.000000
v -0.000000 10.909091 -106.000000
vt 0.000000 0.000000 0.000000
vt 2.000000 0.000000 0.000000
vt 0.000000 10.909091 0.000000
vt 2.000000 10.909091 0.000000
vt 0.000000 21.818182 0.000000
vt 2.000000 21.818182 0.000000
vt 0.000000 32.727273 0.000000
vt 2.000000 32.727273 0.000000
vt 0.000000 43.636364 0.000000
vt 2.000000 43.636364 0.000000
vt 0.000000 54.545455 0.000000
vt 2.000000 54.545455 0.000000
vt 0.000000 65.454545 0.000000
vt 2.000000 65.454545 0.000000
vt 0.000000 76.363636 0.000000
vt 2.000000 76.363636 0.000000
vt 0.000000 87.272727 0.000000
vt 2.000000 87.272727 0.000000
vt 0.000000 98.181818 0.000000
vt 2.000000 98.181818 0.000000
vt 0.000000 109.090909 0.000000
vt 2.000000 109.090909 0.000000
vt 0.000000 120.000000 0.000000
vt 2.000000 120.000000 0.000000
vt -0.000000 0.000000 0.000000
vt 2.000000 0.000000 0.000000
vt -0.000000 10.909091 0.000000
vt 2.000000 10.909091 0.000000
vt -0.000000 21.818182 0.000000
vt 2.000000 21.818182 0.000000
vt -0.000000 32.727273 0.000000
vt 2.000000 32.727273 0.000000
vt -0.000000 43.636364 0.000000
vt 2.000000 43.636364 0.000000
vt -0.000000 54.545455 0.000000
vt 2.000000 54.545455 0.000000
vt -0.000000 65.454545 0.000000
vt 2.000000 65.454545 0.000000
vt -0.000000 76.363636 0.000000
vt 2.000000 76.363636 0.000000
vt -0.000000 87.272727 0.000000
vt 2.000000 87.272727 0.000000
vt -0.000000 98.181818 0.000000
vt 2.000000 98.181818 0.000000
vt -0.000000 109.090909 0.000000
vt 2.000000 109.090909 0.000000
vt -0.000000 120.000000 0.000000
vt 2.000000 120.000000 0.000000
vt -0.000000 0.000000 0.000000
vt 2.000000 0.000000 0.000000
vt -0.000000 10.909091 0.000000
vt 2.000000 10.909091 0.000000
vt -0.000000 21.818182 0.000000
vt 2.000000 21.818182 0.000000
vt -0.000000 32.727273 0.000000
vt 2.000000 32.727273 0.000000
vt -0.000000 43.636364 0.000000
vt 2.000000 43.636364 0.000000
vt -0.000000 54.545455 0.000000
vt 2.000000 54.545455 0.000000
vt -0.000000 65.454545 0.000000
vt 2.000000 65.454545 0.000000
vt -0.000000 76.363636 0.000000
vt 2.000000 76.363636 0.000000
vt -0.000000 87.272727 0.000000
vt 2.000000 87.272727 0.000000
vt -0.000000 98.181818 0.000000
vt 2.000000 98.181818 0.000000
vt -0.000000 109.090909 0.000000
vt 2.000000 109.090909 0.000000
vt -0.000000 120.000000 0.000000
vt 2.000000 120.000000 0.000000
vt -0.000000 0.000000 0.000000
vt 2.000000 0.000000 0.000000
vt -0.000000 10.909091 0.000000
vt 2.000000 10.909091 0.000000
vt -0.000000 21.818182 0.000000
vt 2.000000 21.818182 0.000000
vt -0.000000 32.727273 0.000000
vt 2.000000 32.727273 0.000000
vt -0.000000 43.636364 0.000000
vt 2.000000 43.636364 0.000000
vt -0.000000 54.545455 0.000000
vt 2.000000 54.545455 0.000000
vt -0.000000 65.454545 0.000000
vt 2.000000 65.454545 0.000000
vt -0.000000 76.363636 0.000000
vt 2.000000 76.363636 0.000000
vt -0.000000 87.272727 0.000000
vt 2.000000 87.272727 0.000000
vt -0.000000 98.181818 0.000000
vt 2.000000 98.181818 0.000000
vt -0.000000 109.090909 0.000000
vt 2.000000 109.090909 0.000000
vt 0.000000 120.000000 0.000000
vt 2.000000 120.000000 0.000000
vt 1.000000 1.000000 0.000000
vt -1.000000 1.000000 0.000000
vt 1.000000 -1.000000 0.000000
vt -1.000000 -1.000000 0.000000
vt -1.000000 -1.000000 0.000000
vt 1.000000 -1.000000 0.000000
vt -1.000000 1.000000 0.000000
vt 1.000000 1.000000 0.000000
vn 1.000000 0.000000 0.000000
vn 1.000000 0.000000 0.000000
vn 1.000000 0.000000 0.000000
vn 1.000000 0.000000 0.000000
vn 1.000000 0.000000 0.000000
vn 1.000000 0.000000 0.000000
vn 1.000000 0.000000 0.000000
vn 1.000000 0.000000 0.000000
vn 1.000000 0.000000 0.000000
vn 1.000000 0.000000 0.000000
vn 1.000000 0.000000 0.000000
vn 1.000000 0.000000 0.000000
vn 1.000000 0.000000 0.000000
vn 1.000000 0.000000 0.000000
vn 1.000000 0.000000 0.000000
vn 1.000000 0.000000 0.000000
vn 1.000000 0.000000 0.000000
vn 1.000000 0.000000 0.000000
vn 1.000000 0.000000 0.000000
vn 1.000000 0.000000 0.000000
vn 1.000000 0.000000 0.000000
vn 1.000000 0.000000 0.000000
vn 1.000000 0.000000 0.000000
vn 1.000000 0.000000 0.000000
vn -0.000000 0.000000 1.000000
vn -0.000000 0.000000 1.000000
vn -0.000000 0.000000 1.000000
vn -0.000000 0.000000 1.000000
vn -0.000000 0.000000 1.000000
vn -0.000000 0.000000 1.000000
vn -0.000000 0.000000 1.000000
vn -0.000000 0.000000 1.000000
vn -0.000000 0.000000 1.000000
vn -0.000000 0.000000 1.000000
vn -0.000000 0.000000 1.000000
vn -0.000000 0.000000 1.000000
vn -0.000000 0.000000 1.000000
vn -0.000000 0.000000 1.000000
vn -0.000000 0.000000 1.000000
vn -0.000000 0.000000 1.000000
vn -0.000000 0.000000 1.000000
vn -0.000000 0.000000 1.000000
vn -0.000000 0.000000 1.000000
vn -0.000000 0.000000 1.000000
vn -0.000000 0.000000 1.000000
vn -0.000000 0.000000 1.000000
vn -0.000000 0.000000 1.000000
vn -0.000000 0.000000 1.000000
vn -1.000000 -0.000000 -0.000000
vn -1.000000 -0.000000 -0.000000
vn -1.000000 -0.000000 -0.000000
vn -1.000000 -0.000000 -0.000000
vn -1.000000 -0.000000 -0.000000
vn -1.000000 -0.000000 -0.000000
vn -1.000000 -0.000000 -0.000000
vn -1.000000 -0.000000 -0.000000
vn -1.000000 -0.000000 -0.000000
vn -1.000000 -0.000000 -0.000000
vn -1.000000 -0.000000 -0.000000
vn -1.000000 -0.000000 -0.000000
vn -1.000000 -0.000000 -0.000000
vn -1.000000 -0.000000 -0.000000
vn -1.000000 -0.000000 -0.000000
vn -1.000000 -0.000000 -0.000000
vn -1.000000 -0.000000 -0.000000
vn -1.000000 -0.000000 -0.000000
vn -1.000000 -0.000000 -0.000000
vn -1.000000 -0.000000 -0.000000
vn -1.000000 -0.000000 -0.000000
vn -1.000000 -0.000000 -0.000000
vn -1.000000 -0.000000 -0.000000
vn -1.000000 -0.000000 -0.000000
vn 0.000000 -0.000000 -1.000000
vn 0.000000 -0.000000 -1.000000
vn 0.000000 -0.000000 -1.000000
vn 0.000000 -0.000000 -1.000000
vn 0.000000 -0.000000 -1.000000
vn 0.000000 -0.000000 -1.000000
vn 0.000000 -0.000000 -1.000000
vn 0.000000 -0.000000 -1.000000
vn 0.000000 -0.000000 -1.000000
vn 0.000000 -0.000000 -1.000000
vn 0.000000 -0.000000 -1.000000
vn 0.000000 -0.000000 -1.000000
vn 0.000000 -0.000000 -1.000000
vn 0.000000 -0.000000 -1.000000
vn 0.000000 -0.000000 -1.000000
vn 0.000000 -0.000000 -1.000000
vn 0.000000 -0.000000 -1.000000
vn 0.000000 -0.000000 -1.000000
vn 0.000000 -0.000000 -1.000000
vn 0.000000 -0.000000 -1.000000
vn 0.000000 -0.000000 -1.000000
vn 0.000000 -0.000000 -1.000000
vn 0.000000 -0.000000 -1.000000
vn 0.000000 -0.000000 -1.000000
vn -0.000000 1.000000 0.000000
vn -0.000000 1.000000 0.000000
vn -0.000000 1.000000 0.000000
vn -0.000000 1.000000 0.000000
vn 0.000000 -1.000000 -0.000000
vn 0.000000 -1.000000 -0.000000
vn 0.000000 -1.000000 -0.000000
vn 0.000000 -1.000000 -0.000000
f 529/1037/1037 530/1038/1038 552/1039/1039
f 552/1039/1039 530/1038/1038 531/1040/1040
f 552/1039/1039 531/1040/1040 551/1041/1041
f 551/1041/1041 531/1040/1040 532/1042/1042
f 551/1041/1041 532/1042/1042 550/1043/1043
f 550/1043/1043 532/1042/1042 533/1044/1044
f 550/1043/1043 533/1044/1044 549/1045/1045
f 549/1045/1045 533/1044/1044 534/1046/1046
f 549/1045/1045 534/1046/1046 548/1047/1047
f 548/1047/1047 534/1046/1046 535/1048/1048
f 548/1047/1047 535/1048/1048 547/1049/1049
f 547/1049/1049 535/1048/1048 536/1050/1050
f 547/1049/1049 536/1050/1050 546/1051/1051
f 546/1051/1051 536/1050/1050 537/1052/1052
f 546/1051/1051 537/1052/1052 545/1053/1053
f 545/1053/1053 537/1052/1052 538/1054/1054
f 545/1053/1053 538/1054/1054 544/1055/1055
f 544/1055/1055 538/1054/1054 539/1056/1056
f 544/1055/1055 539/1056/1056 543/1057/1057
f 543/1057/1057 539/1056/1056 540/1058/1058
f 543/1057/1057 540/1058/1058 542/1059/1059
f 542/1059/1059 540/1058/1058 541/1060/1060
f 553/1061/1061 529/1062/1062 564/1063/1063
f 564/1063/1063 529/1062/1062 552/1064/1064
f 564/1063/1063 552/1064/1064 563/1065/1065
f 563/1065/1065 552/1064/1064 551/1066/1066
f 563/1065/1065 551/1066/1066 562/1067/1067
f 562/1067/1067 551/1066/1066 550/1068/1068
f 562/1067/1067 550/1068/1068 561/1069/1069
f 561/1069/1069 550/1068/1068 549/1070/1070
f 561/1069/1069 549/1070/1070 560/1071/1071
f 560/1071/1071 549/1070/1070 548/1072/1072
f 560/1071/1071 548/1072/1072 559/1073/1073
f 559/1073/1073 548/1072/1072 547/1074/1074
f 559/1073/1073 547/1074/1074 558/1075/1075
f 558/1075/1075 547/1074/1074 546/1076/1076
f 558/1075/1075 546/1076/1076 557/1077/1077
f 557/1077/1077 546/1076/1076 545/1078/1078
f 557/1077/1077 545/1078/1078 556/1079/1079
f 556/1079/1079 545/1078/1078 544/1080/1080
f 556/1079/1079 544/1080/1080 555/1081/1081
f 555/1081/1081 544/1080/1080 543/1082/1082
f 555/1081/1081 543/1082/1082 554/1083/1083
f 554/1083/1083 543/1082/1082 542/1084/1084
f 565/1085/1085 553/1086/1086 576/1087/1087
f 576/1087/1087 553/1086/1086 564/1088/1088
f 576/1087/1087 564/1088/1088 575/1089/1089
f 575/1089/1089 564/1088/1088 563/1090/1090
f 575/1089/1089 563/1090/1090 574/1091/1091
f 574/1091/1091 563/1090/1090 562/1092/1092
f 574/1091/1091 562/1092/1092 573/1093/1093
f 573/1093/1093 562/1092/1092 561/1094/1094
f 573/1093/1093 561/1094/1094 572/1095/1095
f 572/1095/1095 561/1094/1094 560/1096/1096
f 572/1095/1095 560/1096/1096 571/1097/1097
f 571/1097/1097 560/1096/1096 559/1098/1098
f 571/1097/1097 559/1098/1098 570/1099/1099
f 570/1099/1099 559/1098/1098 558/1100/1100
f 570/1099/1099 558/1100/1100 569/1101/1101
f 569/1101/1101 558/1100/1100 557/1102/1102
f 569/1101/1101 557/1102/1102 568/1103/1103
f 568/1103/1103 557/1102/1102 556/1104/1104
f 568/1103/1103 556/1104/1104 567/1105/1105
f 567/1105/1105 556/1104/1104 555/1106/1106
f 567/1105/1105 555/1106/1106 566/1107/1107
f 566/1107/1107 555/1106/1106 554/1108/1108
f 530/1109/1109 565/1110/1110 531/1111/1111
f 531/1111/1111 565/1110/1110 576/1112/1112
f 531/1111/1111 576/1112/1112 532/1113/1113
f 532/1113/1113 576/1112/1112 575/1114/1114
f 532/1113/1113 575/1114/1114 533/1115/1115
f 533/1115/1115 575/1114/1114 574/1116/1116
f 533/1115/1115 574/1116/1116 534/1117/1117
f 534/1117/1117 574/1116/1116 573/1118/1118
f 534/1117/1117 573/1118/1118 535/1119/1119
f 535/1119/1119 573/1118/1118 572/1120/1120
f 535/1119/1119 572/1120/1120 536/1121/1121
f 536/1121/1121 572/1120/1120 571/1122/1122
f 536/1121/1121 571/1122/1122 537/1123/1123
f 537/1123/1123 571/1122/1122 570/1124/1124
f 537/1123/1123 570/1124/1124 538/1125/1125
f 538/1125/1125 570/1124/1124 569/1126/1126
f 538/1125/1125 569/1126/1126 539/1127/1127
f 539/1127/1127 569/1126/1126 568/1128/1128
f 539/1127/1127 568/1128/1128 540/1129/1129
f 540/1129/1129 568/1128/1128 567/1130/1130
f 540/1129/1129 567/1130/1130 541/1131/1131
f 541/1131/1131 567/1130/1130 566/1132/1132
f 566/1133/1133 554/1134/1134 541/1135/1135
f 541/1135/1135 554/1134/1134 542/1136/1136
f 565/1137/1137 530/1138/1138 553/1139/1139
f 553/1139/1139 530/1138/1138 529/1140/1140
g Body1:11

v 72.000000 0.000000 -52.000000
v 72.000000 0.000000 -54.000000
v 62.000000 0.000000 -54.000000
v 52.000000 0.000000 -54.000000
v 42.000000 0.000000 -54.000000
v 32.000000 0.000000 -54.000000
v 22.000000 0.000000 -54.000000
v 12.000000 0.000000 -54.000000
v 2.000000 0.000000 -54.000000
v 2.000000 0.000000 -52.000000
v 12.000000 0.000000 -52.000000
v 22.000000 0.000000 -52.000000
v 32.000000 0.000000 -52.000000
v 42.000000 0.000000 -52.000000
v 52.000000 0.000000 -52.000000
v 62.000000 0.000000 -52.000000
v 72.000000 -2.000000 -52.000000
v 2.000000 -2.000000 -52.000000
v 12.000000 -2.000000 -52.000000
v 22.000000 -2.000000 -52.000000
v 32.000000 -2.000000 -52.000000
v 42.000000 -2.000000 -52.000000
v 52.000000 -2.000000 -52.000000
v 62.000000 -2.000000 -52.000000
v 72.000000 -2.000000 -54.000000
v 2.000000 -2.000000 -54.000000
v 12.000000 -2.000000 -54.000000
v 22.000000 -2.000000 -54.000000
v 32.000000 -2.000000 -54.000000
v 42.000000 -2.000000 -54.000000
v 52.000000 -2.000000 -54.000000
v 62.000000 -2.000000 -54.000000
vt 0.000000 0.000000 0.000000
vt 2.000000 0.000000 0.000000
vt 0.000000 10.000000 0.000000
vt 2.000000 10.000000 0.000000
vt 0.000000 20.000000 0.000000
vt 2.000000 20.000000 0.000000
vt 0.000000 30.000000 0.000000
vt 2.000000 30.000000 0.000000
vt 0.000000 40.000000 0.000000
vt 2.000000 40.000000 0.000000
vt 0.000000 50.000000 0.000000
vt 2.000000 50.000000 0.000000
vt 0.000000 60.000000 0.000000
vt 2.000000 60.000000 0.000000
vt 0.000000 70.000000 0.000000
vt 2.000000 70.000000 0.000000
vt -0.000000 0.000000 0.000000
vt 2.000000 0.000000 0.000000
vt -0.000000 10.000000 0.000000
vt 2.000000 10.000000 0.000000
vt -0.000000 20.000000 0.000000
vt 2.000000 20.000000 0.000000
vt -0.000000 30.000000 0.000000
vt 2.000000 30.000000 0.000000
vt -0.000000 40.000000 0.000000
vt 2.000000 40.000000 0.000000
vt -0.000000 50.000000 0.000000
vt 2.000000 50.000000 0.000000
vt -0.000000 60.000000 0.000000
vt 2.000000 60.000000 0.000000
vt -0.000000 70.000000 0.000000
vt 2.000000 70.000000 0.000000
vt -0.000000 0.000000 0.000000
vt 2.000000 0.000000 0.000000
vt -0.000000 10.000000 0.000000
vt 2.000000 10.000000 0.000000
vt -0.000000 20.000000 0.000000
vt 2.000000 20.000000 0.000000
vt -0.000000 30.000000 0.000000
vt 2.000000 30.000000 0.000000
vt -0.000000 40.000000 0.000000
vt 2.000000 40.000000 0.000000
vt -0.000000 50.000000 0.000000
vt 2.000000 50.000000 0.000000
vt -0.000000 60.000000 0.000000
vt 2.000000 60.000000 0.000000
vt -0.000000 70.000000 0.000000
vt 2.000000 70.000000 0.000000
vt 0.000000 0.000000 0.000000
vt 2.000000 0.000000 0.000000
vt 0.000000 10.000000 0.000000
vt 2.000000 10.000000 0.000000
vt 0.000000 20.000000 0.000000
vt 2.000000 20.000000 0.000000
vt 0.000000 30.000000 0.000000
vt 2.000000 30.000000 0.000000
vt 0.000000 40.000000 0.000000
vt 2.000000 40.000000 0.000000
vt 0.000000 50.000000 0.000000
vt 2.000000 50.000000 0.000000
vt 0.000000 60.000000 0.000000
vt 2.000000 60.000000 0.000000
vt 0.000000 70.000000 0.000000
vt 2.000000 70.000000 0.000000
vt 1.000000 1.000000 0.000000
vt -1.000000 1.000000 0.000000
vt 1.000000 -1.000000 0.000000
vt -1.000000 -1.000000 0.000000
vt -1.000000 -1.000000 0.000000
vt 1.000000 -1.000000 0.000000
vt -1.000000 1.000000 0.000000
vt 1.000000 1.000000 0.000000
vn 0.000000 1.000000 -0.000000
vn 0.000000 1.000000 -0.000000
vn 0.000000 1.000000 -0.000000
vn 0.000000 1.000000 -0.000000
vn 0.000000 1.000000 -0.000000
vn 0.000000 1.000000 -0.000000
vn 0.000000 1.000000 -0.000000
vn 0.000000 1.000000 -0.000000
vn 0.000000 1.000000 -0.000000
vn 0.000000 1.000000 -0.000000
vn 0.000000 1.000000 -0.000000
vn 0.000000 1.000000 -0.000000
vn 0.000000 1.000000 -0.000000
vn 0.000000 1.000000 -0.000000
vn 0.000000 1.000000 -0.000000
vn 0.000000 1.000000 -0.000000
vn 0.000000 0.000000 1.000000
vn 0.000000 0.000000 1.000000
vn 0.000000 0.000000 1.000000
vn 0.000000 0.000000 1.000000
vn 0.000000 0.000000 1.000000
vn 0.000000 0.000000 1.000000
vn 0.000000 0.000000 1.000000
vn 0.000000 0.000000 1.000000
vn 0.000000 0.000000 1.000000
vn 0.000000 0.000000 1.000000
vn 0.000000 0.000000 1.000000
vn 0.000000 0.000000 1.000000
vn 0.000000 0.000000 1.000000
vn 0.000000 0.000000 1.000000
vn 0.000000 0.000000 1.000000
vn 0.000000 0.000000 1.000000
vn -0.000000 -1.000000 0.000000
vn -0.000000 -1.000000 0.000000
vn -0.000000 -1.000000 0.000000
vn -0.000000 -1.000000 0.000000
vn -0.000000 -1.000000 0.000000
vn -0.000000 -1.000000 0.000000
vn -0.000000 -1.000000 0.000000
vn -0.000000 -1.000000 0.000000
vn -0.000000 -1.000000 0.000000
vn -0.000000 -1.000000 0.000000
vn -0.000000 -1.000000 0.000000
vn -0.000000 -1.000000 0.000000
vn -0.000000 -1.000000 0.000000
vn -0.000000 -1.000000 0.000000
vn -0.000000 -1.000000 0.000000
vn -0.000000 -1.000000 0.000000
vn -0.000000 -0.000000 -1.000000
vn -0.000000 -0.000000 -1.000000
vn -0.000000 -0.000000 -1.000000
vn -0.000000 -0.000000 -1.000000
vn -0.000000 -0.000000 -1.000000
vn -0.000000 -0.000000 -1.000000
vn -0.000000 -0.000000 -1.000000
vn -0.000000 -0.000000 -1.000000
vn -0.000000 -0.000000 -1.000000
vn -0.000000 -0.000000 -1.000000
vn -0.000000 -0.000000 -1.000000
vn -0.000000 -0.000000 -1.000000
vn -0.000000 -0.000000 -1.000000
vn -0.000000 -0.000000 -1.000000
vn -0.000000 -0.000000 -1.000000
vn -0.000000 -0.000000 -1.000000
vn -1.000000 0.000000 0.000000
vn -1.000000 0.000000 0.000000
vn -1.000000 0.000000 0.000000
vn -1.000000 0.000000 0.000000
vn 1.000000 -0.000000 -0.000000
vn 1.000000 -0.000000 -0.000000
vn 1.000000 -0.000000 -0.000000
vn 1.000000 -0.000000 -0.000000
f 577/1141/1141 578/1142/1142 592/1143/1143
f 592/1143/1143 578/1142/1142 579/1144/1144
f 592/1143/1143 579/1144/1144 591/1145/1145
f 591/1145/1145 579/1144/1144 580/1146/1146
f 591/1145/1145 580/1146/1146 590/1147/1147
f 590/1147/1147 580/1146/1146 581/1148/1148
f 590/1147/1147 581/1148/1148 589/1149/1149
f 589/1149/1149 581/1148/1148 582/1150/1150
f 589/1149/1149 582/1150/1150 588/1151/1151
f 588/1151/1151 582/1150/1150 583/1152/1152
f 588/1151/1151 583/1152/1152 587/1153/1153
f 587/1153/1153 583/1152/1152 584/1154/1154
f 587/1153/1153 584/1154/1154 586/1155/1155
f 586/1155/1155 584/1154/1154 585/1156/1156
f 593/1157/1157 577/1158/1158 600/1159/1159
f 600/1159/1159 577/1158/1158 592/1160/1160
f 600/1159/1159 592/1160/1160 599/1161/1161
f 599/1161/1161 592/1160/1160 591/1162/1162
f 599/1161/1161 591/1162/1162 598/1163/1163
f 598/1163/1163 591/1162/1162 590/1164/1164
f 598/1163/1163 590/1164/1164 597/1165/1165
f 597/1165/1165 590/1164/1164 589/1166/1166
f 597/1165/1165 589/1166/1166 596/1167/1167
f 596/1167/1167 589/1166/1166 588/1168/1168
f 596/1167/1167 588/1168/1168 595/1169/1169
f 595/1169/1169 588/1168/1168 587/1170/1170
f 595/1169/1169 587/1170/1170 594/1171/1171
f 594/1171/1171 587/1170/1170 586/1172/1172
f 601/1173/1173 593/1174/1174 608/1175/1175
f 608/1175/1175 593/1174/1174 600/1176/1176
f 608/1175/1175 600/1176/1176 607/1177/1177
f 607/1177/1177 600/1176/1176 599/1178/1178
f 607/1177/1177 599/1178/1178 606/1179/1179
f 606/1179/1179 599/1178/1178 598/1180/1180
f 606/1179/1179 598/1180/1180 605/1181/1181
f 605/1181/1181 598/1180/1180 597/1182/1182
f 605/1181/1181 597/1182/1182 604/1183/1183
f 604/1183/1183 597/1182/1182 596/1184/1184
f 604/1183/1183 596/1184/1184 603/1185/1185
f 603/1185/1185 596/1184/1184 595/1186/1186
f 603/1185/1185 595/1186/1186 602/1187/1187
f 602/1187/1187 595/1186/1186 594/1188/1188
f 578/1189/1189 601/1190/1190 579/1191/1191
f 579/1191/1191 601/1190/1190 608/1192/1192
f 579/1191/1191 608/1192/1192 580/1193/1193
f 580/1193/1193 608/1192/1192 607/1194/1194
f 580/1193/1193 607/1194/1194 581/1195/1195
f 581/1195/1195 607/1194/1194 606/1196/1196
f 581/1195/1195 606/1196/1196 582/1197/1197
f 582/1197/1197 606/1196/1196 605/1198/1198
f 582/1197/1197 605/1198/1198 583/1199/1199
f 583/1199/1199 605/1198/1198 604/1200/1200
f 583/1199/1199 604/1200/1200 584/1201/1201
f 584/1201/1201 604/1200/1200 603/1202/1202
f 584/1201/1201 603/1202/1202 585/1203/1203
f 585/1203/1203 603/1202/1202 602/1204/1204
f 602/1205/1205 594/1206/1206 585/1207/1207
f 585/1207/1207 594/1206/1206 586/1208/1208
f 601/1209/1209 578/1210/1210 593/1211/1211
f 593/1211/1211 578/1210/1210 577/1212/1212
g Body1:12

v 2.000000 0.000000 -54.000000
v 2.000000 -2.000000 -54.000000
v 2.000000 -2.000000 -64.000000
v 2.000000 -2.000000 -74.000000
v 2.000000 -2.000000 -84.000000
v 2.000000 -2.000000 -94.000000
v 2.000000 -2.000000 -104.000000
v 2.000000 0.000000 -104.000000
v 2.000000 0.000000 -94.000000
v 2.000000 0.000000 -84.000000
v 2.000000 0.000000 -74.000000
v 2.000000 0.000000 -64.000000
v -0.000000 0.000000 -54.000000
v -0.000000 0.000000 -104.000000
v -0.000000 0.000000 -94.000000
v -0.000000 0.000000 -84.000000
v -0.000000 0.000000 -74.000000
v -0.000000 0.000000 -64.000000
v -0.000000 -2.000000 -54.000000
v -0.000000 -2.000000 -104.000000
v -0.000000 -2.000000 -94.000000
v -0.000000 -2.000000 -84.000000
v -0.000000 -2.000000 -74.000000
v -0.000000 -2.000000 -64.000000
vt 0.000000 0.000000 0.000000
vt 2.000000 0.000000 0.000000
vt 0.000000 10.000000 0.000000
vt 2.000000 10.000000 0.000000
vt 0.000000 20.000000 0.000000
vt 2.000000 20.000000 0.000000
vt 0.000000 30.000000 0.000000
vt 2.000000 30.000000 0.000000
vt 0.000000 40.000000 0.000000
vt 2.000000 40.000000 0.000000
vt 0.000000 50.000000 0.000000
vt 2.000000 50.000000 0.000000
vt -0.000000 0.000000 0.000000
vt 2.000000 0.000000 0.000000
vt -0.000000 10.000000 0.000000
vt 2.000000 10.000000 0.000000
vt -0.000000 20.000000 0.000000
vt 2.000000 20.000000 0.000000
vt -0.000000 30.000000 0.000000
vt 2.000000 30.000000 0.000000
vt -0.000000 40.000000 0.000000
vt 2.000000 40.000000 0.000000
vt -0.000000 50.000000 0.000000
vt 2.000000 50.000000 0.000000
vt -0.000000 0.000000 0.000000
vt 2.000000 0.000000 0.000000
vt -0.000000 10.000000 0.000000
vt 2.000000 10.000000 0.000000
vt -0.000000 20.000000 0.000000
vt 2.000000 20.000000 0.000000
vt -0.000000 30.000000 0.000000
vt 2.000000 30.000000 0.000000
vt -0.000000 40.000000 0.000000
vt 2.000000 40.000000 0.000000
vt -0.000000 50.000000 0.000000
vt 2.000000 50.000000 0.000000
vt 0.000000 0.000000 0.000000
vt 2.000000 0.000000 0.000000
vt 0.000000 10.000000 0.000000
vt 2.000000 10.000000 0.000000
vt 0.000000 20.000000 0.000000
vt 2.000000 20.000000 0.000000
vt 0.000000 30.000000 0.000000
vt 2.000000 30.000000 0.000000
vt 0.000000 40.000000 0.000000
vt 2.000000 40.000000 0.000000
vt 0.000000 50.000000 0.000000
vt 2.000000 50.000000 0.000000
vt 1.000000 1.000000 0.000000
vt -1.000000 1.000000 0.000000
vt 1.000000 -1.000000 0.000000
vt -1.000000 -1.000000 0.000000
vt -1.000000 -1.000000 0.000000
vt 1.000000 -1.000000 0.000000
vt -1.000000 1.000000 0.000000
vt 1.000000 1.000000 0.000000
vn 1.000000 0.000000 0.000000
vn 1.000000 0.000000 0.000000
vn 1.000000 0.000000 0.000000
vn 1.000000 0.000000 0.000000
vn 1.000000 0.000000 0.000000
vn 1.000000 0.000000 0.000000
vn 1.000000 0.000000 0.000000
vn 1.000000 0.000000 0.000000
vn 1.000000 0.000000 0.000000
vn 1.000000 0.000000 0.000000
vn 1.000000 0.000000 0.000000
vn 1.000000 0.000000 0.000000
vn 0.000000 1.000000 0.000000
vn 0.000000 1.000000 0.000000
vn 0.000000 1.000000 0.000000
vn 0.000000 1.000000 0.000000
vn 0.000000 1.000000 0.000000
vn 0.000000 1.000000 0.000000
vn 0.000000 1.000000 0.000000
vn 0.000000 1.000000 0.000000
vn 0.000000 1.000000 0.000000
vn 0.000000 1.000000 0.000000
vn 0.000000 1.000000 0.000000
vn 0.000000 1.000000 0.000000
vn -1.000000 -0.000000 -0.000000
vn -1.000000 -0.000000 -0.000000
vn -1.000000 -0.000000 -0.000000
vn -1.000000 -0.000000 -0.000000
vn -1.000000 -0.000000 -0.000000
vn -1.000000 -0.000000 -0.000000
vn -1.000000 -0.000000 -0.000000
vn -1.000000 -0.000000 -0.000000
vn -1.000000 -0.000000 -0.000000
vn -1.000000 -0.000000 -0.000000
vn -1.000000 -0.000000 -0.000000
vn -1.000000 -0.000000 -0.000000
vn -0.000000 -1.000000 -0.000000
vn -0.000000 -1.000000 -0.000000
vn -0.000000 -1.000000 -0.000000
vn -0.000000 -1.000000 -0.000000
vn -0.000000 -1.000000 -0.000000
vn -0.000000 -1.000000 -0.000000
vn -0.000000 -1.000000 -0.000000
vn -0.000000 -1.000000 -0.000000
vn -0.000000 -1.000000 -0.000000
vn -0.000000 -1.000000 -0.000000
vn -0.000000 -1.000000 -0.000000
vn -0.000000 -1.000000 -0.000000
vn 0.000000 -0.000000 -1.000000
vn 0.000000 -0.000000 -1.000000
vn 0.000000 -0.000000 -1.000000
vn 0.000000 -0.000000 -1.000000
vn -0.000000 0.000000 1.000000
vn -0.000000 0.000000 1.000000
vn -0.000000 0.000000 1.000000
vn -0.000000 0.000000 1.000000
f 609/1213/1213 610/1214/1214 620/1215/1215
f 620/1215/1215 610/1214/1214 611/1216/1216
f 620/1215/1215 611/1216/1216 619/1217/1217
f 619/1217/1217 611/1216/1216 612/1218/1218
f 619/1217/1217 612/1218/1218 618/1219/1219
f 618/1219/1219 612/1218/1218 613/1220/1220
f 618/1219/1219 613/1220/1220 617/1221/1221
f 617/1221/1221 613/1220/1220 614/1222/1222
f 617/1221/1221 614/1222/1222 616/1223/1223
f 616/1223/1223 614/1222/1222 615/1224/1224
f 621/1225/1225 609/1226/1226 626/1227/1227
f 626/1227/1227 609/1226/1226 620/1228/1228
f 626/1227/1227 620/1228/1228 625/1229/1229
f 625/1229/1229 620/1228/1228 619/1230/1230
f 625/1229/1229 619/1230/1230 624/1231/1231
f 624/1231/1231 619/1230/1230 618/1232/1232
f 624/1231/1231 618/1232/1232 623/1233/1233
f 623/1233/1233 618/1232/1232 617/1234/1234
f 623/1233/1233 617/1234/1234 622/1235/1235
f 622/1235/1235 617/1234/1234 616/1236/1236
f 627/1237/1237 621/1238/1238 632/1239/1239
f 632/1239/1239 621/1238/1238 626/1240/1240
f 632/1239/1239 626/1240/1240 631/1241/1241
f 631/1241/1241 626/1240/1240 625/1242/1242
f 631/1241/1241 625/1242/1242 630/1243/1243
f 630/1243/1243 625/1242/1242 624/1244/1244
f 630/1243/1243 624/1244/1244 629/1245/1245
f 629/1245/1245 624/1244/1244 623/1246/1246
f 629/1245/1245 623/1246/1246 628/1247/1247
f 628/1247/1247 623/1246/1246 622/1248/1248
f 610/1249/1249 627/1250/1250 611/1251/1251
f 611/1251/1251 627/1250/1250 632/1252/1252
f 611/1251/1251 632/1252/1252 612/1253/1253
f 612/1253/1253 632/1252/1252 631/1254/1254
f 612/1253/1253 631/1254/1254 613/1255/1255
f 613/1255/1255 631/1254/1254 630/1256/1256
f 613/1255/1255 630/1256/1256 614/1257/1257
f 614/1257/1257 630/1256/1256 629/1258/1258
f 614/1257/1257 629/1258/1258 615/1259/1259
f 615/1259/1259 629/1258/1258 628/1260/1260
f 628/1261/1261 622/1262/1262 615/1263/1263
f 615/1263/1263 622/1262/1262 616/1264/1264
f 627/1265/1265 610/1266/1266 621/1267/1267
f 621/1267/1267 610/1266/1266 609/1268/1268
g Body1:13

v 2.000000 0.000000 -52.000000
v 2.000000 0.000000 -54.000000
v 2.000000 10.909091 -54.000000
v 2.000000 21.818182 -54.000000
v 2.000000 32.727273 -54.000000
v 2.000000 43.636364 -54.000000
v 2.000000 54.545455 -54.000000
v 2.000000 65.454545 -54.000000
v 2.000000 76.363636 -54.000000
v 2.000000 87.272727 -54.000000
v 2.000000 98.181818 -54.000000
v 2.000000 109.090909 -54.000000
v 2.000000 120.000000 -54.000000
v 2.000000 120.000000 -52.000000
v 2.000000 109.090909 -52.000000
v 2.000000 98.181818 -52.000000
v 2.000000 87.272727 -52.000000
v 2.000000 76.363636 -52.000000
v 2.000000 65.454545 -52.000000
v 2.000000 54.545455 -52.000000
v 2.000000 43.636364 -52.000000
v 2.000000 32.727273 -52.000000
v 2.000000 21.818182 -52.000000
v 2.000000 10.909091 -52.000000
v 0.000000 0.000000 -52.000000
v -0.000000 120.000000 -52.000000
v -0.000000 109.090909 -52.000000
v -0.000000 98.181818 -52.000000
v -0.000000 87.272727 -52.000000
v -0.000000 76.363636 -52.000000
v -0.000000 65.454545 -52.000000
v -0.000000 54.545455 -52.000000
v -0.000000 43.636364 -52.000000
v -0.000000 32.727273 -52.000000
v -0.000000 21.818182 -52.000000
v -0.000000 10.909091 -52.000000
v 0.000000 0.000000 -54.000000
v -0.000000 120.000000 -54.000000
v -0.000000 109.090909 -54.000000
v -0.000000 98.181818 -54.000000
v -0.000000 87.272727 -54.000000
v -0.000000 76.363636 -54.000000
v -0.000000 65.454545 -54.000000
v -0.000000 54.545455 -54.000000
v -0.000000 43.636364 -54.000000
v -0.000000 32.727273 -54.000000
v -0.000000 21.818182 -54.000000
v -0.000000 10.909091 -54.000000
vt 0.000000 0.000000 0.000000
vt 2.000000 0.000000 0.000000
vt 0.000000 10.909091 0.000000
vt 2.000000 10.909091 0.000000
vt 0.000000 21.818182 0.000000
vt 2.000000 21.818182 0.000000
vt 0.000000 32.727273 0.000000
vt 2.000000 32.727273 0.000000
vt 0.000000 43.636364 0.000000
vt 2.000000 43.636364 0.000000
vt 0.000000 54.545455 0.000000
vt 2.000000 54.545455 0.000000
vt 0.000000 65.454545 0.000000
vt 2.000000 65.454545 0.000000
vt 0.000000 76.363636 0.000000
vt 2.000000 76.363636 0.000000
vt 0.000000 87.272727 0.000000
vt 2.000000 87.272727 0.000000
vt 0.000000 98.181818 0.000000
vt 2.000000 98.181818 0.000000
vt 0.000000 109.090909 0.000000
vt 2.000000 109.090909 0.000000
vt 0.000000 120.000000 0.000000
vt 2.000000 120.000000 0.000000
vt -0.000000 0.000000 0.000000
vt 2.000000 0.000000 0.000000
vt -0.000000 10.909091 0.000000
vt 2.000000 10.909091 0.000000
vt -0.000000 21.818182 0.000000
vt 2.000000 21.818182 0.000000
vt -0.000000 32.727273 0.000000
vt 2.000000 32.727273 0.000000
vt -0.000000 43.636364 0.000000
vt 2.000000 43.636364 0.000000
vt -0.000000 54.545455 0.000000
vt 2.000000 54.545455 0.000000
vt -0.000000 65.454545 0.000000
vt 2.000000 65.454545 0.000000
vt -0.000000 76.363636 0.000000
vt 2.000000 76.363636 0.000000
vt -0.000000 87.272727 0.000000
vt 2.000000 87.272727 0.000000
vt -0.000000 98.181818 0.000000
vt 2.000000 98.181818 0.000000
vt -0.000000 109.090909 0.000000
vt 2.000000 109.090909 0.000000
vt -0.000000 120.000000 0.000000
vt 2.000000 120.000000 0.000000
vt -0.000000 0.000000 0.000000
vt 2.000000 0.000000 0.000000
vt -0.000000 10.909091 0.000000
vt 2.000000 10.909091 0.000000
vt -0.000000 21.818182 0.000000
vt 2.000000 21.818182 0.000000
vt -0.000000 32.727273 0.000000
vt 2.000000 32.727273 0.000000
vt -0.000000 43.636364 0.000000
vt 2.000000 43.636364 0.000000
vt -0.000000 54.545455 0.000000
vt 2.000000 54.545455 0.000000
vt -0.000000 65.454545 0.000000
vt 2.000000 65.454545 0.000000
vt -0.000000 76.363636 0.000000
vt 2.000000 76.363636 0.000000
vt -0.000000 87.272727 0.000000
vt 2.000000 87.272727 0.000000
vt -0.000000 98.181818 0.000000
vt 2.000000 98.181818 0.000000
vt -0.000000 109.090909 0.000000
vt 2.000000 109.090909 0.000000
vt -0.000000 120.000000 0.000000
vt 2.000000 120.000000 0.000000
vt -0.000000 0.000000 0.000000
vt 2.000000 0.000000 0.000000
vt -0.000000 10.909091 0.000000
vt 2.000000 10.909091 0.000000
vt -0.000000 21.818182 0.000000
vt 2.000000 21.818182 0.000000
vt -0.000000 32.727273 0.000000
vt 2.000000 32.727273 0.000000
vt -0.000000 43.636364 0.000000
vt 2.000000 43.636364 0.000000
vt -0.000000 54.545455 0.000000
vt 2.000000 54.545455 0.000000
vt -0.000000 65.454545 0.000000
vt 2.000000 65.454545 0.000000
vt -0.000000 76.363636 0.000000
vt 2.000000 76.363636 0.000000
vt -0.000000 87.272727 0.000000
vt 2.000000 87.272727 0.000000
vt -0.000000 98.181818 0.000000
vt 2.000000 98.181818 0.000000
vt -0.000000 109.090909 0.000000
vt 2.000000 109.090909 0.000000
vt 0.000000 120.000000 0.000000
vt 2.000000 120.000000 0.000000
vt 1.000000 1.000000 0.000000
vt -1.000000 1.000000 0.000000
vt 1.000000 -1.000000 0.000000
vt -1.000000 -1.000000 0.000000
vt -1.000000 -1.000000 0.000000
vt 1.000000 -1.000000 0.000000
vt -1.000000 1.000000 0.000000
vt 1.000000 1.000000 0.000000
vn 1.000000 0.000000 0.000000
vn 1.000000 0.000000 0.000000
vn 1.000000 0.000000 0.000000
vn 1.000000 0.000000 0.000000
vn 1.000000 0.000000 0.000000
vn 1.000000 0.000000 0.000000
vn 1.000000 0.000000 0.000000
vn 1.000000 0.000000 0.000000
vn 1.000000 0.000000 0.000000
vn 1.000000 0.000000 0.000000
vn 1.000000 0.000000 0.000000
vn 1.000000 0.000000 0.000000
vn 1.000000 0.000000 0.000000
vn 1.000000 0.000000 0.000000
vn 1.000000 0.000000 0.000000
vn 1.000000 0.000000 0.000000
vn 1.000000 0.000000 0.000000
vn 1.000000 0.000000 0.000000
vn 1.000000 0.000000 0.000000
vn 1.000000 0.000000 0.000000
vn 1.000000 0.000000 0.000000
vn 1.000000 0.000000 0.000000
vn 1.000000 0.000000 0.000000
vn 1.000000 0.000000 0.000000
vn -0.000000 0.000000 1.000000
vn -0.000000 0.000000 1.000000
vn -0.000000 0.000000 1.000000
vn -0.000000 0.000000 1.000000
vn -0.000000 0.000000 1.000000
vn -0.000000 0.000000 1.000000
vn -0.000000 0.000000 1.000000
vn -0.000000 0.000000 1.000000
vn -0.000000 0.000000 1.000000
vn -0.000000 0.000000 1.000000
vn -0.000000 0.000000 1.000000
vn -0.000000 0.000000 1.000000
vn -0.000000 0.000000 1.000000
vn -0.000000 0.000000 1.000000
vn -0.000000 0.000000 1.000000
vn -0.000000 0.000000 1.000000
vn -0.000000 0.000000 1.000000
vn -0.000000 0.000000 1.000000
vn -0.000000 0.000000 1.000000
vn -0.000000 0.000000 1.000000
vn -0.000000 0.000000 1.000000
vn -0.000000 0.000000 1.000000
vn -0.000000 0.000000 1.000000
vn -0.000000 0.000000 1.000000
vn -1.000000 -0.000000 -0.000000
vn -1.000000 -0.000000 -0.000000
vn -1.000000 -0.000000 -0.000000
vn -1.000000 -0.000000 -0.000000
vn -1.000000 -0.000000 -0.000000
vn -1.000000 -0.000000 -0.000000
vn -1.000000 -0.000000 -0.000000
vn -1.000000 -0.000000 -0.000000
vn -1.000000 -0.000000 -0.000000
vn -1.000000 -0.000000 -0.000000
vn -1.000000 -0.000000 -0.000000
vn -1.000000 -0.000000 -0.000000
vn -1.000000 -0.000000 -0.000000
vn -1.000000 -0.000000 -0.000000
vn -1.000000 -0.000000 -0.000000
vn -1.000000 -0.000000 -0.000000
vn -1.000000 -0.000000 -0.000000
vn -1.000000 -0.000000 -0.000000
vn -1.000000 -0.000000 -0.000000
vn -1.000000 -0.000000 -0.000000
vn -1.000000 -0.000000 -0.000000
vn -1.000000 -0.000000 -0.000000
vn -1.000000 -0.000000 -0.000000
vn -1.000000 -0.000000 -0.000000
vn 0.000000 -0.000000 -1.000000
vn 0.000000 -0.000000 -1.000000
vn 0.000000 -0.000000 -1.000000
vn 0.000000 -0.000000 -1.000000
vn 0.000000 -0.000000 -1.000000
vn 0.000000 -0.000000 -1.000000
vn 0.000000 -0.000000 -1.000000
vn 0.000000 -0.000000 -1.000000
vn 0.000000 -0.000000 -1.000000
vn 0.000000 -0.000000 -1.000000
vn 0.000000 -0.000000 -1.000000
vn 0.000000 -0.000000 -1.000000
vn 0.000000 -0.000000 -1.000000
vn 0.000000 -0.000000 -1.000000
vn 0.000000 -0.000000 -1.000000
vn 0.000000 -0.000000 -1.000000
vn 0.000000 -0.000000 -1.000000
vn 0.000000 -0.000000 -1.000000
vn 0.000000 -0.000000 -1.000000
vn 0.000000 -0.000000 -1.000000
vn 0.000000 -0.000000 -1.000000
vn 0.000000 -0.000000 -1.000000
vn 0.000000 -0.000000 -1.000000
vn 0.000000 -0.000000 -1.000000
vn -0.000000 1.000000 -0.000000
vn -0.000000 1.000000 -0.000000
vn -0.000000 1.000000 -0.000000
vn -0.000000 1.000000 -0.000000
vn 0.000000 -1.000000 0.000000
vn 0.000000 -1.000000 0.000000
vn 0.000000 -1.000000 0.000000
vn 0.000000 -1.000000 0.000000
f 633/1269/1269 634/1270/1270 656/1271/1271
f 656/1271/1271 634/1270/1270 635/1272/1272
f 656/1271/1271 635/1272/1272 655/1273/1273
f 655/1273/1273 635/1272/1272 636/1274/1274
f 655/1273/1273 636/1274/1274 654/1275/1275
f 654/1275/1275 636/1274/1274 637/1276/1276
f 654/1275/1275 637/1276/1276 653/1277/1277
f 653/1277/1277 637/1276/1276 638/1278/1278
f 653/1277/1277 638/1278/1278 652/1279/1279
f 652/1279/1279 638/1278/1278 639/1280/1280
f 652/1279/1279 639/1280/1280 651/1281/1281
f 651/1281/1281 639/1280/1280 640/1282/1282
f 651/1281/1281 640/1282/1282 650/1283/1283
f 650/1283/1283 640/1282/1282 641/1284/1284
f 650/1283/1283 641/1284/1284 649/1285/1285
f 649/1285/1285 641/1284/1284 642/1286/1286
f 649/1285/1285 642/1286/1286 648/1287/1287
f 648/1287/1287 642/1286/1286 643/1288/1288
f 648/1287/1287 643/1288/1288 647/1289/1289
f 647/1289/1289 643/1288/1288 644/1290/1290
f 647/1289/1289 644/1290/1290 646/1291/1291
f 646/1291/1291 644/1290/1290 645/1292/1292
f 657/1293/1293 633/1294/1294 668/1295/1295
f 668/1295/1295 633/1294/1294 656/1296/1296
f 668/1295/1295 656/1296/1296 667/1297/1297
f 667/1297/1297 656/1296/1296 655/1298/1298
f 667/1297/1297 655/1298/1298 666/1299/1299
f 666/1299/1299 655/1298/1298 654/1300/1300
f 666/1299/1299 654/1300/1300 665/1301/1301
f 665/1301/1301 654/1300/1300 653/1302/1302
f 665/1301/1301 653/1302/1302 664/1303/1303
f 664/1303/1303 653/1302/1302 652/1304/1304
f 664/1303/1303 652/1304/1304 663/1305/1305
f 663/1305/1305 652/1304/1304 651/1306/1306
f 663/1305/1305 651/1306/1306 662/1307/1307
f 662/1307/1307 651/1306/1306 650/1308/1308
f 662/1307/1307 650/1308/1308 661/1309/1309
f 661/1309/1309 650/1308/1308 649/1310/1310
f 661/1309/1309 649/1310/1310 660/1311/1311
f 660/1311/1311 649/1310/1310 648/1312/1312
f 660/1311/1311 648/1312/1312 659/1313/1313
f 659/1313/1313 648/1312/1312 647/1314/1314
f 659/1313/1313 647/1314/1314 658/1315/1315
f 658/1315/1315 647/1314/1314 646/1316/1316
f 669/1317/1317 657/1318/1318 680/1319/1319
f 680/1319/1319 657/1318/1318 668/1320/1320
f 680/1319/1319 668/1320/1320 679/1321/1321
f 679/1321/1321 668/1320/1320 667/1322/1322
f 679/1321/1321 667/1322/1322 678/1323/1323
f 678/1323/1323 667/1322/1322 666/1324/1324
f 678/1323/1323 666/1324/1324 677/1325/1325
f 677/1325/1325 666/1324/1324 665/1326/1326
f 677/1325/1325 665/1326/1326 676/1327/1327
f 676/1327/1327 665/1326/1326 664/1328/1328
f 676/1327/1327 664/1328/1328 675/1329/1329
f 675/1329/1329 664/1328/1328 663/1330/1330
f 675/1329/1329 663/1330/1330 674/1331/1331
f 674/1331/1331 663/1330/1330 662/1332/1332
f 674/1331/1331 662/1332/1332 673/1333/1333
f 673/1333/1333 662/1332/1332 661/1334/1334
f 673/1333/1333 661/1334/1334 672/1335/1335
f 672/1335/1335 661/1334/1334 660/1336/1336
f 672/1335/1335 660/1336/1336 671/1337/1337
f 671/1337/1337 660/1336/1336 659/1338/1338
f 671/1337/1337 659/1338/1338 670/1339/1339
f 670/1339/1339 659/1338/1338 658/1340/1340
f 634/1341/1341 669/1342/1342 635/1343/1343
f 635/1343/1343 669/1342/1342 680/1344/1344
f 635/1343/1343 680/1344/1344 636/1345/1345
f 636/1345/1345 680/1344/1344 679/1346/1346
f 636/1345/1345 679/1346/1346 637/1347/1347
f 637/1347/1347 679/1346/1346 678/1348/1348
f 637/1347/1347 678/1348/1348 638/1349/1349
f 638/1349/1349 678/1348/1348 677/1350/1350
f 638/1349/1349 677/1350/1350 639/1351/1351
f 639/1351/1351 677/1350/1350 676/1352/1352
f 639/1351/1351 676/1352/1352 640/1353/1353
f 640/1353/1353 676/1352/1352 675/1354/1354
f 640/1353/1353 675/1354/1354 641/1355/1355
f 641/1355/1355 675/1354/1354 674/1356/1356
f 641/1355/1355 674/1356/1356 642/1357/1357
f 642/1357/1357 674/1356/1356 673/1358/1358
f 642/1357/1357 673/1358/1358 643/1359/1359
f 643/1359/1359 673/1358/1358 672/1360/1360
f 643/1359/1359 672/1360/1360 644/1361/1361
f 644/1361/1361 672/1360/1360 671/1362/1362
f 644/1361/1361 671/1362/1362 645/1363/1363
f 645/1363/1363 671/1362/1362 670/1364/1364
f 670/1365/1365 658/1366/1366 645/1367/1367
f 645/1367/1367 658/1366/1366 646/1368/1368
f 669/1369/1369 634/1370/1370 657/1371/1371
f 657/1371/1371 634/1370/1370 633/1372/1372
g Body1:14

v 72.000000 122.000000 -104.000000
v 72.000000 122.000000 -106.000000
v 62.000000 122.000000 -106.000000
v 52.000000 122.000000 -106.000000
v 42.000000 122.000000 -106.000000
v 32.000000 122.000000 -106.000000
v 22.000000 122.000000 -106.000000
v 12.000000 122.000000 -106.000000
v 2.000000 122.000000 -106.000000
v 2.000000 122.000000 -104.000000
v 12.000000 122.000000 -104.000000
v 22.000000 122.000000 -104.000000
v 32.000000 122.000000 -104.000000
v 42.000000 122.000000 -104.000000
v 52.000000 122.000000 -104.000000
v 62.000000 122.000000 -104.000000
v 72.000000 120.000000 -104.000000
v 2.000000 120.000000 -104.000000
v 12.000000 120.000000 -104.000000
v 22.000000 120.000000 -104.000000
v 32.000000 120.000000 -104.000000
v 42.000000 120.000000 -104.000000
v 52.000000 120.000000 -104.000000
v 62.000000 120.000000 -104.000000
v 72.000000 120.000000 -106.000000
v 2.000000 120.000000 -106.000000
v 12.000000 120.000000 -106.000000
v 22.000000 120.000000 -106.000000
v 32.000000 120.000000 -106.000000
v 42.000000 120.000000 -106.000000
v 52.000000 120.000000 -106.000000
v 62.000000 120.000000 -106.000000
vt 0.000000 0.000000 0.000000
vt 2.000000 0.000000 0.000000
vt 0.000000 10.000000 0.000000
vt 2.000000 10.000000 0.000000
vt 0.000000 20.000000 0.000000
vt 2.000000 20.000000 0.000000
vt 0.000000 30.000000 0.000000
vt 2.000000 30.000000 0.000000
vt 0.000000 40.000000 0.000000
vt 2.000000 40.000000 0.000000
vt 0.000000 50.000000 0.000000
vt 2.000000 50.000000 0.000000
vt 0.000000 60.000000 0.000000
vt 2.000000 60.000000 0.000000
vt 0.000000 70.000000 0.000000
vt 2.000000 70.000000 0.000000
vt -0.000000 0.000000 0.000000
vt 2.000000 0.000000 0.000000
vt -0.000000 10.000000 0.000000
vt 2.000000 10.000000 0.000000
vt -0.000000 20.000000 0.000000
vt 2.000000 20.000000 0.000000
vt -0.000000 30.000000 0.000000
vt 2.000000 30.000000 0.000000
vt -0.000000 40.000000 0.000000
vt 2.000000 40.000000 0.000000
vt -0.000000 50.000000 0.000000
vt 2.000000 50.000000 0.000000
vt -0.000000 60.000000 0.000000
vt 2.000000 60.000000 0.000000
vt -0.000000 70.000000 0.000000
vt 2.000000 70.000000 0.000000
vt -0.000000 0.000000 0.000000
vt 2.000000 0.000000 0.000000
vt -0.000000 10.000000 0.000000
vt 2.000000 10.000000 0.000000
vt -0.000000 20.000000 0.000000
vt 2.000000 20.000000 0.000000
vt -0.000000 30.000000 0.000000
vt 2.000000 30.000000 0.000000
vt -0.000000 40.000000 0.000000
vt 2.000000 40.000000 0.000000
vt -0.000000 50.000000 0.000000
vt 2.000000 50.000000 0.000000
vt -0.000000 60.000000 0.000000
vt 2.000000 60.000000 0.000000
vt -0.000000 70.000000 0.000000
vt 2.000000 70.000000 0.000000
vt 0.000000 0.000000 0.000000
vt 2.000000 0.000000 0.000000
vt 0.000000 10.000000 0.000000
vt 2.000000 10.000000 0.000000
vt 0.000000 20.000000 0.000000
vt 2.000000 20.000000 0.000000
vt 0.000000 30.000000 0.000000
vt 2.000000 30.000000 0.000000
vt 0.000000 40.000000 0.000000
vt 2.000000 40.000000 0.000000
vt 0.000000 50.000000 0.000000
vt 2.000000 50.000000 0.000000
vt 0.000000 60.000000 0.000000
vt 2.000000 60.000000 0.000000
vt 0.000000 70.000000 0.000000
vt 2.000000 70.000000 0.000000
vt 1.000000 1.000000 0.000000
vt -1.000000 1.000000 0.000000
vt 1.000000 -1.000000 0.000000
vt -1.000000 -1.000000 0.000000
vt -1.000000 -1.000000 0.000000
vt 1.000000 -1.000000 0.000000
vt -1.000000 1.000000 0.000000
vt 1.000000 1.000000 0.000000
vn 0.000000 1.000000 -0.000000
vn 0.000000 1.000000 -0.000000
vn 0.000000 1.000000 -0.000000
vn 0.000000 1.000000 -0.000000
vn 0.000000 1.000000 -0.000000
vn 0.000000 1.000000 -0.000000
vn 0.000000 1.000000 -0.000000
vn 0.000000 1.000000 -0.000000
vn 0.000000 1.000000 -0.000000
vn 0.000000 1.000000 -0.000000
vn 0.000000 1.000000 -0.000000
vn 0.000000 1.000000 -0.000000
vn 0.000000 1.000000 -0.000000
vn 0.000000 1.000000 -0.000000
vn 0.000000 1.000000 -0.000000
vn 0.000000 1.000000 -0.000000
vn -0.000000 0.000000 1.000000
vn -0.000000 0.000000 1.000000
vn -0.000000 0.000000 1.000000
vn -0.000000 0.000000 1.000000
vn -0.000000 0.000000 1.000000
vn -0.000000 0.000000 1.000000
vn -0.000000 0.000000 1.000000
vn -0.000000 0.000000 1.000000
vn -0.000000 0.000000 1.000000
vn -0.000000 0.000000 1.000000
vn -0.000000 0.000000 1.000000
vn -0.000000 0.000000 1.000000
vn -0.000000 0.000000 1.000000
vn -0.000000 0.000000 1.000000
vn -0.000000 0.000000 1.000000
vn -0.000000 0.000000 1.000000
vn -0.000000 -1.000000 0.000000
vn -0.000000 -1.000000 0.000000
vn -0.000000 -1.000000 0.000000
vn -0.000000 -1.000000 0.000000
vn -0.000000 -1.000000 0.000000
vn -0.000000 -1.000000 0.000000
vn -0.000000 -1.000000 0.000000
vn -0.000000 -1.000000 0.000000
vn -0.000000 -1.000000 0.000000
vn -0.000000 -1.000000 0.000000
vn -0.000000 -1.000000 0.000000
vn -0.000000 -1.000000 0.000000
vn -0.000000 -1.000000 0.000000
vn -0.000000 -1.000000 0.000000
vn -0.000000 -1.000000 0.000000
vn -0.000000 -1.000000 0.000000
vn 0.000000 -0.000000 -1.000000
vn 0.000000 -0.000000 -1.000000
vn 0.000000 -0.000000 -1.000000
vn 0.000000 -0.000000 -1.000000
vn 0.000000 -0.000000 -1.000000
vn 0.000000 -0.000000 -1.000000
vn 0.000000 -0.000000 -1.000000
vn 0.000000 -0.000000 -1.000000
vn 0.000000 -0.000000 -1.000000
vn 0.000000 -0.000000 -1.000000
vn 0.000000 -0.000000 -1.000000
vn 0.000000 -0.000000 -1.000000
vn 0.000000 -0.000000 -1.000000
vn 0.000000 -0.000000 -1.000000
vn 0.000000 -0.000000 -1.000000
vn 0.000000 -0.000000 -1.000000
vn -1.000000 0.000000 -0.000000
vn -1.000000 0.000000 -0.000000
vn -1.000000 0.000000 -0.000000
vn -1.000000 0.000000 -0.000000
vn 1.000000 -0.000000 0.000000
vn 1.000000 -0.000000 0.000000
vn 1.000000 -0.000000 0.000000
vn 1.000000 -0.000000 0.000000
f 681/1373/1373 682/1374/1374 696/1375/1375
f 696/1375/1375 682/1374/1374 683/1376/1376
f 696/1375/1375 683/1376/1376 695/1377/1377
f 695/1377/1377 683/1376/1376 684/1378/1378
f 695/1377/1377 684/1378/1378 694/1379/1379
f 694/1379/1379 684/1378/1378 685/1380/1380
f 694/1379/1379 685/1380/1380 693/1381/1381
f 693/1381/1381 685/1380/1380 686/1382/1382
f 693/1381/1381 686/1382/1382 692/1383/1383
f 692/1383/1383 686/1382/1382 687/1384/1384
f 692/1383/1383 687/1384/1384 691/1385/1385
f 691/1385/1385 687/1384/1384 688/1386/1386
f 691/1385/1385 688/1386/1386 690/1387/1387
f 690/1387/1387 688/1386/1386 689/1388/1388
f 697/1389/1389 681/1390/1390 704/1391/1391
f 704/1391/1391 681/1390/1390 696/1392/1392
f 704/1391/1391 696/1392/1392 703/1393/1393
f 703/1393/1393 696/1392/1392 695/1394/1394
f 703/1393/1393 695/1394/1394 702/1395/1395
f 702/1395/1395 695/1394/1394 694/1396/1396
f 702/1395/1395 694/1396/1396 701/1397/1397
f 701/1397/1397 694/1396/1396 693/1398/1398
f 701/1397/1397 693/1398/1398 700/1399/1399
f 700/1399/1399 693/1398/1398 692/1400/1400
f 700/1399/1399 692/1400/1400 699/1401/1401
f 699/1401/1401 692/1400/1400 691/1402/1402
f 699/1401/1401 691/1402/1402 698/1403/1403
f 698/1403/1403 691/1402/1402 690/1404/1404
f 705/1405/1405 697/1406/1406 712/1407/1407
f 712/1407/1407 697/1406/1406 704/1408/1408
f 712/1407/1407 704/1408/1408 711/1409/1409
f 711/1409/1409 704/1408/1408 703/1410/1410
f 711/1409/1409 703/1410/1410 710/1411/1411
f 710/1411/1411 703/1410/1410 702/1412/1412
f 710/1411/1411 702/1412/1412 709/1413/1413
f 709/1413/1413 702/1412/1412 701/1414/1414
f 709/1413/1413 701/1414/1414 708/1415/1415
f 708/1415/1415 701/1414/1414 700/1416/1416
f 708/1415/1415 700/1416/1416 707/1417/1417
f 707/1417/1417 700/1416/1416 699/1418/1418
f 707/1417/1417 699/1418/1418 706/1419/1419
f 706/1419/1419 699/1418/1418 698/1420/1420
f 682/1421/1421 705/1422/1422 683/1423/1423
f 683/1423/1423 705/1422/1422 712/1424/1424
f 683/1423/1423 712/1424/1424 684/1425/1425
f 684/1425/1425 712/1424/1424 711/1426/1426
f 684/1425/1425 711/1426/1426 685/1427/1427
f 685/1427/1427 711/1426/1426 710/1428/1428
f 685/1427/1427 710/1428/1428 686/1429/1429
f 686/1429/1429 710/1428/1428 709/1430/1430
f 686/1429/1429 709/1430/1430 687/1431/1431
f 687/1431/1431 709/1430/1430 708/1432/1432
f 687/1431/1431 708/1432/1432 688/1433/1433
f 688/1433/1433 708/1432/1432 707/1434/1434
f 688/1433/1433 707/1434/1434 689/1435/1435
f 689/1435/1435 707/1434/1434 706/1436/1436
f 706/1437/1437 698/1438/1438 689/1439/1439
f 689/1439/1439 698/1438/1438 690/1440/1440
f 705/1441/1441 682/1442/1442 697/1443/1443
f 697/1443/1443 682/1442/1442 681/1444/1444
g Body1:15

v 72.000000 122.000000 -52.000000
v 72.000000 122.000000 -54.000000
v 62.000000 122.000000 -54.000000
v 52.000000 122.000000 -54.000000
v 42.000000 122.000000 -54.000000
v 32.000000 122.000000 -54.000000
v 22.000000 122.000000 -54.000000
v 12.000000 122.000000 -54.000000
v 2.000000 122.000000 -54.000000
v 2.000000 122.000000 -52.000000
v 12.000000 122.000000 -52.000000
v 22.000000 122.000000 -52.000000
v 32.000000 122.000000 -52.000000
v 42.000000 122.000000 -52.000000
v 52.000000 122.000000 -52.000000
v 62.000000 122.000000 -52.000000
v 72.000000 120.000000 -52.000000
v 2.000000 120.000000 -52.000000
v 12.000000 120.000000 -52.000000
v 22.000000 120.000000 -52.000000
v 32.000000 120.000000 -52.000000
v 42.000000 120.000000 -52.000000
v 52.000000 120.000000 -52.000000
v 62.000000 120.000000 -52.000000
v 72.000000 120.000000 -54.000000
v 2.000000 120.000000 -54.000000
v 12.000000 120.000000 -54.000000
v 22.000000 120.000000 -54.000000
v 32.000000 120.000000 -54.000000
v 42.000000 120.000000 -54.000000
v 52.000000 120.000000 -54.000000
v 62.000000 120.000000 -54.000000
vt 0.000000 0.000000 0.000000
vt 2.000000 0.000000 0.000000
vt 0.000000 10.000000 0.000000
vt 2.000000 10.000000 0.000000
vt 0.000000 20.000000 0.000000
vt 2.000000 20.000000 0.000000
vt 0.000000 30.000000 0.000000
vt 2.000000 30.000000 0.000000
vt 0.000000 40.000000 0.000000
vt 2.000000 40.000000 0.000000
vt 0.000000 50.000000 0.000000
vt 2.000000 50.000000 0.000000
vt 0.000000 60.000000 0.000000
vt 2.000000 60.000000 0.000000
vt 0.000000 70.000000 0.000000
vt 2.000000 70.000000 0.000000
vt -0.000000 0.000000 0.000000
vt 2.000000 0.000000 0.000000
vt -0.000000 10.000000 0.000000
vt 2.000000 10.000000 0.000000
vt -0.000000 20.000000 0.000000
vt 2.000000 20.000000 0.000000
vt -0.000000 30.000000 0.000000
vt 2.000000 30.000000 0.000000
vt -0.000000 40.000000 0.000000
vt 2.000000 40.000000 0.000000
vt -0.000000 50.000000 0.000000
vt 2.000000 50.000000 0.000000
vt -0.000000 60.000000 0.000000
vt 2.000000 60.000000 0.000000
vt -0.000000 70.000000 0.000000
vt 2.000000 70.000000 0.000000
vt -0.000000 0.000000 0.000000
vt 2.000000 0.000000 0.000000
vt -0.000000 10.000000 0.000000
vt 2.000000 10.000000 0.000000
vt -0.000000 20.000000 0.000000
vt 2.000000 20.000000 0.000000
vt -0.000000 30.000000 0.000000
vt 2.000000 30.000000 0.000000
vt -0.000000 40.000000 0.000000
vt 2.000000 40.000000 0.000000
vt -0.000000 50.000000 0.000000
vt 2.000000 50.000000 0.000000
vt -0.000000 60.000000 0.000000
vt 2.000000 60.000000 0.000000
vt -0.000000 70.000000 0.000000
vt 2.000000 70.000000 0.000000
vt 0.000000 0.000000 0.000000
vt 2.000000 0.000000 0.000000
vt 0.000000 10.000000 0.000000
vt 2.000000 10.000000 0.000000
vt 0.000000 20.000000 0.000000
vt 2.000000 20.000000 0.000000
vt 0.000000 30.000000 0.000000
vt 2.000000 30.000000 0.000000
vt 0.000000 40.000000 0.000000
vt 2.000000 40.000000 0.000000
vt 0.000000 50.000000 0.000000
vt 2.000000 50.000000 0.000000
vt 0.000000 60.000000 0.000000
vt 2.000000 60.000000 0.000000
vt 0.000000 70.000000 0.000000
vt 2.000000 70.000000 0.000000
vt 1.000000 1.000000 0.000000
vt -1.000000 1.000000 0.000000
vt 1.000000 -1.000000 0.000000
vt -1.000000 -1.000000 0.000000
vt -1.000000 -1.000000 0.000000
vt 1.000000 -1.000000 0.000000
vt -1.000000 1.000000 0.000000
vt 1.000000 1.000000 0.000000
vn 0.000000 1.000000 -0.000000
vn 0.000000 1.000000 -0.000000
vn 0.000000 1.000000 -0.000000
vn 0.000000 1.000000 -0.000000
vn 0.000000 1.000000 -0.000000
vn 0.000000 1.000000 -0.000000
vn 0.000000 1.000000 -0.000000
vn 0.000000 1.000000 -0.000000
vn 0.000000 1.000000 -0.000000
vn 0.000000 1.000000 -0.000000
vn 0.000000 1.000000 -0.000000
vn 0.000000 1.000000 -0.000000
vn 0.000000 1.000000 -0.000000
vn 0.000000 1.000000 -0.000000
vn 0.000000 1.000000 -0.000000
vn 0.000000 1.000000 -0.000000
vn -0.000000 0.000000 1.000000
vn -0.000000 0.000000 1.000000
vn -0.000000 0.000000 1.000000
vn -0.000000 0.000000 1.000000
vn -0.000000 0.000000 1.000000
vn -0.000000 0.000000 1.000000
vn -0.000000 0.000000 1.000000
vn -0.000000 0.000000 1.000000
vn -0.000000 0.000000 1.000000
vn -0.000000 0.000000 1.000000
vn -0.000000 0.000000 1.000000
vn -0.000000 0.000000 1.000000
vn -0.000000 0.000000 1.000000
vn -0.000000 0.000000 1.000000
vn -0.000000 0.000000 1.000000
vn -0.000000 0.000000 1.000000
vn -0.000000 -1.000000 0.000000
vn -0.000000 -1.000000 0.000000
vn -0.000000 -1.000000 0.000000
vn -0.000000 -1.000000 0.000000
vn -0.000000 -1.000000 0.000000
vn -0.000000 -1.000000 0.000000
vn -0.000000 -1.000000 0.000000
vn -0.000000 -1.000000 0.000000
vn -0.000000 -1.000000 0.000000
vn -0.000000 -1.000000 0.000000
vn -0.000000 -1.000000 0.000000
vn -0.000000 -1.000000 0.000000
vn -0.000000 -1.000000 0.000000
vn -0.000000 -1.000000 0.000000
vn -0.000000 -1.000000 0.000000
vn -0.000000 -1.000000 0.000000
vn 0.000000 -0.000000 -1.000000
vn 0.000000 -0.000000 -1.000000
vn 0.000000 -0.000000 -1.000000
vn 0.000000 -0.000000 -1.000000
vn 0.000000 -0.000000 -1.000000
vn 0.000000 -0.000000 -1.000000
vn 0.000000 -0.000000 -1.000000
vn 0.000000 -0.000000 -1.000000
vn 0.000000 -0.000000 -1.000000
vn 0.000000 -0.000000 -1.000000
vn 0.000000 -0.000000 -1.000000
vn 0.000000 -0.000000 -1.000000
vn 0.000000 -0.000000 -1.000000
vn 0.000000 -0.000000 -1.000000
vn 0.000000 -0.000000 -1.000000
vn 0.000000 -0.000000 -1.000000
vn -1.000000 0.000000 -0.000000
vn -1.000000 0.000000 -0.000000
vn -1.000000 0.000000 -0.000000
vn -1.000000 0.000000 -0.000000
vn 1.000000 -0.000000 0.000000
vn 1.000000 -0.000000 0.000000
vn 1.000000 -0.000000 0.000000
vn 1.000000 -0.000000 0.000000
f 713/1445/1445 714/1446/1446 728/1447/1447
f 728/1447/1447 714/1446/1446 715/1448/1448
f 728/1447/1447 715/1448/1448 727/1449/1449
f 727/1449/1449 715/1448/1448 716/1450/1450
f 727/1449/1449 716/1450/1450 726/1451/1451
f 726/1451/1451 716/1450/1450 717/1452/1452
f 726/1451/1451 717/1452/1452 725/1453/1453
f 725/1453/1453 717/1452/1452 718/1454/1454
f 725/1453/1453 718/1454/1454 724/1455/1455
f 724/1455/1455 718/1454/1454 719/1456/1456
f 724/1455/1455 719/1456/1456 723/1457/1457
f 723/1457/1457 719/1456/1456 720/1458/1458
f 723/1457/1457 720/1458/1458 722/1459/1459
f 722/1459/1459 720/1458/1458 721/1460/1460
f 729/1461/1461 713/1462/1462 736/1463/1463
f 736/1463/1463 713/1462/1462 728/1464/1464
f 736/1463/1463 728/1464/1464 735/1465/1465
f 735/1465/1465 728/1464/1464 727/1466/1466
f 735/1465/1465 727/1466/1466 734/1467/1467
f 734/1467/1467 727/1466/1466 726/1468/1468
f 734/1467/1467 726/1468/1468 733/1469/1469
f 733/1469/1469 726/1468/1468 725/1470/1470
f 733/1469/1469 725/1470/1470 732/1471/1471
f 732/1471/1471 725/1470/1470 724/1472/1472
f 732/1471/1471 724/1472/1472 731/1473/1473
f 731/1473/1473 724/1472/1472 723/1474/1474
f 731/1473/1473 723/1474/1474 730/1475/1475
f 730/1475/1475 723/1474/1474 722/1476/1476
f 737/1477/1477 729/1478/1478 744/1479/1479
f 744/1479/1479 729/1478/1478 736/1480/1480
f 744/1479/1479 736/1480/1480 743/1481/1481
f 743/1481/1481 736/1480/1480 735/1482/1482
f 743/1481/1481 735/1482/1482 742/1483/1483
f 742/1483/1483 735/1482/1482 734/1484/1484
f 742/1483/1483 734/1484/1484 741/1485/1485
f 741/1485/1485 734/1484/1484 733/1486/1486
f 741/1485/1485 733/1486/1486 740/1487/1487
f 740/1487/1487 733/1486/1486 732/1488/1488
f 740/1487/1487 732/1488/1488 739/1489/1489
f 739/1489/1489 732/1488/1488 731/1490/1490
f 739/1489/1489 731/1490/1490 738/1491/1491
f 738/1491/1491 731/1490/1490 730/1492/1492
f 714/1493/1493 737/1494/1494 715/1495/1495
f 715/1495/1495 737/1494/1494 744/1496/1496
f 715/1495/1495 744/1496/1496 716/1497/1497
f 716/1497/1497 744/1496/1496 743/1498/1498
f 716/1497/1497 743/1498/1498 717/1499/1499
f 717/1499/1499 743/1498/1498 742/1500/1500
f 717/1499/1499 742/1500/1500 718/1501/1501
f 718/1501/1501 742/1500/1500 741/1502/1502
f 718/1501/1501 741/1502/1502 719/1503/1503
f 719/1503/1503 741/1502/1502 740/1504/1504
f 719/1503/1503 740/1504/1504 720/1505/1505
f 720/1505/1505 740/1504/1504 739/1506/1506
f 720/1505/1505 739/1506/1506 721/1507/1507
f 721/1507/1507 739/1506/1506 738/1508/1508
f 738/1509/1509 730/1510/1510 721/1511/1511
f 721/1511/1511 730/1510/1510 722/1512/1512
f 737/1513/1513 714/1514/1514 729/1515/1515
f 729/1515/1515 714/1514/1514 713/1516/1516
g Body1:16

v 2.000000 122.000000 -54.000000
v 2.000000 120.000000 -54.000000
v 2.000000 120.000000 -64.000000
v 2.000000 120.000000 -74.000000
v 2.000000 120.000000 -84.000000
v 2.000000 120.000000 -94.000000
v 2.000000 120.000000 -104.000000
v 2.000000 122.000000 -104.000000
v 2.000000 122.000000 -94.000000
v 2.000000 122.000000 -84.000000
v 2.000000 122.000000 -74.000000
v 2.000000 122.000000 -64.000000
v -0.000000 122.000000 -54.000000
v -0.000000 122.000000 -104.000000
v -0.000000 122.000000 -94.000000
v -0.000000 122.000000 -84.000000
v -0.000000 122.000000 -74.000000
v -0.000000 122.000000 -64.000000
v -0.000000 120.000000 -54.000000
v -0.000000 120.000000 -104.000000
v -0.000000 120.000000 -94.000000
v -0.000000 120.000000 -84.000000
v -0.000000 120.000000 -74.000000
v -0.000000 120.000000 -64.000000
vt 0.000000 0.000000 0.000000
vt 2.000000 0.000000 0.000000
vt 0.000000 10.000000 0.000000
vt 2.000000 10.000000 0.000000
vt 0.000000 20.000000 0.000000
vt 2.000000 20.000000 0.000000
vt 0.000000 30.000000 0.000000
vt 2.000000 30.000000 0.000000
vt 0.000000 40.000000 0.000000
vt 2.000000 40.000000 0.000000
vt 0.000000 50.000000 0.000000
vt 2.000000 50.000000 0.000000
vt -0.000000 0.000000 0.000000
vt 2.000000 0.000000 0.000000
vt -0.000000 10.000000 0.000000
vt 2.000000 10.000000 0.000000
vt -0.000000 20.000000 0.000000
vt 2.000000 20.000000 0.000000
vt -0.000000 30.000000 0.000000
vt 2.000000 30.000000 0.000000
vt -0.000000 40.000000 0.000000
vt 2.000000 40.000000 0.000000
vt -0.000000 50.000000 0.000000
vt 2.000000 50.000000 0.000000
vt -0.000000 0.000000 0.000000
vt 2.000000 0.000000 0.000000
vt -0.000000 10.000000 0.000000
vt 2.000000 10.000000 0.000000
vt -0.000000 20.000000 0.000000
vt 2.000000 20.000000 0.000000
vt -0.000000 30.000000 0.000000
vt 2.000000 30.000000 0.000000
vt -0.000000 40.000000 0.000000
vt 2.000000 40.000000 0.000000
vt -0.000000 50.000000 0.000000
vt 2.000000 50.000000 0.000000
vt 0.000000 0.000000 0.000000
vt 2.000000 0.000000 0.000000
vt 0.000000 10.000000 0.000000
vt 2.000000 10.000000 0.000000
vt 0.000000 20.000000 0.000000
vt 2.000000 20.000000 0.000000
vt 0.000000 30.000000 0.000000
vt 2.000000 30.000000 0.000000
vt 0.000000 40.000000 0.000000
vt 2.000000 40.000000 0.000000
vt 0.000000 50.000000 0.000000
vt 2.000000 50.000000 0.000000
vt 1.000000 1.000000 0.000000
vt -1.000000 1.000000 0.000000
vt 1.000000 -1.000000 0.000000
vt -1.000000 -1.000000 0.000000
vt -1.000000 -1.000000 0.000000
vt 1.000000 -1.000000 0.000000
vt -1.000000 1.000000 0.000000
vt 1.000000 1.000000 0.000000
vn 1.000000 -0.000000 0.000000
vn 1.000000 -0.000000 0.000000
vn 1.000000 -0.000000 0.000000
vn 1.000000 -0.000000 0.000000
vn 1.000000 -0.000000 0.000000
vn 1.000000 -0.000000 0.000000
vn 1.000000 -0.000000 0.000000
vn 1.000000 -0.000000 0.000000
vn 1.000000 -0.000000 0.000000
vn 1.000000 -0.000000 0.000000
vn 1.000000 -0.000000 0.000000
vn 1.000000 -0.000000 0.000000
vn 0.000000 1.000000 -0.000000
vn 0.000000 1.000000 -0.000000
vn 0.000000 1.000000 -0.000000
vn 0.000000 1.000000 -0.000000
vn 0.000000 1.000000 -0.000000
vn 0.000000 1.000000 -0.000000
vn 0.000000 1.000000 -0.000000
vn 0.000000 1.000000 -0.000000
vn 0.000000 1.000000 -0.000000
vn 0.000000 1.000000 -0.000000
vn 0.000000 1.000000 -0.000000
vn 0.000000 1.000000 -0.000000
vn -1.000000 0.000000 -0.000000
vn -1.000000 0.000000 -0.000000
vn -1.000000 0.000000 -0.000000
vn -1.000000 0.000000 -0.000000
vn -1.000000 0.000000 -0.000000
vn -1.000000 0.000000 -0.000000
vn -1.000000 0.000000 -0.000000
vn -1.000000 0.000000 -0.000000
vn -1.000000 0.000000 -0.000000
vn -1.000000 0.000000 -0.000000
vn -1.000000 0.000000 -0.000000
vn -1.000000 0.000000 -0.000000
vn -0.000000 -1.000000 0.000000
vn -0.000000 -1.000000 0.000000
vn -0.000000 -1.000000 0.000000
vn -0.000000 -1.000000 0.000000
vn -0.000000 -1.000000 0.000000
vn -0.000000 -1.000000 0.000000
vn -0.000000 -1.000000 0.000000
vn -0.000000 -1.000000 0.000000
vn -0.000000 -1.000000 0.000000
vn -0.000000 -1.000000 0.000000
vn -0.000000 -1.000000 0.000000
vn -0.000000 -1.000000 0.000000
vn 0.000000 -0.000000 -1.000000
vn 0.000000 -0.000000 -1.000000
vn 0.000000 -0.000000 -1.000000
vn 0.000000 -0.000000 -1.000000
vn -0.000000 0.000000 1.000000
vn -0.000000 0.000000 1.000000
vn -0.000000 0.000000 1.000000
vn -0.000000 0.000000 1.000000
f 745/1517/1517 746/1518/1518 756/1519/1519
f 756/1519/1519 746/1518/1518 747/1520/1520
f 756/1519/1519 747/1520/1520 755/1521/1521
f 755/1521/1521 747/1520/1520 748/1522/1522
f 755/1521/1521 748/1522/1522 754/1523/1523
f 754/1523/1523 748/1522/1522 749/1524/1524
f 754/1523/1523 749/1524/1524 753/1525/1525
f 753/1525/1525 749/1524/1524 750/1526/1526
f 753/1525/1525 750/1526/1526 752/1527/1527
f 752/1527/1527 750/1526/1526 751/1528/1528
f 757/1529/1529 745/1530/1530 762/1531/1531
f 762/1531/1531 745/1530/1530 756/1532/1532
f 762/1531/1531 756/1532/1532 761/1533/1533
f 761/1533/1533 756/1532/1532 755/1534/1534
f 761/1533/1533 755/1534/1534 760/1535/1535
f 760/1535/1535 755/1534/1534 754/1536/1536
f 760/1535/1535 754/1536/1536 759/1537/1537
f 759/1537/1537 754/1536/1536 753/1538/1538
f 759/1537/1537 753/1538/1538 758/1539/1539
f 758/1539/1539 753/1538/1538 752/1540/1540
f 763/1541/1541 757/1542/1542 768/1543/1543
f 768/1543/1543 757/1542/1542 762/1544/1544
f 768/1543/1543 762/1544/1544 767/1545/1545
f 767/1545/1545 762/1544/1544 761/1546/1546
f 767/1545/1545 761/1546/1546 766/1547/1547
f 766/1547/1547 761/1546/1546 760/1548/1548
f 766/1547/1547 760/1548/1548 765/1549/1549
f 765/1549/1549 760/1548/1548 759/1550/1550
f 765/1549/1549 759/1550/1550 764/1551/1551
f 764/1551/1551 759/1550/1550 758/1552/1552
f 746/1553/1553 763/1554/1554 747/1555/1555
f 747/1555/1555 763/1554/1554 768/1556/1556
f 747/1555/1555 768/1556/1556 748/1557/1557
f 748/1557/1557 768/1556/1556 767/1558/1558
f 748/1557/1557 767/1558/1558 749/1559/1559
f 749/1559/1559 767/1558/1558 766/1560/1560
f 749/1559/1559 766/1560/1560 750/1561/1561
f 750/1561/1561 766/1560/1560 765/1562/1562
f 750/1561/1561 765/1562/1562 751/1563/1563
f 751/1563/1563 765/1562/1562 764/1564/1564
f 764/1565/1565 758/1566/1566 751/1567/1567
f 751/1567/1567 758/1566/1566 752/1568/1568
f 763/1569/1569 746/1570/1570 757/1571/1571
f 757/1571/1571 746/1570/1570 745/1572/1572
g Body1:17

v 74.000000 122.000000 -54.000000
v 74.000000 120.000000 -54.000000
v 74.000000 120.000000 -64.000000
v 74.000000 120.000000 -74.000000
v 74.000000 120.000000 -84.000000
v 74.000000 120.000000 -94.000000
v 74.000000 120.000000 -104.000000
v 74.000000 122.000000 -104.000000
v 74.000000 122.000000 -94.000000
v 74.000000 122.000000 -84.000000
v 74.000000 122.000000 -74.000000
v 74.000000 122.000000 -64.000000
v 72.000000 122.000000 -54.000000
v 72.000000 122.000000 -104.000000
v 72.000000 122.000000 -94.000000
v 72.000000 122.000000 -84.000000
v 72.000000 122.000000 -74.000000
v 72.000000 122.000000 -64.000000
v 72.000000 120.000000 -54.000000
v 72.000000 120.000000 -104.000000
v 72.000000 120.000000 -94.000000
v 72.000000 120.000000 -84.000000
v 72.000000 120.000000 -74.000000
v 72.000000 120.000000 -64.000000
vt 0.000000 0.000000 0.000000
vt 2.000000 0.000000 0.000000
vt 0.000000 10.000000 0.000000
vt 2.000000 10.000000 0.000000
vt 0.000000 20.000000 0.000000
vt 2.000000 20.000000 0.000000
vt 0.000000 30.000000 0.000000
vt 2.000000 30.000000 0.000000
vt 0.000000 40.000000 0.000000
vt 2.000000 40.000000 0.000000
vt 0.000000 50.000000 0.000000
vt 2.000000 50.000000 0.000000
vt -0.000000 0.000000 0.000000
vt 2.000000 0.000000 0.000000
vt -0.000000 10.000000 0.000000
vt 2.000000 10.000000 0.000000
vt -0.000000 20.000000 0.000000
vt 2.000000 20.000000 0.000000
vt -0.000000 30.000000 0.000000
vt 2.000000 30.000000 0.000000
vt -0.000000 40.000000 0.000000
vt 2.000000 40.000000 0.000000
vt -0.000000 50.000000 0.000000
vt 2.000000 50.000000 0.000000
vt -0.000000 0.000000 0.000000
vt 2.000000 0.000000 0.000000
vt -0.000000 10.000000 0.000000
vt 2.000000 10.000000 0.000000
vt -0.000000 20.000000 0.000000
vt 2.000000 20.000000 0.000000
vt -0.000000 30.000000 0.000000
vt 2.000000 30.000000 0.000000
vt -0.000000 40.000000 0.000000
vt 2.000000 40.000000 0.000000
vt -0.000000 50.000000 0.000000
vt 2.000000 50.000000 0.000000
vt 0.000000 0.000000 0.000000
vt 2.000000 0.000000 0.000000
vt 0.000000 10.000000 0.000000
vt 2.000000 10.000000 0.000000
vt 0.000000 20.000000 0.000000
vt 2.000000 20.000000 0.000000
vt 0.000000 30.000000 0.000000
vt 2.000000 30.000000 0.000000
vt 0.000000 40.000000 0.000000
vt 2.000000 40.000000 0.000000
vt 0.000000 50.000000 0.000000
vt 2.000000 50.000000 0.000000
vt 1.000000 1.000000 0.000000
vt -1.000000 1.000000 0.000000
vt 1.000000 -1.000000 0.000000
vt -1.000000 -1.000000 0.000000
vt -1.000000 -1.000000 0.000000
vt 1.000000 -1.000000 0.000000
vt -1.000000 1.000000 0.000000
vt 1.000000 1.000000 0.000000
vn 1.000000 -0.000000 0.000000
vn 1.000000 -0.000000 0.000000
vn 1.000000 -0.000000 0.000000
vn 1.000000 -0.000000 0.000000
vn 1.000000 -0.000000 0.000000
vn 1.000000 -0.000000 0.000000
vn 1.000000 -0.000000 0.000000
vn 1.000000 -0.000000 0.000000
vn 1.000000 -0.000000 0.000000
vn 1.000000 -0.000000 0.000000
vn 1.000000 -0.000000 0.000000
vn 1.000000 -0.000000 0.000000
vn 0.000000 1.000000 -0.000000
vn 0.000000 1.000000 -0.000000
vn 0.000000 1.000000 -0.000000
vn 0.000000 1.000000 -0.000000
vn 0.000000 1.000000 -0.000000
vn 0.000000 1.000000 -0.000000
vn 0.000000 1.000000 -0.000000
vn 0.000000 1.000000 -0.000000
vn 0.000000 1.000000 -0.000000
vn 0.000000 1.000000 -0.000000
vn 0.000000 1.000000 -0.000000
vn 0.000000 1.000000 -0.000000
vn -1.000000 0.000000 -0.000000
vn -1.000000 0.000000 -0.000000
vn -1.000000 0.000000 -0.000000
vn -1.000000 0.000000 -0.000000
vn -1.000000 0.000000 -0.000000
vn -1.000000 0.000000 -0.000000
vn -1.000000 0.000000 -0.000000
vn -1.000000 0.000000 -0.000000
vn -1.000000 0.000000 -0.000000
vn -1.000000 0.000000 -0.000000
vn -1.000000 0.000000 -0.000000
vn -1.000000 0.000000 -0.000000
vn -0.000000 -1.000000 0.000000
vn -0.000000 -1.000000 0.000000
vn -0.000000 -1.000000 0.000000
vn -0.000000 -1.000000 0.000000
vn -0.000000 -1.000000 0.000000
vn -0.000000 -1.000000 0.000000
vn -0.000000 -1.000000 0.000000
vn -0.000000 -1.000000 0.000000
vn -0.000000 -1.000000 0.000000
vn -0.000000 -1.000000 0.000000
vn -0.000000 -1.000000 0.000000
vn -0.000000 -1.000000 0.000000
vn 0.000000 -0.000000 -1.000000
vn 0.000000 -0.000000 -1.000000
vn 0.000000 -0.000000 -1.000000
vn 0.000000 -0.000000 -1.000000
vn -0.000000 0.000000 1.000000
vn -0.000000 0.000000 1.000000
vn -0.000000 0.000000 1.000000
vn -0.000000 0.000000 1.000000
f 769/1573/1573 770/1574/1574 780/1575/1575
f 780/1575/1575 770/1574/1574 771/1576/1576
f 780/1575/1575 771/1576/1576 779/1577/1577
f 779/1577/1577 771/1576/1576 772/1578/1578
f 779/1577/1577 772/1578/1578 778/1579/1579
f 778/1579/1579 772/1578/1578 773/1580/1580
f 778/1579/1579 773/1580/1580 777/1581/1581
f 777/1581/1581 773/1580/1580 774/1582/1582
f 777/1581/1581 774/1582/1582 776/1583/1583
f 776/1583/1583 774/1582/1582 775/1584/1584
f 781/1585/1585 769/1586/1586 786/1587/1587
f 786/1587/1587 769/1586/1586 780/1588/1588
f 786/1587/1587 780/1588/1588 785/1589/1589
f 785/1589/1589 780/1588/1588 779/1590/1590
f 785/1589/1589 779/1590/1590 784/1591/1591
f 784/1591/1591 779/1590/1590 778/1592/1592
f 784/1591/1591 778/1592/1592 783/1593/1593
f 783/1593/1593 778/1592/1592 777/1594/1594
f 783/1593/1593 777/1594/1594 782/1595/1595
f 782/1595/1595 777/1594/1594 776/1596/1596
f 787/1597/1597 781/1598/1598 792/1599/1599
f 792/1599/1599 781/1598/1598 786/1600/1600
f 792/1599/1599 786/1600/1600 791/1601/1601
f 791/1601/1601 786/1600/1600 785/1602/1602
f 791/1601/1601 785/1602/1602 790/1603/1603
f 790/1603/1603 785/1602/1602 784/1604/1604
f 790/1603/1603 784/1604/1604 789/1605/1605
f 789/1605/1605 784/1604/1604 783/1606/1606
f 789/1605/1605 783/1606/1606 788/1607/1607
f 788/1607/1607 783/1606/1606 782/1608/1608
f 770/1609/1609 787/1610/1610 771/1611/1611
f 771/1611/1611 787/1610/1610 792/1612/1612
f 771/1611/1611 792/1612/1612 772/1613/1613
f 772/1613/1613 792/1612/1612 791/1614/1614
f 772/1613/1613 791/1614/1614 773/1615/1615
f 773/1615/1615 791/1614/1614 790/1616/1616
f 773/1615/1615 790/1616/1616 774/1617/1617
f 774/1617/1617 790/1616/1616 789/1618/1618
f 774/1617/1617 789/1618/1618 775/1619/1619
f 775/1619/1619 789/1618/1618 788/1620/1620
f 788/1621/1621 782/1622/1622 775/1623/1623
f 775/1623/1623 782/1622/1622 776/1624/1624
f 787/1625/1625 770/1626/1626 781/1627/1627
f 781/1627/1627 770/1626/1626 769/1628/1628
g Body1:18

v 74.000000 0.000000 -52.000000
v 74.000000 0.000000 -54.000000
v 74.000000 10.909091 -54.000000
v 74.000000 21.818182 -54.000000
v 74.000000 32.727273 -54.000000
v 74.000000 43.636364 -54.000000
v 74.000000 54.545455 -54.000000
v 74.000000 65.454545 -54.000000
v 74.000000 76.363636 -54.000000
v 74.000000 87.272727 -54.000000
v 74.000000 98.181818 -54.000000
v 74.000000 109.090909 -54.000000
v 74.000000 120.000000 -54.000000
v 74.000000 120.000000 -52.000000
v 74.000000 109.090909 -52.000000
v 74.000000 98.181818 -52.000000
v 74.000000 87.272727 -52.000000
v 74.000000 76.363636 -52.000000
v 74.000000 65.454545 -52.000000
v 74.000000 54.545455 -52.000000
v 74.000000 43.636364 -52.000000
v 74.000000 32.727273 -52.000000
v 74.000000 21.818182 -52.000000
v 74.000000 10.909091 -52.000000
v 72.000000 0.000000 -52.000000
v 72.000000 120.000000 -52.000000
v 72.000000 109.090909 -52.000000
v 72.000000 98.181818 -52.000000
v 72.000000 87.272727 -52.000000
v 72.000000 76.363636 -52.000000
v 72.000000 65.454545 -52.000000
v 72.000000 54.545455 -52.000000
v 72.000000 43.636364 -52.000000
v 72.000000 32.727273 -52.000000
v 72.000000 21.818182 -52.000000
v 72.000000 10.909091 -52.000000
v 72.000000 0.000000 -54.000000
v 72.000000 120.000000 -54.000000
v 72.000000 109.090909 -54.000000
v 72.000000 98.181818 -54.000000
v 72.000000 87.272727 -54.000000
v 72.000000 76.363636 -54.000000
v 72.000000 65.454545 -54.000000
v 72.000000 54.545455 -54.000000
v 72.000000 43.636364 -54.000000
v 72.000000 32.727273 -54.000000
v 72.000000 21.818182 -54.000000
v 72.000000 10.909091 -54.000000
vt 0.000000 0.000000 0.000000
vt 2.000000 0.000000 0.000000
vt 0.000000 10.909091 0.000000
vt 2.000000 10.909091 0.000000
vt 0.000000 21.818182 0.000000
vt 2.000000 21.818182 0.000000
vt 0.000000 32.727273 0.000000
vt 2.000000 32.727273 0.000000
vt 0.000000 43.636364 0.000000
vt 2.000000 43.636364 0.000000
vt 0.000000 54.545455 0.000000
vt 2.000000 54.545455 0.000000
vt 0.000000 65.454545 0.000000
vt 2.000000 65.454545 0.000000
vt 0.000000 76.363636 0.000000
vt 2.000000 76.363636 0.000000
vt 0.000000 87.272727 0.000000
vt 2.000000 87.272727 0.000000
vt 0.000000 98.181818 0.000000
vt 2.000000 98.181818 0.000000
vt 0.000000 109.090909 0.000000
vt 2.000000 109.090909 0.000000
vt 0.000000 120.000000 0.000000
vt 2.000000 120.000000 0.000000
vt -0.000000 0.000000 0.000000
vt 2.000000 0.000000 0.000000
vt -0.000000 10.909091 0.000000
vt 2.000000 10.909091 0.000000
vt -0.000000 21.818182 0.000000
vt 2.000000 21.818182 0.000000
vt -0.000000 32.727273 0.000000
vt 2.000000 32.727273 0.000000
vt -0.000000 43.636364 0.000000
vt 2.000000 43.636364 0.000000
vt -0.000000 54.545455 0.000000
vt 2.000000 54.545455 0.000000
vt -0.000000 65.454545 0.000000
vt 2.000000 65.454545 0.000000
vt -0.000000 76.363636 0.000000
vt 2.000000 76.363636 0.000000
vt -0.000000 87.272727 0.000000
vt 2.000000 87.272727 0.000000
vt -0.000000 98.181818 0.000000
vt 2.000000 98.181818 0.000000
vt -0.000000 109.090909 0.000000
vt 2.000000 109.090909 0.000000
vt -0.000000 120.000000 0.000000
vt 2.000000 120.000000 0.000000
vt -0.000000 0.000000 0.000000
vt 2.000000 0.000000 0.000000
vt -0.000000 10.909091 0.000000
vt 2.000000 10.909091 0.000000
vt -0.000000 21.818182 0.000000
vt 2.000000 21.818182 0.000000
vt -0.000000 32.727273 0.000000
vt 2.000000 32.727273 0.000000
vt -0.000000 43.636364 0.000000
vt 2.000000 43.636364 0.000000
vt -0.000000 54.545455 0.000000
vt 2.000000 54.545455 0.000000
vt -0.000000 65.454545 0.000000
vt 2.000000 65.454545 0.000000
vt -0.000000 76.363636 0.000000
vt 2.000000 76.363636 0.000000
vt -0.000000 87.272727 0.000000
vt 2.000000 87.272727 0.000000
vt -0.000000 98.181818 0.000000
vt 2.000000 98.181818 0.000000
vt -0.000000 109.090909 0.000000
vt 2.000000 109.090909 0.000000
vt -0.000000 120.000000 0.000000
vt 2.000000 120.000000 0.000000
vt -0.000000 0.000000 0.000000
vt 2.000000 0.000000 0.000000
vt -0.000000 10.909091 0.000000
vt 2.000000 10.909091 0.000000
vt -0.000000 21.818182 0.000000
vt 2.000000 21.818182 0.000000
vt -0.000000 32.727273 0.000000
vt 2.000000 32.727273 0.000000
vt -0.000000 43.636364 0.000000
vt 2.000000 43.636364 0.000000
vt -0.000000 54.545455 0.000000
vt 2.000000 54.545455 0.000000
vt -0.000000 65.454545 0.000000
vt 2.000000 65.454545 0.000000
vt -0.000000 76.363636 0.000000
vt 2.000000 76.363636 0.000000
vt -0.000000 87.272727 0.000000
vt 2.000000 87.272727 0.000000
vt -0.000000 98.181818 0.000000
vt 2.000000 98.181818 0.000000
vt -0.000000 109.090909 0.000000
vt 2.000000 109.090909 0.000000
vt 0.000000 120.000000 0.000000
vt 2.000000 120.000000 0.000000
vt 1.000000 1.000000 0.000000
vt -1.000000 1.000000 0.000000
vt 1.000000 -1.000000 0.000000
vt -1.000000 -1.000000 0.000000
vt -1.000000 -1.000000 0.000000
vt 1.000000 -1.000000 0.000000
vt -1.000000 1.000000 0.000000
vt 1.000000 1.000000 0.000000
vn 1.000000 0.000000 0.000000
vn 1.000000 0.000000 0.000000
vn 1.000000 0.000000 0.000000
vn 1.000000 0.000000 0.000000
vn 1.000000 0.000000 0.000000
vn 1.000000 0.000000 0.000000
vn 1.000000 0.000000 0.000000
vn 1.000000 0.000000 0.000000
vn 1.000000 0.000000 0.000000
vn 1.000000 0.000000 0.000000
vn 1.000000 0.000000 0.000000
vn 1.000000 0.000000 0.000000
vn 1.000000 0.000000 0.000000
vn 1.000000 0.000000 0.000000
vn 1.000000 0.000000 0.000000
vn 1.000000 0.000000 0.000000
vn 1.000000 0.000000 0.000000
vn 1.000000 0.000000 0.000000
vn 1.000000 0.000000 0.000000
vn 1.000000 0.000000 0.000000
vn 1.000000 0.000000 0.000000
vn 1.000000 0.000000 0.000000
vn 1.000000 0.000000 0.000000
vn 1.000000 0.000000 0.000000
vn -0.000000 0.000000 1.000000
vn -0.000000 0.000000 1.000000
vn -0.000000 0.000000 1.000000
vn -0.000000 0.000000 1.000000
vn -0.000000 0.000000 1.000000
vn -0.000000 0.000000 1.000000
vn -0.000000 0.000000 1.000000
vn -0.000000 0.000000 1.000000
vn -0.000000 0.000000 1.000000
vn -0.000000 0.000000 1.000000
vn -0.000000 0.000000 1.000000
vn -0.000000 0.000000 1.000000
vn -0.000000 0.000000 1.000000
vn -0.000000 0.000000 1.000000
vn -0.000000 0.000000 1.000000
vn -0.000000 0.000000 1.000000
vn -0.000000 0.000000 1.000000
vn -0.000000 0.000000 1.000000
vn -0.000000 0.000000 1.000000
vn -0.000000 0.000000 1.000000
vn -0.000000 0.000000 1.000000
vn -0.000000 0.000000 1.000000
vn -0.000000 0.000000 1.000000
vn -0.000000 0.000000 1.000000
vn -1.000000 -0.000000 -0.000000
vn -1.000000 -0.000000 -0.000000
vn -1.000000 -0.000000 -0.000000
vn -1.000000 -0.000000 -0.000000
vn -1.000000 -0.000000 -0.000000
vn -1.000000 -0.000000 -0.000000
vn -1.000000 -0.000000 -0.000000
vn -1.000000 -0.000000 -0.000000
vn -1.000000 -0.000000 -0.000000
vn -1.000000 -0.000000 -0.000000
vn -1.000000 -0.000000 -0.000000
vn -1.000000 -0.000000 -0.000000
vn -1.000000 -0.000000 -0.000000
vn -1.000000 -0.000000 -0.000000
vn -1.000000 -0.000000 -0.000000
vn -1.000000 -0.000000 -0.000000
vn -1.000000 -0.000000 -0.000000
vn -1.000000 -0.000000 -0.000000
vn -1.000000 -0.000000 -0.000000
vn -1.000000 -0.000000 -0.000000
vn -1.000000 -0.000000 -0.000000
vn -1.000000 -0.000000 -0.000000
vn -1.000000 -0.000000 -0.000000
vn -1.000000 -0.000000 -0.000000
vn 0.000000 -0.000000 -1.000000
vn 0.000000 -0.000000 -1.000000
vn 0.000000 -0.000000 -1.000000
vn 0.000000 -0.000000 -1.000000
vn 0.000000 -0.000000 -1.000000
vn 0.000000 -0.000000 -1.000000
vn 0.000000 -0.000000 -1.000000
vn 0.000000 -0.000000 -1.000000
vn 0.000000 -0.000000 -1.000000
vn 0.000000 -0.000000 -1.000000
vn 0.000000 -0.000000 -1.000000
vn 0.000000 -0.000000 -1.000000
vn 0.000000 -0.000000 -1.000000
vn 0.000000 -0.000000 -1.000000
vn 0.000000 -0.000000 -1.000000
vn 0.000000 -0.000000 -1.000000
vn 0.000000 -0.000000 -1.000000
vn 0.000000 -0.000000 -1.000000
vn 0.000000 -0.000000 -1.000000
vn 0.000000 -0.000000 -1.000000
vn 0.000000 -0.000000 -1.000000
vn 0.000000 -0.000000 -1.000000
vn 0.000000 -0.000000 -1.000000
vn 0.000000 -0.000000 -1.000000
vn -0.000000 1.000000 -0.000000
vn -0.000000 1.000000 -0.000000
vn -0.000000 1.000000 -0.000000
vn -0.000000 1.000000 -0.000000
vn 0.000000 -1.000000 0.000000
vn 0.000000 -1.000000 0.000000
vn 0.000000 -1.000000 0.000000
vn 0.000000 -1.000000 0.000000
f 793/1629/1629 794/1630/1630 816/1631/1631
f 816/1631/1631 794/1630/1630 795/1632/1632
f 816/1631/1631 795/1632/1632 815/1633/1633
f 815/1633/1633 795/1632/1632 796/1634/1634
f 815/1633/1633 796/1634/1634 814/1635/1635
f 814/1635/1635 796/1634/1634 797/1636/1636
f 814/1635/1635 797/1636/1636 813/1637/1637
f 813/1637/1637 797/1636/1636 798/1638/1638
f 813/1637/1637 798/1638/1638 812/1639/1639
f 812/1639/1639 798/1638/1638 799/1640/1640
f 812/1639/1639 799/1640/1640 811/1641/1641
f 811/1641/1641 799/1640/1640 800/1642/1642
f 811/1641/1641 800/1642/1642 810/1643/1643
f 810/1643/1643 800/1642/1642 801/1644/1644
f 810/1643/1643 801/1644/1644 809/1645/1645
f 809/1645/1645 801/1644/1644 802/1646/1646
f 809/1645/1645 802/1646/1646 808/1647/1647
f 808/1647/1647 802/1646/1646 803/1648/1648
f 808/1647/1647 803/1648/1648 807/1649/1649
f 807/1649/1649 803/1648/1648 804/1650/1650
f 807/1649/1649 804/1650/1650 806/1651/1651
f 806/1651/1651 804/1650/1650 805/1652/1652
f 817/1653/1653 793/1654/1654 828/1655/1655
f 828/1655/1655 793/1654/1654 816/1656/1656
f 828/1655/1655 816/1656/1656 827/1657/1657
f 827/1657/1657 816/1656/1656 815/1658/1658
f 827/1657/1657 815/1658/1658 826/1659/1659
f 826/1659/1659 815/1658/1658 814/1660/1660
f 826/1659/1659 814/1660/1660 825/1661/1661
f 825/1661/1661 814/1660/1660 813/1662/1662
f 825/1661/1661 813/1662/1662 824/1663/1663
f 824/1663/1663 813/1662/1662 812/1664/1664
f 824/1663/1663 812/1664/1664 823/1665/1665
f 823/1665/1665 812/1664/1664 811/1666/1666
f 823/1665/1665 811/1666/1666 822/1667/1667
f 822/1667/1667 811/1666/1666 810/1668/1668
f 822/1667/1667 810/1668/1668 821/1669/1669
f 821/1669/1669 810/1668/1668 809/1670/1670
f 821/1669/1669 809/1670/1670 820/1671/1671
f 820/1671/1671 809/1670/1670 808/1672/1672
f 820/1671/1671 808/1672/1672 819/1673/1673
f 819/1673/1673 808/1672/1672 807/1674/1674
f 819/1673/1673 807/1674/1674 818/1675/1675
f 818/1675/1675 807/1674/1674 806/1676/1676
f 829/1677/1677 817/1678/1678 840/1679/1679
f 840/1679/1679 817/1678/1678 828/1680/1680
f 840/1679/1679 828/1680/1680 839/1681/1681
f 839/1681/1681 828/1680/1680 827/1682/1682
f 839/1681/1681 827/1682/1682 838/1683/1683
f 838/1683/1683 827/1682/1682 826/1684/1684
f 838/1683/1683 826/1684/1684 837/1685/1685
f 837/1685/1685 826/1684/1684 825/1686/1686
f 837/1685/1685 825/1686/1686 836/1687/1687
f 836/1687/1687 825/1686/1686 824/1688/1688
f 836/1687/1687 824/1688/1688 835/1689/1689
f 835/1689/1689 824/1688/1688 823/1690/1690
f 835/1689/1689 823/1690/1690 834/1691/1691
f 834/1691/1691 823/1690/1690 822/1692/1692
f 834/1691/1691 822/1692/1692 833/1693/1693
f 833/1693/1693 822/1692/1692 821/1694/1694
f 833/1693/1693 821/1694/1694 832/1695/1695
f 832/1695/1695 821/1694/1694 820/1696/1696
f 832/1695/1695 820/1696/1696 831/1697/1697
f 831/1697/1697 820/1696/1696 819/1698/1698
f 831/1697/1697 819/1698/1698 830/1699/1699
f 830/1699/1699 819/1698/1698 818/1700/1700
f 794/1701/1701 829/1702/1702 795/1703/1703
f 795/1703/1703 829/1702/1702 840/1704/1704
f 795/1703/1703 840/1704/1704 796/1705/1705
f 796/1705/1705 840/1704/1704 839/1706/1706
f 796/1705/1705 839/1706/1706 797/1707/1707
f 797/1707/1707 839/1706/1706 838/1708/1708
f 797/1707/1707 838/1708/1708 798/1709/1709
f 798/1709/1709 838/1708/1708 837/1710/1710
f 798/1709/1709 837/1710/1710 799/1711/1711
f 799/1711/1711 837/1710/1710 836/1712/1712
f 799/1711/1711 836/1712/1712 800/1713/1713
f 800/1713/1713 836/1712/1712 835/1714/1714
f 800/1713/1713 835/1714/1714 801/1715/1715
f 801/1715/1715 835/1714/1714 834/1716/1716
f 801/1715/1715 834/1716/1716 802/1717/1717
f 802/1717/1717 834/1716/1716 833/1718/1718
f 802/1717/1717 833/1718/1718 803/1719/1719
f 803/1719/1719 833/1718/1718 832/1720/1720
f 803/1719/1719 832/1720/1720 804/1721/1721
f 804/1721/1721 832/1720/1720 831/1722/1722
f 804/1721/1721 831/1722/1722 805/1723/1723
f 805/1723/1723 831/1722/1722 830/1724/1724
f 830/1725/1725 818/1726/1726 805/1727/1727
f 805/1727/1727 818/1726/1726 806/1728/1728
f 829/1729/1729 794/1730/1730 817/1731/1731
f 817/1731/1731 794/1730/1730 793/1732/1732
g Body1:19

v 72.000000 18.000000 -52.000000
v 72.000000 18.000000 -54.000000
v 62.000000 18.000000 -54.000000
v 52.000000 18.000000 -54.000000
v 42.000000 18.000000 -54.000000
v 32.000000 18.000000 -54.000000
v 22.000000 18.000000 -54.000000
v 12.000000 18.000000 -54.000000
v 2.000000 18.000000 -54.000000
v 2.000000 18.000000 -52.000000
v 12.000000 18.000000 -52.000000
v 22.000000 18.000000 -52.000000
v 32.000000 18.000000 -52.000000
v 42.000000 18.000000 -52.000000
v 52.000000 18.000000 -52.000000
v 62.000000 18.000000 -52.000000
v 72.000000 16.000000 -52.000000
v 2.000000 16.000000 -52.000000
v 12.000000 16.000000 -52.000000
v 22.000000 16.000000 -52.000000
v 32.000000 16.000000 -52.000000
v 42.000000 16.000000 -52.000000
v 52.000000 16.000000 -52.000000
v 62.000000 16.000000 -52.000000
v 72.000000 16.000000 -54.000000
v 2.000000 16.000000 -54.000000
v 12.000000 16.000000 -54.000000
v 22.000000 16.000000 -54.000000
v 32.000000 16.000000 -54.000000
v 42.000000 16.000000 -54.000000
v 52.000000 16.000000 -54.000000
v 62.000000 16.000000 -54.000000
vt 0.000000 0.000000 0.000000
vt 2.000000 0.000000 0.000000
vt 0.000000 10.000000 0.000000
vt 2.000000 10.000000 0.000000
vt 0.000000 20.000000 0.000000
vt 2.000000 20.000000 0.000000
vt 0.000000 30.000000 0.000000
vt 2.000000 30.000000 0.000000
vt 0.000000 40.000000 0.000000
vt 2.000000 40.000000 0.000000
vt 0.000000 50.000000 0.000000
vt 2.000000 50.000000 0.000000
vt 0.000000 60.000000 0.000000
vt 2.000000 60.000000 0.000000
vt 0.000000 70.000000 0.000000
vt 2.000000 70.000000 0.000000
vt -0.000000 0.000000 0.000000
vt 2.000000 0.000000 0.000000
vt -0.000000 10.000000 0.000000
vt 2.000000 10.000000 0.000000
vt -0.000000 20.000000 0.000000
vt 2.000000 20.000000 0.000000
vt -0.000000 30.000000 0.000000
vt 2.000000 30.000000 0.000000
vt -0.000000 40.000000 0.000000
vt 2.000000 40.000000 0.000000
vt -0.000000 50.000000 0.000000
vt 2.000000 50.000000 0.000000
vt -0.000000 60.000000 0.000000
vt 2.000000 60.000000 0.000000
vt -0.000000 70.000000 0.000000
vt 2.000000 70.000000 0.000000
vt -0.000000 0.000000 0.000000
vt 2.000000 0.000000 0.000000
vt -0.000000 10.000000 0.000000
vt 2.000000 10.000000 0.000000
vt -0.000000 20.000000 0.000000
vt 2.000000 20.000000 0.000000
vt -0.000000 30.000000 0.000000
vt 2.000000 30.000000 0.000000
vt -0.000000 40.000000 0.000000
vt 2.000000 40.000000 0.000000
vt -0.000000 50.000000 0.000000
vt 2.000000 50.000000 0.000000
vt -0.000000 60.000000 0.000000
vt 2.000000 60.000000 0.000000
vt -0.000000 70.000000 0.000000
vt 2.000000 70.000000 0.000000
vt 0.000000 0.000000 0.000000
vt 2.000000 0.000000 0.000000
vt 0.000000 10.000000 0.000000
vt 2.000000 10.000000 0.000000
vt 0.000000 20.000000 0.000000
vt 2.000000 20.000000 0.000000
vt 0.000000 30.000000 0.000000
vt 2.000000 30.000000 0.000000
vt 0.000000 40.000000 0.000000
vt 2.000000 40.000000 0.000000
vt 0.000000 50.000000 0.000000
vt 2.000000 50.000000 0.000000
vt 0.000000 60.000000 0.000000
vt 2.000000 60.000000 0.000000
vt 0.000000 70.000000 0.000000
vt 2.000000 70.000000 0.000000
vt 1.000000 1.000000 0.000000
vt -1.000000 1.000000 0.000000
vt 1.000000 -1.000000 0.000000
vt -1.000000 -1.000000 0.000000
vt -1.000000 -1.000000 0.000000
vt 1.000000 -1.000000 0.000000
vt -1.000000 1.000000 0.000000
vt 1.000000 1.000000 0.000000
vn 0.000000 1.000000 -0.000000
vn 0.000000 1.000000 -0.000000
vn 0.000000 1.000000 -0.000000
vn 0.000000 1.000000 -0.000000
vn 0.000000 1.000000 -0.000000
vn 0.000000 1.000000 -0.000000
vn 0.000000 1.000000 -0.000000
vn 0.000000 1.000000 -0.000000
vn 0.000000 1.000000 -0.000000
vn 0.000000 1.000000 -0.000000
vn 0.000000 1.000000 -0.000000
vn 0.000000 1.000000 -0.000000
vn 0.000000 1.000000 -0.000000
vn 0.000000 1.000000 -0.000000
vn 0.000000 1.000000 -0.000000
vn 0.000000 1.000000 -0.000000
vn 0.000000 0.000000 1.000000
vn 0.000000 0.000000 1.000000
vn 0.000000 0.000000 1.000000
vn 0.000000 0.000000 1.000000
vn 0.000000 0.000000 1.000000
vn 0.000000 0.000000 1.000000
vn 0.000000 0.000000 1.000000
vn 0.000000 0.000000 1.000000
vn 0.000000 0.000000 1.000000
vn 0.000000 0.000000 1.000000
vn 0.000000 0.000000 1.000000
vn 0.000000 0.000000 1.000000
vn 0.000000 0.000000 1.000000
vn 0.000000 0.000000 1.000000
vn 0.000000 0.000000 1.000000
vn 0.000000 0.000000 1.000000
vn -0.000000 -1.000000 0.000000
vn -0.000000 -1.000000 0.000000
vn -0.000000 -1.000000 0.000000
vn -0.000000 -1.000000 0.000000
vn -0.000000 -1.000000 0.000000
vn -0.000000 -1.000000 0.000000
vn -0.000000 -1.000000 0.000000
vn -0.000000 -1.000000 0.000000
vn -0.000000 -1.000000 0.000000
vn -0.000000 -1.000000 0.000000
vn -0.000000 -1.000000 0.000000
vn -0.000000 -1.000000 0.000000
vn -0.000000 -1.000000 0.000000
vn -0.000000 -1.000000 0.000000
vn -0.000000 -1.000000 0.000000
vn -0.000000 -1.000000 0.000000
vn -0.000000 -0.000000 -1.000000
vn -0.000000 -0.000000 -1.000000
vn -0.000000 -0.000000 -1.000000
vn -0.000000 -0.000000 -1.000000
vn -0.000000 -0.000000 -1.000000
vn -0.000000 -0.000000 -1.000000
vn -0.000000 -0.000000 -1.000000
vn -0.000000 -0.000000 -1.000000
vn -0.000000 -0.000000 -1.000000
vn -0.000000 -0.000000 -1.000000
vn -0.000000 -0.000000 -1.000000
vn -0.000000 -0.000000 -1.000000
vn -0.000000 -0.000000 -1.000000
vn -0.000000 -0.000000 -1.000000
vn -0.000000 -0.000000 -1.000000
vn -0.000000 -0.000000 -1.000000
vn -1.000000 0.000000 0.000000
vn -1.000000 0.000000 0.000000
vn -1.000000 0.000000 0.000000
vn -1.000000 0.000000 0.000000
vn 1.000000 -0.000000 -0.000000
vn 1.000000 -0.000000 -0.000000
vn 1.000000 -0.000000 -0.000000
vn 1.000000 -0.000000 -0.000000
f 841/1733/1733 842/1734/1734 856/1735/1735
f 856/1735/1735 842/1734/1734 843/1736/1736
f 856/1735/1735 843/1736/1736 855/1737/1737
f 855/1737/1737 843/1736/1736 844/1738/1738
f 855/1737/1737 844/1738/1738 854/1739/1739
f 854/1739/1739 844/1738/1738 845/1740/1740
f 854/1739/1739 845/1740/1740 853/1741/1741
f 853/1741/1741 845/1740/1740 846/1742/1742
f 853/1741/1741 846/1742/1742 852/1743/1743
f 852/1743/1743 846/1742/1742 847/1744/1744
f 852/1743/1743 847/1744/1744 851/1745/1745
f 851/1745/1745 847/1744/1744 848/1746/1746
f 851/1745/1745 848/1746/1746 850/1747/1747
f 850/1747/1747 848/1746/1746 849/1748/1748
f 857/1749/1749 841/1750/1750 864/1751/1751
f 864/1751/1751 841/1750/1750 856/1752/1752
f 864/1751/1751 856/1752/1752 863/1753/1753
f 863/1753/1753 856/1752/1752 855/1754/1754
f 863/1753/1753 855/1754/1754 862/1755/1755
f 862/1755/1755 855/1754/1754 854/1756/1756
f 862/1755/1755 854/1756/1756 861/1757/1757
f 861/1757/1757 854/1756/1756 853/1758/1758
f 861/1757/1757 853/1758/1758 860/1759/1759
f 860/1759/1759 853/1758/1758 852/1760/1760
f 860/1759/1759 852/1760/1760 859/1761/1761
f 859/1761/1761 852/1760/1760 851/1762/1762
f 859/1761/1761 851/1762/1762 858/1763/1763
f 858/1763/1763 851/1762/1762 850/1764/1764
f 865/1765/1765 857/1766/1766 872/1767/1767
f 872/1767/1767 857/1766/1766 864/1768/1768
f 872/1767/1767 864/1768/1768 871/1769/1769
f 871/1769/1769 864/1768/1768 863/1770/1770
f 871/1769/1769 863/1770/1770 870/1771/1771
f 870/1771/1771 863/1770/1770 862/1772/1772
f 870/1771/1771 862/1772/1772 869/1773/1773
f 869/1773/1773 862/1772/1772 861/1774/1774
f 869/1773/1773 861/1774/1774 868/1775/1775
f 868/1775/1775 861/1774/1774 860/1776/1776
f 868/1775/1775 860/1776/1776 867/1777/1777
f 867/1777/1777 860/1776/1776 859/1778/1778
f 867/1777/1777 859/1778/1778 866/1779/1779
f 866/1779/1779 859/1778/1778 858/1780/1780
f 842/1781/1781 865/1782/1782 843/1783/1783
f 843/1783/1783 865/1782/1782 872/1784/1784
f 843/1783/1783 872/1784/1784 844/1785/1785
f 844/1785/1785 872/1784/1784 871/1786/1786
f 844/1785/1785 871/1786/1786 845/1787/1787
f 845/1787/1787 871/1786/1786 870/1788/1788
f 845/1787/1787 870/1788/1788 846/1789/1789
f 846/1789/1789 870/1788/1788 869/1790/1790
f 846/1789/1789 869/1790/1790 847/1791/1791
f 847/1791/1791 869/1790/1790 868/1792/1792
f 847/1791/1791 868/1792/1792 848/1793/1793
f 848/1793/1793 868/1792/1792 867/1794/1794
f 848/1793/1793 867/1794/1794 849/1795/1795
f 849/1795/1795 867/1794/1794 866/1796/1796
f 866/1797/1797 858/1798/1798 849/1799/1799
f 849/1799/1799 858/1798/1798 850/1800/1800
f 865/1801/1801 842/1802/1802 857/1803/1803
f 857/1803/1803 842/1802/1802 841/1804/1804
g Body1:20

v 72.000000 33.000000 -52.000000
v 72.000000 33.000000 -54.000000
v 62.000000 33.000000 -54.000000
v 52.000000 33.000000 -54.000000
v 42.000000 33.000000 -54.000000
v 32.000000 33.000000 -54.000000
v 22.000000 33.000000 -54.000000
v 12.000000 33.000000 -54.000000
v 2.000000 33.000000 -54.000000
v 2.000000 33.000000 -52.000000
v 12.000000 33.000000 -52.000000
v 22.000000 33.000000 -52.000000
v 32.000000 33.000000 -52.000000
v 42.000000 33.000000 -52.000000
v 52.000000 33.000000 -52.000000
v 62.000000 33.000000 -52.000000
v 72.000000 31.000000 -52.000000
v 2.000000 31.000000 -52.000000
v 12.000000 31.000000 -52.000000
v 22.000000 31.000000 -52.000000
v 32.000000 31.000000 -52.000000
v 42.000000 31.000000 -52.000000
v 52.000000 31.000000 -52.000000
v 62.000000 31.000000 -52.000000
v 72.000000 31.000000 -54.000000
v 2.000000 31.000000 -54.000000
v 12.000000 31.000000 -54.000000
v 22.000000 31.000000 -54.000000
v 32.000000 31.000000 -54.000000
v 42.000000 31.000000 -54.000000
v 52.000000 31.000000 -54.000000
v 62.000000 31.000000 -54.000000
vt 0.000000 0.000000 0.000000
vt 2.000000 0.000000 0.000000
vt 0.000000 10.000000 0.000000
vt 2.000000 10.000000 0.000000
vt 0.000000 20.000000 0.000000
vt 2.000000 20.000000 0.000000
vt 0.000000 30.000000 0.000000
vt 2.000000 30.000000 0.000000
vt 0.000000 40.000000 0.000000
vt 2.000000 40.000000 0.000000
vt 0.000000 50.000000 0.000000
vt 2.000000 50.000000 0.000000
vt 0.000000 60.000000 0.000000
vt 2.000000 60.000000 0.000000
vt 0.000000 70.000000 0.000000
vt 2.000000 70.000000 0.000000
vt -0.000000 0.000000 0.000000
vt 2.000000 0.000000 0.000000
vt -0.000000 10.000000 0.000000
vt 2.000000 10.000000 0.000000
vt -0.000000 20.000000 0.000000
vt 2.000000 20.000000 0.000000
vt -0.000000 30.000000 0.000000
vt 2.000000 30.000000 0.000000
vt -0.000000 40.000000 0.000000
vt 2.000000 40.000000 0.000000
vt -0.000000 50.000000 0.000000
vt 2.000000 50.000000 0.000000
vt -0.000000 60.000000 0.000000
vt 2.000000 60.000000 0.000000
vt -0.000000 70.000000 0.000000
vt 2.000000 70.000000 0.000000
vt -0.000000 0.000000 0.000000
vt 2.000000 0.000000 0.000000
vt -0.000000 10.000000 0.000000
vt 2.000000 10.000000 0.000000
vt -0.000000 20.000000 0.000000
vt 2.000000 20.000000 0.000000
vt -0.000000 30.000000 0.000000
vt 2.000000 30.000000 0.000000
vt -0.000000 40.000000 0.000000
vt 2.000000 40.000000 0.000000
vt -0.000000 50.000000 0.000000
vt 2.000000 50.000000 0.000000
vt -0.000000 60.000000 0.000000
vt 2.000000 60.000000 0.000000
vt -0.000000 70.000000 0.000000
vt 2.000000 70.000000 0.000000
vt 0.000000 0.000000 0.000000
vt 2.000000 0.000000 0.000000
vt 0.000000 10.000000 0.000000
vt 2.000000 10.000000 0.000000
vt 0.000000 20.000000 0.000000
vt 2.000000 20.000000 0.000000
vt 0.000000 30.000000 0.000000
vt 2.000000 30.000000 0.000000
vt 0.000000 40.000000 0.000000
vt 2.000000 40.000000 0.000000
vt 0.000000 50.000000 0.000000
vt 2.000000 50.000000 0.000000
vt 0.000000 60.000000 0.000000
vt 2.000000 60.000000 0.000000
vt 0.000000 70.000000 0.000000
vt 2.000000 70.000000 0.000000
vt 1.000000 1.000000 0.000000
vt -1.000000 1.000000 0.000000
vt 1.000000 -1.000000 0.000000
vt -1.000000 -1.000000 0.000000
vt -1.000000 -1.000000 0.000000
vt 1.000000 -1.000000 0.000000
vt -1.000000 1.000000 0.000000
vt 1.000000 1.000000 0.000000
vn 0.000000 1.000000 -0.000000
vn 0.000000 1.000000 -0.000000
vn 0.000000 1.000000 -0.000000
vn 0.000000 1.000000 -0.000000
vn 0.000000 1.000000 -0.000000
vn 0.000000 1.000000 -0.000000
vn 0.000000 1.000000 -0.000000
vn 0.000000 1.000000 -0.000000
vn 0.000000 1.000000 -0.000000
vn 0.000000 1.000000 -0.000000
vn 0.000000 1.000000 -0.000000
vn 0.000000 1.000000 -0.000000
vn 0.000000 1.000000 -0.000000
vn 0.000000 1.000000 -0.000000
vn 0.000000 1.000000 -0.000000
vn 0.000000 1.000000 -0.000000
vn 0.000000 0.000000 1.000000
vn 0.000000 0.000000 1.000000
vn 0.000000 0.000000 1.000000
vn 0.000000 0.000000 1.000000
vn 0.000000 0.000000 1.000000
vn 0.000000 0.000000 1.000000
vn 0.000000 0.000000 1.000000
vn 0.000000 0.000000 1.000000
vn 0.000000 0.000000 1.000000
vn 0.000000 0.000000 1.000000
vn 0.000000 0.000000 1.000000
vn 0.000000 0.000000 1.000000
vn 0.000000 0.000000 1.000000
vn 0.000000 0.000000 1.000000
vn 0.000000 0.000000 1.000000
vn 0.000000 0.000000 1.000000
vn -0.000000 -1.000000 0.000000
vn -0.000000 -1.000000 0.000000
vn -0.000000 -1.000000 0.000000
vn -0.000000 -1.000000 0.000000
vn -0.000000 -1.000000 0.000000
vn -0.000000 -1.000000 0.000000
vn -0.000000 -1.000000 0.000000
vn -0.000000 -1.000000 0.000000
vn -0.000000 -1.000000 0.000000
vn -0.000000 -1.000000 0.000000
vn -0.000000 -1.000000 0.000000
vn -0.000000 -1.000000 0.000000
vn -0.000000 -1.000000 0.000000
vn -0.000000 -1.000000 0.000000
vn -0.000000 -1.000000 0.000000
vn -0.000000 -1.000000 0.000000
vn -0.000000 -0.000000 -1.000000
vn -0.000000 -0.000000 -1.000000
vn -0.000000 -0.000000 -1.000000
vn -0.000000 -0.000000 -1.000000
vn -0.000000 -0.000000 -1.000000
vn -0.000000 -0.000000 -1.000000
vn -0.000000 -0.000000 -1.000000
vn -0.000000 -0.000000 -1.000000
vn -0.000000 -0.000000 -1.000000
vn -0.000000 -0.000000 -1.000000
vn -0.000000 -0.000000 -1.000000
vn -0.000000 -0.000000 -1.000000
vn -0.000000 -0.000000 -1.000000
vn -0.000000 -0.000000 -1.000000
vn -0.000000 -0.000000 -1.000000
vn -0.000000 -0.000000 -1.000000
vn -1.000000 0.000000 0.000000
vn -1.000000 0.000000 0.000000
vn -1.000000 0.000000 0.000000
vn -1.000000 0.000000 0.000000
vn 1.000000 -0.000000 -0.000000
vn 1.000000 -0.000000 -0.000000
vn 1.000000 -0.000000 -0.000000
vn 1.000000 -0.000000 -0.000000
f 873/1805/1805 874/1806/1806 888/1807/1807
f 888/1807/1807 874/1806/1806 875/1808/1808
f 888/1807/1807 875/1808/1808 887/1809/1809
f 887/1809/1809 875/1808/1808 876/1810/1810
f 887/1809/1809 876/1810/1810 886/1811/1811
f 886/1811/1811 876/1810/1810 877/1812/1812
f 886/1811/1811 877/1812/1812 885/1813/1813
f 885/1813/1813 877/1812/1812 878/1814/1814
f 885/1813/1813 878/1814/1814 884/1815/1815
f 884/1815/1815 878/1814/1814 879/1816/1816
f 884/1815/1815 879/1816/1816 883/1817/1817
f 883/1817/1817 879/1816/1816 880/1818/1818
f 883/1817/1817 880/1818/1818 882/1819/1819
f 882/1819/1819 880/1818/1818 881/1820/1820
f 889/1821/1821 873/1822/1822 896/1823/1823
f 896/1823/1823 873/1822/1822 888/1824/1824
f 896/1823/1823 888/1824/1824 895/1825/1825
f 895/1825/1825 888/1824/1824 887/1826/1826
f 895/1825/1825 887/1826/1826 894/1827/1827
f 894/1827/1827 887/1826/1826 886/1828/1828
f 894/1827/1827 886/1828/1828 893/1829/1829
f 893/1829/1829 886/1828/1828 885/1830/1830
f 893/1829/1829 885/1830/1830 892/1831/1831
f 892/1831/1831 885/1830/1830 884/1832/1832
f 892/1831/1831 884/1832/1832 891/1833/1833
f 891/1833/1833 884/1832/1832 883/1834/1834
f 891/1833/1833 883/1834/1834 890/1835/1835
f 890/1835/1835 883/1834/1834 882/1836/1836
f 897/1837/1837 889/1838/1838 904/1839/1839
f 904/1839/1839 889/1838/1838 896/1840/1840
f 904/1839/1839 896/1840/1840 903/1841/1841
f 903/1841/1841 896/1840/1840 895/1842/1842
f 903/1841/1841 895/1842/1842 902/1843/1843
f 902/1843/1843 895/1842/1842 894/1844/1844
f 902/1843/1843 894/1844/1844 901/1845/1845
f 901/1845/1845 894/1844/1844 893/1846/1846
f 901/1845/1845 893/1846/1846 900/1847/1847
f 900/1847/1847 893/1846/1846 892/1848/1848
f 900/1847/1847 892/1848/1848 899/1849/1849
f 899/1849/1849 892/1848/1848 891/1850/1850
f 899/1849/1849 891/1850/1850 898/1851/1851
f 898/1851/1851 891/1850/1850 890/1852/1852
f 874/1853/1853 897/1854/1854 875/1855/1855
f 875/1855/1855 897/1854/1854 904/1856/1856
f 875/1855/1855 904/1856/1856 876/1857/1857
f 876/1857/1857 904/1856/1856 903/1858/1858
f 876/1857/1857 903/1858/1858 877/1859/1859
f 877/1859/1859 903/1858/1858 902/1860/1860
f 877/1859/1859 902/1860/1860 878/1861/1861
f 878/1861/1861 902/1860/1860 901/1862/1862
f 878/1861/1861 901/1862/1862 879/1863/1863
f 879/1863/1863 901/1862/1862 900/1864/1864
f 879/1863/1863 900/1864/1864 880/1865/1865
f 880/1865/1865 900/1864/1864 899/1866/1866
f 880/1865/1865 899/1866/1866 881/1867/1867
f 881/1867/1867 899/1866/1866 898/1868/1868
f 898/1869/1869 890/1870/1870 881/1871/1871
f 881/1871/1871 890/1870/1870 882/1872/1872
f 897/1873/1873 874/1874/1874 889/1875/1875
f 889/1875/1875 874/1874/1874 873/1876/1876
g Body1:21

v 2.000000 61.000000 -54.000000
v 2.000000 59.000000 -54.000000
v 2.000000 59.000000 -64.000000
v 2.000000 59.000000 -74.000000
v 2.000000 59.000000 -84.000000
v 2.000000 59.000000 -94.000000
v 2.000000 59.000000 -104.000000
v 2.000000 61.000000 -104.000000
v 2.000000 61.000000 -94.000000
v 2.000000 61.000000 -84.000000
v 2.000000 61.000000 -74.000000
v 2.000000 61.000000 -64.000000
v -0.000000 61.000000 -54.000000
v -0.000000 61.000000 -104.000000
v -0.000000 61.000000 -94.000000
v -0.000000 61.000000 -84.000000
v -0.000000 61.000000 -74.000000
v -0.000000 61.000000 -64.000000
v -0.000000 59.000000 -54.000000
v -0.000000 59.000000 -104.000000
v -0.000000 59.000000 -94.000000
v -0.000000 59.000000 -84.000000
v -0.000000 59.000000 -74.000000
v -0.000000 59.000000 -64.000000
vt 0.000000 0.000000 0.000000
vt 2.000000 0.000000 0.000000
vt 0.000000 10.000000 0.000000
vt 2.000000 10.000000 0.000000
vt 0.000000 20.000000 0.000000
vt 2.000000 20.000000 0.000000
vt 0.000000 30.000000 0.000000
vt 2.000000 30.000000 0.000000
vt 0.000000 40.000000 0.000000
vt 2.000000 40.000000 0.000000
vt 0.000000 50.000000 0.000000
vt 2.000000 50.000000 0.000000
vt -0.000000 0.000000 0.000000
vt 2.000000 0.000000 0.000000
vt -0.000000 10.000000 0.000000
vt 2.000000 10.000000 0.000000
vt -0.000000 20.000000 0.000000
vt 2.000000 20.000000 0.000000
vt -0.000000 30.000000 0.000000
vt 2.000000 30.000000 0.000000
vt -0.000000 40.000000 0.000000
vt 2.000000 40.000000 0.000000
vt -0.000000 50.000000 0.000000
vt 2.000000 50.000000 0.000000
vt -0.000000 0.000000 0.000000
vt 2.000000 0.000000 0.000000
vt -0.000000 10.000000 0.000000
vt 2.000000 10.000000 0.000000
vt -0.000000 20.000000 0.000000
vt 2.000000 20.000000 0.000000
vt -0.000000 30.000000 0.000000
vt 2.000000 30.000000 0.000000
vt -0.000000 40.000000 0.000000
vt 2.000000 40.000000 0.000000
vt -0.000000 50.000000 0.000000
vt 2.000000 50.000000 0.000000
vt 0.000000 0.000000 0.000000
vt 2.000000 0.000000 0.000000
vt 0.000000 10.000000 0.000000
vt 2.000000 10.000000 0.000000
vt 0.000000 20.000000 0.000000
vt 2.000000 20.000000 0.000000
vt 0.000000 30.000000 0.000000
vt 2.000000 30.000000 0.000000
vt 0.000000 40.000000 0.000000
vt 2.000000 40.000000 0.000000
vt 0.000000 50.000000 0.000000
vt 2.000000 50.000000 0.000000
vt 1.000000 1.000000 0.000000
vt -1.000000 1.000000 0.000000
vt 1.000000 -1.000000 0.000000
vt -1.000000 -1.000000 0.000000
vt -1.000000 -1.000000 0.000000
vt 1.000000 -1.000000 0.000000
vt -1.000000 1.000000 0.000000
vt 1.000000 1.000000 0.000000
vn 1.000000 0.000000 0.000000
vn 1.000000 0.000000 0.000000
vn 1.000000 0.000000 0.000000
vn 1.000000 0.000000 0.000000
vn 1.000000 0.000000 0.000000
vn 1.000000 0.000000 0.000000
vn 1.000000 0.000000 0.000000
vn 1.000000 0.000000 0.000000
vn 1.000000 0.000000 0.000000
vn 1.000000 0.000000 0.000000
vn 1.000000 0.000000 0.000000
vn 1.000000 0.000000 0.000000
vn -0.000000 1.000000 -0.000000
vn -0.000000 1.000000 -0.000000
vn -0.000000 1.000000 -0.000000
vn -0.000000 1.000000 -0.000000
vn -0.000000 1.000000 -0.000000
vn -0.000000 1.000000 -0.000000
vn -0.000000 1.000000 -0.000000
vn -0.000000 1.000000 -0.000000
vn -0.000000 1.000000 -0.000000
vn -0.000000 1.000000 -0.000000
vn -0.000000 1.000000 -0.000000
vn -0.000000 1.000000 -0.000000
vn -1.000000 -0.000000 -0.000000
vn -1.000000 -0.000000 -0.000000
vn -1.000000 -0.000000 -0.000000
vn -1.000000 -0.000000 -0.000000
vn -1.000000 -0.000000 -0.000000
vn -1.000000 -0.000000 -0.000000
vn -1.000000 -0.000000 -0.000000
vn -1.000000 -0.000000 -0.000000
vn -1.000000 -0.000000 -0.000000
vn -1.000000 -0.000000 -0.000000
vn -1.000000 -0.000000 -0.000000
vn -1.000000 -0.000000 -0.000000
vn 0.000000 -1.000000 0.000000
vn 0.000000 -1.000000 0.000000
vn 0.000000 -1.000000 0.000000
vn 0.000000 -1.000000 0.000000
vn 0.000000 -1.000000 0.000000
vn 0.000000 -1.000000 0.000000
vn 0.000000 -1.000000 0.000000
vn 0.000000 -1.000000 0.000000
vn 0.000000 -1.000000 0.000000
vn 0.000000 -1.000000 0.000000
vn 0.000000 -1.000000 0.000000
vn 0.000000 -1.000000 0.000000
vn 0.000000 -0.000000 -1.000000
vn 0.000000 -0.000000 -1.000000
vn 0.000000 -0.000000 -1.000000
vn 0.000000 -0.000000 -1.000000
vn -0.000000 0.000000 1.000000
vn -0.000000 0.000000 1.000000
vn -0.000000 0.000000 1.000000
vn -0.000000 0.000000 1.000000
f 905/1877/1877 906/1878/1878 916/1879/1879
f 916/1879/1879 906/1878/1878 907/1880/1880
f 916/1879/1879 907/1880/1880 915/1881/1881
f 915/1881/1881 907/1880/1880 908/1882/1882
f 915/1881/1881 908/1882/1882 914/1883/1883
f 914/1883/1883 908/1882/1882 909/1884/1884
f 914/1883/1883 909/1884/1884 913/1885/1885
f 913/1885/1885 909/1884/1884 910/1886/1886
f 913/1885/1885 910/1886/1886 912/1887/1887
f 912/1887/1887 910/1886/1886 911/1888/1888
f 917/1889/1889 905/1890/1890 922/1891/1891
f 922/1891/1891 905/1890/1890 916/1892/1892
f 922/1891/1891 916/1892/1892 921/1893/1893
f 921/1893/1893 916/1892/1892 915/1894/1894
f 921/1893/1893 915/1894/1894 920/1895/1895
f 920/1895/1895 915/1894/1894 914/1896/1896
f 920/1895/1895 914/1896/1896 919/1897/1897
f 919/1897/1897 914/1896/1896 913/1898/1898
f 919/1897/1897 913/1898/1898 918/1899/1899
f 918/1899/1899 913/1898/1898 912/1900/1900
f 923/1901/1901 917/1902/1902 928/1903/1903
f 928/1903/1903 917/1902/1902 922/1904/1904
f 928/1903/1903 922/1904/1904 927/1905/1905
f 927/1905/1905 922/1904/1904 921/1906/1906
f 927/1905/1905 921/1906/1906 926/1907/1907
f 926/1907/1907 921/1906/1906 920/1908/1908
f 926/1907/1907 920/1908/1908 925/1909/1909
f 925/1909/1909 920/1908/1908 919/1910/1910
f 925/1909/1909 919/1910/1910 924/1911/1911
f 924/1911/1911 919/1910/1910 918/1912/1912
f 906/1913/1913 923/1914/1914 907/1915/1915
f 907/1915/1915 923/1914/1914 928/1916/1916
f 907/1915/1915 928/1916/1916 908/1917/1917
f 908/1917/1917 928/1916/1916 927/1918/1918
f 908/1917/1917 927/1918/1918 909/1919/1919
f 909/1919/1919 927/1918/1918 926/1920/1920
f 909/1919/1919 926/1920/1920 910/1921/1921
f 910/1921/1921 926/1920/1920 925/1922/1922
f 910/1921/1921 925/1922/1922 911/1923/1923
f 911/1923/1923 925/1922/1922 924/1924/1924
f 924/1925/1925 918/1926/1926 911/1927/1927
f 911/1927/1927 918/1926/1926 912/1928/1928
f 923/1929/1929 906/1930/1930 917/1931/1931
f 917/1931/1931 906/1930/1930 905/1932/1932
g Body1:22

v 73.000000 61.000000 -54.000000
v 73.000000 59.000000 -54.000000
v 73.000000 59.000000 -64.000000
v 73.000000 59.000000 -74.000000
v 73.000000 59.000000 -84.000000
v 73.000000 59.000000 -94.000000
v 73.000000 59.000000 -104.000000
v 73.000000 61.000000 -104.000000
v 73.000000 61.000000 -94.000000
v 73.000000 61.000000 -84.000000
v 73.000000 61.000000 -74.000000
v 73.000000 61.000000 -64.000000
v 71.000000 61.000000 -54.000000
v 71.000000 61.000000 -104.000000
v 71.000000 61.000000 -94.000000
v 71.000000 61.000000 -84.000000
v 71.000000 61.000000 -74.000000
v 71.000000 61.000000 -64.000000
v 71.000000 59.000000 -54.000000
v 71.000000 59.000000 -104.000000
v 71.000000 59.000000 -94.000000
v 71.000000 59.000000 -84.000000
v 71.000000 59.000000 -74.000000
v 71.000000 59.000000 -64.000000
vt 0.000000 0.000000 0.000000
vt 2.000000 0.000000 0.000000
vt 0.000000 10.000000 0.000000
vt 2.000000 10.000000 0.000000
vt 0.000000 20.000000 0.000000
vt 2.000000 20.000000 0.000000
vt 0.000000 30.000000 0.000000
vt 2.000000 30.000000 0.000000
vt 0.000000 40.000000 0.000000
vt 2.000000 40.000000 0.000000
vt 0.000000 50.000000 0.000000
vt 2.000000 50.000000 0.000000
vt -0.000000 0.000000 0.000000
vt 2.000000 0.000000 0.000000
vt -0.000000 10.000000 0.000000
vt 2.000000 10.000000 0.000000
vt -0.000000 20.000000 0.000000
vt 2.000000 20.000000 0.000000
vt -0.000000 30.000000 0.000000
vt 2.000000 30.000000 0.000000
vt -0.000000 40.000000 0.000000
vt 2.000000 40.000000 0.000000
vt -0.000000 50.000000 0.000000
vt 2.000000 50.000000 0.000000
vt -0.000000 0.000000 0.000000
vt 2.000000 0.000000 0.000000
vt -0.000000 10.000000 0.000000
vt 2.000000 10.000000 0.000000
vt -0.000000 20.000000 0.000000
vt 2.000000 20.000000 0.000000
vt -0.000000 30.000000 0.000000
vt 2.000000 30.000000 0.000000
vt -0.000000 40.000000 0.000000
vt 2.000000 40.000000 0.000000
vt -0.000000 50.000000 0.000000
vt 2.000000 50.000000 0.000000
vt 0.000000 0.000000 0.000000
vt 2.000000 0.000000 0.000000
vt 0.000000 10.000000 0.000000
vt 2.000000 10.000000 0.000000
vt 0.000000 20.000000 0.000000
vt 2.000000 20.000000 0.000000
vt 0.000000 30.000000 0.000000
vt 2.000000 30.000000 0.000000
vt 0.000000 40.000000 0.000000
vt 2.000000 40.000000 0.000000
vt 0.000000 50.000000 0.000000
vt 2.000000 50.000000 0.000000
vt 1.000000 1.000000 0.000000
vt -1.000000 1.000000 0.000000
vt 1.000000 -1.000000 0.000000
vt -1.000000 -1.000000 0.000000
vt -1.000000 -1.000000 0.000000
vt 1.000000 -1.000000 0.000000
vt -1.000000 1.000000 0.000000
vt 1.000000 1.000000 0.000000
vn 1.000000 0.000000 -0.000000
vn 1.000000 0.000000 -0.000000
vn 1.000000 0.000000 -0.000000
vn 1.000000 0.000000 -0.000000
vn 1.000000 0.000000 -0.000000
vn 1.000000 0.000000 -0.000000
vn 1.000000 0.000000 -0.000000
vn 1.000000 0.000000 -0.000000
vn 1.000000 0.000000 -0.000000
vn 1.000000 0.000000 -0.000000
vn 1.000000 0.000000 -0.000000
vn 1.000000 0.000000 -0.000000
vn -0.000000 1.000000 -0.000000
vn -0.000000 1.000000 -0.000000
vn -0.000000 1.000000 -0.000000
vn -0.000000 1.000000 -0.000000
vn -0.000000 1.000000 -0.000000
vn -0.000000 1.000000 -0.000000
vn -0.000000 1.000000 -0.000000
vn -0.000000 1.000000 -0.000000
vn -0.000000 1.000000 -0.000000
vn -0.000000 1.000000 -0.000000
vn -0.000000 1.000000 -0.000000
vn -0.000000 1.000000 -0.000000
vn -1.000000 -0.000000 0.000000
vn -1.000000 -0.000000 0.000000
vn -1.000000 -0.000000 0.000000
vn -1.000000 -0.000000 0.000000
vn -1.000000 -0.000000 0.000000
vn -1.000000 -0.000000 0.000000
vn -1.000000 -0.000000 0.000000
vn -1.000000 -0.000000 0.000000
vn -1.000000 -0.000000 0.000000
vn -1.000000 -0.000000 0.000000
vn -1.000000 -0.000000 0.000000
vn -1.000000 -0.000000 0.000000
vn 0.000000 -1.000000 0.000000
vn 0.000000 -1.000000 0.000000
vn 0.000000 -1.000000 0.000000
vn 0.000000 -1.000000 0.000000
vn 0.000000 -1.000000 0.000000
vn 0.000000 -1.000000 0.000000
vn 0.000000 -1.000000 0.000000
vn 0.000000 -1.000000 0.000000
vn 0.000000 -1.000000 0.000000
vn 0.000000 -1.000000 0.000000
vn 0.000000 -1.000000 0.000000
vn 0.000000 -1.000000 0.000000
vn -0.000000 -0.000000 -1.000000
vn -0.000000 -0.000000 -1.000000
vn -0.000000 -0.000000 -1.000000
vn -0.000000 -0.000000 -1.000000
vn 0.000000 0.000000 1.000000
vn 0.000000 0.000000 1.000000
vn 0.000000 0.000000 1.000000
vn 0.000000 0.000000 1.000000
f 929/1933/1933 930/1934/1934 940/1935/1935
f 940/1935/1935 930/1934/1934 931/1936/1936
f 940/1935/1935 931/1936/1936 939/1937/1937
f 939/1937/1937 931/1936/1936 932/1938/1938
f 939/1937/1937 932/1938/1938 938/1939/1939
f 938/1939/1939 932/1938/1938 933/1940/1940
f 938/1939/1939 933/1940/1940 937/1941/1941
f 937/1941/1941 933/1940/1940 934/1942/1942
f 937/1941/1941 934/1942/1942 936/1943/1943
f 936/1943/1943 934/1942/1942 935/1944/1944
f 941/1945/1945 929/1946/1946 946/1947/1947
f 946/1947/1947 929/1946/1946 940/1948/1948
f 946/1947/1947 940/1948/1948 945/1949/1949
f 945/1949/1949 940/1948/1948 939/1950/1950
f 945/1949/1949 939/1950/1950 944/1951/1951
f 944/1951/1951 939/1950/1950 938/1952/1952
f 944/1951/1951 938/1952/1952 943/1953/1953
f 943/1953/1953 938/1952/1952 937/1954/1954
f 943/1953/1953 937/1954/1954 942/1955/1955
f 942/1955/1955 937/1954/1954 936/1956/1956
f 947/1957/1957 941/1958/1958 952/1959/1959
f 952/1959/1959 941/1958/1958 946/1960/1960
f 952/1959/1959 946/1960/1960 951/1961/1961
f 951/1961/1961 946/1960/1960 945/1962/1962
f 951/1961/1961 945/1962/1962 950/1963/1963
f 950/1963/1963 945/1962/1962 944/1964/1964
f 950/1963/1963 944/1964/1964 949/1965/1965
f 949/1965/1965 944/1964/1964 943/1966/1966
f 949/1965/1965 943/1966/1966 948/1967/1967
f 948/1967/1967 943/1966/1966 942/1968/1968
f 930/1969/1969 947/1970/1970 931/1971/1971
f 931/1971/1971 947/1970/1970 952/1972/1972
f 931/1971/1971 952/1972/1972 932/1973/1973
f 932/1973/1973 952/1972/1972 951/1974/1974
f 932/1973/1973 951/1974/1974 933/1975/1975
f 933/1975/1975 951/1974/1974 950/1976/1976
f 933/1975/1975 950/1976/1976 934/1977/1977
f 934/1977/1977 950/1976/1976 949/1978/1978
f 934/1977/1977 949/1978/1978 935/1979/1979
f 935/1979/1979 949/1978/1978 948/1980/1980
f 948/1981/1981 942/1982/1982 935/1983/1983
f 935/1983/1983 942/1982/1982 936/1984/1984
f 947/1985/1985 930/1986/1986 941/1987/1987
f 941/1987/1987 930/1986/1986 929/1988/1988
# 952 vertices
# 1988 texture params
# 1988 normals
# 1812 facets

# 23 groups
