# WaveFront *.obj file (generated by Autodesk ATF)

mtllib RACE_station.mtl

g Body1

v 2.000000 -0.000000 -52.000000
v 2.000000 -0.000000 -50.000000
v 12.000000 0.000000 -50.000000
v 22.000000 0.000000 -50.000000
v 32.000000 0.000000 -50.000000
v 42.000000 0.000000 -50.000000
v 52.000000 0.000000 -50.000000
v 62.000000 0.000000 -50.000000
v 72.000000 0.000000 -50.000000
v 72.000000 0.000000 -52.000000
v 62.000000 0.000000 -52.000000
v 52.000000 0.000000 -52.000000
v 42.000000 0.000000 -52.000000
v 32.000000 0.000000 -52.000000
v 22.000000 0.000000 -52.000000
v 12.000000 0.000000 -52.000000
v 2.000000 -2.000000 -52.000000
v 72.000000 -2.000000 -52.000000
v 62.000000 -2.000000 -52.000000
v 52.000000 -2.000000 -52.000000
v 42.000000 -2.000000 -52.000000
v 32.000000 -2.000000 -52.000000
v 22.000000 -2.000000 -52.000000
v 12.000000 -2.000000 -52.000000
v 2.000000 -2.000000 -50.000000
v 72.000000 -2.000000 -50.000000
v 62.000000 -2.000000 -50.000000
v 52.000000 -2.000000 -50.000000
v 42.000000 -2.000000 -50.000000
v 32.000000 -2.000000 -50.000000
v 22.000000 -2.000000 -50.000000
v 12.000000 -2.000000 -50.000000
vt 0.000000 0.000000 0.000000
vt 2.000000 0.000000 0.000000
vt 0.000000 10.000000 0.000000
vt 2.000000 10.000000 0.000000
vt 0.000000 20.000000 0.000000
vt 2.000000 20.000000 0.000000
vt 0.000000 30.000000 0.000000
vt 2.000000 30.000000 0.000000
vt 0.000000 40.000000 0.000000
vt 2.000000 40.000000 0.000000
vt 0.000000 50.000000 0.000000
vt 2.000000 50.000000 0.000000
vt 0.000000 60.000000 0.000000
vt 2.000000 60.000000 0.000000
vt 0.000000 70.000000 0.000000
vt 2.000000 70.000000 0.000000
vt -0.000000 0.000000 0.000000
vt 2.000000 0.000000 0.000000
vt -0.000000 10.000000 0.000000
vt 2.000000 10.000000 0.000000
vt -0.000000 20.000000 0.000000
vt 2.000000 20.000000 0.000000
vt -0.000000 30.000000 0.000000
vt 2.000000 30.000000 0.000000
vt -0.000000 40.000000 0.000000
vt 2.000000 40.000000 0.000000
vt -0.000000 50.000000 0.000000
vt 2.000000 50.000000 0.000000
vt -0.000000 60.000000 0.000000
vt 2.000000 60.000000 0.000000
vt -0.000000 70.000000 0.000000
vt 2.000000 70.000000 0.000000
vt -0.000000 0.000000 0.000000
vt 2.000000 0.000000 0.000000
vt -0.000000 10.000000 0.000000
vt 2.000000 10.000000 0.000000
vt -0.000000 20.000000 0.000000
vt 2.000000 20.000000 0.000000
vt -0.000000 30.000000 0.000000
vt 2.000000 30.000000 0.000000
vt -0.000000 40.000000 0.000000
vt 2.000000 40.000000 0.000000
vt -0.000000 50.000000 0.000000
vt 2.000000 50.000000 0.000000
vt -0.000000 60.000000 0.000000
vt 2.000000 60.000000 0.000000
vt -0.000000 70.000000 0.000000
vt 2.000000 70.000000 0.000000
vt 0.000000 0.000000 0.000000
vt 2.000000 0.000000 0.000000
vt 0.000000 10.000000 0.000000
vt 2.000000 10.000000 0.000000
vt 0.000000 20.000000 0.000000
vt 2.000000 20.000000 0.000000
vt 0.000000 30.000000 0.000000
vt 2.000000 30.000000 0.000000
vt 0.000000 40.000000 0.000000
vt 2.000000 40.000000 0.000000
vt 0.000000 50.000000 0.000000
vt 2.000000 50.000000 0.000000
vt 0.000000 60.000000 0.000000
vt 2.000000 60.000000 0.000000
vt 0.000000 70.000000 0.000000
vt 2.000000 70.000000 0.000000
vt 1.000000 1.000000 0.000000
vt -1.000000 1.000000 0.000000
vt 1.000000 -1.000000 0.000000
vt -1.000000 -1.000000 0.000000
vt -1.000000 -1.000000 0.000000
vt 1.000000 -1.000000 0.000000
vt -1.000000 1.000000 0.000000
vt 1.000000 1.000000 0.000000
vn -0.000000 1.000000 -0.000000
vn -0.000000 1.000000 -0.000000
vn -0.000000 1.000000 -0.000000
vn -0.000000 1.000000 -0.000000
vn -0.000000 1.000000 -0.000000
vn -0.000000 1.000000 -0.000000
vn -0.000000 1.000000 -0.000000
vn -0.000000 1.000000 -0.000000
vn -0.000000 1.000000 -0.000000
vn -0.000000 1.000000 -0.000000
vn -0.000000 1.000000 -0.000000
vn -0.000000 1.000000 -0.000000
vn -0.000000 1.000000 -0.000000
vn -0.000000 1.000000 -0.000000
vn -0.000000 1.000000 -0.000000
vn -0.000000 1.000000 -0.000000
vn -0.000000 -0.000000 -1.000000
vn -0.000000 -0.000000 -1.000000
vn -0.000000 -0.000000 -1.000000
vn -0.000000 -0.000000 -1.000000
vn -0.000000 -0.000000 -1.000000
vn -0.000000 -0.000000 -1.000000
vn -0.000000 -0.000000 -1.000000
vn -0.000000 -0.000000 -1.000000
vn -0.000000 -0.000000 -1.000000
vn -0.000000 -0.000000 -1.000000
vn -0.000000 -0.000000 -1.000000
vn -0.000000 -0.000000 -1.000000
vn -0.000000 -0.000000 -1.000000
vn -0.000000 -0.000000 -1.000000
vn -0.000000 -0.000000 -1.000000
vn -0.000000 -0.000000 -1.000000
vn 0.000000 -1.000000 0.000000
vn 0.000000 -1.000000 0.000000
vn 0.000000 -1.000000 0.000000
vn 0.000000 -1.000000 0.000000
vn 0.000000 -1.000000 0.000000
vn 0.000000 -1.000000 0.000000
vn 0.000000 -1.000000 0.000000
vn 0.000000 -1.000000 0.000000
vn 0.000000 -1.000000 0.000000
vn 0.000000 -1.000000 0.000000
vn 0.000000 -1.000000 0.000000
vn 0.000000 -1.000000 0.000000
vn 0.000000 -1.000000 0.000000
vn 0.000000 -1.000000 0.000000
vn 0.000000 -1.000000 0.000000
vn 0.000000 -1.000000 0.000000
vn 0.000000 0.000000 1.000000
vn 0.000000 0.000000 1.000000
vn 0.000000 0.000000 1.000000
vn 0.000000 0.000000 1.000000
vn 0.000000 0.000000 1.000000
vn 0.000000 0.000000 1.000000
vn 0.000000 0.000000 1.000000
vn 0.000000 0.000000 1.000000
vn 0.000000 0.000000 1.000000
vn 0.000000 0.000000 1.000000
vn 0.000000 0.000000 1.000000
vn 0.000000 0.000000 1.000000
vn 0.000000 0.000000 1.000000
vn 0.000000 0.000000 1.000000
vn 0.000000 0.000000 1.000000
vn 0.000000 0.000000 1.000000
vn 1.000000 0.000000 -0.000000
vn 1.000000 0.000000 -0.000000
vn 1.000000 0.000000 -0.000000
vn 1.000000 0.000000 -0.000000
vn -1.000000 -0.000000 0.000000
vn -1.000000 -0.000000 0.000000
vn -1.000000 -0.000000 0.000000
vn -1.000000 -0.000000 0.000000
usemtl Steel_-_Satin
f 1/1/1 2/2/2 16/3/3
f 16/3/3 2/2/2 3/4/4
f 16/3/3 3/4/4 15/5/5
f 15/5/5 3/4/4 4/6/6
f 15/5/5 4/6/6 14/7/7
f 14/7/7 4/6/6 5/8/8
f 14/7/7 5/8/8 13/9/9
f 13/9/9 5/8/8 6/10/10
f 13/9/9 6/10/10 12/11/11
f 12/11/11 6/10/10 7/12/12
f 12/11/11 7/12/12 11/13/13
f 11/13/13 7/12/12 8/14/14
f 11/13/13 8/14/14 10/15/15
f 10/15/15 8/14/14 9/16/16
f 17/17/17 1/18/18 24/19/19
f 24/19/19 1/18/18 16/20/20
f 24/19/19 16/20/20 23/21/21
f 23/21/21 16/20/20 15/22/22
f 23/21/21 15/22/22 22/23/23
f 22/23/23 15/22/22 14/24/24
f 22/23/23 14/24/24 21/25/25
f 21/25/25 14/24/24 13/26/26
f 21/25/25 13/26/26 20/27/27
f 20/27/27 13/26/26 12/28/28
f 20/27/27 12/28/28 19/29/29
f 19/29/29 12/28/28 11/30/30
f 19/29/29 11/30/30 18/31/31
f 18/31/31 11/30/30 10/32/32
f 25/33/33 17/34/34 32/35/35
f 32/35/35 17/34/34 24/36/36
f 32/35/35 24/36/36 31/37/37
f 31/37/37 24/36/36 23/38/38
f 31/37/37 23/38/38 30/39/39
f 30/39/39 23/38/38 22/40/40
f 30/39/39 22/40/40 29/41/41
f 29/41/41 22/40/40 21/42/42
f 29/41/41 21/42/42 28/43/43
f 28/43/43 21/42/42 20/44/44
f 28/43/43 20/44/44 27/45/45
f 27/45/45 20/44/44 19/46/46
f 27/45/45 19/46/46 26/47/47
f 26/47/47 19/46/46 18/48/48
f 2/49/49 25/50/50 3/51/51
f 3/51/51 25/50/50 32/52/52
f 3/51/51 32/52/52 4/53/53
f 4/53/53 32/52/52 31/54/54
f 4/53/53 31/54/54 5/55/55
f 5/55/55 31/54/54 30/56/56
f 5/55/55 30/56/56 6/57/57
f 6/57/57 30/56/56 29/58/58
f 6/57/57 29/58/58 7/59/59
f 7/59/59 29/58/58 28/60/60
f 7/59/59 28/60/60 8/61/61
f 8/61/61 28/60/60 27/62/62
f 8/61/61 27/62/62 9/63/63
f 9/63/63 27/62/62 26/64/64
f 26/65/65 18/66/66 9/67/67
f 9/67/67 18/66/66 10/68/68
f 25/69/69 2/70/70 17/71/71
f 17/71/71 2/70/70 1/72/72
g Body1:1

v 72.000000 0.000000 -52.000000
v 72.000000 0.000000 -50.000000
v 72.000000 10.909091 -50.000000
v 72.000000 21.818182 -50.000000
v 72.000000 32.727273 -50.000000
v 72.000000 43.636364 -50.000000
v 72.000000 54.545455 -50.000000
v 72.000000 65.454545 -50.000000
v 72.000000 76.363636 -50.000000
v 72.000000 87.272727 -50.000000
v 72.000000 98.181818 -50.000000
v 72.000000 109.090909 -50.000000
v 72.000000 120.000000 -50.000000
v 72.000000 120.000000 -52.000000
v 72.000000 109.090909 -52.000000
v 72.000000 98.181818 -52.000000
v 72.000000 87.272727 -52.000000
v 72.000000 76.363636 -52.000000
v 72.000000 65.454545 -52.000000
v 72.000000 54.545455 -52.000000
v 72.000000 43.636364 -52.000000
v 72.000000 32.727273 -52.000000
v 72.000000 21.818182 -52.000000
v 72.000000 10.909091 -52.000000
v 74.000000 0.000000 -52.000000
v 74.000000 120.000000 -52.000000
v 74.000000 109.090909 -52.000000
v 74.000000 98.181818 -52.000000
v 74.000000 87.272727 -52.000000
v 74.000000 76.363636 -52.000000
v 74.000000 65.454545 -52.000000
v 74.000000 54.545455 -52.000000
v 74.000000 43.636364 -52.000000
v 74.000000 32.727273 -52.000000
v 74.000000 21.818182 -52.000000
v 74.000000 10.909091 -52.000000
v 74.000000 0.000000 -50.000000
v 74.000000 120.000000 -50.000000
v 74.000000 109.090909 -50.000000
v 74.000000 98.181818 -50.000000
v 74.000000 87.272727 -50.000000
v 74.000000 76.363636 -50.000000
v 74.000000 65.454545 -50.000000
v 74.000000 54.545455 -50.000000
v 74.000000 43.636364 -50.000000
v 74.000000 32.727273 -50.000000
v 74.000000 21.818182 -50.000000
v 74.000000 10.909091 -50.000000
vt 0.000000 0.000000 0.000000
vt 2.000000 0.000000 0.000000
vt 0.000000 10.909091 0.000000
vt 2.000000 10.909091 0.000000
vt 0.000000 21.818182 0.000000
vt 2.000000 21.818182 0.000000
vt 0.000000 32.727273 0.000000
vt 2.000000 32.727273 0.000000
vt 0.000000 43.636364 0.000000
vt 2.000000 43.636364 0.000000
vt 0.000000 54.545455 0.000000
vt 2.000000 54.545455 0.000000
vt 0.000000 65.454545 0.000000
vt 2.000000 65.454545 0.000000
vt 0.000000 76.363636 0.000000
vt 2.000000 76.363636 0.000000
vt 0.000000 87.272727 0.000000
vt 2.000000 87.272727 0.000000
vt 0.000000 98.181818 0.000000
vt 2.000000 98.181818 0.000000
vt 0.000000 109.090909 0.000000
vt 2.000000 109.090909 0.000000
vt 0.000000 120.000000 0.000000
vt 2.000000 120.000000 0.000000
vt -0.000000 0.000000 0.000000
vt 2.000000 0.000000 0.000000
vt -0.000000 10.909091 0.000000
vt 2.000000 10.909091 0.000000
vt -0.000000 21.818182 0.000000
vt 2.000000 21.818182 0.000000
vt -0.000000 32.727273 0.000000
vt 2.000000 32.727273 0.000000
vt -0.000000 43.636364 0.000000
vt 2.000000 43.636364 0.000000
vt -0.000000 54.545455 0.000000
vt 2.000000 54.545455 0.000000
vt -0.000000 65.454545 0.000000
vt 2.000000 65.454545 0.000000
vt -0.000000 76.363636 0.000000
vt 2.000000 76.363636 0.000000
vt -0.000000 87.272727 0.000000
vt 2.000000 87.272727 0.000000
vt -0.000000 98.181818 0.000000
vt 2.000000 98.181818 0.000000
vt -0.000000 109.090909 0.000000
vt 2.000000 109.090909 0.000000
vt -0.000000 120.000000 0.000000
vt 2.000000 120.000000 0.000000
vt -0.000000 0.000000 0.000000
vt 2.000000 0.000000 0.000000
vt -0.000000 10.909091 0.000000
vt 2.000000 10.909091 0.000000
vt -0.000000 21.818182 0.000000
vt 2.000000 21.818182 0.000000
vt -0.000000 32.727273 0.000000
vt 2.000000 32.727273 0.000000
vt -0.000000 43.636364 0.000000
vt 2.000000 43.636364 0.000000
vt -0.000000 54.545455 0.000000
vt 2.000000 54.545455 0.000000
vt -0.000000 65.454545 0.000000
vt 2.000000 65.454545 0.000000
vt -0.000000 76.363636 0.000000
vt 2.000000 76.363636 0.000000
vt -0.000000 87.272727 0.000000
vt 2.000000 87.272727 0.000000
vt -0.000000 98.181818 0.000000
vt 2.000000 98.181818 0.000000
vt -0.000000 109.090909 0.000000
vt 2.000000 109.090909 0.000000
vt -0.000000 120.000000 0.000000
vt 2.000000 120.000000 0.000000
vt -0.000000 0.000000 0.000000
vt 2.000000 0.000000 0.000000
vt -0.000000 10.909091 0.000000
vt 2.000000 10.909091 0.000000
vt -0.000000 21.818182 0.000000
vt 2.000000 21.818182 0.000000
vt -0.000000 32.727273 0.000000
vt 2.000000 32.727273 0.000000
vt -0.000000 43.636364 0.000000
vt 2.000000 43.636364 0.000000
vt -0.000000 54.545455 0.000000
vt 2.000000 54.545455 0.000000
vt -0.000000 65.454545 0.000000
vt 2.000000 65.454545 0.000000
vt -0.000000 76.363636 0.000000
vt 2.000000 76.363636 0.000000
vt -0.000000 87.272727 0.000000
vt 2.000000 87.272727 0.000000
vt -0.000000 98.181818 0.000000
vt 2.000000 98.181818 0.000000
vt -0.000000 109.090909 0.000000
vt 2.000000 109.090909 0.000000
vt 0.000000 120.000000 0.000000
vt 2.000000 120.000000 0.000000
vt 1.000000 1.000000 0.000000
vt -1.000000 1.000000 0.000000
vt 1.000000 -1.000000 0.000000
vt -1.000000 -1.000000 0.000000
vt -1.000000 -1.000000 0.000000
vt 1.000000 -1.000000 0.000000
vt -1.000000 1.000000 0.000000
vt 1.000000 1.000000 0.000000
vn -1.000000 0.000000 -0.000000
vn -1.000000 0.000000 -0.000000
vn -1.000000 0.000000 -0.000000
vn -1.000000 0.000000 -0.000000
vn -1.000000 0.000000 -0.000000
vn -1.000000 0.000000 -0.000000
vn -1.000000 0.000000 -0.000000
vn -1.000000 0.000000 -0.000000
vn -1.000000 0.000000 -0.000000
vn -1.000000 0.000000 -0.000000
vn -1.000000 0.000000 -0.000000
vn -1.000000 0.000000 -0.000000
vn -1.000000 0.000000 -0.000000
vn -1.000000 0.000000 -0.000000
vn -1.000000 0.000000 -0.000000
vn -1.000000 0.000000 -0.000000
vn -1.000000 0.000000 -0.000000
vn -1.000000 0.000000 -0.000000
vn -1.000000 0.000000 -0.000000
vn -1.000000 0.000000 -0.000000
vn -1.000000 0.000000 -0.000000
vn -1.000000 0.000000 -0.000000
vn -1.000000 0.000000 -0.000000
vn -1.000000 0.000000 -0.000000
vn 0.000000 0.000000 -1.000000
vn 0.000000 0.000000 -1.000000
vn 0.000000 0.000000 -1.000000
vn 0.000000 0.000000 -1.000000
vn 0.000000 0.000000 -1.000000
vn 0.000000 0.000000 -1.000000
vn 0.000000 0.000000 -1.000000
vn 0.000000 0.000000 -1.000000
vn 0.000000 0.000000 -1.000000
vn 0.000000 0.000000 -1.000000
vn 0.000000 0.000000 -1.000000
vn 0.000000 0.000000 -1.000000
vn 0.000000 0.000000 -1.000000
vn 0.000000 0.000000 -1.000000
vn 0.000000 0.000000 -1.000000
vn 0.000000 0.000000 -1.000000
vn 0.000000 0.000000 -1.000000
vn 0.000000 0.000000 -1.000000
vn 0.000000 0.000000 -1.000000
vn 0.000000 0.000000 -1.000000
vn 0.000000 0.000000 -1.000000
vn 0.000000 0.000000 -1.000000
vn 0.000000 0.000000 -1.000000
vn 0.000000 0.000000 -1.000000
vn 1.000000 0.000000 0.000000
vn 1.000000 0.000000 0.000000
vn 1.000000 0.000000 0.000000
vn 1.000000 0.000000 0.000000
vn 1.000000 0.000000 0.000000
vn 1.000000 0.000000 0.000000
vn 1.000000 0.000000 0.000000
vn 1.000000 0.000000 0.000000
vn 1.000000 0.000000 0.000000
vn 1.000000 0.000000 0.000000
vn 1.000000 0.000000 0.000000
vn 1.000000 0.000000 0.000000
vn 1.000000 0.000000 0.000000
vn 1.000000 0.000000 0.000000
vn 1.000000 0.000000 0.000000
vn 1.000000 0.000000 0.000000
vn 1.000000 0.000000 0.000000
vn 1.000000 0.000000 0.000000
vn 1.000000 0.000000 0.000000
vn 1.000000 0.000000 0.000000
vn 1.000000 0.000000 0.000000
vn 1.000000 0.000000 0.000000
vn 1.000000 0.000000 0.000000
vn 1.000000 0.000000 0.000000
vn 0.000000 -0.000000 1.000000
vn 0.000000 -0.000000 1.000000
vn 0.000000 -0.000000 1.000000
vn 0.000000 -0.000000 1.000000
vn 0.000000 -0.000000 1.000000
vn 0.000000 -0.000000 1.000000
vn 0.000000 -0.000000 1.000000
vn 0.000000 -0.000000 1.000000
vn 0.000000 -0.000000 1.000000
vn 0.000000 -0.000000 1.000000
vn 0.000000 -0.000000 1.000000
vn 0.000000 -0.000000 1.000000
vn 0.000000 -0.000000 1.000000
vn 0.000000 -0.000000 1.000000
vn 0.000000 -0.000000 1.000000
vn 0.000000 -0.000000 1.000000
vn 0.000000 -0.000000 1.000000
vn 0.000000 -0.000000 1.000000
vn 0.000000 -0.000000 1.000000
vn 0.000000 -0.000000 1.000000
vn 0.000000 -0.000000 1.000000
vn 0.000000 -0.000000 1.000000
vn 0.000000 -0.000000 1.000000
vn 0.000000 -0.000000 1.000000
vn 0.000000 1.000000 0.000000
vn 0.000000 1.000000 0.000000
vn 0.000000 1.000000 0.000000
vn 0.000000 1.000000 0.000000
vn -0.000000 -1.000000 -0.000000
vn -0.000000 -1.000000 -0.000000
vn -0.000000 -1.000000 -0.000000
vn -0.000000 -1.000000 -0.000000
f 33/73/73 34/74/74 56/75/75
f 56/75/75 34/74/74 35/76/76
f 56/75/75 35/76/76 55/77/77
f 55/77/77 35/76/76 36/78/78
f 55/77/77 36/78/78 54/79/79
f 54/79/79 36/78/78 37/80/80
f 54/79/79 37/80/80 53/81/81
f 53/81/81 37/80/80 38/82/82
f 53/81/81 38/82/82 52/83/83
f 52/83/83 38/82/82 39/84/84
f 52/83/83 39/84/84 51/85/85
f 51/85/85 39/84/84 40/86/86
f 51/85/85 40/86/86 50/87/87
f 50/87/87 40/86/86 41/88/88
f 50/87/87 41/88/88 49/89/89
f 49/89/89 41/88/88 42/90/90
f 49/89/89 42/90/90 48/91/91
f 48/91/91 42/90/90 43/92/92
f 48/91/91 43/92/92 47/93/93
f 47/93/93 43/92/92 44/94/94
f 47/93/93 44/94/94 46/95/95
f 46/95/95 44/94/94 45/96/96
f 57/97/97 33/98/98 68/99/99
f 68/99/99 33/98/98 56/100/100
f 68/99/99 56/100/100 67/101/101
f 67/101/101 56/100/100 55/102/102
f 67/101/101 55/102/102 66/103/103
f 66/103/103 55/102/102 54/104/104
f 66/103/103 54/104/104 65/105/105
f 65/105/105 54/104/104 53/106/106
f 65/105/105 53/106/106 64/107/107
f 64/107/107 53/106/106 52/108/108
f 64/107/107 52/108/108 63/109/109
f 63/109/109 52/108/108 51/110/110
f 63/109/109 51/110/110 62/111/111
f 62/111/111 51/110/110 50/112/112
f 62/111/111 50/112/112 61/113/113
f 61/113/113 50/112/112 49/114/114
f 61/113/113 49/114/114 60/115/115
f 60/115/115 49/114/114 48/116/116
f 60/115/115 48/116/116 59/117/117
f 59/117/117 48/116/116 47/118/118
f 59/117/117 47/118/118 58/119/119
f 58/119/119 47/118/118 46/120/120
f 69/121/121 57/122/122 80/123/123
f 80/123/123 57/122/122 68/124/124
f 80/123/123 68/124/124 79/125/125
f 79/125/125 68/124/124 67/126/126
f 79/125/125 67/126/126 78/127/127
f 78/127/127 67/126/126 66/128/128
f 78/127/127 66/128/128 77/129/129
f 77/129/129 66/128/128 65/130/130
f 77/129/129 65/130/130 76/131/131
f 76/131/131 65/130/130 64/132/132
f 76/131/131 64/132/132 75/133/133
f 75/133/133 64/132/132 63/134/134
f 75/133/133 63/134/134 74/135/135
f 74/135/135 63/134/134 62/136/136
f 74/135/135 62/136/136 73/137/137
f 73/137/137 62/136/136 61/138/138
f 73/137/137 61/138/138 72/139/139
f 72/139/139 61/138/138 60/140/140
f 72/139/139 60/140/140 71/141/141
f 71/141/141 60/140/140 59/142/142
f 71/141/141 59/142/142 70/143/143
f 70/143/143 59/142/142 58/144/144
f 34/145/145 69/146/146 35/147/147
f 35/147/147 69/146/146 80/148/148
f 35/147/147 80/148/148 36/149/149
f 36/149/149 80/148/148 79/150/150
f 36/149/149 79/150/150 37/151/151
f 37/151/151 79/150/150 78/152/152
f 37/151/151 78/152/152 38/153/153
f 38/153/153 78/152/152 77/154/154
f 38/153/153 77/154/154 39/155/155
f 39/155/155 77/154/154 76/156/156
f 39/155/155 76/156/156 40/157/157
f 40/157/157 76/156/156 75/158/158
f 40/157/157 75/158/158 41/159/159
f 41/159/159 75/158/158 74/160/160
f 41/159/159 74/160/160 42/161/161
f 42/161/161 74/160/160 73/162/162
f 42/161/161 73/162/162 43/163/163
f 43/163/163 73/162/162 72/164/164
f 43/163/163 72/164/164 44/165/165
f 44/165/165 72/164/164 71/166/166
f 44/165/165 71/166/166 45/167/167
f 45/167/167 71/166/166 70/168/168
f 70/169/169 58/170/170 45/171/171
f 45/171/171 58/170/170 46/172/172
f 69/173/173 34/174/174 57/175/175
f 57/175/175 34/174/174 33/176/176
g Body1:2

v 2.000000 122.000000 0.000000
v 2.000000 122.000000 2.000000
v 12.000000 122.000000 2.000000
v 22.000000 122.000000 2.000000
v 32.000000 122.000000 2.000000
v 42.000000 122.000000 2.000000
v 52.000000 122.000000 2.000000
v 62.000000 122.000000 2.000000
v 72.000000 122.000000 2.000000
v 72.000000 122.000000 0.000000
v 62.000000 122.000000 0.000000
v 52.000000 122.000000 0.000000
v 42.000000 122.000000 0.000000
v 32.000000 122.000000 0.000000
v 22.000000 122.000000 0.000000
v 12.000000 122.000000 0.000000
v 2.000000 120.000000 0.000000
v 72.000000 120.000000 0.000000
v 62.000000 120.000000 0.000000
v 52.000000 120.000000 0.000000
v 42.000000 120.000000 0.000000
v 32.000000 120.000000 0.000000
v 22.000000 120.000000 0.000000
v 12.000000 120.000000 0.000000
v 2.000000 120.000000 2.000000
v 72.000000 120.000000 2.000000
v 62.000000 120.000000 2.000000
v 52.000000 120.000000 2.000000
v 42.000000 120.000000 2.000000
v 32.000000 120.000000 2.000000
v 22.000000 120.000000 2.000000
v 12.000000 120.000000 2.000000
vt 0.000000 0.000000 0.000000
vt 2.000000 0.000000 0.000000
vt 0.000000 10.000000 0.000000
vt 2.000000 10.000000 0.000000
vt 0.000000 20.000000 0.000000
vt 2.000000 20.000000 0.000000
vt 0.000000 30.000000 0.000000
vt 2.000000 30.000000 0.000000
vt 0.000000 40.000000 0.000000
vt 2.000000 40.000000 0.000000
vt 0.000000 50.000000 0.000000
vt 2.000000 50.000000 0.000000
vt 0.000000 60.000000 0.000000
vt 2.000000 60.000000 0.000000
vt 0.000000 70.000000 0.000000
vt 2.000000 70.000000 0.000000
vt -0.000000 0.000000 0.000000
vt 2.000000 0.000000 0.000000
vt -0.000000 10.000000 0.000000
vt 2.000000 10.000000 0.000000
vt -0.000000 20.000000 0.000000
vt 2.000000 20.000000 0.000000
vt -0.000000 30.000000 0.000000
vt 2.000000 30.000000 0.000000
vt -0.000000 40.000000 0.000000
vt 2.000000 40.000000 0.000000
vt -0.000000 50.000000 0.000000
vt 2.000000 50.000000 0.000000
vt -0.000000 60.000000 0.000000
vt 2.000000 60.000000 0.000000
vt -0.000000 70.000000 0.000000
vt 2.000000 70.000000 0.000000
vt -0.000000 0.000000 0.000000
vt 2.000000 0.000000 0.000000
vt -0.000000 10.000000 0.000000
vt 2.000000 10.000000 0.000000
vt -0.000000 20.000000 0.000000
vt 2.000000 20.000000 0.000000
vt -0.000000 30.000000 0.000000
vt 2.000000 30.000000 0.000000
vt -0.000000 40.000000 0.000000
vt 2.000000 40.000000 0.000000
vt -0.000000 50.000000 0.000000
vt 2.000000 50.000000 0.000000
vt -0.000000 60.000000 0.000000
vt 2.000000 60.000000 0.000000
vt -0.000000 70.000000 0.000000
vt 2.000000 70.000000 0.000000
vt 0.000000 0.000000 0.000000
vt 2.000000 0.000000 0.000000
vt 0.000000 10.000000 0.000000
vt 2.000000 10.000000 0.000000
vt 0.000000 20.000000 0.000000
vt 2.000000 20.000000 0.000000
vt 0.000000 30.000000 0.000000
vt 2.000000 30.000000 0.000000
vt 0.000000 40.000000 0.000000
vt 2.000000 40.000000 0.000000
vt 0.000000 50.000000 0.000000
vt 2.000000 50.000000 0.000000
vt 0.000000 60.000000 0.000000
vt 2.000000 60.000000 0.000000
vt 0.000000 70.000000 0.000000
vt 2.000000 70.000000 0.000000
vt 1.000000 1.000000 0.000000
vt -1.000000 1.000000 0.000000
vt 1.000000 -1.000000 0.000000
vt -1.000000 -1.000000 0.000000
vt -1.000000 -1.000000 0.000000
vt 1.000000 -1.000000 0.000000
vt -1.000000 1.000000 0.000000
vt 1.000000 1.000000 0.000000
vn -0.000000 1.000000 -0.000000
vn -0.000000 1.000000 -0.000000
vn -0.000000 1.000000 -0.000000
vn -0.000000 1.000000 -0.000000
vn -0.000000 1.000000 -0.000000
vn -0.000000 1.000000 -0.000000
vn -0.000000 1.000000 -0.000000
vn -0.000000 1.000000 -0.000000
vn -0.000000 1.000000 -0.000000
vn -0.000000 1.000000 -0.000000
vn -0.000000 1.000000 -0.000000
vn -0.000000 1.000000 -0.000000
vn -0.000000 1.000000 -0.000000
vn -0.000000 1.000000 -0.000000
vn -0.000000 1.000000 -0.000000
vn -0.000000 1.000000 -0.000000
vn 0.000000 -0.000000 -1.000000
vn 0.000000 -0.000000 -1.000000
vn 0.000000 -0.000000 -1.000000
vn 0.000000 -0.000000 -1.000000
vn 0.000000 -0.000000 -1.000000
vn 0.000000 -0.000000 -1.000000
vn 0.000000 -0.000000 -1.000000
vn 0.000000 -0.000000 -1.000000
vn 0.000000 -0.000000 -1.000000
vn 0.000000 -0.000000 -1.000000
vn 0.000000 -0.000000 -1.000000
vn 0.000000 -0.000000 -1.000000
vn 0.000000 -0.000000 -1.000000
vn 0.000000 -0.000000 -1.000000
vn 0.000000 -0.000000 -1.000000
vn 0.000000 -0.000000 -1.000000
vn 0.000000 -1.000000 0.000000
vn 0.000000 -1.000000 0.000000
vn 0.000000 -1.000000 0.000000
vn 0.000000 -1.000000 0.000000
vn 0.000000 -1.000000 0.000000
vn 0.000000 -1.000000 0.000000
vn 0.000000 -1.000000 0.000000
vn 0.000000 -1.000000 0.000000
vn 0.000000 -1.000000 0.000000
vn 0.000000 -1.000000 0.000000
vn 0.000000 -1.000000 0.000000
vn 0.000000 -1.000000 0.000000
vn 0.000000 -1.000000 0.000000
vn 0.000000 -1.000000 0.000000
vn 0.000000 -1.000000 0.000000
vn 0.000000 -1.000000 0.000000
vn -0.000000 0.000000 1.000000
vn -0.000000 0.000000 1.000000
vn -0.000000 0.000000 1.000000
vn -0.000000 0.000000 1.000000
vn -0.000000 0.000000 1.000000
vn -0.000000 0.000000 1.000000
vn -0.000000 0.000000 1.000000
vn -0.000000 0.000000 1.000000
vn -0.000000 0.000000 1.000000
vn -0.000000 0.000000 1.000000
vn -0.000000 0.000000 1.000000
vn -0.000000 0.000000 1.000000
vn -0.000000 0.000000 1.000000
vn -0.000000 0.000000 1.000000
vn -0.000000 0.000000 1.000000
vn -0.000000 0.000000 1.000000
vn 1.000000 0.000000 0.000000
vn 1.000000 0.000000 0.000000
vn 1.000000 0.000000 0.000000
vn 1.000000 0.000000 0.000000
vn -1.000000 -0.000000 -0.000000
vn -1.000000 -0.000000 -0.000000
vn -1.000000 -0.000000 -0.000000
vn -1.000000 -0.000000 -0.000000
f 81/177/177 82/178/178 96/179/179
f 96/179/179 82/178/178 83/180/180
f 96/179/179 83/180/180 95/181/181
f 95/181/181 83/180/180 84/182/182
f 95/181/181 84/182/182 94/183/183
f 94/183/183 84/182/182 85/184/184
f 94/183/183 85/184/184 93/185/185
f 93/185/185 85/184/184 86/186/186
f 93/185/185 86/186/186 92/187/187
f 92/187/187 86/186/186 87/188/188
f 92/187/187 87/188/188 91/189/189
f 91/189/189 87/188/188 88/190/190
f 91/189/189 88/190/190 90/191/191
f 90/191/191 88/190/190 89/192/192
f 97/193/193 81/194/194 104/195/195
f 104/195/195 81/194/194 96/196/196
f 104/195/195 96/196/196 103/197/197
f 103/197/197 96/196/196 95/198/198
f 103/197/197 95/198/198 102/199/199
f 102/199/199 95/198/198 94/200/200
f 102/199/199 94/200/200 101/201/201
f 101/201/201 94/200/200 93/202/202
f 101/201/201 93/202/202 100/203/203
f 100/203/203 93/202/202 92/204/204
f 100/203/203 92/204/204 99/205/205
f 99/205/205 92/204/204 91/206/206
f 99/205/205 91/206/206 98/207/207
f 98/207/207 91/206/206 90/208/208
f 105/209/209 97/210/210 112/211/211
f 112/211/211 97/210/210 104/212/212
f 112/211/211 104/212/212 111/213/213
f 111/213/213 104/212/212 103/214/214
f 111/213/213 103/214/214 110/215/215
f 110/215/215 103/214/214 102/216/216
f 110/215/215 102/216/216 109/217/217
f 109/217/217 102/216/216 101/218/218
f 109/217/217 101/218/218 108/219/219
f 108/219/219 101/218/218 100/220/220
f 108/219/219 100/220/220 107/221/221
f 107/221/221 100/220/220 99/222/222
f 107/221/221 99/222/222 106/223/223
f 106/223/223 99/222/222 98/224/224
f 82/225/225 105/226/226 83/227/227
f 83/227/227 105/226/226 112/228/228
f 83/227/227 112/228/228 84/229/229
f 84/229/229 112/228/228 111/230/230
f 84/229/229 111/230/230 85/231/231
f 85/231/231 111/230/230 110/232/232
f 85/231/231 110/232/232 86/233/233
f 86/233/233 110/232/232 109/234/234
f 86/233/233 109/234/234 87/235/235
f 87/235/235 109/234/234 108/236/236
f 87/235/235 108/236/236 88/237/237
f 88/237/237 108/236/236 107/238/238
f 88/237/237 107/238/238 89/239/239
f 89/239/239 107/238/238 106/240/240
f 106/241/241 98/242/242 89/243/243
f 89/243/243 98/242/242 90/244/244
f 105/245/245 82/246/246 97/247/247
f 97/247/247 82/246/246 81/248/248
g Body1:3

v 2.000000 122.000000 -52.000000
v 2.000000 122.000000 -50.000000
v 12.000000 122.000000 -50.000000
v 22.000000 122.000000 -50.000000
v 32.000000 122.000000 -50.000000
v 42.000000 122.000000 -50.000000
v 52.000000 122.000000 -50.000000
v 62.000000 122.000000 -50.000000
v 72.000000 122.000000 -50.000000
v 72.000000 122.000000 -52.000000
v 62.000000 122.000000 -52.000000
v 52.000000 122.000000 -52.000000
v 42.000000 122.000000 -52.000000
v 32.000000 122.000000 -52.000000
v 22.000000 122.000000 -52.000000
v 12.000000 122.000000 -52.000000
v 2.000000 120.000000 -52.000000
v 72.000000 120.000000 -52.000000
v 62.000000 120.000000 -52.000000
v 52.000000 120.000000 -52.000000
v 42.000000 120.000000 -52.000000
v 32.000000 120.000000 -52.000000
v 22.000000 120.000000 -52.000000
v 12.000000 120.000000 -52.000000
v 2.000000 120.000000 -50.000000
v 72.000000 120.000000 -50.000000
v 62.000000 120.000000 -50.000000
v 52.000000 120.000000 -50.000000
v 42.000000 120.000000 -50.000000
v 32.000000 120.000000 -50.000000
v 22.000000 120.000000 -50.000000
v 12.000000 120.000000 -50.000000
vt 0.000000 0.000000 0.000000
vt 2.000000 0.000000 0.000000
vt 0.000000 10.000000 0.000000
vt 2.000000 10.000000 0.000000
vt 0.000000 20.000000 0.000000
vt 2.000000 20.000000 0.000000
vt 0.000000 30.000000 0.000000
vt 2.000000 30.000000 0.000000
vt 0.000000 40.000000 0.000000
vt 2.000000 40.000000 0.000000
vt 0.000000 50.000000 0.000000
vt 2.000000 50.000000 0.000000
vt 0.000000 60.000000 0.000000
vt 2.000000 60.000000 0.000000
vt 0.000000 70.000000 0.000000
vt 2.000000 70.000000 0.000000
vt -0.000000 0.000000 0.000000
vt 2.000000 0.000000 0.000000
vt -0.000000 10.000000 0.000000
vt 2.000000 10.000000 0.000000
vt -0.000000 20.000000 0.000000
vt 2.000000 20.000000 0.000000
vt -0.000000 30.000000 0.000000
vt 2.000000 30.000000 0.000000
vt -0.000000 40.000000 0.000000
vt 2.000000 40.000000 0.000000
vt -0.000000 50.000000 0.000000
vt 2.000000 50.000000 0.000000
vt -0.000000 60.000000 0.000000
vt 2.000000 60.000000 0.000000
vt -0.000000 70.000000 0.000000
vt 2.000000 70.000000 0.000000
vt -0.000000 0.000000 0.000000
vt 2.000000 0.000000 0.000000
vt -0.000000 10.000000 0.000000
vt 2.000000 10.000000 0.000000
vt -0.000000 20.000000 0.000000
vt 2.000000 20.000000 0.000000
vt -0.000000 30.000000 0.000000
vt 2.000000 30.000000 0.000000
vt -0.000000 40.000000 0.000000
vt 2.000000 40.000000 0.000000
vt -0.000000 50.000000 0.000000
vt 2.000000 50.000000 0.000000
vt -0.000000 60.000000 0.000000
vt 2.000000 60.000000 0.000000
vt -0.000000 70.000000 0.000000
vt 2.000000 70.000000 0.000000
vt 0.000000 0.000000 0.000000
vt 2.000000 0.000000 0.000000
vt 0.000000 10.000000 0.000000
vt 2.000000 10.000000 0.000000
vt 0.000000 20.000000 0.000000
vt 2.000000 20.000000 0.000000
vt 0.000000 30.000000 0.000000
vt 2.000000 30.000000 0.000000
vt 0.000000 40.000000 0.000000
vt 2.000000 40.000000 0.000000
vt 0.000000 50.000000 0.000000
vt 2.000000 50.000000 0.000000
vt 0.000000 60.000000 0.000000
vt 2.000000 60.000000 0.000000
vt 0.000000 70.000000 0.000000
vt 2.000000 70.000000 0.000000
vt 1.000000 1.000000 0.000000
vt -1.000000 1.000000 0.000000
vt 1.000000 -1.000000 0.000000
vt -1.000000 -1.000000 0.000000
vt -1.000000 -1.000000 0.000000
vt 1.000000 -1.000000 0.000000
vt -1.000000 1.000000 0.000000
vt 1.000000 1.000000 0.000000
vn -0.000000 1.000000 -0.000000
vn -0.000000 1.000000 -0.000000
vn -0.000000 1.000000 -0.000000
vn -0.000000 1.000000 -0.000000
vn -0.000000 1.000000 -0.000000
vn -0.000000 1.000000 -0.000000
vn -0.000000 1.000000 -0.000000
vn -0.000000 1.000000 -0.000000
vn -0.000000 1.000000 -0.000000
vn -0.000000 1.000000 -0.000000
vn -0.000000 1.000000 -0.000000
vn -0.000000 1.000000 -0.000000
vn -0.000000 1.000000 -0.000000
vn -0.000000 1.000000 -0.000000
vn -0.000000 1.000000 -0.000000
vn -0.000000 1.000000 -0.000000
vn 0.000000 -0.000000 -1.000000
vn 0.000000 -0.000000 -1.000000
vn 0.000000 -0.000000 -1.000000
vn 0.000000 -0.000000 -1.000000
vn 0.000000 -0.000000 -1.000000
vn 0.000000 -0.000000 -1.000000
vn 0.000000 -0.000000 -1.000000
vn 0.000000 -0.000000 -1.000000
vn 0.000000 -0.000000 -1.000000
vn 0.000000 -0.000000 -1.000000
vn 0.000000 -0.000000 -1.000000
vn 0.000000 -0.000000 -1.000000
vn 0.000000 -0.000000 -1.000000
vn 0.000000 -0.000000 -1.000000
vn 0.000000 -0.000000 -1.000000
vn 0.000000 -0.000000 -1.000000
vn 0.000000 -1.000000 0.000000
vn 0.000000 -1.000000 0.000000
vn 0.000000 -1.000000 0.000000
vn 0.000000 -1.000000 0.000000
vn 0.000000 -1.000000 0.000000
vn 0.000000 -1.000000 0.000000
vn 0.000000 -1.000000 0.000000
vn 0.000000 -1.000000 0.000000
vn 0.000000 -1.000000 0.000000
vn 0.000000 -1.000000 0.000000
vn 0.000000 -1.000000 0.000000
vn 0.000000 -1.000000 0.000000
vn 0.000000 -1.000000 0.000000
vn 0.000000 -1.000000 0.000000
vn 0.000000 -1.000000 0.000000
vn 0.000000 -1.000000 0.000000
vn -0.000000 0.000000 1.000000
vn -0.000000 0.000000 1.000000
vn -0.000000 0.000000 1.000000
vn -0.000000 0.000000 1.000000
vn -0.000000 0.000000 1.000000
vn -0.000000 0.000000 1.000000
vn -0.000000 0.000000 1.000000
vn -0.000000 0.000000 1.000000
vn -0.000000 0.000000 1.000000
vn -0.000000 0.000000 1.000000
vn -0.000000 0.000000 1.000000
vn -0.000000 0.000000 1.000000
vn -0.000000 0.000000 1.000000
vn -0.000000 0.000000 1.000000
vn -0.000000 0.000000 1.000000
vn -0.000000 0.000000 1.000000
vn 1.000000 0.000000 0.000000
vn 1.000000 0.000000 0.000000
vn 1.000000 0.000000 0.000000
vn 1.000000 0.000000 0.000000
vn -1.000000 -0.000000 -0.000000
vn -1.000000 -0.000000 -0.000000
vn -1.000000 -0.000000 -0.000000
vn -1.000000 -0.000000 -0.000000
f 113/249/249 114/250/250 128/251/251
f 128/251/251 114/250/250 115/252/252
f 128/251/251 115/252/252 127/253/253
f 127/253/253 115/252/252 116/254/254
f 127/253/253 116/254/254 126/255/255
f 126/255/255 116/254/254 117/256/256
f 126/255/255 117/256/256 125/257/257
f 125/257/257 117/256/256 118/258/258
f 125/257/257 118/258/258 124/259/259
f 124/259/259 118/258/258 119/260/260
f 124/259/259 119/260/260 123/261/261
f 123/261/261 119/260/260 120/262/262
f 123/261/261 120/262/262 122/263/263
f 122/263/263 120/262/262 121/264/264
f 129/265/265 113/266/266 136/267/267
f 136/267/267 113/266/266 128/268/268
f 136/267/267 128/268/268 135/269/269
f 135/269/269 128/268/268 127/270/270
f 135/269/269 127/270/270 134/271/271
f 134/271/271 127/270/270 126/272/272
f 134/271/271 126/272/272 133/273/273
f 133/273/273 126/272/272 125/274/274
f 133/273/273 125/274/274 132/275/275
f 132/275/275 125/274/274 124/276/276
f 132/275/275 124/276/276 131/277/277
f 131/277/277 124/276/276 123/278/278
f 131/277/277 123/278/278 130/279/279
f 130/279/279 123/278/278 122/280/280
f 137/281/281 129/282/282 144/283/283
f 144/283/283 129/282/282 136/284/284
f 144/283/283 136/284/284 143/285/285
f 143/285/285 136/284/284 135/286/286
f 143/285/285 135/286/286 142/287/287
f 142/287/287 135/286/286 134/288/288
f 142/287/287 134/288/288 141/289/289
f 141/289/289 134/288/288 133/290/290
f 141/289/289 133/290/290 140/291/291
f 140/291/291 133/290/290 132/292/292
f 140/291/291 132/292/292 139/293/293
f 139/293/293 132/292/292 131/294/294
f 139/293/293 131/294/294 138/295/295
f 138/295/295 131/294/294 130/296/296
f 114/297/297 137/298/298 115/299/299
f 115/299/299 137/298/298 144/300/300
f 115/299/299 144/300/300 116/301/301
f 116/301/301 144/300/300 143/302/302
f 116/301/301 143/302/302 117/303/303
f 117/303/303 143/302/302 142/304/304
f 117/303/303 142/304/304 118/305/305
f 118/305/305 142/304/304 141/306/306
f 118/305/305 141/306/306 119/307/307
f 119/307/307 141/306/306 140/308/308
f 119/307/307 140/308/308 120/309/309
f 120/309/309 140/308/308 139/310/310
f 120/309/309 139/310/310 121/311/311
f 121/311/311 139/310/310 138/312/312
f 138/313/313 130/314/314 121/315/315
f 121/315/315 130/314/314 122/316/316
f 137/317/317 114/318/318 129/319/319
f 129/319/319 114/318/318 113/320/320
g Body1:4

v 72.000000 122.000000 -50.000000
v 72.000000 120.000000 -50.000000
v 72.000000 120.000000 -40.000000
v 72.000000 120.000000 -30.000000
v 72.000000 120.000000 -20.000000
v 72.000000 120.000000 -10.000000
v 72.000000 120.000000 0.000000
v 72.000000 122.000000 0.000000
v 72.000000 122.000000 -10.000000
v 72.000000 122.000000 -20.000000
v 72.000000 122.000000 -30.000000
v 72.000000 122.000000 -40.000000
v 74.000000 122.000000 -50.000000
v 74.000000 122.000000 0.000000
v 74.000000 122.000000 -10.000000
v 74.000000 122.000000 -20.000000
v 74.000000 122.000000 -30.000000
v 74.000000 122.000000 -40.000000
v 74.000000 120.000000 -50.000000
v 74.000000 120.000000 0.000000
v 74.000000 120.000000 -10.000000
v 74.000000 120.000000 -20.000000
v 74.000000 120.000000 -30.000000
v 74.000000 120.000000 -40.000000
vt 0.000000 0.000000 0.000000
vt 2.000000 0.000000 0.000000
vt 0.000000 10.000000 0.000000
vt 2.000000 10.000000 0.000000
vt 0.000000 20.000000 0.000000
vt 2.000000 20.000000 0.000000
vt 0.000000 30.000000 0.000000
vt 2.000000 30.000000 0.000000
vt 0.000000 40.000000 0.000000
vt 2.000000 40.000000 0.000000
vt 0.000000 50.000000 0.000000
vt 2.000000 50.000000 0.000000
vt -0.000000 0.000000 0.000000
vt 2.000000 0.000000 0.000000
vt -0.000000 10.000000 0.000000
vt 2.000000 10.000000 0.000000
vt -0.000000 20.000000 0.000000
vt 2.000000 20.000000 0.000000
vt -0.000000 30.000000 0.000000
vt 2.000000 30.000000 0.000000
vt -0.000000 40.000000 0.000000
vt 2.000000 40.000000 0.000000
vt -0.000000 50.000000 0.000000
vt 2.000000 50.000000 0.000000
vt -0.000000 0.000000 0.000000
vt 2.000000 0.000000 0.000000
vt -0.000000 10.000000 0.000000
vt 2.000000 10.000000 0.000000
vt -0.000000 20.000000 0.000000
vt 2.000000 20.000000 0.000000
vt -0.000000 30.000000 0.000000
vt 2.000000 30.000000 0.000000
vt -0.000000 40.000000 0.000000
vt 2.000000 40.000000 0.000000
vt -0.000000 50.000000 0.000000
vt 2.000000 50.000000 0.000000
vt 0.000000 0.000000 0.000000
vt 2.000000 0.000000 0.000000
vt 0.000000 10.000000 0.000000
vt 2.000000 10.000000 0.000000
vt 0.000000 20.000000 0.000000
vt 2.000000 20.000000 0.000000
vt 0.000000 30.000000 0.000000
vt 2.000000 30.000000 0.000000
vt 0.000000 40.000000 0.000000
vt 2.000000 40.000000 0.000000
vt 0.000000 50.000000 0.000000
vt 2.000000 50.000000 0.000000
vt 1.000000 1.000000 0.000000
vt -1.000000 1.000000 0.000000
vt 1.000000 -1.000000 0.000000
vt -1.000000 -1.000000 0.000000
vt -1.000000 -1.000000 0.000000
vt 1.000000 -1.000000 0.000000
vt -1.000000 1.000000 0.000000
vt 1.000000 1.000000 0.000000
vn -1.000000 -0.000000 -0.000000
vn -1.000000 -0.000000 -0.000000
vn -1.000000 -0.000000 -0.000000
vn -1.000000 -0.000000 -0.000000
vn -1.000000 -0.000000 -0.000000
vn -1.000000 -0.000000 -0.000000
vn -1.000000 -0.000000 -0.000000
vn -1.000000 -0.000000 -0.000000
vn -1.000000 -0.000000 -0.000000
vn -1.000000 -0.000000 -0.000000
vn -1.000000 -0.000000 -0.000000
vn -1.000000 -0.000000 -0.000000
vn -0.000000 1.000000 -0.000000
vn -0.000000 1.000000 -0.000000
vn -0.000000 1.000000 -0.000000
vn -0.000000 1.000000 -0.000000
vn -0.000000 1.000000 -0.000000
vn -0.000000 1.000000 -0.000000
vn -0.000000 1.000000 -0.000000
vn -0.000000 1.000000 -0.000000
vn -0.000000 1.000000 -0.000000
vn -0.000000 1.000000 -0.000000
vn -0.000000 1.000000 -0.000000
vn -0.000000 1.000000 -0.000000
vn 1.000000 0.000000 0.000000
vn 1.000000 0.000000 0.000000
vn 1.000000 0.000000 0.000000
vn 1.000000 0.000000 0.000000
vn 1.000000 0.000000 0.000000
vn 1.000000 0.000000 0.000000
vn 1.000000 0.000000 0.000000
vn 1.000000 0.000000 0.000000
vn 1.000000 0.000000 0.000000
vn 1.000000 0.000000 0.000000
vn 1.000000 0.000000 0.000000
vn 1.000000 0.000000 0.000000
vn 0.000000 -1.000000 0.000000
vn 0.000000 -1.000000 0.000000
vn 0.000000 -1.000000 0.000000
vn 0.000000 -1.000000 0.000000
vn 0.000000 -1.000000 0.000000
vn 0.000000 -1.000000 0.000000
vn 0.000000 -1.000000 0.000000
vn 0.000000 -1.000000 0.000000
vn 0.000000 -1.000000 0.000000
vn 0.000000 -1.000000 0.000000
vn 0.000000 -1.000000 0.000000
vn 0.000000 -1.000000 0.000000
vn -0.000000 0.000000 1.000000
vn -0.000000 0.000000 1.000000
vn -0.000000 0.000000 1.000000
vn -0.000000 0.000000 1.000000
vn 0.000000 -0.000000 -1.000000
vn 0.000000 -0.000000 -1.000000
vn 0.000000 -0.000000 -1.000000
vn 0.000000 -0.000000 -1.000000
f 145/321/321 146/322/322 156/323/323
f 156/323/323 146/322/322 147/324/324
f 156/323/323 147/324/324 155/325/325
f 155/325/325 147/324/324 148/326/326
f 155/325/325 148/326/326 154/327/327
f 154/327/327 148/326/326 149/328/328
f 154/327/327 149/328/328 153/329/329
f 153/329/329 149/328/328 150/330/330
f 153/329/329 150/330/330 152/331/331
f 152/331/331 150/330/330 151/332/332
f 157/333/333 145/334/334 162/335/335
f 162/335/335 145/334/334 156/336/336
f 162/335/335 156/336/336 161/337/337
f 161/337/337 156/336/336 155/338/338
f 161/337/337 155/338/338 160/339/339
f 160/339/339 155/338/338 154/340/340
f 160/339/339 154/340/340 159/341/341
f 159/341/341 154/340/340 153/342/342
f 159/341/341 153/342/342 158/343/343
f 158/343/343 153/342/342 152/344/344
f 163/345/345 157/346/346 168/347/347
f 168/347/347 157/346/346 162/348/348
f 168/347/347 162/348/348 167/349/349
f 167/349/349 162/348/348 161/350/350
f 167/349/349 161/350/350 166/351/351
f 166/351/351 161/350/350 160/352/352
f 166/351/351 160/352/352 165/353/353
f 165/353/353 160/352/352 159/354/354
f 165/353/353 159/354/354 164/355/355
f 164/355/355 159/354/354 158/356/356
f 146/357/357 163/358/358 147/359/359
f 147/359/359 163/358/358 168/360/360
f 147/359/359 168/360/360 148/361/361
f 148/361/361 168/360/360 167/362/362
f 148/361/361 167/362/362 149/363/363
f 149/363/363 167/362/362 166/364/364
f 149/363/363 166/364/364 150/365/365
f 150/365/365 166/364/364 165/366/366
f 150/365/365 165/366/366 151/367/367
f 151/367/367 165/366/366 164/368/368
f 164/369/369 158/370/370 151/371/371
f 151/371/371 158/370/370 152/372/372
f 163/373/373 146/374/374 157/375/375
f 157/375/375 146/374/374 145/376/376
g Body1:5

v 0.000000 122.000000 -50.000000
v 0.000000 120.000000 -50.000000
v 0.000000 120.000000 -40.000000
v 0.000000 120.000000 -30.000000
v 0.000000 120.000000 -20.000000
v 0.000000 120.000000 -10.000000
v 0.000000 120.000000 -0.000000
v 0.000000 122.000000 -0.000000
v 0.000000 122.000000 -10.000000
v 0.000000 122.000000 -20.000000
v 0.000000 122.000000 -30.000000
v 0.000000 122.000000 -40.000000
v 2.000000 122.000000 -50.000000
v 2.000000 122.000000 -0.000000
v 2.000000 122.000000 -10.000000
v 2.000000 122.000000 -20.000000
v 2.000000 122.000000 -30.000000
v 2.000000 122.000000 -40.000000
v 2.000000 120.000000 -50.000000
v 2.000000 120.000000 -0.000000
v 2.000000 120.000000 -10.000000
v 2.000000 120.000000 -20.000000
v 2.000000 120.000000 -30.000000
v 2.000000 120.000000 -40.000000
vt 0.000000 0.000000 0.000000
vt 2.000000 0.000000 0.000000
vt 0.000000 10.000000 0.000000
vt 2.000000 10.000000 0.000000
vt 0.000000 20.000000 0.000000
vt 2.000000 20.000000 0.000000
vt 0.000000 30.000000 0.000000
vt 2.000000 30.000000 0.000000
vt 0.000000 40.000000 0.000000
vt 2.000000 40.000000 0.000000
vt 0.000000 50.000000 0.000000
vt 2.000000 50.000000 0.000000
vt -0.000000 0.000000 0.000000
vt 2.000000 0.000000 0.000000
vt -0.000000 10.000000 0.000000
vt 2.000000 10.000000 0.000000
vt -0.000000 20.000000 0.000000
vt 2.000000 20.000000 0.000000
vt -0.000000 30.000000 0.000000
vt 2.000000 30.000000 0.000000
vt -0.000000 40.000000 0.000000
vt 2.000000 40.000000 0.000000
vt -0.000000 50.000000 0.000000
vt 2.000000 50.000000 0.000000
vt -0.000000 0.000000 0.000000
vt 2.000000 0.000000 0.000000
vt -0.000000 10.000000 0.000000
vt 2.000000 10.000000 0.000000
vt -0.000000 20.000000 0.000000
vt 2.000000 20.000000 0.000000
vt -0.000000 30.000000 0.000000
vt 2.000000 30.000000 0.000000
vt -0.000000 40.000000 0.000000
vt 2.000000 40.000000 0.000000
vt -0.000000 50.000000 0.000000
vt 2.000000 50.000000 0.000000
vt 0.000000 0.000000 0.000000
vt 2.000000 0.000000 0.000000
vt 0.000000 10.000000 0.000000
vt 2.000000 10.000000 0.000000
vt 0.000000 20.000000 0.000000
vt 2.000000 20.000000 0.000000
vt 0.000000 30.000000 0.000000
vt 2.000000 30.000000 0.000000
vt 0.000000 40.000000 0.000000
vt 2.000000 40.000000 0.000000
vt 0.000000 50.000000 0.000000
vt 2.000000 50.000000 0.000000
vt 1.000000 1.000000 0.000000
vt -1.000000 1.000000 0.000000
vt 1.000000 -1.000000 0.000000
vt -1.000000 -1.000000 0.000000
vt -1.000000 -1.000000 0.000000
vt 1.000000 -1.000000 0.000000
vt -1.000000 1.000000 0.000000
vt 1.000000 1.000000 0.000000
vn -1.000000 -0.000000 -0.000000
vn -1.000000 -0.000000 -0.000000
vn -1.000000 -0.000000 -0.000000
vn -1.000000 -0.000000 -0.000000
vn -1.000000 -0.000000 -0.000000
vn -1.000000 -0.000000 -0.000000
vn -1.000000 -0.000000 -0.000000
vn -1.000000 -0.000000 -0.000000
vn -1.000000 -0.000000 -0.000000
vn -1.000000 -0.000000 -0.000000
vn -1.000000 -0.000000 -0.000000
vn -1.000000 -0.000000 -0.000000
vn -0.000000 1.000000 -0.000000
vn -0.000000 1.000000 -0.000000
vn -0.000000 1.000000 -0.000000
vn -0.000000 1.000000 -0.000000
vn -0.000000 1.000000 -0.000000
vn -0.000000 1.000000 -0.000000
vn -0.000000 1.000000 -0.000000
vn -0.000000 1.000000 -0.000000
vn -0.000000 1.000000 -0.000000
vn -0.000000 1.000000 -0.000000
vn -0.000000 1.000000 -0.000000
vn -0.000000 1.000000 -0.000000
vn 1.000000 0.000000 0.000000
vn 1.000000 0.000000 0.000000
vn 1.000000 0.000000 0.000000
vn 1.000000 0.000000 0.000000
vn 1.000000 0.000000 0.000000
vn 1.000000 0.000000 0.000000
vn 1.000000 0.000000 0.000000
vn 1.000000 0.000000 0.000000
vn 1.000000 0.000000 0.000000
vn 1.000000 0.000000 0.000000
vn 1.000000 0.000000 0.000000
vn 1.000000 0.000000 0.000000
vn 0.000000 -1.000000 0.000000
vn 0.000000 -1.000000 0.000000
vn 0.000000 -1.000000 0.000000
vn 0.000000 -1.000000 0.000000
vn 0.000000 -1.000000 0.000000
vn 0.000000 -1.000000 0.000000
vn 0.000000 -1.000000 0.000000
vn 0.000000 -1.000000 0.000000
vn 0.000000 -1.000000 0.000000
vn 0.000000 -1.000000 0.000000
vn 0.000000 -1.000000 0.000000
vn 0.000000 -1.000000 0.000000
vn -0.000000 0.000000 1.000000
vn -0.000000 0.000000 1.000000
vn -0.000000 0.000000 1.000000
vn -0.000000 0.000000 1.000000
vn 0.000000 -0.000000 -1.000000
vn 0.000000 -0.000000 -1.000000
vn 0.000000 -0.000000 -1.000000
vn 0.000000 -0.000000 -1.000000
f 169/377/377 170/378/378 180/379/379
f 180/379/379 170/378/378 171/380/380
f 180/379/379 171/380/380 179/381/381
f 179/381/381 171/380/380 172/382/382
f 179/381/381 172/382/382 178/383/383
f 178/383/383 172/382/382 173/384/384
f 178/383/383 173/384/384 177/385/385
f 177/385/385 173/384/384 174/386/386
f 177/385/385 174/386/386 176/387/387
f 176/387/387 174/386/386 175/388/388
f 181/389/389 169/390/390 186/391/391
f 186/391/391 169/390/390 180/392/392
f 186/391/391 180/392/392 185/393/393
f 185/393/393 180/392/392 179/394/394
f 185/393/393 179/394/394 184/395/395
f 184/395/395 179/394/394 178/396/396
f 184/395/395 178/396/396 183/397/397
f 183/397/397 178/396/396 177/398/398
f 183/397/397 177/398/398 182/399/399
f 182/399/399 177/398/398 176/400/400
f 187/401/401 181/402/402 192/403/403
f 192/403/403 181/402/402 186/404/404
f 192/403/403 186/404/404 191/405/405
f 191/405/405 186/404/404 185/406/406
f 191/405/405 185/406/406 190/407/407
f 190/407/407 185/406/406 184/408/408
f 190/407/407 184/408/408 189/409/409
f 189/409/409 184/408/408 183/410/410
f 189/409/409 183/410/410 188/411/411
f 188/411/411 183/410/410 182/412/412
f 170/413/413 187/414/414 171/415/415
f 171/415/415 187/414/414 192/416/416
f 171/415/415 192/416/416 172/417/417
f 172/417/417 192/416/416 191/418/418
f 172/417/417 191/418/418 173/419/419
f 173/419/419 191/418/418 190/420/420
f 173/419/419 190/420/420 174/421/421
f 174/421/421 190/420/420 189/422/422
f 174/421/421 189/422/422 175/423/423
f 175/423/423 189/422/422 188/424/424
f 188/425/425 182/426/426 175/427/427
f 175/427/427 182/426/426 176/428/428
f 187/429/429 170/430/430 181/431/431
f 181/431/431 170/430/430 169/432/432
g Body1:6

v -0.000000 0.000000 -52.000000
v -0.000000 0.000000 -50.000000
v -0.000000 10.909091 -50.000000
v -0.000000 21.818182 -50.000000
v -0.000000 32.727273 -50.000000
v -0.000000 43.636364 -50.000000
v -0.000000 54.545455 -50.000000
v -0.000000 65.454545 -50.000000
v -0.000000 76.363636 -50.000000
v -0.000000 87.272727 -50.000000
v -0.000000 98.181818 -50.000000
v -0.000000 109.090909 -50.000000
v -0.000000 120.000000 -50.000000
v -0.000000 120.000000 -52.000000
v -0.000000 109.090909 -52.000000
v -0.000000 98.181818 -52.000000
v -0.000000 87.272727 -52.000000
v -0.000000 76.363636 -52.000000
v -0.000000 65.454545 -52.000000
v -0.000000 54.545455 -52.000000
v -0.000000 43.636364 -52.000000
v -0.000000 32.727273 -52.000000
v -0.000000 21.818182 -52.000000
v -0.000000 10.909091 -52.000000
v 2.000000 0.000000 -52.000000
v 2.000000 120.000000 -52.000000
v 2.000000 109.090909 -52.000000
v 2.000000 98.181818 -52.000000
v 2.000000 87.272727 -52.000000
v 2.000000 76.363636 -52.000000
v 2.000000 65.454545 -52.000000
v 2.000000 54.545455 -52.000000
v 2.000000 43.636364 -52.000000
v 2.000000 32.727273 -52.000000
v 2.000000 21.818182 -52.000000
v 2.000000 10.909091 -52.000000
v 2.000000 0.000000 -50.000000
v 2.000000 120.000000 -50.000000
v 2.000000 109.090909 -50.000000
v 2.000000 98.181818 -50.000000
v 2.000000 87.272727 -50.000000
v 2.000000 76.363636 -50.000000
v 2.000000 65.454545 -50.000000
v 2.000000 54.545455 -50.000000
v 2.000000 43.636364 -50.000000
v 2.000000 32.727273 -50.000000
v 2.000000 21.818182 -50.000000
v 2.000000 10.909091 -50.000000
vt 0.000000 0.000000 0.000000
vt 2.000000 0.000000 0.000000
vt 0.000000 10.909091 0.000000
vt 2.000000 10.909091 0.000000
vt 0.000000 21.818182 0.000000
vt 2.000000 21.818182 0.000000
vt 0.000000 32.727273 0.000000
vt 2.000000 32.727273 0.000000
vt 0.000000 43.636364 0.000000
vt 2.000000 43.636364 0.000000
vt 0.000000 54.545455 0.000000
vt 2.000000 54.545455 0.000000
vt 0.000000 65.454545 0.000000
vt 2.000000 65.454545 0.000000
vt 0.000000 76.363636 0.000000
vt 2.000000 76.363636 0.000000
vt 0.000000 87.272727 0.000000
vt 2.000000 87.272727 0.000000
vt 0.000000 98.181818 0.000000
vt 2.000000 98.181818 0.000000
vt 0.000000 109.090909 0.000000
vt 2.000000 109.090909 0.000000
vt 0.000000 120.000000 0.000000
vt 2.000000 120.000000 0.000000
vt -0.000000 0.000000 0.000000
vt 2.000000 0.000000 0.000000
vt -0.000000 10.909091 0.000000
vt 2.000000 10.909091 0.000000
vt -0.000000 21.818182 0.000000
vt 2.000000 21.818182 0.000000
vt -0.000000 32.727273 0.000000
vt 2.000000 32.727273 0.000000
vt -0.000000 43.636364 0.000000
vt 2.000000 43.636364 0.000000
vt -0.000000 54.545455 0.000000
vt 2.000000 54.545455 0.000000
vt -0.000000 65.454545 0.000000
vt 2.000000 65.454545 0.000000
vt -0.000000 76.363636 0.000000
vt 2.000000 76.363636 0.000000
vt -0.000000 87.272727 0.000000
vt 2.000000 87.272727 0.000000
vt -0.000000 98.181818 0.000000
vt 2.000000 98.181818 0.000000
vt -0.000000 109.090909 0.000000
vt 2.000000 109.090909 0.000000
vt -0.000000 120.000000 0.000000
vt 2.000000 120.000000 0.000000
vt -0.000000 0.000000 0.000000
vt 2.000000 0.000000 0.000000
vt -0.000000 10.909091 0.000000
vt 2.000000 10.909091 0.000000
vt -0.000000 21.818182 0.000000
vt 2.000000 21.818182 0.000000
vt -0.000000 32.727273 0.000000
vt 2.000000 32.727273 0.000000
vt -0.000000 43.636364 0.000000
vt 2.000000 43.636364 0.000000
vt -0.000000 54.545455 0.000000
vt 2.000000 54.545455 0.000000
vt -0.000000 65.454545 0.000000
vt 2.000000 65.454545 0.000000
vt -0.000000 76.363636 0.000000
vt 2.000000 76.363636 0.000000
vt -0.000000 87.272727 0.000000
vt 2.000000 87.272727 0.000000
vt -0.000000 98.181818 0.000000
vt 2.000000 98.181818 0.000000
vt -0.000000 109.090909 0.000000
vt 2.000000 109.090909 0.000000
vt -0.000000 120.000000 0.000000
vt 2.000000 120.000000 0.000000
vt -0.000000 0.000000 0.000000
vt 2.000000 0.000000 0.000000
vt -0.000000 10.909091 0.000000
vt 2.000000 10.909091 0.000000
vt -0.000000 21.818182 0.000000
vt 2.000000 21.818182 0.000000
vt -0.000000 32.727273 0.000000
vt 2.000000 32.727273 0.000000
vt -0.000000 43.636364 0.000000
vt 2.000000 43.636364 0.000000
vt -0.000000 54.545455 0.000000
vt 2.000000 54.545455 0.000000
vt -0.000000 65.454545 0.000000
vt 2.000000 65.454545 0.000000
vt -0.000000 76.363636 0.000000
vt 2.000000 76.363636 0.000000
vt -0.000000 87.272727 0.000000
vt 2.000000 87.272727 0.000000
vt -0.000000 98.181818 0.000000
vt 2.000000 98.181818 0.000000
vt -0.000000 109.090909 0.000000
vt 2.000000 109.090909 0.000000
vt 0.000000 120.000000 0.000000
vt 2.000000 120.000000 0.000000
vt 1.000000 1.000000 0.000000
vt -1.000000 1.000000 0.000000
vt 1.000000 -1.000000 0.000000
vt -1.000000 -1.000000 0.000000
vt -1.000000 -1.000000 0.000000
vt 1.000000 -1.000000 0.000000
vt -1.000000 1.000000 0.000000
vt 1.000000 1.000000 0.000000
vn -1.000000 0.000000 -0.000000
vn -1.000000 0.000000 -0.000000
vn -1.000000 0.000000 -0.000000
vn -1.000000 0.000000 -0.000000
vn -1.000000 0.000000 -0.000000
vn -1.000000 0.000000 -0.000000
vn -1.000000 0.000000 -0.000000
vn -1.000000 0.000000 -0.000000
vn -1.000000 0.000000 -0.000000
vn -1.000000 0.000000 -0.000000
vn -1.000000 0.000000 -0.000000
vn -1.000000 0.000000 -0.000000
vn -1.000000 0.000000 -0.000000
vn -1.000000 0.000000 -0.000000
vn -1.000000 0.000000 -0.000000
vn -1.000000 0.000000 -0.000000
vn -1.000000 0.000000 -0.000000
vn -1.000000 0.000000 -0.000000
vn -1.000000 0.000000 -0.000000
vn -1.000000 0.000000 -0.000000
vn -1.000000 0.000000 -0.000000
vn -1.000000 0.000000 -0.000000
vn -1.000000 0.000000 -0.000000
vn -1.000000 0.000000 -0.000000
vn 0.000000 0.000000 -1.000000
vn 0.000000 0.000000 -1.000000
vn 0.000000 0.000000 -1.000000
vn 0.000000 0.000000 -1.000000
vn 0.000000 0.000000 -1.000000
vn 0.000000 0.000000 -1.000000
vn 0.000000 0.000000 -1.000000
vn 0.000000 0.000000 -1.000000
vn 0.000000 0.000000 -1.000000
vn 0.000000 0.000000 -1.000000
vn 0.000000 0.000000 -1.000000
vn 0.000000 0.000000 -1.000000
vn 0.000000 0.000000 -1.000000
vn 0.000000 0.000000 -1.000000
vn 0.000000 0.000000 -1.000000
vn 0.000000 0.000000 -1.000000
vn 0.000000 0.000000 -1.000000
vn 0.000000 0.000000 -1.000000
vn 0.000000 0.000000 -1.000000
vn 0.000000 0.000000 -1.000000
vn 0.000000 0.000000 -1.000000
vn 0.000000 0.000000 -1.000000
vn 0.000000 0.000000 -1.000000
vn 0.000000 0.000000 -1.000000
vn 1.000000 0.000000 0.000000
vn 1.000000 0.000000 0.000000
vn 1.000000 0.000000 0.000000
vn 1.000000 0.000000 0.000000
vn 1.000000 0.000000 0.000000
vn 1.000000 0.000000 0.000000
vn 1.000000 0.000000 0.000000
vn 1.000000 0.000000 0.000000
vn 1.000000 0.000000 0.000000
vn 1.000000 0.000000 0.000000
vn 1.000000 0.000000 0.000000
vn 1.000000 0.000000 0.000000
vn 1.000000 0.000000 0.000000
vn 1.000000 0.000000 0.000000
vn 1.000000 0.000000 0.000000
vn 1.000000 0.000000 0.000000
vn 1.000000 0.000000 0.000000
vn 1.000000 0.000000 0.000000
vn 1.000000 0.000000 0.000000
vn 1.000000 0.000000 0.000000
vn 1.000000 0.000000 0.000000
vn 1.000000 0.000000 0.000000
vn 1.000000 0.000000 0.000000
vn 1.000000 0.000000 0.000000
vn 0.000000 -0.000000 1.000000
vn 0.000000 -0.000000 1.000000
vn 0.000000 -0.000000 1.000000
vn 0.000000 -0.000000 1.000000
vn 0.000000 -0.000000 1.000000
vn 0.000000 -0.000000 1.000000
vn 0.000000 -0.000000 1.000000
vn 0.000000 -0.000000 1.000000
vn 0.000000 -0.000000 1.000000
vn 0.000000 -0.000000 1.000000
vn 0.000000 -0.000000 1.000000
vn 0.000000 -0.000000 1.000000
vn 0.000000 -0.000000 1.000000
vn 0.000000 -0.000000 1.000000
vn 0.000000 -0.000000 1.000000
vn 0.000000 -0.000000 1.000000
vn 0.000000 -0.000000 1.000000
vn 0.000000 -0.000000 1.000000
vn 0.000000 -0.000000 1.000000
vn 0.000000 -0.000000 1.000000
vn 0.000000 -0.000000 1.000000
vn 0.000000 -0.000000 1.000000
vn 0.000000 -0.000000 1.000000
vn 0.000000 -0.000000 1.000000
vn 0.000000 1.000000 0.000000
vn 0.000000 1.000000 0.000000
vn 0.000000 1.000000 0.000000
vn 0.000000 1.000000 0.000000
vn -0.000000 -1.000000 -0.000000
vn -0.000000 -1.000000 -0.000000
vn -0.000000 -1.000000 -0.000000
vn -0.000000 -1.000000 -0.000000
f 193/433/433 194/434/434 216/435/435
f 216/435/435 194/434/434 195/436/436
f 216/435/435 195/436/436 215/437/437
f 215/437/437 195/436/436 196/438/438
f 215/437/437 196/438/438 214/439/439
f 214/439/439 196/438/438 197/440/440
f 214/439/439 197/440/440 213/441/441
f 213/441/441 197/440/440 198/442/442
f 213/441/441 198/442/442 212/443/443
f 212/443/443 198/442/442 199/444/444
f 212/443/443 199/444/444 211/445/445
f 211/445/445 199/444/444 200/446/446
f 211/445/445 200/446/446 210/447/447
f 210/447/447 200/446/446 201/448/448
f 210/447/447 201/448/448 209/449/449
f 209/449/449 201/448/448 202/450/450
f 209/449/449 202/450/450 208/451/451
f 208/451/451 202/450/450 203/452/452
f 208/451/451 203/452/452 207/453/453
f 207/453/453 203/452/452 204/454/454
f 207/453/453 204/454/454 206/455/455
f 206/455/455 204/454/454 205/456/456
f 217/457/457 193/458/458 228/459/459
f 228/459/459 193/458/458 216/460/460
f 228/459/459 216/460/460 227/461/461
f 227/461/461 216/460/460 215/462/462
f 227/461/461 215/462/462 226/463/463
f 226/463/463 215/462/462 214/464/464
f 226/463/463 214/464/464 225/465/465
f 225/465/465 214/464/464 213/466/466
f 225/465/465 213/466/466 224/467/467
f 224/467/467 213/466/466 212/468/468
f 224/467/467 212/468/468 223/469/469
f 223/469/469 212/468/468 211/470/470
f 223/469/469 211/470/470 222/471/471
f 222/471/471 211/470/470 210/472/472
f 222/471/471 210/472/472 221/473/473
f 221/473/473 210/472/472 209/474/474
f 221/473/473 209/474/474 220/475/475
f 220/475/475 209/474/474 208/476/476
f 220/475/475 208/476/476 219/477/477
f 219/477/477 208/476/476 207/478/478
f 219/477/477 207/478/478 218/479/479
f 218/479/479 207/478/478 206/480/480
f 229/481/481 217/482/482 240/483/483
f 240/483/483 217/482/482 228/484/484
f 240/483/483 228/484/484 239/485/485
f 239/485/485 228/484/484 227/486/486
f 239/485/485 227/486/486 238/487/487
f 238/487/487 227/486/486 226/488/488
f 238/487/487 226/488/488 237/489/489
f 237/489/489 226/488/488 225/490/490
f 237/489/489 225/490/490 236/491/491
f 236/491/491 225/490/490 224/492/492
f 236/491/491 224/492/492 235/493/493
f 235/493/493 224/492/492 223/494/494
f 235/493/493 223/494/494 234/495/495
f 234/495/495 223/494/494 222/496/496
f 234/495/495 222/496/496 233/497/497
f 233/497/497 222/496/496 221/498/498
f 233/497/497 221/498/498 232/499/499
f 232/499/499 221/498/498 220/500/500
f 232/499/499 220/500/500 231/501/501
f 231/501/501 220/500/500 219/502/502
f 231/501/501 219/502/502 230/503/503
f 230/503/503 219/502/502 218/504/504
f 194/505/505 229/506/506 195/507/507
f 195/507/507 229/506/506 240/508/508
f 195/507/507 240/508/508 196/509/509
f 196/509/509 240/508/508 239/510/510
f 196/509/509 239/510/510 197/511/511
f 197/511/511 239/510/510 238/512/512
f 197/511/511 238/512/512 198/513/513
f 198/513/513 238/512/512 237/514/514
f 198/513/513 237/514/514 199/515/515
f 199/515/515 237/514/514 236/516/516
f 199/515/515 236/516/516 200/517/517
f 200/517/517 236/516/516 235/518/518
f 200/517/517 235/518/518 201/519/519
f 201/519/519 235/518/518 234/520/520
f 201/519/519 234/520/520 202/521/521
f 202/521/521 234/520/520 233/522/522
f 202/521/521 233/522/522 203/523/523
f 203/523/523 233/522/522 232/524/524
f 203/523/523 232/524/524 204/525/525
f 204/525/525 232/524/524 231/526/526
f 204/525/525 231/526/526 205/527/527
f 205/527/527 231/526/526 230/528/528
f 230/529/529 218/530/530 205/531/531
f 205/531/531 218/530/530 206/532/532
f 229/533/533 194/534/534 217/535/535
f 217/535/535 194/534/534 193/536/536
g Body1:7

v 2.000000 122.000000 -27.500000
v 2.000000 122.000000 -25.500000
v 12.000000 122.000000 -25.500000
v 22.000000 122.000000 -25.500000
v 32.000000 122.000000 -25.500000
v 42.000000 122.000000 -25.500000
v 52.000000 122.000000 -25.500000
v 62.000000 122.000000 -25.500000
v 72.000000 122.000000 -25.500000
v 72.000000 122.000000 -27.500000
v 62.000000 122.000000 -27.500000
v 52.000000 122.000000 -27.500000
v 42.000000 122.000000 -27.500000
v 32.000000 122.000000 -27.500000
v 22.000000 122.000000 -27.500000
v 12.000000 122.000000 -27.500000
v 2.000000 120.000000 -27.500000
v 72.000000 120.000000 -27.500000
v 62.000000 120.000000 -27.500000
v 52.000000 120.000000 -27.500000
v 42.000000 120.000000 -27.500000
v 32.000000 120.000000 -27.500000
v 22.000000 120.000000 -27.500000
v 12.000000 120.000000 -27.500000
v 2.000000 120.000000 -25.500000
v 72.000000 120.000000 -25.500000
v 62.000000 120.000000 -25.500000
v 52.000000 120.000000 -25.500000
v 42.000000 120.000000 -25.500000
v 32.000000 120.000000 -25.500000
v 22.000000 120.000000 -25.500000
v 12.000000 120.000000 -25.500000
vt 0.000000 0.000000 0.000000
vt 2.000000 0.000000 0.000000
vt 0.000000 10.000000 0.000000
vt 2.000000 10.000000 0.000000
vt 0.000000 20.000000 0.000000
vt 2.000000 20.000000 0.000000
vt 0.000000 30.000000 0.000000
vt 2.000000 30.000000 0.000000
vt 0.000000 40.000000 0.000000
vt 2.000000 40.000000 0.000000
vt 0.000000 50.000000 0.000000
vt 2.000000 50.000000 0.000000
vt 0.000000 60.000000 0.000000
vt 2.000000 60.000000 0.000000
vt 0.000000 70.000000 0.000000
vt 2.000000 70.000000 0.000000
vt -0.000000 0.000000 0.000000
vt 2.000000 0.000000 0.000000
vt -0.000000 10.000000 0.000000
vt 2.000000 10.000000 0.000000
vt -0.000000 20.000000 0.000000
vt 2.000000 20.000000 0.000000
vt -0.000000 30.000000 0.000000
vt 2.000000 30.000000 0.000000
vt -0.000000 40.000000 0.000000
vt 2.000000 40.000000 0.000000
vt -0.000000 50.000000 0.000000
vt 2.000000 50.000000 0.000000
vt -0.000000 60.000000 0.000000
vt 2.000000 60.000000 0.000000
vt -0.000000 70.000000 0.000000
vt 2.000000 70.000000 0.000000
vt -0.000000 0.000000 0.000000
vt 2.000000 0.000000 0.000000
vt -0.000000 10.000000 0.000000
vt 2.000000 10.000000 0.000000
vt -0.000000 20.000000 0.000000
vt 2.000000 20.000000 0.000000
vt -0.000000 30.000000 0.000000
vt 2.000000 30.000000 0.000000
vt -0.000000 40.000000 0.000000
vt 2.000000 40.000000 0.000000
vt -0.000000 50.000000 0.000000
vt 2.000000 50.000000 0.000000
vt -0.000000 60.000000 0.000000
vt 2.000000 60.000000 0.000000
vt -0.000000 70.000000 0.000000
vt 2.000000 70.000000 0.000000
vt 0.000000 0.000000 0.000000
vt 2.000000 0.000000 0.000000
vt 0.000000 10.000000 0.000000
vt 2.000000 10.000000 0.000000
vt 0.000000 20.000000 0.000000
vt 2.000000 20.000000 0.000000
vt 0.000000 30.000000 0.000000
vt 2.000000 30.000000 0.000000
vt 0.000000 40.000000 0.000000
vt 2.000000 40.000000 0.000000
vt 0.000000 50.000000 0.000000
vt 2.000000 50.000000 0.000000
vt 0.000000 60.000000 0.000000
vt 2.000000 60.000000 0.000000
vt 0.000000 70.000000 0.000000
vt 2.000000 70.000000 0.000000
vt 1.000000 1.000000 0.000000
vt -1.000000 1.000000 0.000000
vt 1.000000 -1.000000 0.000000
vt -1.000000 -1.000000 0.000000
vt -1.000000 -1.000000 0.000000
vt 1.000000 -1.000000 0.000000
vt -1.000000 1.000000 0.000000
vt 1.000000 1.000000 0.000000
vn -0.000000 1.000000 -0.000000
vn -0.000000 1.000000 -0.000000
vn -0.000000 1.000000 -0.000000
vn -0.000000 1.000000 -0.000000
vn -0.000000 1.000000 -0.000000
vn -0.000000 1.000000 -0.000000
vn -0.000000 1.000000 -0.000000
vn -0.000000 1.000000 -0.000000
vn -0.000000 1.000000 -0.000000
vn -0.000000 1.000000 -0.000000
vn -0.000000 1.000000 -0.000000
vn -0.000000 1.000000 -0.000000
vn -0.000000 1.000000 -0.000000
vn -0.000000 1.000000 -0.000000
vn -0.000000 1.000000 -0.000000
vn -0.000000 1.000000 -0.000000
vn 0.000000 -0.000000 -1.000000
vn 0.000000 -0.000000 -1.000000
vn 0.000000 -0.000000 -1.000000
vn 0.000000 -0.000000 -1.000000
vn 0.000000 -0.000000 -1.000000
vn 0.000000 -0.000000 -1.000000
vn 0.000000 -0.000000 -1.000000
vn 0.000000 -0.000000 -1.000000
vn 0.000000 -0.000000 -1.000000
vn 0.000000 -0.000000 -1.000000
vn 0.000000 -0.000000 -1.000000
vn 0.000000 -0.000000 -1.000000
vn 0.000000 -0.000000 -1.000000
vn 0.000000 -0.000000 -1.000000
vn 0.000000 -0.000000 -1.000000
vn 0.000000 -0.000000 -1.000000
vn 0.000000 -1.000000 0.000000
vn 0.000000 -1.000000 0.000000
vn 0.000000 -1.000000 0.000000
vn 0.000000 -1.000000 0.000000
vn 0.000000 -1.000000 0.000000
vn 0.000000 -1.000000 0.000000
vn 0.000000 -1.000000 0.000000
vn 0.000000 -1.000000 0.000000
vn 0.000000 -1.000000 0.000000
vn 0.000000 -1.000000 0.000000
vn 0.000000 -1.000000 0.000000
vn 0.000000 -1.000000 0.000000
vn 0.000000 -1.000000 0.000000
vn 0.000000 -1.000000 0.000000
vn 0.000000 -1.000000 0.000000
vn 0.000000 -1.000000 0.000000
vn -0.000000 0.000000 1.000000
vn -0.000000 0.000000 1.000000
vn -0.000000 0.000000 1.000000
vn -0.000000 0.000000 1.000000
vn -0.000000 0.000000 1.000000
vn -0.000000 0.000000 1.000000
vn -0.000000 0.000000 1.000000
vn -0.000000 0.000000 1.000000
vn -0.000000 0.000000 1.000000
vn -0.000000 0.000000 1.000000
vn -0.000000 0.000000 1.000000
vn -0.000000 0.000000 1.000000
vn -0.000000 0.000000 1.000000
vn -0.000000 0.000000 1.000000
vn -0.000000 0.000000 1.000000
vn -0.000000 0.000000 1.000000
vn 1.000000 0.000000 0.000000
vn 1.000000 0.000000 0.000000
vn 1.000000 0.000000 0.000000
vn 1.000000 0.000000 0.000000
vn -1.000000 -0.000000 -0.000000
vn -1.000000 -0.000000 -0.000000
vn -1.000000 -0.000000 -0.000000
vn -1.000000 -0.000000 -0.000000
f 241/537/537 242/538/538 256/539/539
f 256/539/539 242/538/538 243/540/540
f 256/539/539 243/540/540 255/541/541
f 255/541/541 243/540/540 244/542/542
f 255/541/541 244/542/542 254/543/543
f 254/543/543 244/542/542 245/544/544
f 254/543/543 245/544/544 253/545/545
f 253/545/545 245/544/544 246/546/546
f 253/545/545 246/546/546 252/547/547
f 252/547/547 246/546/546 247/548/548
f 252/547/547 247/548/548 251/549/549
f 251/549/549 247/548/548 248/550/550
f 251/549/549 248/550/550 250/551/551
f 250/551/551 248/550/550 249/552/552
f 257/553/553 241/554/554 264/555/555
f 264/555/555 241/554/554 256/556/556
f 264/555/555 256/556/556 263/557/557
f 263/557/557 256/556/556 255/558/558
f 263/557/557 255/558/558 262/559/559
f 262/559/559 255/558/558 254/560/560
f 262/559/559 254/560/560 261/561/561
f 261/561/561 254/560/560 253/562/562
f 261/561/561 253/562/562 260/563/563
f 260/563/563 253/562/562 252/564/564
f 260/563/563 252/564/564 259/565/565
f 259/565/565 252/564/564 251/566/566
f 259/565/565 251/566/566 258/567/567
f 258/567/567 251/566/566 250/568/568
f 265/569/569 257/570/570 272/571/571
f 272/571/571 257/570/570 264/572/572
f 272/571/571 264/572/572 271/573/573
f 271/573/573 264/572/572 263/574/574
f 271/573/573 263/574/574 270/575/575
f 270/575/575 263/574/574 262/576/576
f 270/575/575 262/576/576 269/577/577
f 269/577/577 262/576/576 261/578/578
f 269/577/577 261/578/578 268/579/579
f 268/579/579 261/578/578 260/580/580
f 268/579/579 260/580/580 267/581/581
f 267/581/581 260/580/580 259/582/582
f 267/581/581 259/582/582 266/583/583
f 266/583/583 259/582/582 258/584/584
f 242/585/585 265/586/586 243/587/587
f 243/587/587 265/586/586 272/588/588
f 243/587/587 272/588/588 244/589/589
f 244/589/589 272/588/588 271/590/590
f 244/589/589 271/590/590 245/591/591
f 245/591/591 271/590/590 270/592/592
f 245/591/591 270/592/592 246/593/593
f 246/593/593 270/592/592 269/594/594
f 246/593/593 269/594/594 247/595/595
f 247/595/595 269/594/594 268/596/596
f 247/595/595 268/596/596 248/597/597
f 248/597/597 268/596/596 267/598/598
f 248/597/597 267/598/598 249/599/599
f 249/599/599 267/598/598 266/600/600
f 266/601/601 258/602/602 249/603/603
f 249/603/603 258/602/602 250/604/604
f 265/605/605 242/606/606 257/607/607
f 257/607/607 242/606/606 241/608/608
g Body1:8

v 6.000000 -0.000000 -52.000000
v 6.000000 -0.000000 -50.000000
v 6.000000 10.909091 -50.000000
v 6.000000 21.818182 -50.000000
v 6.000000 32.727273 -50.000000
v 6.000000 43.636364 -50.000000
v 6.000000 54.545455 -50.000000
v 6.000000 65.454545 -50.000000
v 6.000000 76.363636 -50.000000
v 6.000000 87.272727 -50.000000
v 6.000000 98.181818 -50.000000
v 6.000000 109.090909 -50.000000
v 6.000000 120.000000 -50.000000
v 6.000000 120.000000 -52.000000
v 6.000000 109.090909 -52.000000
v 6.000000 98.181818 -52.000000
v 6.000000 87.272727 -52.000000
v 6.000000 76.363636 -52.000000
v 6.000000 65.454545 -52.000000
v 6.000000 54.545455 -52.000000
v 6.000000 43.636364 -52.000000
v 6.000000 32.727273 -52.000000
v 6.000000 21.818182 -52.000000
v 6.000000 10.909091 -52.000000
v 8.000000 -0.000000 -52.000000
v 8.000000 120.000000 -52.000000
v 8.000000 109.090909 -52.000000
v 8.000000 98.181818 -52.000000
v 8.000000 87.272727 -52.000000
v 8.000000 76.363636 -52.000000
v 8.000000 65.454545 -52.000000
v 8.000000 54.545455 -52.000000
v 8.000000 43.636364 -52.000000
v 8.000000 32.727273 -52.000000
v 8.000000 21.818182 -52.000000
v 8.000000 10.909091 -52.000000
v 8.000000 -0.000000 -50.000000
v 8.000000 120.000000 -50.000000
v 8.000000 109.090909 -50.000000
v 8.000000 98.181818 -50.000000
v 8.000000 87.272727 -50.000000
v 8.000000 76.363636 -50.000000
v 8.000000 65.454545 -50.000000
v 8.000000 54.545455 -50.000000
v 8.000000 43.636364 -50.000000
v 8.000000 32.727273 -50.000000
v 8.000000 21.818182 -50.000000
v 8.000000 10.909091 -50.000000
vt 0.000000 0.000000 0.000000
vt 2.000000 0.000000 0.000000
vt 0.000000 10.909091 0.000000
vt 2.000000 10.909091 0.000000
vt 0.000000 21.818182 0.000000
vt 2.000000 21.818182 0.000000
vt 0.000000 32.727273 0.000000
vt 2.000000 32.727273 0.000000
vt 0.000000 43.636364 0.000000
vt 2.000000 43.636364 0.000000
vt 0.000000 54.545455 0.000000
vt 2.000000 54.545455 0.000000
vt 0.000000 65.454545 0.000000
vt 2.000000 65.454545 0.000000
vt 0.000000 76.363636 0.000000
vt 2.000000 76.363636 0.000000
vt 0.000000 87.272727 0.000000
vt 2.000000 87.272727 0.000000
vt 0.000000 98.181818 0.000000
vt 2.000000 98.181818 0.000000
vt 0.000000 109.090909 0.000000
vt 2.000000 109.090909 0.000000
vt 0.000000 120.000000 0.000000
vt 2.000000 120.000000 0.000000
vt -0.000000 0.000000 0.000000
vt 2.000000 0.000000 0.000000
vt -0.000000 10.909091 0.000000
vt 2.000000 10.909091 0.000000
vt -0.000000 21.818182 0.000000
vt 2.000000 21.818182 0.000000
vt -0.000000 32.727273 0.000000
vt 2.000000 32.727273 0.000000
vt -0.000000 43.636364 0.000000
vt 2.000000 43.636364 0.000000
vt -0.000000 54.545455 0.000000
vt 2.000000 54.545455 0.000000
vt -0.000000 65.454545 0.000000
vt 2.000000 65.454545 0.000000
vt -0.000000 76.363636 0.000000
vt 2.000000 76.363636 0.000000
vt -0.000000 87.272727 0.000000
vt 2.000000 87.272727 0.000000
vt -0.000000 98.181818 0.000000
vt 2.000000 98.181818 0.000000
vt -0.000000 109.090909 0.000000
vt 2.000000 109.090909 0.000000
vt -0.000000 120.000000 0.000000
vt 2.000000 120.000000 0.000000
vt -0.000000 0.000000 0.000000
vt 2.000000 0.000000 0.000000
vt -0.000000 10.909091 0.000000
vt 2.000000 10.909091 0.000000
vt -0.000000 21.818182 0.000000
vt 2.000000 21.818182 0.000000
vt -0.000000 32.727273 0.000000
vt 2.000000 32.727273 0.000000
vt -0.000000 43.636364 0.000000
vt 2.000000 43.636364 0.000000
vt -0.000000 54.545455 0.000000
vt 2.000000 54.545455 0.000000
vt -0.000000 65.454545 0.000000
vt 2.000000 65.454545 0.000000
vt -0.000000 76.363636 0.000000
vt 2.000000 76.363636 0.000000
vt -0.000000 87.272727 0.000000
vt 2.000000 87.272727 0.000000
vt -0.000000 98.181818 0.000000
vt 2.000000 98.181818 0.000000
vt -0.000000 109.090909 0.000000
vt 2.000000 109.090909 0.000000
vt -0.000000 120.000000 0.000000
vt 2.000000 120.000000 0.000000
vt -0.000000 0.000000 0.000000
vt 2.000000 0.000000 0.000000
vt -0.000000 10.909091 0.000000
vt 2.000000 10.909091 0.000000
vt -0.000000 21.818182 0.000000
vt 2.000000 21.818182 0.000000
vt -0.000000 32.727273 0.000000
vt 2.000000 32.727273 0.000000
vt -0.000000 43.636364 0.000000
vt 2.000000 43.636364 0.000000
vt -0.000000 54.545455 0.000000
vt 2.000000 54.545455 0.000000
vt -0.000000 65.454545 0.000000
vt 2.000000 65.454545 0.000000
vt -0.000000 76.363636 0.000000
vt 2.000000 76.363636 0.000000
vt -0.000000 87.272727 0.000000
vt 2.000000 87.272727 0.000000
vt -0.000000 98.181818 0.000000
vt 2.000000 98.181818 0.000000
vt -0.000000 109.090909 0.000000
vt 2.000000 109.090909 0.000000
vt 0.000000 120.000000 0.000000
vt 2.000000 120.000000 0.000000
vt 1.000000 1.000000 0.000000
vt -1.000000 1.000000 0.000000
vt 1.000000 -1.000000 0.000000
vt -1.000000 -1.000000 0.000000
vt -1.000000 -1.000000 0.000000
vt 1.000000 -1.000000 0.000000
vt -1.000000 1.000000 0.000000
vt 1.000000 1.000000 0.000000
vn -1.000000 0.000000 -0.000000
vn -1.000000 0.000000 -0.000000
vn -1.000000 0.000000 -0.000000
vn -1.000000 0.000000 -0.000000
vn -1.000000 0.000000 -0.000000
vn -1.000000 0.000000 -0.000000
vn -1.000000 0.000000 -0.000000
vn -1.000000 0.000000 -0.000000
vn -1.000000 0.000000 -0.000000
vn -1.000000 0.000000 -0.000000
vn -1.000000 0.000000 -0.000000
vn -1.000000 0.000000 -0.000000
vn -1.000000 0.000000 -0.000000
vn -1.000000 0.000000 -0.000000
vn -1.000000 0.000000 -0.000000
vn -1.000000 0.000000 -0.000000
vn -1.000000 0.000000 -0.000000
vn -1.000000 0.000000 -0.000000
vn -1.000000 0.000000 -0.000000
vn -1.000000 0.000000 -0.000000
vn -1.000000 0.000000 -0.000000
vn -1.000000 0.000000 -0.000000
vn -1.000000 0.000000 -0.000000
vn -1.000000 0.000000 -0.000000
vn 0.000000 0.000000 -1.000000
vn 0.000000 0.000000 -1.000000
vn 0.000000 0.000000 -1.000000
vn 0.000000 0.000000 -1.000000
vn 0.000000 0.000000 -1.000000
vn 0.000000 0.000000 -1.000000
vn 0.000000 0.000000 -1.000000
vn 0.000000 0.000000 -1.000000
vn 0.000000 0.000000 -1.000000
vn 0.000000 0.000000 -1.000000
vn 0.000000 0.000000 -1.000000
vn 0.000000 0.000000 -1.000000
vn 0.000000 0.000000 -1.000000
vn 0.000000 0.000000 -1.000000
vn 0.000000 0.000000 -1.000000
vn 0.000000 0.000000 -1.000000
vn 0.000000 0.000000 -1.000000
vn 0.000000 0.000000 -1.000000
vn 0.000000 0.000000 -1.000000
vn 0.000000 0.000000 -1.000000
vn 0.000000 0.000000 -1.000000
vn 0.000000 0.000000 -1.000000
vn 0.000000 0.000000 -1.000000
vn 0.000000 0.000000 -1.000000
vn 1.000000 0.000000 0.000000
vn 1.000000 0.000000 0.000000
vn 1.000000 0.000000 0.000000
vn 1.000000 0.000000 0.000000
vn 1.000000 0.000000 0.000000
vn 1.000000 0.000000 0.000000
vn 1.000000 0.000000 0.000000
vn 1.000000 0.000000 0.000000
vn 1.000000 0.000000 0.000000
vn 1.000000 0.000000 0.000000
vn 1.000000 0.000000 0.000000
vn 1.000000 0.000000 0.000000
vn 1.000000 0.000000 0.000000
vn 1.000000 0.000000 0.000000
vn 1.000000 0.000000 0.000000
vn 1.000000 0.000000 0.000000
vn 1.000000 0.000000 0.000000
vn 1.000000 0.000000 0.000000
vn 1.000000 0.000000 0.000000
vn 1.000000 0.000000 0.000000
vn 1.000000 0.000000 0.000000
vn 1.000000 0.000000 0.000000
vn 1.000000 0.000000 0.000000
vn 1.000000 0.000000 0.000000
vn 0.000000 -0.000000 1.000000
vn 0.000000 -0.000000 1.000000
vn 0.000000 -0.000000 1.000000
vn 0.000000 -0.000000 1.000000
vn 0.000000 -0.000000 1.000000
vn 0.000000 -0.000000 1.000000
vn 0.000000 -0.000000 1.000000
vn 0.000000 -0.000000 1.000000
vn 0.000000 -0.000000 1.000000
vn 0.000000 -0.000000 1.000000
vn 0.000000 -0.000000 1.000000
vn 0.000000 -0.000000 1.000000
vn 0.000000 -0.000000 1.000000
vn 0.000000 -0.000000 1.000000
vn 0.000000 -0.000000 1.000000
vn 0.000000 -0.000000 1.000000
vn 0.000000 -0.000000 1.000000
vn 0.000000 -0.000000 1.000000
vn 0.000000 -0.000000 1.000000
vn 0.000000 -0.000000 1.000000
vn 0.000000 -0.000000 1.000000
vn 0.000000 -0.000000 1.000000
vn 0.000000 -0.000000 1.000000
vn 0.000000 -0.000000 1.000000
vn 0.000000 1.000000 0.000000
vn 0.000000 1.000000 0.000000
vn 0.000000 1.000000 0.000000
vn 0.000000 1.000000 0.000000
vn -0.000000 -1.000000 -0.000000
vn -0.000000 -1.000000 -0.000000
vn -0.000000 -1.000000 -0.000000
vn -0.000000 -1.000000 -0.000000
f 273/609/609 274/610/610 296/611/611
f 296/611/611 274/610/610 275/612/612
f 296/611/611 275/612/612 295/613/613
f 295/613/613 275/612/612 276/614/614
f 295/613/613 276/614/614 294/615/615
f 294/615/615 276/614/614 277/616/616
f 294/615/615 277/616/616 293/617/617
f 293/617/617 277/616/616 278/618/618
f 293/617/617 278/618/618 292/619/619
f 292/619/619 278/618/618 279/620/620
f 292/619/619 279/620/620 291/621/621
f 291/621/621 279/620/620 280/622/622
f 291/621/621 280/622/622 290/623/623
f 290/623/623 280/622/622 281/624/624
f 290/623/623 281/624/624 289/625/625
f 289/625/625 281/624/624 282/626/626
f 289/625/625 282/626/626 288/627/627
f 288/627/627 282/626/626 283/628/628
f 288/627/627 283/628/628 287/629/629
f 287/629/629 283/628/628 284/630/630
f 287/629/629 284/630/630 286/631/631
f 286/631/631 284/630/630 285/632/632
f 297/633/633 273/634/634 308/635/635
f 308/635/635 273/634/634 296/636/636
f 308/635/635 296/636/636 307/637/637
f 307/637/637 296/636/636 295/638/638
f 307/637/637 295/638/638 306/639/639
f 306/639/639 295/638/638 294/640/640
f 306/639/639 294/640/640 305/641/641
f 305/641/641 294/640/640 293/642/642
f 305/641/641 293/642/642 304/643/643
f 304/643/643 293/642/642 292/644/644
f 304/643/643 292/644/644 303/645/645
f 303/645/645 292/644/644 291/646/646
f 303/645/645 291/646/646 302/647/647
f 302/647/647 291/646/646 290/648/648
f 302/647/647 290/648/648 301/649/649
f 301/649/649 290/648/648 289/650/650
f 301/649/649 289/650/650 300/651/651
f 300/651/651 289/650/650 288/652/652
f 300/651/651 288/652/652 299/653/653
f 299/653/653 288/652/652 287/654/654
f 299/653/653 287/654/654 298/655/655
f 298/655/655 287/654/654 286/656/656
f 309/657/657 297/658/658 320/659/659
f 320/659/659 297/658/658 308/660/660
f 320/659/659 308/660/660 319/661/661
f 319/661/661 308/660/660 307/662/662
f 319/661/661 307/662/662 318/663/663
f 318/663/663 307/662/662 306/664/664
f 318/663/663 306/664/664 317/665/665
f 317/665/665 306/664/664 305/666/666
f 317/665/665 305/666/666 316/667/667
f 316/667/667 305/666/666 304/668/668
f 316/667/667 304/668/668 315/669/669
f 315/669/669 304/668/668 303/670/670
f 315/669/669 303/670/670 314/671/671
f 314/671/671 303/670/670 302/672/672
f 314/671/671 302/672/672 313/673/673
f 313/673/673 302/672/672 301/674/674
f 313/673/673 301/674/674 312/675/675
f 312/675/675 301/674/674 300/676/676
f 312/675/675 300/676/676 311/677/677
f 311/677/677 300/676/676 299/678/678
f 311/677/677 299/678/678 310/679/679
f 310/679/679 299/678/678 298/680/680
f 274/681/681 309/682/682 275/683/683
f 275/683/683 309/682/682 320/684/684
f 275/683/683 320/684/684 276/685/685
f 276/685/685 320/684/684 319/686/686
f 276/685/685 319/686/686 277/687/687
f 277/687/687 319/686/686 318/688/688
f 277/687/687 318/688/688 278/689/689
f 278/689/689 318/688/688 317/690/690
f 278/689/689 317/690/690 279/691/691
f 279/691/691 317/690/690 316/692/692
f 279/691/691 316/692/692 280/693/693
f 280/693/693 316/692/692 315/694/694
f 280/693/693 315/694/694 281/695/695
f 281/695/695 315/694/694 314/696/696
f 281/695/695 314/696/696 282/697/697
f 282/697/697 314/696/696 313/698/698
f 282/697/697 313/698/698 283/699/699
f 283/699/699 313/698/698 312/700/700
f 283/699/699 312/700/700 284/701/701
f 284/701/701 312/700/700 311/702/702
f 284/701/701 311/702/702 285/703/703
f 285/703/703 311/702/702 310/704/704
f 310/705/705 298/706/706 285/707/707
f 285/707/707 298/706/706 286/708/708
f 309/709/709 274/710/710 297/711/711
f 297/711/711 274/710/710 273/712/712
g Body1:9

v 66.000000 -0.000000 -52.000000
v 66.000000 -0.000000 -50.000000
v 66.000000 10.909091 -50.000000
v 66.000000 21.818182 -50.000000
v 66.000000 32.727273 -50.000000
v 66.000000 43.636364 -50.000000
v 66.000000 54.545455 -50.000000
v 66.000000 65.454545 -50.000000
v 66.000000 76.363636 -50.000000
v 66.000000 87.272727 -50.000000
v 66.000000 98.181818 -50.000000
v 66.000000 109.090909 -50.000000
v 66.000000 120.000000 -50.000000
v 66.000000 120.000000 -52.000000
v 66.000000 109.090909 -52.000000
v 66.000000 98.181818 -52.000000
v 66.000000 87.272727 -52.000000
v 66.000000 76.363636 -52.000000
v 66.000000 65.454545 -52.000000
v 66.000000 54.545455 -52.000000
v 66.000000 43.636364 -52.000000
v 66.000000 32.727273 -52.000000
v 66.000000 21.818182 -52.000000
v 66.000000 10.909091 -52.000000
v 68.000000 -0.000000 -52.000000
v 68.000000 120.000000 -52.000000
v 68.000000 109.090909 -52.000000
v 68.000000 98.181818 -52.000000
v 68.000000 87.272727 -52.000000
v 68.000000 76.363636 -52.000000
v 68.000000 65.454545 -52.000000
v 68.000000 54.545455 -52.000000
v 68.000000 43.636364 -52.000000
v 68.000000 32.727273 -52.000000
v 68.000000 21.818182 -52.000000
v 68.000000 10.909091 -52.000000
v 68.000000 -0.000000 -50.000000
v 68.000000 120.000000 -50.000000
v 68.000000 109.090909 -50.000000
v 68.000000 98.181818 -50.000000
v 68.000000 87.272727 -50.000000
v 68.000000 76.363636 -50.000000
v 68.000000 65.454545 -50.000000
v 68.000000 54.545455 -50.000000
v 68.000000 43.636364 -50.000000
v 68.000000 32.727273 -50.000000
v 68.000000 21.818182 -50.000000
v 68.000000 10.909091 -50.000000
vt 0.000000 0.000000 0.000000
vt 2.000000 0.000000 0.000000
vt 0.000000 10.909091 0.000000
vt 2.000000 10.909091 0.000000
vt 0.000000 21.818182 0.000000
vt 2.000000 21.818182 0.000000
vt 0.000000 32.727273 0.000000
vt 2.000000 32.727273 0.000000
vt 0.000000 43.636364 0.000000
vt 2.000000 43.636364 0.000000
vt 0.000000 54.545455 0.000000
vt 2.000000 54.545455 0.000000
vt 0.000000 65.454545 0.000000
vt 2.000000 65.454545 0.000000
vt 0.000000 76.363636 0.000000
vt 2.000000 76.363636 0.000000
vt 0.000000 87.272727 0.000000
vt 2.000000 87.272727 0.000000
vt 0.000000 98.181818 0.000000
vt 2.000000 98.181818 0.000000
vt 0.000000 109.090909 0.000000
vt 2.000000 109.090909 0.000000
vt 0.000000 120.000000 0.000000
vt 2.000000 120.000000 0.000000
vt -0.000000 0.000000 0.000000
vt 2.000000 0.000000 0.000000
vt -0.000000 10.909091 0.000000
vt 2.000000 10.909091 0.000000
vt -0.000000 21.818182 0.000000
vt 2.000000 21.818182 0.000000
vt -0.000000 32.727273 0.000000
vt 2.000000 32.727273 0.000000
vt -0.000000 43.636364 0.000000
vt 2.000000 43.636364 0.000000
vt -0.000000 54.545455 0.000000
vt 2.000000 54.545455 0.000000
vt -0.000000 65.454545 0.000000
vt 2.000000 65.454545 0.000000
vt -0.000000 76.363636 0.000000
vt 2.000000 76.363636 0.000000
vt -0.000000 87.272727 0.000000
vt 2.000000 87.272727 0.000000
vt -0.000000 98.181818 0.000000
vt 2.000000 98.181818 0.000000
vt -0.000000 109.090909 0.000000
vt 2.000000 109.090909 0.000000
vt -0.000000 120.000000 0.000000
vt 2.000000 120.000000 0.000000
vt -0.000000 0.000000 0.000000
vt 2.000000 0.000000 0.000000
vt -0.000000 10.909091 0.000000
vt 2.000000 10.909091 0.000000
vt -0.000000 21.818182 0.000000
vt 2.000000 21.818182 0.000000
vt -0.000000 32.727273 0.000000
vt 2.000000 32.727273 0.000000
vt -0.000000 43.636364 0.000000
vt 2.000000 43.636364 0.000000
vt -0.000000 54.545455 0.000000
vt 2.000000 54.545455 0.000000
vt -0.000000 65.454545 0.000000
vt 2.000000 65.454545 0.000000
vt -0.000000 76.363636 0.000000
vt 2.000000 76.363636 0.000000
vt -0.000000 87.272727 0.000000
vt 2.000000 87.272727 0.000000
vt -0.000000 98.181818 0.000000
vt 2.000000 98.181818 0.000000
vt -0.000000 109.090909 0.000000
vt 2.000000 109.090909 0.000000
vt -0.000000 120.000000 0.000000
vt 2.000000 120.000000 0.000000
vt -0.000000 0.000000 0.000000
vt 2.000000 0.000000 0.000000
vt -0.000000 10.909091 0.000000
vt 2.000000 10.909091 0.000000
vt -0.000000 21.818182 0.000000
vt 2.000000 21.818182 0.000000
vt -0.000000 32.727273 0.000000
vt 2.000000 32.727273 0.000000
vt -0.000000 43.636364 0.000000
vt 2.000000 43.636364 0.000000
vt -0.000000 54.545455 0.000000
vt 2.000000 54.545455 0.000000
vt -0.000000 65.454545 0.000000
vt 2.000000 65.454545 0.000000
vt -0.000000 76.363636 0.000000
vt 2.000000 76.363636 0.000000
vt -0.000000 87.272727 0.000000
vt 2.000000 87.272727 0.000000
vt -0.000000 98.181818 0.000000
vt 2.000000 98.181818 0.000000
vt -0.000000 109.090909 0.000000
vt 2.000000 109.090909 0.000000
vt 0.000000 120.000000 0.000000
vt 2.000000 120.000000 0.000000
vt 1.000000 1.000000 0.000000
vt -1.000000 1.000000 0.000000
vt 1.000000 -1.000000 0.000000
vt -1.000000 -1.000000 0.000000
vt -1.000000 -1.000000 0.000000
vt 1.000000 -1.000000 0.000000
vt -1.000000 1.000000 0.000000
vt 1.000000 1.000000 0.000000
vn -1.000000 0.000000 -0.000000
vn -1.000000 0.000000 -0.000000
vn -1.000000 0.000000 -0.000000
vn -1.000000 0.000000 -0.000000
vn -1.000000 0.000000 -0.000000
vn -1.000000 0.000000 -0.000000
vn -1.000000 0.000000 -0.000000
vn -1.000000 0.000000 -0.000000
vn -1.000000 0.000000 -0.000000
vn -1.000000 0.000000 -0.000000
vn -1.000000 0.000000 -0.000000
vn -1.000000 0.000000 -0.000000
vn -1.000000 0.000000 -0.000000
vn -1.000000 0.000000 -0.000000
vn -1.000000 0.000000 -0.000000
vn -1.000000 0.000000 -0.000000
vn -1.000000 0.000000 -0.000000
vn -1.000000 0.000000 -0.000000
vn -1.000000 0.000000 -0.000000
vn -1.000000 0.000000 -0.000000
vn -1.000000 0.000000 -0.000000
vn -1.000000 0.000000 -0.000000
vn -1.000000 0.000000 -0.000000
vn -1.000000 0.000000 -0.000000
vn 0.000000 0.000000 -1.000000
vn 0.000000 0.000000 -1.000000
vn 0.000000 0.000000 -1.000000
vn 0.000000 0.000000 -1.000000
vn 0.000000 0.000000 -1.000000
vn 0.000000 0.000000 -1.000000
vn 0.000000 0.000000 -1.000000
vn 0.000000 0.000000 -1.000000
vn 0.000000 0.000000 -1.000000
vn 0.000000 0.000000 -1.000000
vn 0.000000 0.000000 -1.000000
vn 0.000000 0.000000 -1.000000
vn 0.000000 0.000000 -1.000000
vn 0.000000 0.000000 -1.000000
vn 0.000000 0.000000 -1.000000
vn 0.000000 0.000000 -1.000000
vn 0.000000 0.000000 -1.000000
vn 0.000000 0.000000 -1.000000
vn 0.000000 0.000000 -1.000000
vn 0.000000 0.000000 -1.000000
vn 0.000000 0.000000 -1.000000
vn 0.000000 0.000000 -1.000000
vn 0.000000 0.000000 -1.000000
vn 0.000000 0.000000 -1.000000
vn 1.000000 0.000000 0.000000
vn 1.000000 0.000000 0.000000
vn 1.000000 0.000000 0.000000
vn 1.000000 0.000000 0.000000
vn 1.000000 0.000000 0.000000
vn 1.000000 0.000000 0.000000
vn 1.000000 0.000000 0.000000
vn 1.000000 0.000000 0.000000
vn 1.000000 0.000000 0.000000
vn 1.000000 0.000000 0.000000
vn 1.000000 0.000000 0.000000
vn 1.000000 0.000000 0.000000
vn 1.000000 0.000000 0.000000
vn 1.000000 0.000000 0.000000
vn 1.000000 0.000000 0.000000
vn 1.000000 0.000000 0.000000
vn 1.000000 0.000000 0.000000
vn 1.000000 0.000000 0.000000
vn 1.000000 0.000000 0.000000
vn 1.000000 0.000000 0.000000
vn 1.000000 0.000000 0.000000
vn 1.000000 0.000000 0.000000
vn 1.000000 0.000000 0.000000
vn 1.000000 0.000000 0.000000
vn 0.000000 -0.000000 1.000000
vn 0.000000 -0.000000 1.000000
vn 0.000000 -0.000000 1.000000
vn 0.000000 -0.000000 1.000000
vn 0.000000 -0.000000 1.000000
vn 0.000000 -0.000000 1.000000
vn 0.000000 -0.000000 1.000000
vn 0.000000 -0.000000 1.000000
vn 0.000000 -0.000000 1.000000
vn 0.000000 -0.000000 1.000000
vn 0.000000 -0.000000 1.000000
vn 0.000000 -0.000000 1.000000
vn 0.000000 -0.000000 1.000000
vn 0.000000 -0.000000 1.000000
vn 0.000000 -0.000000 1.000000
vn 0.000000 -0.000000 1.000000
vn 0.000000 -0.000000 1.000000
vn 0.000000 -0.000000 1.000000
vn 0.000000 -0.000000 1.000000
vn 0.000000 -0.000000 1.000000
vn 0.000000 -0.000000 1.000000
vn 0.000000 -0.000000 1.000000
vn 0.000000 -0.000000 1.000000
vn 0.000000 -0.000000 1.000000
vn 0.000000 1.000000 0.000000
vn 0.000000 1.000000 0.000000
vn 0.000000 1.000000 0.000000
vn 0.000000 1.000000 0.000000
vn -0.000000 -1.000000 -0.000000
vn -0.000000 -1.000000 -0.000000
vn -0.000000 -1.000000 -0.000000
vn -0.000000 -1.000000 -0.000000
f 321/713/713 322/714/714 344/715/715
f 344/715/715 322/714/714 323/716/716
f 344/715/715 323/716/716 343/717/717
f 343/717/717 323/716/716 324/718/718
f 343/717/717 324/718/718 342/719/719
f 342/719/719 324/718/718 325/720/720
f 342/719/719 325/720/720 341/721/721
f 341/721/721 325/720/720 326/722/722
f 341/721/721 326/722/722 340/723/723
f 340/723/723 326/722/722 327/724/724
f 340/723/723 327/724/724 339/725/725
f 339/725/725 327/724/724 328/726/726
f 339/725/725 328/726/726 338/727/727
f 338/727/727 328/726/726 329/728/728
f 338/727/727 329/728/728 337/729/729
f 337/729/729 329/728/728 330/730/730
f 337/729/729 330/730/730 336/731/731
f 336/731/731 330/730/730 331/732/732
f 336/731/731 331/732/732 335/733/733
f 335/733/733 331/732/732 332/734/734
f 335/733/733 332/734/734 334/735/735
f 334/735/735 332/734/734 333/736/736
f 345/737/737 321/738/738 356/739/739
f 356/739/739 321/738/738 344/740/740
f 356/739/739 344/740/740 355/741/741
f 355/741/741 344/740/740 343/742/742
f 355/741/741 343/742/742 354/743/743
f 354/743/743 343/742/742 342/744/744
f 354/743/743 342/744/744 353/745/745
f 353/745/745 342/744/744 341/746/746
f 353/745/745 341/746/746 352/747/747
f 352/747/747 341/746/746 340/748/748
f 352/747/747 340/748/748 351/749/749
f 351/749/749 340/748/748 339/750/750
f 351/749/749 339/750/750 350/751/751
f 350/751/751 339/750/750 338/752/752
f 350/751/751 338/752/752 349/753/753
f 349/753/753 338/752/752 337/754/754
f 349/753/753 337/754/754 348/755/755
f 348/755/755 337/754/754 336/756/756
f 348/755/755 336/756/756 347/757/757
f 347/757/757 336/756/756 335/758/758
f 347/757/757 335/758/758 346/759/759
f 346/759/759 335/758/758 334/760/760
f 357/761/761 345/762/762 368/763/763
f 368/763/763 345/762/762 356/764/764
f 368/763/763 356/764/764 367/765/765
f 367/765/765 356/764/764 355/766/766
f 367/765/765 355/766/766 366/767/767
f 366/767/767 355/766/766 354/768/768
f 366/767/767 354/768/768 365/769/769
f 365/769/769 354/768/768 353/770/770
f 365/769/769 353/770/770 364/771/771
f 364/771/771 353/770/770 352/772/772
f 364/771/771 352/772/772 363/773/773
f 363/773/773 352/772/772 351/774/774
f 363/773/773 351/774/774 362/775/775
f 362/775/775 351/774/774 350/776/776
f 362/775/775 350/776/776 361/777/777
f 361/777/777 350/776/776 349/778/778
f 361/777/777 349/778/778 360/779/779
f 360/779/779 349/778/778 348/780/780
f 360/779/779 348/780/780 359/781/781
f 359/781/781 348/780/780 347/782/782
f 359/781/781 347/782/782 358/783/783
f 358/783/783 347/782/782 346/784/784
f 322/785/785 357/786/786 323/787/787
f 323/787/787 357/786/786 368/788/788
f 323/787/787 368/788/788 324/789/789
f 324/789/789 368/788/788 367/790/790
f 324/789/789 367/790/790 325/791/791
f 325/791/791 367/790/790 366/792/792
f 325/791/791 366/792/792 326/793/793
f 326/793/793 366/792/792 365/794/794
f 326/793/793 365/794/794 327/795/795
f 327/795/795 365/794/794 364/796/796
f 327/795/795 364/796/796 328/797/797
f 328/797/797 364/796/796 363/798/798
f 328/797/797 363/798/798 329/799/799
f 329/799/799 363/798/798 362/800/800
f 329/799/799 362/800/800 330/801/801
f 330/801/801 362/800/800 361/802/802
f 330/801/801 361/802/802 331/803/803
f 331/803/803 361/802/802 360/804/804
f 331/803/803 360/804/804 332/805/805
f 332/805/805 360/804/804 359/806/806
f 332/805/805 359/806/806 333/807/807
f 333/807/807 359/806/806 358/808/808
f 358/809/809 346/810/810 333/811/811
f 333/811/811 346/810/810 334/812/812
f 357/813/813 322/814/814 345/815/815
f 345/815/815 322/814/814 321/816/816
g Body1:10

v 67.480000 0.040000 -49.682500
v 57.320000 0.040000 -49.682500
v 47.160000 0.040000 -49.682500
v 37.000000 0.040000 -49.682500
v 26.840000 0.040000 -49.682500
v 16.680000 0.040000 -49.682500
v 6.520000 0.040000 -49.682500
v 6.520000 0.040000 -50.000000
v 16.680000 0.040000 -50.000000
v 26.840000 0.040000 -50.000000
v 37.000000 0.040000 -50.000000
v 47.160000 0.040000 -50.000000
v 57.320000 0.040000 -50.000000
v 67.480000 0.040000 -50.000000
v 67.480000 121.960000 -49.682500
v 67.480000 110.876364 -49.682500
v 67.480000 99.792727 -49.682500
v 67.480000 88.709091 -49.682500
v 67.480000 77.625455 -49.682500
v 67.480000 66.541818 -49.682500
v 67.480000 55.458182 -49.682500
v 67.480000 44.374545 -49.682500
v 67.480000 33.290909 -49.682500
v 67.480000 22.207273 -49.682500
v 67.480000 11.123636 -49.682500
v 67.480000 11.123636 -50.000000
v 67.480000 22.207273 -50.000000
v 67.480000 33.290909 -50.000000
v 67.480000 44.374545 -50.000000
v 67.480000 55.458182 -50.000000
v 67.480000 66.541818 -50.000000
v 67.480000 77.625455 -50.000000
v 67.480000 88.709091 -50.000000
v 67.480000 99.792727 -50.000000
v 67.480000 110.876364 -50.000000
v 67.480000 121.960000 -50.000000
v 6.520000 121.960000 -49.682500
v 16.680000 121.960000 -49.682500
v 26.840000 121.960000 -49.682500
v 37.000000 121.960000 -49.682500
v 47.160000 121.960000 -49.682500
v 57.320000 121.960000 -49.682500
v 57.320000 121.960000 -50.000000
v 47.160000 121.960000 -50.000000
v 37.000000 121.960000 -50.000000
v 26.840000 121.960000 -50.000000
v 16.680000 121.960000 -50.000000
v 6.520000 121.960000 -50.000000
v 6.520000 11.123636 -49.682500
v 6.520000 22.207273 -49.682500
v 6.520000 33.290909 -49.682500
v 6.520000 44.374545 -49.682500
v 6.520000 55.458182 -49.682500
v 6.520000 66.541818 -49.682500
v 6.520000 77.625455 -49.682500
v 6.520000 88.709091 -49.682500
v 6.520000 99.792727 -49.682500
v 6.520000 110.876364 -49.682500
v 6.520000 110.876364 -50.000000
v 6.520000 99.792727 -50.000000
v 6.520000 88.709091 -50.000000
v 6.520000 77.625455 -50.000000
v 6.520000 66.541818 -50.000000
v 6.520000 55.458182 -50.000000
v 6.520000 44.374545 -50.000000
v 6.520000 33.290909 -50.000000
v 6.520000 22.207273 -50.000000
v 6.520000 11.123636 -50.000000
v 16.680000 110.876364 -50.000000
v 16.680000 99.792727 -50.000000
v 16.680000 88.709091 -50.000000
v 16.680000 77.625455 -50.000000
v 16.680000 66.541818 -50.000000
v 16.680000 55.458182 -50.000000
v 16.680000 44.374545 -50.000000
v 16.680000 33.290909 -50.000000
v 16.680000 22.207273 -50.000000
v 16.680000 11.123636 -50.000000
v 26.840000 110.876364 -50.000000
v 26.840000 99.792727 -50.000000
v 26.840000 88.709091 -50.000000
v 26.840000 77.625455 -50.000000
v 26.840000 66.541818 -50.000000
v 26.840000 55.458182 -50.000000
v 26.840000 44.374545 -50.000000
v 26.840000 33.290909 -50.000000
v 26.840000 22.207273 -50.000000
v 26.840000 11.123636 -50.000000
v 37.000000 110.876364 -50.000000
v 37.000000 99.792727 -50.000000
v 37.000000 88.709091 -50.000000
v 37.000000 77.625455 -50.000000
v 37.000000 66.541818 -50.000000
v 37.000000 55.458182 -50.000000
v 37.000000 44.374545 -50.000000
v 37.000000 33.290909 -50.000000
v 37.000000 22.207273 -50.000000
v 37.000000 11.123636 -50.000000
v 47.160000 110.876364 -50.000000
v 47.160000 99.792727 -50.000000
v 47.160000 88.709091 -50.000000
v 47.160000 77.625455 -50.000000
v 47.160000 66.541818 -50.000000
v 47.160000 55.458182 -50.000000
v 47.160000 44.374545 -50.000000
v 47.160000 33.290909 -50.000000
v 47.160000 22.207273 -50.000000
v 47.160000 11.123636 -50.000000
v 57.320000 110.876364 -50.000000
v 57.320000 99.792727 -50.000000
v 57.320000 88.709091 -50.000000
v 57.320000 77.625455 -50.000000
v 57.320000 66.541818 -50.000000
v 57.320000 55.458182 -50.000000
v 57.320000 44.374545 -50.000000
v 57.320000 33.290909 -50.000000
v 57.320000 22.207273 -50.000000
v 57.320000 11.123636 -50.000000
v 16.680000 110.876364 -49.682500
v 26.840000 110.876364 -49.682500
v 37.000000 110.876364 -49.682500
v 47.160000 110.876364 -49.682500
v 57.320000 110.876364 -49.682500
v 16.680000 99.792727 -49.682500
v 26.840000 99.792727 -49.682500
v 37.000000 99.792727 -49.682500
v 47.160000 99.792727 -49.682500
v 57.320000 99.792727 -49.682500
v 16.680000 88.709091 -49.682500
v 26.840000 88.709091 -49.682500
v 37.000000 88.709091 -49.682500
v 47.160000 88.709091 -49.682500
v 57.320000 88.709091 -49.682500
v 16.680000 77.625455 -49.682500
v 26.840000 77.625455 -49.682500
v 37.000000 77.625455 -49.682500
v 47.160000 77.625455 -49.682500
v 57.320000 77.625455 -49.682500
v 16.680000 66.541818 -49.682500
v 26.840000 66.541818 -49.682500
v 37.000000 66.541818 -49.682500
v 47.160000 66.541818 -49.682500
v 57.320000 66.541818 -49.682500
v 16.680000 55.458182 -49.682500
v 26.840000 55.458182 -49.682500
v 37.000000 55.458182 -49.682500
v 47.160000 55.458182 -49.682500
v 57.320000 55.458182 -49.682500
v 16.680000 44.374545 -49.682500
v 26.840000 44.374545 -49.682500
v 37.000000 44.374545 -49.682500
v 47.160000 44.374545 -49.682500
v 57.320000 44.374545 -49.682500
v 16.680000 33.290909 -49.682500
v 26.840000 33.290909 -49.682500
v 37.000000 33.290909 -49.682500
v 47.160000 33.290909 -49.682500
v 57.320000 33.290909 -49.682500
v 16.680000 22.207273 -49.682500
v 26.840000 22.207273 -49.682500
v 37.000000 22.207273 -49.682500
v 47.160000 22.207273 -49.682500
v 57.320000 22.207273 -49.682500
v 16.680000 11.123636 -49.682500
v 26.840000 11.123636 -49.682500
v 37.000000 11.123636 -49.682500
v 47.160000 11.123636 -49.682500
v 57.320000 11.123636 -49.682500
vt 0.000000 0.000000 0.000000
vt 10.160000 0.000000 0.000000
vt 0.000000 0.317500 0.000000
vt 10.160000 0.317500 0.000000
vt 20.320000 0.000000 0.000000
vt 20.320000 0.317500 0.000000
vt 30.480000 0.000000 0.000000
vt 30.480000 0.317500 0.000000
vt 40.640000 0.000000 0.000000
vt 40.640000 0.317500 0.000000
vt 50.800000 0.000000 0.000000
vt 50.800000 0.317500 0.000000
vt 60.960000 0.000000 0.000000
vt 60.960000 0.317500 0.000000
vt 0.000000 0.000000 0.000000
vt 11.083636 0.000000 0.000000
vt 0.000000 0.317500 0.000000
vt 11.083636 0.317500 0.000000
vt 22.167273 0.000000 0.000000
vt 22.167273 0.317500 0.000000
vt 33.250909 0.000000 0.000000
vt 33.250909 0.317500 0.000000
vt 44.334545 0.000000 0.000000
vt 44.334545 0.317500 0.000000
vt 55.418182 0.000000 0.000000
vt 55.418182 0.317500 0.000000
vt 66.501818 0.000000 0.000000
vt 66.501818 0.317500 0.000000
vt 77.585455 0.000000 0.000000
vt 77.585455 0.317500 0.000000
vt 88.669091 0.000000 0.000000
vt 88.669091 0.317500 0.000000
vt 99.752727 0.000000 0.000000
vt 99.752727 0.317500 0.000000
vt 110.836364 0.000000 0.000000
vt 110.836364 0.317500 0.000000
vt 121.920000 0.000000 0.000000
vt 121.920000 0.317500 0.000000
vt 0.000000 0.000000 0.000000
vt 10.160000 0.000000 0.000000
vt 0.000000 0.317500 0.000000
vt 10.160000 0.317500 0.000000
vt 20.320000 0.000000 0.000000
vt 20.320000 0.317500 0.000000
vt 30.480000 0.000000 0.000000
vt 30.480000 0.317500 0.000000
vt 40.640000 0.000000 0.000000
vt 40.640000 0.317500 0.000000
vt 50.800000 0.000000 0.000000
vt 50.800000 0.317500 0.000000
vt 60.960000 0.000000 0.000000
vt 60.960000 0.317500 0.000000
vt 0.000000 0.000000 0.000000
vt 11.083636 0.000000 0.000000
vt 0.000000 0.317500 0.000000
vt 11.083636 0.317500 0.000000
vt 22.167273 0.000000 0.000000
vt 22.167273 0.317500 0.000000
vt 33.250909 0.000000 0.000000
vt 33.250909 0.317500 0.000000
vt 44.334545 0.000000 0.000000
vt 44.334545 0.317500 0.000000
vt 55.418182 0.000000 0.000000
vt 55.418182 0.317500 0.000000
vt 66.501818 0.000000 0.000000
vt 66.501818 0.317500 0.000000
vt 77.585455 0.000000 0.000000
vt 77.585455 0.317500 0.000000
vt 88.669091 0.000000 0.000000
vt 88.669091 0.317500 0.000000
vt 99.752727 0.000000 0.000000
vt 99.752727 0.317500 0.000000
vt 110.836364 0.000000 0.000000
vt 110.836364 0.317500 0.000000
vt 121.920000 0.000000 0.000000
vt 121.920000 0.317500 0.000000
vt -60.960000 -30.480000 0.000000
vt -49.876364 -30.480000 0.000000
vt -60.960000 -20.320000 0.000000
vt -49.876364 -20.320000 0.000000
vt -60.960000 -10.160000 0.000000
vt -49.876364 -10.160000 0.000000
vt -60.960000 0.000000 0.000000
vt -49.876364 0.000000 0.000000
vt -60.960000 10.160000 0.000000
vt -49.876364 10.160000 0.000000
vt -60.960000 20.320000 0.000000
vt -49.876364 20.320000 0.000000
vt -60.960000 30.480000 0.000000
vt -49.876364 30.480000 0.000000
vt -38.792727 20.320000 0.000000
vt -38.792727 30.480000 0.000000
vt -27.709091 20.320000 0.000000
vt -27.709091 30.480000 0.000000
vt -16.625455 20.320000 0.000000
vt -16.625455 30.480000 0.000000
vt -5.541818 20.320000 0.000000
vt -5.541818 30.480000 0.000000
vt 5.541818 20.320000 0.000000
vt 5.541818 30.480000 0.000000
vt 16.625455 20.320000 0.000000
vt 16.625455 30.480000 0.000000
vt 27.709091 20.320000 0.000000
vt 27.709091 30.480000 0.000000
vt 38.792727 20.320000 0.000000
vt 38.792727 30.480000 0.000000
vt 49.876364 20.320000 0.000000
vt 49.876364 30.480000 0.000000
vt 60.960000 20.320000 0.000000
vt 60.960000 30.480000 0.000000
vt -38.792727 -30.480000 0.000000
vt -38.792727 -20.320000 0.000000
vt -38.792727 -10.160000 0.000000
vt -38.792727 0.000000 0.000000
vt -38.792727 10.160000 0.000000
vt -27.709091 -30.480000 0.000000
vt -27.709091 -20.320000 0.000000
vt -27.709091 -10.160000 0.000000
vt -27.709091 0.000000 0.000000
vt -27.709091 10.160000 0.000000
vt -16.625455 -30.480000 0.000000
vt -16.625455 -20.320000 0.000000
vt -16.625455 -10.160000 0.000000
vt -16.625455 0.000000 0.000000
vt -16.625455 10.160000 0.000000
vt -5.541818 -30.480000 0.000000
vt -5.541818 -20.320000 0.000000
vt -5.541818 -10.160000 0.000000
vt -5.541818 0.000000 0.000000
vt -5.541818 10.160000 0.000000
vt 5.541818 -30.480000 0.000000
vt 5.541818 -20.320000 0.000000
vt 5.541818 -10.160000 0.000000
vt 5.541818 0.000000 0.000000
vt 5.541818 10.160000 0.000000
vt 16.625455 -30.480000 0.000000
vt 16.625455 -20.320000 0.000000
vt 16.625455 -10.160000 0.000000
vt 16.625455 0.000000 0.000000
vt 16.625455 10.160000 0.000000
vt 27.709091 -30.480000 0.000000
vt 27.709091 -20.320000 0.000000
vt 27.709091 -10.160000 0.000000
vt 27.709091 0.000000 0.000000
vt 27.709091 10.160000 0.000000
vt 38.792727 -30.480000 0.000000
vt 38.792727 -20.320000 0.000000
vt 38.792727 -10.160000 0.000000
vt 38.792727 0.000000 0.000000
vt 38.792727 10.160000 0.000000
vt 49.876364 -30.480000 0.000000
vt 49.876364 -20.320000 0.000000
vt 49.876364 -10.160000 0.000000
vt 49.876364 0.000000 0.000000
vt 49.876364 10.160000 0.000000
vt 60.960000 -30.480000 0.000000
vt 60.960000 -20.320000 0.000000
vt 60.960000 -10.160000 0.000000
vt 60.960000 0.000000 0.000000
vt 60.960000 10.160000 0.000000
vt 20.320000 -60.960000 0.000000
vt 30.480000 -60.960000 0.000000
vt 20.320000 -49.876364 0.000000
vt 30.480000 -49.876364 0.000000
vt 20.320000 -38.792727 0.000000
vt 30.480000 -38.792727 0.000000
vt 20.320000 -27.709091 0.000000
vt 30.480000 -27.709091 0.000000
vt 20.320000 -16.625455 0.000000
vt 30.480000 -16.625455 0.000000
vt 20.320000 -5.541818 0.000000
vt 30.480000 -5.541818 0.000000
vt 20.320000 5.541818 0.000000
vt 30.480000 5.541818 0.000000
vt 20.320000 16.625455 0.000000
vt 30.480000 16.625455 0.000000
vt 20.320000 27.709091 0.000000
vt 30.480000 27.709091 0.000000
vt 20.320000 38.792727 0.000000
vt 30.480000 38.792727 0.000000
vt 20.320000 49.876364 0.000000
vt 30.480000 49.876364 0.000000
vt 20.320000 60.960000 0.000000
vt 30.480000 60.960000 0.000000
vt 10.160000 60.960000 0.000000
vt 10.160000 49.876364 0.000000
vt 10.160000 38.792727 0.000000
vt 10.160000 27.709091 0.000000
vt 10.160000 16.625455 0.000000
vt 10.160000 5.541818 0.000000
vt 10.160000 -5.541818 0.000000
vt 10.160000 -16.625455 0.000000
vt 10.160000 -27.709091 0.000000
vt 10.160000 -38.792727 0.000000
vt 10.160000 -49.876364 0.000000
vt 10.160000 -60.960000 0.000000
vt 0.000000 -49.876364 0.000000
vt -0.000000 -60.960000 0.000000
vt -10.160000 -49.876364 0.000000
vt -10.160000 -60.960000 0.000000
vt -20.320000 -49.876364 0.000000
vt -20.320000 -60.960000 0.000000
vt -30.480000 -49.876364 0.000000
vt -30.480000 -60.960000 0.000000
vt -0.000000 60.960000 0.000000
vt 0.000000 49.876364 0.000000
vt 0.000000 38.792727 0.000000
vt 0.000000 27.709091 0.000000
vt 0.000000 16.625455 0.000000
vt 0.000000 5.541818 0.000000
vt 0.000000 -5.541818 0.000000
vt 0.000000 -16.625455 0.000000
vt 0.000000 -27.709091 0.000000
vt 0.000000 -38.792727 0.000000
vt -10.160000 60.960000 0.000000
vt -10.160000 49.876364 0.000000
vt -10.160000 38.792727 0.000000
vt -10.160000 27.709091 0.000000
vt -10.160000 16.625455 0.000000
vt -10.160000 5.541818 0.000000
vt -10.160000 -5.541818 0.000000
vt -10.160000 -16.625455 0.000000
vt -10.160000 -27.709091 0.000000
vt -10.160000 -38.792727 0.000000
vt -20.320000 60.960000 0.000000
vt -20.320000 49.876364 0.000000
vt -20.320000 38.792727 0.000000
vt -20.320000 27.709091 0.000000
vt -20.320000 16.625455 0.000000
vt -20.320000 5.541818 0.000000
vt -20.320000 -5.541818 0.000000
vt -20.320000 -16.625455 0.000000
vt -20.320000 -27.709091 0.000000
vt -20.320000 -38.792727 0.000000
vt -30.480000 60.960000 0.000000
vt -30.480000 49.876364 0.000000
vt -30.480000 38.792727 0.000000
vt -30.480000 27.709091 0.000000
vt -30.480000 16.625455 0.000000
vt -30.480000 5.541818 0.000000
vt -30.480000 -5.541818 0.000000
vt -30.480000 -16.625455 0.000000
vt -30.480000 -27.709091 0.000000
vt -30.480000 -38.792727 0.000000
vn 0.000000 -1.000000 0.000000
vn 0.000000 -1.000000 0.000000
vn 0.000000 -1.000000 0.000000
vn 0.000000 -1.000000 0.000000
vn 0.000000 -1.000000 0.000000
vn 0.000000 -1.000000 0.000000
vn 0.000000 -1.000000 0.000000
vn 0.000000 -1.000000 0.000000
vn 0.000000 -1.000000 0.000000
vn 0.000000 -1.000000 0.000000
vn 0.000000 -1.000000 0.000000
vn 0.000000 -1.000000 0.000000
vn 0.000000 -1.000000 0.000000
vn 0.000000 -1.000000 0.000000
vn 1.000000 0.000000 0.000000
vn 1.000000 0.000000 0.000000
vn 1.000000 0.000000 0.000000
vn 1.000000 0.000000 0.000000
vn 1.000000 0.000000 0.000000
vn 1.000000 0.000000 0.000000
vn 1.000000 0.000000 0.000000
vn 1.000000 0.000000 0.000000
vn 1.000000 0.000000 0.000000
vn 1.000000 0.000000 0.000000
vn 1.000000 0.000000 0.000000
vn 1.000000 0.000000 0.000000
vn 1.000000 0.000000 0.000000
vn 1.000000 0.000000 0.000000
vn 1.000000 0.000000 0.000000
vn 1.000000 0.000000 0.000000
vn 1.000000 0.000000 0.000000
vn 1.000000 0.000000 0.000000
vn 1.000000 0.000000 0.000000
vn 1.000000 0.000000 0.000000
vn 1.000000 0.000000 0.000000
vn 1.000000 0.000000 0.000000
vn 1.000000 0.000000 0.000000
vn 1.000000 0.000000 0.000000
vn -0.000000 1.000000 -0.000000
vn -0.000000 1.000000 -0.000000
vn -0.000000 1.000000 -0.000000
vn -0.000000 1.000000 -0.000000
vn -0.000000 1.000000 -0.000000
vn -0.000000 1.000000 -0.000000
vn -0.000000 1.000000 -0.000000
vn -0.000000 1.000000 -0.000000
vn -0.000000 1.000000 -0.000000
vn -0.000000 1.000000 -0.000000
vn -0.000000 1.000000 -0.000000
vn -0.000000 1.000000 -0.000000
vn -0.000000 1.000000 -0.000000
vn -0.000000 1.000000 -0.000000
vn -1.000000 -0.000000 -0.000000
vn -1.000000 -0.000000 -0.000000
vn -1.000000 -0.000000 -0.000000
vn -1.000000 -0.000000 -0.000000
vn -1.000000 -0.000000 -0.000000
vn -1.000000 -0.000000 -0.000000
vn -1.000000 -0.000000 -0.000000
vn -1.000000 -0.000000 -0.000000
vn -1.000000 -0.000000 -0.000000
vn -1.000000 -0.000000 -0.000000
vn -1.000000 -0.000000 -0.000000
vn -1.000000 -0.000000 -0.000000
vn -1.000000 -0.000000 -0.000000
vn -1.000000 -0.000000 -0.000000
vn -1.000000 -0.000000 -0.000000
vn -1.000000 -0.000000 -0.000000
vn -1.000000 -0.000000 -0.000000
vn -1.000000 -0.000000 -0.000000
vn -1.000000 -0.000000 -0.000000
vn -1.000000 -0.000000 -0.000000
vn -1.000000 -0.000000 -0.000000
vn -1.000000 -0.000000 -0.000000
vn -1.000000 -0.000000 -0.000000
vn -1.000000 -0.000000 -0.000000
vn 0.000000 -0.000000 -1.000000
vn 0.000000 -0.000000 -1.000000
vn 0.000000 -0.000000 -1.000000
vn 0.000000 -0.000000 -1.000000
vn 0.000000 -0.000000 -1.000000
vn 0.000000 -0.000000 -1.000000
vn 0.000000 -0.000000 -1.000000
vn 0.000000 -0.000000 -1.000000
vn 0.000000 -0.000000 -1.000000
vn 0.000000 -0.000000 -1.000000
vn 0.000000 -0.000000 -1.000000
vn 0.000000 -0.000000 -1.000000
vn 0.000000 -0.000000 -1.000000
vn 0.000000 -0.000000 -1.000000
vn 0.000000 -0.000000 -1.000000
vn 0.000000 -0.000000 -1.000000
vn 0.000000 -0.000000 -1.000000
vn 0.000000 -0.000000 -1.000000
vn 0.000000 -0.000000 -1.000000
vn 0.000000 -0.000000 -1.000000
vn 0.000000 -0.000000 -1.000000
vn 0.000000 -0.000000 -1.000000
vn 0.000000 -0.000000 -1.000000
vn 0.000000 -0.000000 -1.000000
vn 0.000000 -0.000000 -1.000000
vn 0.000000 -0.000000 -1.000000
vn 0.000000 -0.000000 -1.000000
vn 0.000000 -0.000000 -1.000000
vn 0.000000 -0.000000 -1.000000
vn 0.000000 -0.000000 -1.000000
vn 0.000000 -0.000000 -1.000000
vn 0.000000 -0.000000 -1.000000
vn 0.000000 -0.000000 -1.000000
vn 0.000000 -0.000000 -1.000000
vn 0.000000 -0.000000 -1.000000
vn 0.000000 -0.000000 -1.000000
vn 0.000000 -0.000000 -1.000000
vn 0.000000 -0.000000 -1.000000
vn 0.000000 -0.000000 -1.000000
vn 0.000000 -0.000000 -1.000000
vn 0.000000 -0.000000 -1.000000
vn 0.000000 -0.000000 -1.000000
vn 0.000000 -0.000000 -1.000000
vn 0.000000 -0.000000 -1.000000
vn 0.000000 -0.000000 -1.000000
vn 0.000000 -0.000000 -1.000000
vn 0.000000 -0.000000 -1.000000
vn 0.000000 -0.000000 -1.000000
vn 0.000000 -0.000000 -1.000000
vn 0.000000 -0.000000 -1.000000
vn 0.000000 -0.000000 -1.000000
vn 0.000000 -0.000000 -1.000000
vn 0.000000 -0.000000 -1.000000
vn 0.000000 -0.000000 -1.000000
vn 0.000000 -0.000000 -1.000000
vn 0.000000 -0.000000 -1.000000
vn 0.000000 -0.000000 -1.000000
vn 0.000000 -0.000000 -1.000000
vn 0.000000 -0.000000 -1.000000
vn 0.000000 -0.000000 -1.000000
vn 0.000000 -0.000000 -1.000000
vn 0.000000 -0.000000 -1.000000
vn 0.000000 -0.000000 -1.000000
vn 0.000000 -0.000000 -1.000000
vn 0.000000 -0.000000 -1.000000
vn 0.000000 -0.000000 -1.000000
vn 0.000000 -0.000000 -1.000000
vn 0.000000 -0.000000 -1.000000
vn 0.000000 -0.000000 -1.000000
vn 0.000000 -0.000000 -1.000000
vn 0.000000 -0.000000 -1.000000
vn 0.000000 -0.000000 -1.000000
vn 0.000000 -0.000000 -1.000000
vn 0.000000 -0.000000 -1.000000
vn 0.000000 -0.000000 -1.000000
vn 0.000000 -0.000000 -1.000000
vn 0.000000 -0.000000 -1.000000
vn 0.000000 -0.000000 -1.000000
vn 0.000000 -0.000000 -1.000000
vn 0.000000 -0.000000 -1.000000
vn 0.000000 -0.000000 -1.000000
vn 0.000000 -0.000000 -1.000000
vn 0.000000 -0.000000 -1.000000
vn 0.000000 -0.000000 -1.000000
vn -0.000000 0.000000 1.000000
vn -0.000000 0.000000 1.000000
vn -0.000000 0.000000 1.000000
vn -0.000000 0.000000 1.000000
vn -0.000000 0.000000 1.000000
vn -0.000000 0.000000 1.000000
vn -0.000000 0.000000 1.000000
vn -0.000000 0.000000 1.000000
vn -0.000000 0.000000 1.000000
vn -0.000000 0.000000 1.000000
vn -0.000000 0.000000 1.000000
vn -0.000000 0.000000 1.000000
vn -0.000000 0.000000 1.000000
vn -0.000000 0.000000 1.000000
vn -0.000000 0.000000 1.000000
vn -0.000000 0.000000 1.000000
vn -0.000000 0.000000 1.000000
vn -0.000000 0.000000 1.000000
vn -0.000000 0.000000 1.000000
vn -0.000000 0.000000 1.000000
vn -0.000000 0.000000 1.000000
vn -0.000000 0.000000 1.000000
vn -0.000000 0.000000 1.000000
vn -0.000000 0.000000 1.000000
vn -0.000000 0.000000 1.000000
vn -0.000000 0.000000 1.000000
vn -0.000000 0.000000 1.000000
vn -0.000000 0.000000 1.000000
vn -0.000000 0.000000 1.000000
vn -0.000000 0.000000 1.000000
vn -0.000000 0.000000 1.000000
vn -0.000000 0.000000 1.000000
vn -0.000000 0.000000 1.000000
vn -0.000000 0.000000 1.000000
vn -0.000000 0.000000 1.000000
vn -0.000000 0.000000 1.000000
vn -0.000000 0.000000 1.000000
vn -0.000000 0.000000 1.000000
vn -0.000000 0.000000 1.000000
vn -0.000000 0.000000 1.000000
vn -0.000000 0.000000 1.000000
vn -0.000000 0.000000 1.000000
vn -0.000000 0.000000 1.000000
vn -0.000000 0.000000 1.000000
vn -0.000000 0.000000 1.000000
vn -0.000000 0.000000 1.000000
vn -0.000000 0.000000 1.000000
vn -0.000000 0.000000 1.000000
vn -0.000000 0.000000 1.000000
vn -0.000000 0.000000 1.000000
vn -0.000000 0.000000 1.000000
vn -0.000000 0.000000 1.000000
vn -0.000000 0.000000 1.000000
vn -0.000000 0.000000 1.000000
vn -0.000000 0.000000 1.000000
vn -0.000000 0.000000 1.000000
vn -0.000000 0.000000 1.000000
vn -0.000000 0.000000 1.000000
vn -0.000000 0.000000 1.000000
vn -0.000000 0.000000 1.000000
vn -0.000000 0.000000 1.000000
vn -0.000000 0.000000 1.000000
vn -0.000000 0.000000 1.000000
vn -0.000000 0.000000 1.000000
vn -0.000000 0.000000 1.000000
vn -0.000000 0.000000 1.000000
vn -0.000000 0.000000 1.000000
vn -0.000000 0.000000 1.000000
vn -0.000000 0.000000 1.000000
vn -0.000000 0.000000 1.000000
vn -0.000000 0.000000 1.000000
vn -0.000000 0.000000 1.000000
vn -0.000000 0.000000 1.000000
vn -0.000000 0.000000 1.000000
vn -0.000000 0.000000 1.000000
vn -0.000000 0.000000 1.000000
vn -0.000000 0.000000 1.000000
vn -0.000000 0.000000 1.000000
vn -0.000000 0.000000 1.000000
vn -0.000000 0.000000 1.000000
vn -0.000000 0.000000 1.000000
vn -0.000000 0.000000 1.000000
vn -0.000000 0.000000 1.000000
vn -0.000000 0.000000 1.000000
f 369/817/817 370/818/818 382/819/819
f 382/819/819 370/818/818 381/820/820
f 381/820/820 370/818/818 371/821/821
f 381/820/820 371/821/821 380/822/822
f 380/822/822 371/821/821 372/823/823
f 380/822/822 372/823/823 379/824/824
f 379/824/824 372/823/823 373/825/825
f 379/824/824 373/825/825 378/826/826
f 378/826/826 373/825/825 374/827/827
f 378/826/826 374/827/827 377/828/828
f 377/828/828 374/827/827 375/829/829
f 377/828/828 375/829/829 376/830/830
f 383/831/831 384/832/832 404/833/833
f 404/833/833 384/832/832 403/834/834
f 403/834/834 384/832/832 385/835/835
f 403/834/834 385/835/835 402/836/836
f 402/836/836 385/835/835 386/837/837
f 402/836/836 386/837/837 401/838/838
f 401/838/838 386/837/837 387/839/839
f 401/838/838 387/839/839 400/840/840
f 400/840/840 387/839/839 388/841/841
f 400/840/840 388/841/841 399/842/842
f 399/842/842 388/841/841 389/843/843
f 399/842/842 389/843/843 398/844/844
f 398/844/844 389/843/843 390/845/845
f 398/844/844 390/845/845 397/846/846
f 397/846/846 390/845/845 391/847/847
f 397/846/846 391/847/847 396/848/848
f 396/848/848 391/847/847 392/849/849
f 396/848/848 392/849/849 395/850/850
f 395/850/850 392/849/849 393/851/851
f 395/850/850 393/851/851 394/852/852
f 394/852/852 393/851/851 369/853/853
f 394/852/852 369/853/853 382/854/854
f 405/855/855 406/856/856 416/857/857
f 416/857/857 406/856/856 415/858/858
f 415/858/858 406/856/856 407/859/859
f 415/858/858 407/859/859 414/860/860
f 414/860/860 407/859/859 408/861/861
f 414/860/860 408/861/861 413/862/862
f 413/862/862 408/861/861 409/863/863
f 413/862/862 409/863/863 412/864/864
f 412/864/864 409/863/863 410/865/865
f 412/864/864 410/865/865 411/866/866
f 411/866/866 410/865/865 383/867/867
f 411/866/866 383/867/867 404/868/868
f 375/869/869 417/870/870 376/871/871
f 376/871/871 417/870/870 436/872/872
f 436/872/872 417/870/870 418/873/873
f 436/872/872 418/873/873 435/874/874
f 435/874/874 418/873/873 419/875/875
f 435/874/874 419/875/875 434/876/876
f 434/876/876 419/875/875 420/877/877
f 434/876/876 420/877/877 433/878/878
f 433/878/878 420/877/877 421/879/879
f 433/878/878 421/879/879 432/880/880
f 432/880/880 421/879/879 422/881/881
f 432/880/880 422/881/881 431/882/882
f 431/882/882 422/881/881 423/883/883
f 431/882/882 423/883/883 430/884/884
f 430/884/884 423/883/883 424/885/885
f 430/884/884 424/885/885 429/886/886
f 429/886/886 424/885/885 425/887/887
f 429/886/886 425/887/887 428/888/888
f 428/888/888 425/887/887 426/889/889
f 428/888/888 426/889/889 427/890/890
f 427/890/890 426/889/889 405/891/891
f 427/890/890 405/891/891 416/892/892
f 376/893/893 436/894/894 377/895/895
f 377/895/895 436/894/894 446/896/896
f 377/895/895 446/896/896 378/897/897
f 378/897/897 446/896/896 456/898/898
f 378/897/897 456/898/898 379/899/899
f 379/899/899 456/898/898 466/900/900
f 379/899/899 466/900/900 380/901/901
f 380/901/901 466/900/900 476/902/902
f 380/901/901 476/902/902 381/903/903
f 381/903/903 476/902/902 486/904/904
f 381/903/903 486/904/904 382/905/905
f 382/905/905 486/904/904 394/906/906
f 394/906/906 486/904/904 485/907/907
f 394/906/906 485/907/907 395/908/908
f 395/908/908 485/907/907 484/909/909
f 395/908/908 484/909/909 396/910/910
f 396/910/910 484/909/909 483/911/911
f 396/910/910 483/911/911 397/912/912
f 397/912/912 483/911/911 482/913/913
f 397/912/912 482/913/913 398/914/914
f 398/914/914 482/913/913 481/915/915
f 398/914/914 481/915/915 399/916/916
f 399/916/916 481/915/915 480/917/917
f 399/916/916 480/917/917 400/918/918
f 400/918/918 480/917/917 479/919/919
f 400/918/918 479/919/919 401/920/920
f 401/920/920 479/919/919 478/921/921
f 401/920/920 478/921/921 402/922/922
f 402/922/922 478/921/921 477/923/923
f 402/922/922 477/923/923 403/924/924
f 403/924/924 477/923/923 411/925/925
f 403/924/924 411/925/925 404/926/926
f 436/894/894 435/927/927 446/896/896
f 446/896/896 435/927/927 445/928/928
f 446/896/896 445/928/928 456/898/898
f 456/898/898 445/928/928 455/929/929
f 456/898/898 455/929/929 466/900/900
f 466/900/900 455/929/929 465/930/930
f 466/900/900 465/930/930 476/902/902
f 476/902/902 465/930/930 475/931/931
f 476/902/902 475/931/931 486/904/904
f 486/904/904 475/931/931 485/907/907
f 435/927/927 434/932/932 445/928/928
f 445/928/928 434/932/932 444/933/933
f 445/928/928 444/933/933 455/929/929
f 455/929/929 444/933/933 454/934/934
f 455/929/929 454/934/934 465/930/930
f 465/930/930 454/934/934 464/935/935
f 465/930/930 464/935/935 475/931/931
f 475/931/931 464/935/935 474/936/936
f 475/931/931 474/936/936 485/907/907
f 485/907/907 474/936/936 484/909/909
f 434/932/932 433/937/937 444/933/933
f 444/933/933 433/937/937 443/938/938
f 444/933/933 443/938/938 454/934/934
f 454/934/934 443/938/938 453/939/939
f 454/934/934 453/939/939 464/935/935
f 464/935/935 453/939/939 463/940/940
f 464/935/935 463/940/940 474/936/936
f 474/936/936 463/940/940 473/941/941
f 474/936/936 473/941/941 484/909/909
f 484/909/909 473/941/941 483/911/911
f 433/937/937 432/942/942 443/938/938
f 443/938/938 432/942/942 442/943/943
f 443/938/938 442/943/943 453/939/939
f 453/939/939 442/943/943 452/944/944
f 453/939/939 452/944/944 463/940/940
f 463/940/940 452/944/944 462/945/945
f 463/940/940 462/945/945 473/941/941
f 473/941/941 462/945/945 472/946/946
f 473/941/941 472/946/946 483/911/911
f 483/911/911 472/946/946 482/913/913
f 432/942/942 431/947/947 442/943/943
f 442/943/943 431/947/947 441/948/948
f 442/943/943 441/948/948 452/944/944
f 452/944/944 441/948/948 451/949/949
f 452/944/944 451/949/949 462/945/945
f 462/945/945 451/949/949 461/950/950
f 462/945/945 461/950/950 472/946/946
f 472/946/946 461/950/950 471/951/951
f 472/946/946 471/951/951 482/913/913
f 482/913/913 471/951/951 481/915/915
f 431/947/947 430/952/952 441/948/948
f 441/948/948 430/952/952 440/953/953
f 441/948/948 440/953/953 451/949/949
f 451/949/949 440/953/953 450/954/954
f 451/949/949 450/954/954 461/950/950
f 461/950/950 450/954/954 460/955/955
f 461/950/950 460/955/955 471/951/951
f 471/951/951 460/955/955 470/956/956
f 471/951/951 470/956/956 481/915/915
f 481/915/915 470/956/956 480/917/917
f 430/952/952 429/957/957 440/953/953
f 440/953/953 429/957/957 439/958/958
f 440/953/953 439/958/958 450/954/954
f 450/954/954 439/958/958 449/959/959
f 450/954/954 449/959/959 460/955/955
f 460/955/955 449/959/959 459/960/960
f 460/955/955 459/960/960 470/956/956
f 470/956/956 459/960/960 469/961/961
f 470/956/956 469/961/961 480/917/917
f 480/917/917 469/961/961 479/919/919
f 429/957/957 428/962/962 439/958/958
f 439/958/958 428/962/962 438/963/963
f 439/958/958 438/963/963 449/959/959
f 449/959/959 438/963/963 448/964/964
f 449/959/959 448/964/964 459/960/960
f 459/960/960 448/964/964 458/965/965
f 459/960/960 458/965/965 469/961/961
f 469/961/961 458/965/965 468/966/966
f 469/961/961 468/966/966 479/919/919
f 479/919/919 468/966/966 478/921/921
f 428/962/962 427/967/967 438/963/963
f 438/963/963 427/967/967 437/968/968
f 438/963/963 437/968/968 448/964/964
f 448/964/964 437/968/968 447/969/969
f 448/964/964 447/969/969 458/965/965
f 458/965/965 447/969/969 457/970/970
f 458/965/965 457/970/970 468/966/966
f 468/966/966 457/970/970 467/971/971
f 468/966/966 467/971/971 478/921/921
f 478/921/921 467/971/971 477/923/923
f 427/967/967 416/972/972 437/968/968
f 437/968/968 416/972/972 415/973/973
f 437/968/968 415/973/973 447/969/969
f 447/969/969 415/973/973 414/974/974
f 447/969/969 414/974/974 457/970/970
f 457/970/970 414/974/974 413/975/975
f 457/970/970 413/975/975 467/971/971
f 467/971/971 413/975/975 412/976/976
f 467/971/971 412/976/976 477/923/923
f 477/923/923 412/976/976 411/925/925
f 406/977/977 405/978/978 487/979/979
f 487/979/979 405/978/978 426/980/980
f 487/979/979 426/980/980 492/981/981
f 492/981/981 426/980/980 425/982/982
f 492/981/981 425/982/982 497/983/983
f 497/983/983 425/982/982 424/984/984
f 497/983/983 424/984/984 502/985/985
f 502/985/985 424/984/984 423/986/986
f 502/985/985 423/986/986 507/987/987
f 507/987/987 423/986/986 422/988/988
f 507/987/987 422/988/988 512/989/989
f 512/989/989 422/988/988 421/990/990
f 512/989/989 421/990/990 517/991/991
f 517/991/991 421/990/990 420/992/992
f 517/991/991 420/992/992 522/993/993
f 522/993/993 420/992/992 419/994/994
f 522/993/993 419/994/994 527/995/995
f 527/995/995 419/994/994 418/996/996
f 527/995/995 418/996/996 532/997/997
f 532/997/997 418/996/996 417/998/998
f 532/997/997 417/998/998 374/999/999
f 374/999/999 417/998/998 375/1000/1000
f 374/999/999 373/1001/1001 532/997/997
f 532/997/997 373/1001/1001 533/1002/1002
f 532/997/997 533/1002/1002 527/995/995
f 527/995/995 533/1002/1002 528/1003/1003
f 527/995/995 528/1003/1003 522/993/993
f 522/993/993 528/1003/1003 523/1004/1004
f 522/993/993 523/1004/1004 517/991/991
f 517/991/991 523/1004/1004 518/1005/1005
f 517/991/991 518/1005/1005 512/989/989
f 512/989/989 518/1005/1005 513/1006/1006
f 512/989/989 513/1006/1006 507/987/987
f 507/987/987 513/1006/1006 508/1007/1007
f 507/987/987 508/1007/1007 502/985/985
f 502/985/985 508/1007/1007 503/1008/1008
f 502/985/985 503/1008/1008 497/983/983
f 497/983/983 503/1008/1008 498/1009/1009
f 497/983/983 498/1009/1009 492/981/981
f 492/981/981 498/1009/1009 493/1010/1010
f 492/981/981 493/1010/1010 487/979/979
f 487/979/979 493/1010/1010 488/1011/1011
f 487/979/979 488/1011/1011 406/977/977
f 406/977/977 488/1011/1011 407/1012/1012
f 407/1012/1012 488/1011/1011 489/1013/1013
f 407/1012/1012 489/1013/1013 408/1014/1014
f 408/1014/1014 489/1013/1013 490/1015/1015
f 408/1014/1014 490/1015/1015 409/1016/1016
f 409/1016/1016 490/1015/1015 491/1017/1017
f 409/1016/1016 491/1017/1017 410/1018/1018
f 410/1018/1018 491/1017/1017 384/1019/1019
f 410/1018/1018 384/1019/1019 383/1020/1020
f 373/1001/1001 372/1021/1021 533/1002/1002
f 533/1002/1002 372/1021/1021 534/1022/1022
f 533/1002/1002 534/1022/1022 528/1003/1003
f 528/1003/1003 534/1022/1022 529/1023/1023
f 528/1003/1003 529/1023/1023 523/1004/1004
f 523/1004/1004 529/1023/1023 524/1024/1024
f 523/1004/1004 524/1024/1024 518/1005/1005
f 518/1005/1005 524/1024/1024 519/1025/1025
f 518/1005/1005 519/1025/1025 513/1006/1006
f 513/1006/1006 519/1025/1025 514/1026/1026
f 513/1006/1006 514/1026/1026 508/1007/1007
f 508/1007/1007 514/1026/1026 509/1027/1027
f 508/1007/1007 509/1027/1027 503/1008/1008
f 503/1008/1008 509/1027/1027 504/1028/1028
f 503/1008/1008 504/1028/1028 498/1009/1009
f 498/1009/1009 504/1028/1028 499/1029/1029
f 498/1009/1009 499/1029/1029 493/1010/1010
f 493/1010/1010 499/1029/1029 494/1030/1030
f 493/1010/1010 494/1030/1030 488/1011/1011
f 488/1011/1011 494/1030/1030 489/1013/1013
f 372/1021/1021 371/1031/1031 534/1022/1022
f 534/1022/1022 371/1031/1031 535/1032/1032
f 534/1022/1022 535/1032/1032 529/1023/1023
f 529/1023/1023 535/1032/1032 530/1033/1033
f 529/1023/1023 530/1033/1033 524/1024/1024
f 524/1024/1024 530/1033/1033 525/1034/1034
f 524/1024/1024 525/1034/1034 519/1025/1025
f 519/1025/1025 525/1034/1034 520/1035/1035
f 519/1025/1025 520/1035/1035 514/1026/1026
f 514/1026/1026 520/1035/1035 515/1036/1036
f 514/1026/1026 515/1036/1036 509/1027/1027
f 509/1027/1027 515/1036/1036 510/1037/1037
f 509/1027/1027 510/1037/1037 504/1028/1028
f 504/1028/1028 510/1037/1037 505/1038/1038
f 504/1028/1028 505/1038/1038 499/1029/1029
f 499/1029/1029 505/1038/1038 500/1039/1039
f 499/1029/1029 500/1039/1039 494/1030/1030
f 494/1030/1030 500/1039/1039 495/1040/1040
f 494/1030/1030 495/1040/1040 489/1013/1013
f 489/1013/1013 495/1040/1040 490/1015/1015
f 371/1031/1031 370/1041/1041 535/1032/1032
f 535/1032/1032 370/1041/1041 536/1042/1042
f 535/1032/1032 536/1042/1042 530/1033/1033
f 530/1033/1033 536/1042/1042 531/1043/1043
f 530/1033/1033 531/1043/1043 525/1034/1034
f 525/1034/1034 531/1043/1043 526/1044/1044
f 525/1034/1034 526/1044/1044 520/1035/1035
f 520/1035/1035 526/1044/1044 521/1045/1045
f 520/1035/1035 521/1045/1045 515/1036/1036
f 515/1036/1036 521/1045/1045 516/1046/1046
f 515/1036/1036 516/1046/1046 510/1037/1037
f 510/1037/1037 516/1046/1046 511/1047/1047
f 510/1037/1037 511/1047/1047 505/1038/1038
f 505/1038/1038 511/1047/1047 506/1048/1048
f 505/1038/1038 506/1048/1048 500/1039/1039
f 500/1039/1039 506/1048/1048 501/1049/1049
f 500/1039/1039 501/1049/1049 495/1040/1040
f 495/1040/1040 501/1049/1049 496/1050/1050
f 495/1040/1040 496/1050/1050 490/1015/1015
f 490/1015/1015 496/1050/1050 491/1017/1017
f 370/1041/1041 369/1051/1051 536/1042/1042
f 536/1042/1042 369/1051/1051 393/1052/1052
f 536/1042/1042 393/1052/1052 531/1043/1043
f 531/1043/1043 393/1052/1052 392/1053/1053
f 531/1043/1043 392/1053/1053 526/1044/1044
f 526/1044/1044 392/1053/1053 391/1054/1054
f 526/1044/1044 391/1054/1054 521/1045/1045
f 521/1045/1045 391/1054/1054 390/1055/1055
f 521/1045/1045 390/1055/1055 516/1046/1046
f 516/1046/1046 390/1055/1055 389/1056/1056
f 516/1046/1046 389/1056/1056 511/1047/1047
f 511/1047/1047 389/1056/1056 388/1057/1057
f 511/1047/1047 388/1057/1057 506/1048/1048
f 506/1048/1048 388/1057/1057 387/1058/1058
f 506/1048/1048 387/1058/1058 501/1049/1049
f 501/1049/1049 387/1058/1058 386/1059/1059
f 501/1049/1049 386/1059/1059 496/1050/1050
f 496/1050/1050 386/1059/1059 385/1060/1060
f 496/1050/1050 385/1060/1060 491/1017/1017
f 491/1017/1017 385/1060/1060 384/1019/1019
g Body1:11

v 74.000000 0.000000 -104.000000
v 74.000000 0.000000 -106.000000
v 74.000000 10.909091 -106.000000
v 74.000000 21.818182 -106.000000
v 74.000000 32.727273 -106.000000
v 74.000000 43.636364 -106.000000
v 74.000000 54.545455 -106.000000
v 74.000000 65.454545 -106.000000
v 74.000000 76.363636 -106.000000
v 74.000000 87.272727 -106.000000
v 74.000000 98.181818 -106.000000
v 74.000000 109.090909 -106.000000
v 74.000000 120.000000 -106.000000
v 74.000000 120.000000 -104.000000
v 74.000000 109.090909 -104.000000
v 74.000000 98.181818 -104.000000
v 74.000000 87.272727 -104.000000
v 74.000000 76.363636 -104.000000
v 74.000000 65.454545 -104.000000
v 74.000000 54.545455 -104.000000
v 74.000000 43.636364 -104.000000
v 74.000000 32.727273 -104.000000
v 74.000000 21.818182 -104.000000
v 74.000000 10.909091 -104.000000
v 72.000000 0.000000 -104.000000
v 72.000000 120.000000 -104.000000
v 72.000000 109.090909 -104.000000
v 72.000000 98.181818 -104.000000
v 72.000000 87.272727 -104.000000
v 72.000000 76.363636 -104.000000
v 72.000000 65.454545 -104.000000
v 72.000000 54.545455 -104.000000
v 72.000000 43.636364 -104.000000
v 72.000000 32.727273 -104.000000
v 72.000000 21.818182 -104.000000
v 72.000000 10.909091 -104.000000
v 72.000000 0.000000 -106.000000
v 72.000000 120.000000 -106.000000
v 72.000000 109.090909 -106.000000
v 72.000000 98.181818 -106.000000
v 72.000000 87.272727 -106.000000
v 72.000000 76.363636 -106.000000
v 72.000000 65.454545 -106.000000
v 72.000000 54.545455 -106.000000
v 72.000000 43.636364 -106.000000
v 72.000000 32.727273 -106.000000
v 72.000000 21.818182 -106.000000
v 72.000000 10.909091 -106.000000
vt 0.000000 0.000000 0.000000
vt 2.000000 0.000000 0.000000
vt 0.000000 10.909091 0.000000
vt 2.000000 10.909091 0.000000
vt 0.000000 21.818182 0.000000
vt 2.000000 21.818182 0.000000
vt 0.000000 32.727273 0.000000
vt 2.000000 32.727273 0.000000
vt 0.000000 43.636364 0.000000
vt 2.000000 43.636364 0.000000
vt 0.000000 54.545455 0.000000
vt 2.000000 54.545455 0.000000
vt 0.000000 65.454545 0.000000
vt 2.000000 65.454545 0.000000
vt 0.000000 76.363636 0.000000
vt 2.000000 76.363636 0.000000
vt 0.000000 87.272727 0.000000
vt 2.000000 87.272727 0.000000
vt 0.000000 98.181818 0.000000
vt 2.000000 98.181818 0.000000
vt 0.000000 109.090909 0.000000
vt 2.000000 109.090909 0.000000
vt 0.000000 120.000000 0.000000
vt 2.000000 120.000000 0.000000
vt -0.000000 0.000000 0.000000
vt 2.000000 0.000000 0.000000
vt -0.000000 10.909091 0.000000
vt 2.000000 10.909091 0.000000
vt -0.000000 21.818182 0.000000
vt 2.000000 21.818182 0.000000
vt -0.000000 32.727273 0.000000
vt 2.000000 32.727273 0.000000
vt -0.000000 43.636364 0.000000
vt 2.000000 43.636364 0.000000
vt -0.000000 54.545455 0.000000
vt 2.000000 54.545455 0.000000
vt -0.000000 65.454545 0.000000
vt 2.000000 65.454545 0.000000
vt -0.000000 76.363636 0.000000
vt 2.000000 76.363636 0.000000
vt -0.000000 87.272727 0.000000
vt 2.000000 87.272727 0.000000
vt -0.000000 98.181818 0.000000
vt 2.000000 98.181818 0.000000
vt -0.000000 109.090909 0.000000
vt 2.000000 109.090909 0.000000
vt -0.000000 120.000000 0.000000
vt 2.000000 120.000000 0.000000
vt -0.000000 0.000000 0.000000
vt 2.000000 0.000000 0.000000
vt -0.000000 10.909091 0.000000
vt 2.000000 10.909091 0.000000
vt -0.000000 21.818182 0.000000
vt 2.000000 21.818182 0.000000
vt -0.000000 32.727273 0.000000
vt 2.000000 32.727273 0.000000
vt -0.000000 43.636364 0.000000
vt 2.000000 43.636364 0.000000
vt -0.000000 54.545455 0.000000
vt 2.000000 54.545455 0.000000
vt -0.000000 65.454545 0.000000
vt 2.000000 65.454545 0.000000
vt -0.000000 76.363636 0.000000
vt 2.000000 76.363636 0.000000
vt -0.000000 87.272727 0.000000
vt 2.000000 87.272727 0.000000
vt -0.000000 98.181818 0.000000
vt 2.000000 98.181818 0.000000
vt -0.000000 109.090909 0.000000
vt 2.000000 109.090909 0.000000
vt -0.000000 120.000000 0.000000
vt 2.000000 120.000000 0.000000
vt -0.000000 0.000000 0.000000
vt 2.000000 0.000000 0.000000
vt -0.000000 10.909091 0.000000
vt 2.000000 10.909091 0.000000
vt -0.000000 21.818182 0.000000
vt 2.000000 21.818182 0.000000
vt -0.000000 32.727273 0.000000
vt 2.000000 32.727273 0.000000
vt -0.000000 43.636364 0.000000
vt 2.000000 43.636364 0.000000
vt -0.000000 54.545455 0.000000
vt 2.000000 54.545455 0.000000
vt -0.000000 65.454545 0.000000
vt 2.000000 65.454545 0.000000
vt -0.000000 76.363636 0.000000
vt 2.000000 76.363636 0.000000
vt -0.000000 87.272727 0.000000
vt 2.000000 87.272727 0.000000
vt -0.000000 98.181818 0.000000
vt 2.000000 98.181818 0.000000
vt -0.000000 109.090909 0.000000
vt 2.000000 109.090909 0.000000
vt 0.000000 120.000000 0.000000
vt 2.000000 120.000000 0.000000
vt 1.000000 1.000000 0.000000
vt -1.000000 1.000000 0.000000
vt 1.000000 -1.000000 0.000000
vt -1.000000 -1.000000 0.000000
vt -1.000000 -1.000000 0.000000
vt 1.000000 -1.000000 0.000000
vt -1.000000 1.000000 0.000000
vt 1.000000 1.000000 0.000000
vn 1.000000 0.000000 -0.000000
vn 1.000000 0.000000 -0.000000
vn 1.000000 0.000000 -0.000000
vn 1.000000 0.000000 -0.000000
vn 1.000000 0.000000 -0.000000
vn 1.000000 0.000000 -0.000000
vn 1.000000 0.000000 -0.000000
vn 1.000000 0.000000 -0.000000
vn 1.000000 0.000000 -0.000000
vn 1.000000 0.000000 -0.000000
vn 1.000000 0.000000 -0.000000
vn 1.000000 0.000000 -0.000000
vn 1.000000 0.000000 -0.000000
vn 1.000000 0.000000 -0.000000
vn 1.000000 0.000000 -0.000000
vn 1.000000 0.000000 -0.000000
vn 1.000000 0.000000 -0.000000
vn 1.000000 0.000000 -0.000000
vn 1.000000 0.000000 -0.000000
vn 1.000000 0.000000 -0.000000
vn 1.000000 0.000000 -0.000000
vn 1.000000 0.000000 -0.000000
vn 1.000000 0.000000 -0.000000
vn 1.000000 0.000000 -0.000000
vn 0.000000 0.000000 1.000000
vn 0.000000 0.000000 1.000000
vn 0.000000 0.000000 1.000000
vn 0.000000 0.000000 1.000000
vn 0.000000 0.000000 1.000000
vn 0.000000 0.000000 1.000000
vn 0.000000 0.000000 1.000000
vn 0.000000 0.000000 1.000000
vn 0.000000 0.000000 1.000000
vn 0.000000 0.000000 1.000000
vn 0.000000 0.000000 1.000000
vn 0.000000 0.000000 1.000000
vn 0.000000 0.000000 1.000000
vn 0.000000 0.000000 1.000000
vn 0.000000 0.000000 1.000000
vn 0.000000 0.000000 1.000000
vn 0.000000 0.000000 1.000000
vn 0.000000 0.000000 1.000000
vn 0.000000 0.000000 1.000000
vn 0.000000 0.000000 1.000000
vn 0.000000 0.000000 1.000000
vn 0.000000 0.000000 1.000000
vn 0.000000 0.000000 1.000000
vn 0.000000 0.000000 1.000000
vn -1.000000 -0.000000 0.000000
vn -1.000000 -0.000000 0.000000
vn -1.000000 -0.000000 0.000000
vn -1.000000 -0.000000 0.000000
vn -1.000000 -0.000000 0.000000
vn -1.000000 -0.000000 0.000000
vn -1.000000 -0.000000 0.000000
vn -1.000000 -0.000000 0.000000
vn -1.000000 -0.000000 0.000000
vn -1.000000 -0.000000 0.000000
vn -1.000000 -0.000000 0.000000
vn -1.000000 -0.000000 0.000000
vn -1.000000 -0.000000 0.000000
vn -1.000000 -0.000000 0.000000
vn -1.000000 -0.000000 0.000000
vn -1.000000 -0.000000 0.000000
vn -1.000000 -0.000000 0.000000
vn -1.000000 -0.000000 0.000000
vn -1.000000 -0.000000 0.000000
vn -1.000000 -0.000000 0.000000
vn -1.000000 -0.000000 0.000000
vn -1.000000 -0.000000 0.000000
vn -1.000000 -0.000000 0.000000
vn -1.000000 -0.000000 0.000000
vn -0.000000 -0.000000 -1.000000
vn -0.000000 -0.000000 -1.000000
vn -0.000000 -0.000000 -1.000000
vn -0.000000 -0.000000 -1.000000
vn -0.000000 -0.000000 -1.000000
vn -0.000000 -0.000000 -1.000000
vn -0.000000 -0.000000 -1.000000
vn -0.000000 -0.000000 -1.000000
vn -0.000000 -0.000000 -1.000000
vn -0.000000 -0.000000 -1.000000
vn -0.000000 -0.000000 -1.000000
vn -0.000000 -0.000000 -1.000000
vn -0.000000 -0.000000 -1.000000
vn -0.000000 -0.000000 -1.000000
vn -0.000000 -0.000000 -1.000000
vn -0.000000 -0.000000 -1.000000
vn -0.000000 -0.000000 -1.000000
vn -0.000000 -0.000000 -1.000000
vn -0.000000 -0.000000 -1.000000
vn -0.000000 -0.000000 -1.000000
vn -0.000000 -0.000000 -1.000000
vn -0.000000 -0.000000 -1.000000
vn -0.000000 -0.000000 -1.000000
vn -0.000000 -0.000000 -1.000000
vn -0.000000 1.000000 -0.000000
vn -0.000000 1.000000 -0.000000
vn -0.000000 1.000000 -0.000000
vn -0.000000 1.000000 -0.000000
vn 0.000000 -1.000000 0.000000
vn 0.000000 -1.000000 0.000000
vn 0.000000 -1.000000 0.000000
vn 0.000000 -1.000000 0.000000
f 537/1061/1061 538/1062/1062 560/1063/1063
f 560/1063/1063 538/1062/1062 539/1064/1064
f 560/1063/1063 539/1064/1064 559/1065/1065
f 559/1065/1065 539/1064/1064 540/1066/1066
f 559/1065/1065 540/1066/1066 558/1067/1067
f 558/1067/1067 540/1066/1066 541/1068/1068
f 558/1067/1067 541/1068/1068 557/1069/1069
f 557/1069/1069 541/1068/1068 542/1070/1070
f 557/1069/1069 542/1070/1070 556/1071/1071
f 556/1071/1071 542/1070/1070 543/1072/1072
f 556/1071/1071 543/1072/1072 555/1073/1073
f 555/1073/1073 543/1072/1072 544/1074/1074
f 555/1073/1073 544/1074/1074 554/1075/1075
f 554/1075/1075 544/1074/1074 545/1076/1076
f 554/1075/1075 545/1076/1076 553/1077/1077
f 553/1077/1077 545/1076/1076 546/1078/1078
f 553/1077/1077 546/1078/1078 552/1079/1079
f 552/1079/1079 546/1078/1078 547/1080/1080
f 552/1079/1079 547/1080/1080 551/1081/1081
f 551/1081/1081 547/1080/1080 548/1082/1082
f 551/1081/1081 548/1082/1082 550/1083/1083
f 550/1083/1083 548/1082/1082 549/1084/1084
f 561/1085/1085 537/1086/1086 572/1087/1087
f 572/1087/1087 537/1086/1086 560/1088/1088
f 572/1087/1087 560/1088/1088 571/1089/1089
f 571/1089/1089 560/1088/1088 559/1090/1090
f 571/1089/1089 559/1090/1090 570/1091/1091
f 570/1091/1091 559/1090/1090 558/1092/1092
f 570/1091/1091 558/1092/1092 569/1093/1093
f 569/1093/1093 558/1092/1092 557/1094/1094
f 569/1093/1093 557/1094/1094 568/1095/1095
f 568/1095/1095 557/1094/1094 556/1096/1096
f 568/1095/1095 556/1096/1096 567/1097/1097
f 567/1097/1097 556/1096/1096 555/1098/1098
f 567/1097/1097 555/1098/1098 566/1099/1099
f 566/1099/1099 555/1098/1098 554/1100/1100
f 566/1099/1099 554/1100/1100 565/1101/1101
f 565/1101/1101 554/1100/1100 553/1102/1102
f 565/1101/1101 553/1102/1102 564/1103/1103
f 564/1103/1103 553/1102/1102 552/1104/1104
f 564/1103/1103 552/1104/1104 563/1105/1105
f 563/1105/1105 552/1104/1104 551/1106/1106
f 563/1105/1105 551/1106/1106 562/1107/1107
f 562/1107/1107 551/1106/1106 550/1108/1108
f 573/1109/1109 561/1110/1110 584/1111/1111
f 584/1111/1111 561/1110/1110 572/1112/1112
f 584/1111/1111 572/1112/1112 583/1113/1113
f 583/1113/1113 572/1112/1112 571/1114/1114
f 583/1113/1113 571/1114/1114 582/1115/1115
f 582/1115/1115 571/1114/1114 570/1116/1116
f 582/1115/1115 570/1116/1116 581/1117/1117
f 581/1117/1117 570/1116/1116 569/1118/1118
f 581/1117/1117 569/1118/1118 580/1119/1119
f 580/1119/1119 569/1118/1118 568/1120/1120
f 580/1119/1119 568/1120/1120 579/1121/1121
f 579/1121/1121 568/1120/1120 567/1122/1122
f 579/1121/1121 567/1122/1122 578/1123/1123
f 578/1123/1123 567/1122/1122 566/1124/1124
f 578/1123/1123 566/1124/1124 577/1125/1125
f 577/1125/1125 566/1124/1124 565/1126/1126
f 577/1125/1125 565/1126/1126 576/1127/1127
f 576/1127/1127 565/1126/1126 564/1128/1128
f 576/1127/1127 564/1128/1128 575/1129/1129
f 575/1129/1129 564/1128/1128 563/1130/1130
f 575/1129/1129 563/1130/1130 574/1131/1131
f 574/1131/1131 563/1130/1130 562/1132/1132
f 538/1133/1133 573/1134/1134 539/1135/1135
f 539/1135/1135 573/1134/1134 584/1136/1136
f 539/1135/1135 584/1136/1136 540/1137/1137
f 540/1137/1137 584/1136/1136 583/1138/1138
f 540/1137/1137 583/1138/1138 541/1139/1139
f 541/1139/1139 583/1138/1138 582/1140/1140
f 541/1139/1139 582/1140/1140 542/1141/1141
f 542/1141/1141 582/1140/1140 581/1142/1142
f 542/1141/1141 581/1142/1142 543/1143/1143
f 543/1143/1143 581/1142/1142 580/1144/1144
f 543/1143/1143 580/1144/1144 544/1145/1145
f 544/1145/1145 580/1144/1144 579/1146/1146
f 544/1145/1145 579/1146/1146 545/1147/1147
f 545/1147/1147 579/1146/1146 578/1148/1148
f 545/1147/1147 578/1148/1148 546/1149/1149
f 546/1149/1149 578/1148/1148 577/1150/1150
f 546/1149/1149 577/1150/1150 547/1151/1151
f 547/1151/1151 577/1150/1150 576/1152/1152
f 547/1151/1151 576/1152/1152 548/1153/1153
f 548/1153/1153 576/1152/1152 575/1154/1154
f 548/1153/1153 575/1154/1154 549/1155/1155
f 549/1155/1155 575/1154/1154 574/1156/1156
f 574/1157/1157 562/1158/1158 549/1159/1159
f 549/1159/1159 562/1158/1158 550/1160/1160
f 573/1161/1161 538/1162/1162 561/1163/1163
f 561/1163/1163 538/1162/1162 537/1164/1164
g Body1:12

v 72.000000 0.000000 -104.000000
v 72.000000 0.000000 -106.000000
v 62.000000 0.000000 -106.000000
v 52.000000 0.000000 -106.000000
v 42.000000 0.000000 -106.000000
v 32.000000 0.000000 -106.000000
v 22.000000 0.000000 -106.000000
v 12.000000 0.000000 -106.000000
v 2.000000 0.000000 -106.000000
v 2.000000 0.000000 -104.000000
v 12.000000 0.000000 -104.000000
v 22.000000 0.000000 -104.000000
v 32.000000 0.000000 -104.000000
v 42.000000 0.000000 -104.000000
v 52.000000 0.000000 -104.000000
v 62.000000 0.000000 -104.000000
v 72.000000 -2.000000 -104.000000
v 2.000000 -2.000000 -104.000000
v 12.000000 -2.000000 -104.000000
v 22.000000 -2.000000 -104.000000
v 32.000000 -2.000000 -104.000000
v 42.000000 -2.000000 -104.000000
v 52.000000 -2.000000 -104.000000
v 62.000000 -2.000000 -104.000000
v 72.000000 -2.000000 -106.000000
v 2.000000 -2.000000 -106.000000
v 12.000000 -2.000000 -106.000000
v 22.000000 -2.000000 -106.000000
v 32.000000 -2.000000 -106.000000
v 42.000000 -2.000000 -106.000000
v 52.000000 -2.000000 -106.000000
v 62.000000 -2.000000 -106.000000
vt 0.000000 0.000000 0.000000
vt 2.000000 0.000000 0.000000
vt 0.000000 10.000000 0.000000
vt 2.000000 10.000000 0.000000
vt 0.000000 20.000000 0.000000
vt 2.000000 20.000000 0.000000
vt 0.000000 30.000000 0.000000
vt 2.000000 30.000000 0.000000
vt 0.000000 40.000000 0.000000
vt 2.000000 40.000000 0.000000
vt 0.000000 50.000000 0.000000
vt 2.000000 50.000000 0.000000
vt 0.000000 60.000000 0.000000
vt 2.000000 60.000000 0.000000
vt 0.000000 70.000000 0.000000
vt 2.000000 70.000000 0.000000
vt -0.000000 0.000000 0.000000
vt 2.000000 0.000000 0.000000
vt -0.000000 10.000000 0.000000
vt 2.000000 10.000000 0.000000
vt -0.000000 20.000000 0.000000
vt 2.000000 20.000000 0.000000
vt -0.000000 30.000000 0.000000
vt 2.000000 30.000000 0.000000
vt -0.000000 40.000000 0.000000
vt 2.000000 40.000000 0.000000
vt -0.000000 50.000000 0.000000
vt 2.000000 50.000000 0.000000
vt -0.000000 60.000000 0.000000
vt 2.000000 60.000000 0.000000
vt -0.000000 70.000000 0.000000
vt 2.000000 70.000000 0.000000
vt -0.000000 0.000000 0.000000
vt 2.000000 0.000000 0.000000
vt -0.000000 10.000000 0.000000
vt 2.000000 10.000000 0.000000
vt -0.000000 20.000000 0.000000
vt 2.000000 20.000000 0.000000
vt -0.000000 30.000000 0.000000
vt 2.000000 30.000000 0.000000
vt -0.000000 40.000000 0.000000
vt 2.000000 40.000000 0.000000
vt -0.000000 50.000000 0.000000
vt 2.000000 50.000000 0.000000
vt -0.000000 60.000000 0.000000
vt 2.000000 60.000000 0.000000
vt -0.000000 70.000000 0.000000
vt 2.000000 70.000000 0.000000
vt 0.000000 0.000000 0.000000
vt 2.000000 0.000000 0.000000
vt 0.000000 10.000000 0.000000
vt 2.000000 10.000000 0.000000
vt 0.000000 20.000000 0.000000
vt 2.000000 20.000000 0.000000
vt 0.000000 30.000000 0.000000
vt 2.000000 30.000000 0.000000
vt 0.000000 40.000000 0.000000
vt 2.000000 40.000000 0.000000
vt 0.000000 50.000000 0.000000
vt 2.000000 50.000000 0.000000
vt 0.000000 60.000000 0.000000
vt 2.000000 60.000000 0.000000
vt 0.000000 70.000000 0.000000
vt 2.000000 70.000000 0.000000
vt 1.000000 1.000000 0.000000
vt -1.000000 1.000000 0.000000
vt 1.000000 -1.000000 0.000000
vt -1.000000 -1.000000 0.000000
vt -1.000000 -1.000000 0.000000
vt 1.000000 -1.000000 0.000000
vt -1.000000 1.000000 0.000000
vt 1.000000 1.000000 0.000000
vn -0.000000 1.000000 -0.000000
vn -0.000000 1.000000 -0.000000
vn -0.000000 1.000000 -0.000000
vn -0.000000 1.000000 -0.000000
vn -0.000000 1.000000 -0.000000
vn -0.000000 1.000000 -0.000000
vn -0.000000 1.000000 -0.000000
vn -0.000000 1.000000 -0.000000
vn -0.000000 1.000000 -0.000000
vn -0.000000 1.000000 -0.000000
vn -0.000000 1.000000 -0.000000
vn -0.000000 1.000000 -0.000000
vn -0.000000 1.000000 -0.000000
vn -0.000000 1.000000 -0.000000
vn -0.000000 1.000000 -0.000000
vn -0.000000 1.000000 -0.000000
vn 0.000000 0.000000 1.000000
vn 0.000000 0.000000 1.000000
vn 0.000000 0.000000 1.000000
vn 0.000000 0.000000 1.000000
vn 0.000000 0.000000 1.000000
vn 0.000000 0.000000 1.000000
vn 0.000000 0.000000 1.000000
vn 0.000000 0.000000 1.000000
vn 0.000000 0.000000 1.000000
vn 0.000000 0.000000 1.000000
vn 0.000000 0.000000 1.000000
vn 0.000000 0.000000 1.000000
vn 0.000000 0.000000 1.000000
vn 0.000000 0.000000 1.000000
vn 0.000000 0.000000 1.000000
vn 0.000000 0.000000 1.000000
vn 0.000000 -1.000000 0.000000
vn 0.000000 -1.000000 0.000000
vn 0.000000 -1.000000 0.000000
vn 0.000000 -1.000000 0.000000
vn 0.000000 -1.000000 0.000000
vn 0.000000 -1.000000 0.000000
vn 0.000000 -1.000000 0.000000
vn 0.000000 -1.000000 0.000000
vn 0.000000 -1.000000 0.000000
vn 0.000000 -1.000000 0.000000
vn 0.000000 -1.000000 0.000000
vn 0.000000 -1.000000 0.000000
vn 0.000000 -1.000000 0.000000
vn 0.000000 -1.000000 0.000000
vn 0.000000 -1.000000 0.000000
vn 0.000000 -1.000000 0.000000
vn -0.000000 -0.000000 -1.000000
vn -0.000000 -0.000000 -1.000000
vn -0.000000 -0.000000 -1.000000
vn -0.000000 -0.000000 -1.000000
vn -0.000000 -0.000000 -1.000000
vn -0.000000 -0.000000 -1.000000
vn -0.000000 -0.000000 -1.000000
vn -0.000000 -0.000000 -1.000000
vn -0.000000 -0.000000 -1.000000
vn -0.000000 -0.000000 -1.000000
vn -0.000000 -0.000000 -1.000000
vn -0.000000 -0.000000 -1.000000
vn -0.000000 -0.000000 -1.000000
vn -0.000000 -0.000000 -1.000000
vn -0.000000 -0.000000 -1.000000
vn -0.000000 -0.000000 -1.000000
vn -1.000000 -0.000000 0.000000
vn -1.000000 -0.000000 0.000000
vn -1.000000 -0.000000 0.000000
vn -1.000000 -0.000000 0.000000
vn 1.000000 0.000000 -0.000000
vn 1.000000 0.000000 -0.000000
vn 1.000000 0.000000 -0.000000
vn 1.000000 0.000000 -0.000000
f 585/1165/1165 586/1166/1166 600/1167/1167
f 600/1167/1167 586/1166/1166 587/1168/1168
f 600/1167/1167 587/1168/1168 599/1169/1169
f 599/1169/1169 587/1168/1168 588/1170/1170
f 599/1169/1169 588/1170/1170 598/1171/1171
f 598/1171/1171 588/1170/1170 589/1172/1172
f 598/1171/1171 589/1172/1172 597/1173/1173
f 597/1173/1173 589/1172/1172 590/1174/1174
f 597/1173/1173 590/1174/1174 596/1175/1175
f 596/1175/1175 590/1174/1174 591/1176/1176
f 596/1175/1175 591/1176/1176 595/1177/1177
f 595/1177/1177 591/1176/1176 592/1178/1178
f 595/1177/1177 592/1178/1178 594/1179/1179
f 594/1179/1179 592/1178/1178 593/1180/1180
f 601/1181/1181 585/1182/1182 608/1183/1183
f 608/1183/1183 585/1182/1182 600/1184/1184
f 608/1183/1183 600/1184/1184 607/1185/1185
f 607/1185/1185 600/1184/1184 599/1186/1186
f 607/1185/1185 599/1186/1186 606/1187/1187
f 606/1187/1187 599/1186/1186 598/1188/1188
f 606/1187/1187 598/1188/1188 605/1189/1189
f 605/1189/1189 598/1188/1188 597/1190/1190
f 605/1189/1189 597/1190/1190 604/1191/1191
f 604/1191/1191 597/1190/1190 596/1192/1192
f 604/1191/1191 596/1192/1192 603/1193/1193
f 603/1193/1193 596/1192/1192 595/1194/1194
f 603/1193/1193 595/1194/1194 602/1195/1195
f 602/1195/1195 595/1194/1194 594/1196/1196
f 609/1197/1197 601/1198/1198 616/1199/1199
f 616/1199/1199 601/1198/1198 608/1200/1200
f 616/1199/1199 608/1200/1200 615/1201/1201
f 615/1201/1201 608/1200/1200 607/1202/1202
f 615/1201/1201 607/1202/1202 614/1203/1203
f 614/1203/1203 607/1202/1202 606/1204/1204
f 614/1203/1203 606/1204/1204 613/1205/1205
f 613/1205/1205 606/1204/1204 605/1206/1206
f 613/1205/1205 605/1206/1206 612/1207/1207
f 612/1207/1207 605/1206/1206 604/1208/1208
f 612/1207/1207 604/1208/1208 611/1209/1209
f 611/1209/1209 604/1208/1208 603/1210/1210
f 611/1209/1209 603/1210/1210 610/1211/1211
f 610/1211/1211 603/1210/1210 602/1212/1212
f 586/1213/1213 609/1214/1214 587/1215/1215
f 587/1215/1215 609/1214/1214 616/1216/1216
f 587/1215/1215 616/1216/1216 588/1217/1217
f 588/1217/1217 616/1216/1216 615/1218/1218
f 588/1217/1217 615/1218/1218 589/1219/1219
f 589/1219/1219 615/1218/1218 614/1220/1220
f 589/1219/1219 614/1220/1220 590/1221/1221
f 590/1221/1221 614/1220/1220 613/1222/1222
f 590/1221/1221 613/1222/1222 591/1223/1223
f 591/1223/1223 613/1222/1222 612/1224/1224
f 591/1223/1223 612/1224/1224 592/1225/1225
f 592/1225/1225 612/1224/1224 611/1226/1226
f 592/1225/1225 611/1226/1226 593/1227/1227
f 593/1227/1227 611/1226/1226 610/1228/1228
f 610/1229/1229 602/1230/1230 593/1231/1231
f 593/1231/1231 602/1230/1230 594/1232/1232
f 609/1233/1233 586/1234/1234 601/1235/1235
f 601/1235/1235 586/1234/1234 585/1236/1236
g Body1:13

v 74.000000 0.000000 -54.000000
v 74.000000 -2.000000 -54.000000
v 74.000000 -2.000000 -64.000000
v 74.000000 -2.000000 -74.000000
v 74.000000 -2.000000 -84.000000
v 74.000000 -2.000000 -94.000000
v 74.000000 -2.000000 -104.000000
v 74.000000 0.000000 -104.000000
v 74.000000 0.000000 -94.000000
v 74.000000 0.000000 -84.000000
v 74.000000 0.000000 -74.000000
v 74.000000 0.000000 -64.000000
v 72.000000 0.000000 -54.000000
v 72.000000 0.000000 -104.000000
v 72.000000 0.000000 -94.000000
v 72.000000 0.000000 -84.000000
v 72.000000 0.000000 -74.000000
v 72.000000 0.000000 -64.000000
v 72.000000 -2.000000 -54.000000
v 72.000000 -2.000000 -104.000000
v 72.000000 -2.000000 -94.000000
v 72.000000 -2.000000 -84.000000
v 72.000000 -2.000000 -74.000000
v 72.000000 -2.000000 -64.000000
vt 0.000000 0.000000 0.000000
vt 2.000000 0.000000 0.000000
vt 0.000000 10.000000 0.000000
vt 2.000000 10.000000 0.000000
vt 0.000000 20.000000 0.000000
vt 2.000000 20.000000 0.000000
vt 0.000000 30.000000 0.000000
vt 2.000000 30.000000 0.000000
vt 0.000000 40.000000 0.000000
vt 2.000000 40.000000 0.000000
vt 0.000000 50.000000 0.000000
vt 2.000000 50.000000 0.000000
vt -0.000000 0.000000 0.000000
vt 2.000000 0.000000 0.000000
vt -0.000000 10.000000 0.000000
vt 2.000000 10.000000 0.000000
vt -0.000000 20.000000 0.000000
vt 2.000000 20.000000 0.000000
vt -0.000000 30.000000 0.000000
vt 2.000000 30.000000 0.000000
vt -0.000000 40.000000 0.000000
vt 2.000000 40.000000 0.000000
vt -0.000000 50.000000 0.000000
vt 2.000000 50.000000 0.000000
vt -0.000000 0.000000 0.000000
vt 2.000000 0.000000 0.000000
vt -0.000000 10.000000 0.000000
vt 2.000000 10.000000 0.000000
vt -0.000000 20.000000 0.000000
vt 2.000000 20.000000 0.000000
vt -0.000000 30.000000 0.000000
vt 2.000000 30.000000 0.000000
vt -0.000000 40.000000 0.000000
vt 2.000000 40.000000 0.000000
vt -0.000000 50.000000 0.000000
vt 2.000000 50.000000 0.000000
vt 0.000000 0.000000 0.000000
vt 2.000000 0.000000 0.000000
vt 0.000000 10.000000 0.000000
vt 2.000000 10.000000 0.000000
vt 0.000000 20.000000 0.000000
vt 2.000000 20.000000 0.000000
vt 0.000000 30.000000 0.000000
vt 2.000000 30.000000 0.000000
vt 0.000000 40.000000 0.000000
vt 2.000000 40.000000 0.000000
vt 0.000000 50.000000 0.000000
vt 2.000000 50.000000 0.000000
vt 1.000000 1.000000 0.000000
vt -1.000000 1.000000 0.000000
vt 1.000000 -1.000000 0.000000
vt -1.000000 -1.000000 0.000000
vt -1.000000 -1.000000 0.000000
vt 1.000000 -1.000000 0.000000
vt -1.000000 1.000000 0.000000
vt 1.000000 1.000000 0.000000
vn 1.000000 -0.000000 -0.000000
vn 1.000000 -0.000000 -0.000000
vn 1.000000 -0.000000 -0.000000
vn 1.000000 -0.000000 -0.000000
vn 1.000000 -0.000000 -0.000000
vn 1.000000 -0.000000 -0.000000
vn 1.000000 -0.000000 -0.000000
vn 1.000000 -0.000000 -0.000000
vn 1.000000 -0.000000 -0.000000
vn 1.000000 -0.000000 -0.000000
vn 1.000000 -0.000000 -0.000000
vn 1.000000 -0.000000 -0.000000
vn 0.000000 1.000000 -0.000000
vn 0.000000 1.000000 -0.000000
vn 0.000000 1.000000 -0.000000
vn 0.000000 1.000000 -0.000000
vn 0.000000 1.000000 -0.000000
vn 0.000000 1.000000 -0.000000
vn 0.000000 1.000000 -0.000000
vn 0.000000 1.000000 -0.000000
vn 0.000000 1.000000 -0.000000
vn 0.000000 1.000000 -0.000000
vn 0.000000 1.000000 -0.000000
vn 0.000000 1.000000 -0.000000
vn -1.000000 0.000000 0.000000
vn -1.000000 0.000000 0.000000
vn -1.000000 0.000000 0.000000
vn -1.000000 0.000000 0.000000
vn -1.000000 0.000000 0.000000
vn -1.000000 0.000000 0.000000
vn -1.000000 0.000000 0.000000
vn -1.000000 0.000000 0.000000
vn -1.000000 0.000000 0.000000
vn -1.000000 0.000000 0.000000
vn -1.000000 0.000000 0.000000
vn -1.000000 0.000000 0.000000
vn -0.000000 -1.000000 0.000000
vn -0.000000 -1.000000 0.000000
vn -0.000000 -1.000000 0.000000
vn -0.000000 -1.000000 0.000000
vn -0.000000 -1.000000 0.000000
vn -0.000000 -1.000000 0.000000
vn -0.000000 -1.000000 0.000000
vn -0.000000 -1.000000 0.000000
vn -0.000000 -1.000000 0.000000
vn -0.000000 -1.000000 0.000000
vn -0.000000 -1.000000 0.000000
vn -0.000000 -1.000000 0.000000
vn -0.000000 -0.000000 -1.000000
vn -0.000000 -0.000000 -1.000000
vn -0.000000 -0.000000 -1.000000
vn -0.000000 -0.000000 -1.000000
vn 0.000000 0.000000 1.000000
vn 0.000000 0.000000 1.000000
vn 0.000000 0.000000 1.000000
vn 0.000000 0.000000 1.000000
f 617/1237/1237 618/1238/1238 628/1239/1239
f 628/1239/1239 618/1238/1238 619/1240/1240
f 628/1239/1239 619/1240/1240 627/1241/1241
f 627/1241/1241 619/1240/1240 620/1242/1242
f 627/1241/1241 620/1242/1242 626/1243/1243
f 626/1243/1243 620/1242/1242 621/1244/1244
f 626/1243/1243 621/1244/1244 625/1245/1245
f 625/1245/1245 621/1244/1244 622/1246/1246
f 625/1245/1245 622/1246/1246 624/1247/1247
f 624/1247/1247 622/1246/1246 623/1248/1248
f 629/1249/1249 617/1250/1250 634/1251/1251
f 634/1251/1251 617/1250/1250 628/1252/1252
f 634/1251/1251 628/1252/1252 633/1253/1253
f 633/1253/1253 628/1252/1252 627/1254/1254
f 633/1253/1253 627/1254/1254 632/1255/1255
f 632/1255/1255 627/1254/1254 626/1256/1256
f 632/1255/1255 626/1256/1256 631/1257/1257
f 631/1257/1257 626/1256/1256 625/1258/1258
f 631/1257/1257 625/1258/1258 630/1259/1259
f 630/1259/1259 625/1258/1258 624/1260/1260
f 635/1261/1261 629/1262/1262 640/1263/1263
f 640/1263/1263 629/1262/1262 634/1264/1264
f 640/1263/1263 634/1264/1264 639/1265/1265
f 639/1265/1265 634/1264/1264 633/1266/1266
f 639/1265/1265 633/1266/1266 638/1267/1267
f 638/1267/1267 633/1266/1266 632/1268/1268
f 638/1267/1267 632/1268/1268 637/1269/1269
f 637/1269/1269 632/1268/1268 631/1270/1270
f 637/1269/1269 631/1270/1270 636/1271/1271
f 636/1271/1271 631/1270/1270 630/1272/1272
f 618/1273/1273 635/1274/1274 619/1275/1275
f 619/1275/1275 635/1274/1274 640/1276/1276
f 619/1275/1275 640/1276/1276 620/1277/1277
f 620/1277/1277 640/1276/1276 639/1278/1278
f 620/1277/1277 639/1278/1278 621/1279/1279
f 621/1279/1279 639/1278/1278 638/1280/1280
f 621/1279/1279 638/1280/1280 622/1281/1281
f 622/1281/1281 638/1280/1280 637/1282/1282
f 622/1281/1281 637/1282/1282 623/1283/1283
f 623/1283/1283 637/1282/1282 636/1284/1284
f 636/1285/1285 630/1286/1286 623/1287/1287
f 623/1287/1287 630/1286/1286 624/1288/1288
f 635/1289/1289 618/1290/1290 629/1291/1291
f 629/1291/1291 618/1290/1290 617/1292/1292
g Body1:14

v 2.000000 0.000000 -104.000000
v 2.000000 0.000000 -106.000000
v 2.000000 10.909091 -106.000000
v 2.000000 21.818182 -106.000000
v 2.000000 32.727273 -106.000000
v 2.000000 43.636364 -106.000000
v 2.000000 54.545455 -106.000000
v 2.000000 65.454545 -106.000000
v 2.000000 76.363636 -106.000000
v 2.000000 87.272727 -106.000000
v 2.000000 98.181818 -106.000000
v 2.000000 109.090909 -106.000000
v 2.000000 120.000000 -106.000000
v 2.000000 120.000000 -104.000000
v 2.000000 109.090909 -104.000000
v 2.000000 98.181818 -104.000000
v 2.000000 87.272727 -104.000000
v 2.000000 76.363636 -104.000000
v 2.000000 65.454545 -104.000000
v 2.000000 54.545455 -104.000000
v 2.000000 43.636364 -104.000000
v 2.000000 32.727273 -104.000000
v 2.000000 21.818182 -104.000000
v 2.000000 10.909091 -104.000000
v -0.000000 0.000000 -104.000000
v -0.000000 120.000000 -104.000000
v -0.000000 109.090909 -104.000000
v -0.000000 98.181818 -104.000000
v -0.000000 87.272727 -104.000000
v -0.000000 76.363636 -104.000000
v -0.000000 65.454545 -104.000000
v -0.000000 54.545455 -104.000000
v -0.000000 43.636364 -104.000000
v -0.000000 32.727273 -104.000000
v -0.000000 21.818182 -104.000000
v -0.000000 10.909091 -104.000000
v -0.000000 0.000000 -106.000000
v -0.000000 120.000000 -106.000000
v -0.000000 109.090909 -106.000000
v -0.000000 98.181818 -106.000000
v -0.000000 87.272727 -106.000000
v -0.000000 76.363636 -106.000000
v -0.000000 65.454545 -106.000000
v -0.000000 54.545455 -106.000000
v -0.000000 43.636364 -106.000000
v -0.000000 32.727273 -106.000000
v -0.000000 21.818182 -106.000000
v -0.000000 10.909091 -106.000000
vt 0.000000 0.000000 0.000000
vt 2.000000 0.000000 0.000000
vt 0.000000 10.909091 0.000000
vt 2.000000 10.909091 0.000000
vt 0.000000 21.818182 0.000000
vt 2.000000 21.818182 0.000000
vt 0.000000 32.727273 0.000000
vt 2.000000 32.727273 0.000000
vt 0.000000 43.636364 0.000000
vt 2.000000 43.636364 0.000000
vt 0.000000 54.545455 0.000000
vt 2.000000 54.545455 0.000000
vt 0.000000 65.454545 0.000000
vt 2.000000 65.454545 0.000000
vt 0.000000 76.363636 0.000000
vt 2.000000 76.363636 0.000000
vt 0.000000 87.272727 0.000000
vt 2.000000 87.272727 0.000000
vt 0.000000 98.181818 0.000000
vt 2.000000 98.181818 0.000000
vt 0.000000 109.090909 0.000000
vt 2.000000 109.090909 0.000000
vt 0.000000 120.000000 0.000000
vt 2.000000 120.000000 0.000000
vt -0.000000 0.000000 0.000000
vt 2.000000 0.000000 0.000000
vt -0.000000 10.909091 0.000000
vt 2.000000 10.909091 0.000000
vt -0.000000 21.818182 0.000000
vt 2.000000 21.818182 0.000000
vt -0.000000 32.727273 0.000000
vt 2.000000 32.727273 0.000000
vt -0.000000 43.636364 0.000000
vt 2.000000 43.636364 0.000000
vt -0.000000 54.545455 0.000000
vt 2.000000 54.545455 0.000000
vt -0.000000 65.454545 0.000000
vt 2.000000 65.454545 0.000000
vt -0.000000 76.363636 0.000000
vt 2.000000 76.363636 0.000000
vt -0.000000 87.272727 0.000000
vt 2.000000 87.272727 0.000000
vt -0.000000 98.181818 0.000000
vt 2.000000 98.181818 0.000000
vt -0.000000 109.090909 0.000000
vt 2.000000 109.090909 0.000000
vt -0.000000 120.000000 0.000000
vt 2.000000 120.000000 0.000000
vt -0.000000 0.000000 0.000000
vt 2.000000 0.000000 0.000000
vt -0.000000 10.909091 0.000000
vt 2.000000 10.909091 0.000000
vt -0.000000 21.818182 0.000000
vt 2.000000 21.818182 0.000000
vt -0.000000 32.727273 0.000000
vt 2.000000 32.727273 0.000000
vt -0.000000 43.636364 0.000000
vt 2.000000 43.636364 0.000000
vt -0.000000 54.545455 0.000000
vt 2.000000 54.545455 0.000000
vt -0.000000 65.454545 0.000000
vt 2.000000 65.454545 0.000000
vt -0.000000 76.363636 0.000000
vt 2.000000 76.363636 0.000000
vt -0.000000 87.272727 0.000000
vt 2.000000 87.272727 0.000000
vt -0.000000 98.181818 0.000000
vt 2.000000 98.181818 0.000000
vt -0.000000 109.090909 0.000000
vt 2.000000 109.090909 0.000000
vt -0.000000 120.000000 0.000000
vt 2.000000 120.000000 0.000000
vt -0.000000 0.000000 0.000000
vt 2.000000 0.000000 0.000000
vt -0.000000 10.909091 0.000000
vt 2.000000 10.909091 0.000000
vt -0.000000 21.818182 0.000000
vt 2.000000 21.818182 0.000000
vt -0.000000 32.727273 0.000000
vt 2.000000 32.727273 0.000000
vt -0.000000 43.636364 0.000000
vt 2.000000 43.636364 0.000000
vt -0.000000 54.545455 0.000000
vt 2.000000 54.545455 0.000000
vt -0.000000 65.454545 0.000000
vt 2.000000 65.454545 0.000000
vt -0.000000 76.363636 0.000000
vt 2.000000 76.363636 0.000000
vt -0.000000 87.272727 0.000000
vt 2.000000 87.272727 0.000000
vt -0.000000 98.181818 0.000000
vt 2.000000 98.181818 0.000000
vt -0.000000 109.090909 0.000000
vt 2.000000 109.090909 0.000000
vt 0.000000 120.000000 0.000000
vt 2.000000 120.000000 0.000000
vt 1.000000 1.000000 0.000000
vt -1.000000 1.000000 0.000000
vt 1.000000 -1.000000 0.000000
vt -1.000000 -1.000000 0.000000
vt -1.000000 -1.000000 0.000000
vt 1.000000 -1.000000 0.000000
vt -1.000000 1.000000 0.000000
vt 1.000000 1.000000 0.000000
vn 1.000000 0.000000 0.000000
vn 1.000000 0.000000 0.000000
vn 1.000000 0.000000 0.000000
vn 1.000000 0.000000 0.000000
vn 1.000000 0.000000 0.000000
vn 1.000000 0.000000 0.000000
vn 1.000000 0.000000 0.000000
vn 1.000000 0.000000 0.000000
vn 1.000000 0.000000 0.000000
vn 1.000000 0.000000 0.000000
vn 1.000000 0.000000 0.000000
vn 1.000000 0.000000 0.000000
vn 1.000000 0.000000 0.000000
vn 1.000000 0.000000 0.000000
vn 1.000000 0.000000 0.000000
vn 1.000000 0.000000 0.000000
vn 1.000000 0.000000 0.000000
vn 1.000000 0.000000 0.000000
vn 1.000000 0.000000 0.000000
vn 1.000000 0.000000 0.000000
vn 1.000000 0.000000 0.000000
vn 1.000000 0.000000 0.000000
vn 1.000000 0.000000 0.000000
vn 1.000000 0.000000 0.000000
vn -0.000000 0.000000 1.000000
vn -0.000000 0.000000 1.000000
vn -0.000000 0.000000 1.000000
vn -0.000000 0.000000 1.000000
vn -0.000000 0.000000 1.000000
vn -0.000000 0.000000 1.000000
vn -0.000000 0.000000 1.000000
vn -0.000000 0.000000 1.000000
vn -0.000000 0.000000 1.000000
vn -0.000000 0.000000 1.000000
vn -0.000000 0.000000 1.000000
vn -0.000000 0.000000 1.000000
vn -0.000000 0.000000 1.000000
vn -0.000000 0.000000 1.000000
vn -0.000000 0.000000 1.000000
vn -0.000000 0.000000 1.000000
vn -0.000000 0.000000 1.000000
vn -0.000000 0.000000 1.000000
vn -0.000000 0.000000 1.000000
vn -0.000000 0.000000 1.000000
vn -0.000000 0.000000 1.000000
vn -0.000000 0.000000 1.000000
vn -0.000000 0.000000 1.000000
vn -0.000000 0.000000 1.000000
vn -1.000000 -0.000000 -0.000000
vn -1.000000 -0.000000 -0.000000
vn -1.000000 -0.000000 -0.000000
vn -1.000000 -0.000000 -0.000000
vn -1.000000 -0.000000 -0.000000
vn -1.000000 -0.000000 -0.000000
vn -1.000000 -0.000000 -0.000000
vn -1.000000 -0.000000 -0.000000
vn -1.000000 -0.000000 -0.000000
vn -1.000000 -0.000000 -0.000000
vn -1.000000 -0.000000 -0.000000
vn -1.000000 -0.000000 -0.000000
vn -1.000000 -0.000000 -0.000000
vn -1.000000 -0.000000 -0.000000
vn -1.000000 -0.000000 -0.000000
vn -1.000000 -0.000000 -0.000000
vn -1.000000 -0.000000 -0.000000
vn -1.000000 -0.000000 -0.000000
vn -1.000000 -0.000000 -0.000000
vn -1.000000 -0.000000 -0.000000
vn -1.000000 -0.000000 -0.000000
vn -1.000000 -0.000000 -0.000000
vn -1.000000 -0.000000 -0.000000
vn -1.000000 -0.000000 -0.000000
vn 0.000000 -0.000000 -1.000000
vn 0.000000 -0.000000 -1.000000
vn 0.000000 -0.000000 -1.000000
vn 0.000000 -0.000000 -1.000000
vn 0.000000 -0.000000 -1.000000
vn 0.000000 -0.000000 -1.000000
vn 0.000000 -0.000000 -1.000000
vn 0.000000 -0.000000 -1.000000
vn 0.000000 -0.000000 -1.000000
vn 0.000000 -0.000000 -1.000000
vn 0.000000 -0.000000 -1.000000
vn 0.000000 -0.000000 -1.000000
vn 0.000000 -0.000000 -1.000000
vn 0.000000 -0.000000 -1.000000
vn 0.000000 -0.000000 -1.000000
vn 0.000000 -0.000000 -1.000000
vn 0.000000 -0.000000 -1.000000
vn 0.000000 -0.000000 -1.000000
vn 0.000000 -0.000000 -1.000000
vn 0.000000 -0.000000 -1.000000
vn 0.000000 -0.000000 -1.000000
vn 0.000000 -0.000000 -1.000000
vn 0.000000 -0.000000 -1.000000
vn 0.000000 -0.000000 -1.000000
vn -0.000000 1.000000 0.000000
vn -0.000000 1.000000 0.000000
vn -0.000000 1.000000 0.000000
vn -0.000000 1.000000 0.000000
vn 0.000000 -1.000000 -0.000000
vn 0.000000 -1.000000 -0.000000
vn 0.000000 -1.000000 -0.000000
vn 0.000000 -1.000000 -0.000000
f 641/1293/1293 642/1294/1294 664/1295/1295
f 664/1295/1295 642/1294/1294 643/1296/1296
f 664/1295/1295 643/1296/1296 663/1297/1297
f 663/1297/1297 643/1296/1296 644/1298/1298
f 663/1297/1297 644/1298/1298 662/1299/1299
f 662/1299/1299 644/1298/1298 645/1300/1300
f 662/1299/1299 645/1300/1300 661/1301/1301
f 661/1301/1301 645/1300/1300 646/1302/1302
f 661/1301/1301 646/1302/1302 660/1303/1303
f 660/1303/1303 646/1302/1302 647/1304/1304
f 660/1303/1303 647/1304/1304 659/1305/1305
f 659/1305/1305 647/1304/1304 648/1306/1306
f 659/1305/1305 648/1306/1306 658/1307/1307
f 658/1307/1307 648/1306/1306 649/1308/1308
f 658/1307/1307 649/1308/1308 657/1309/1309
f 657/1309/1309 649/1308/1308 650/1310/1310
f 657/1309/1309 650/1310/1310 656/1311/1311
f 656/1311/1311 650/1310/1310 651/1312/1312
f 656/1311/1311 651/1312/1312 655/1313/1313
f 655/1313/1313 651/1312/1312 652/1314/1314
f 655/1313/1313 652/1314/1314 654/1315/1315
f 654/1315/1315 652/1314/1314 653/1316/1316
f 665/1317/1317 641/1318/1318 676/1319/1319
f 676/1319/1319 641/1318/1318 664/1320/1320
f 676/1319/1319 664/1320/1320 675/1321/1321
f 675/1321/1321 664/1320/1320 663/1322/1322
f 675/1321/1321 663/1322/1322 674/1323/1323
f 674/1323/1323 663/1322/1322 662/1324/1324
f 674/1323/1323 662/1324/1324 673/1325/1325
f 673/1325/1325 662/1324/1324 661/1326/1326
f 673/1325/1325 661/1326/1326 672/1327/1327
f 672/1327/1327 661/1326/1326 660/1328/1328
f 672/1327/1327 660/1328/1328 671/1329/1329
f 671/1329/1329 660/1328/1328 659/1330/1330
f 671/1329/1329 659/1330/1330 670/1331/1331
f 670/1331/1331 659/1330/1330 658/1332/1332
f 670/1331/1331 658/1332/1332 669/1333/1333
f 669/1333/1333 658/1332/1332 657/1334/1334
f 669/1333/1333 657/1334/1334 668/1335/1335
f 668/1335/1335 657/1334/1334 656/1336/1336
f 668/1335/1335 656/1336/1336 667/1337/1337
f 667/1337/1337 656/1336/1336 655/1338/1338
f 667/1337/1337 655/1338/1338 666/1339/1339
f 666/1339/1339 655/1338/1338 654/1340/1340
f 677/1341/1341 665/1342/1342 688/1343/1343
f 688/1343/1343 665/1342/1342 676/1344/1344
f 688/1343/1343 676/1344/1344 687/1345/1345
f 687/1345/1345 676/1344/1344 675/1346/1346
f 687/1345/1345 675/1346/1346 686/1347/1347
f 686/1347/1347 675/1346/1346 674/1348/1348
f 686/1347/1347 674/1348/1348 685/1349/1349
f 685/1349/1349 674/1348/1348 673/1350/1350
f 685/1349/1349 673/1350/1350 684/1351/1351
f 684/1351/1351 673/1350/1350 672/1352/1352
f 684/1351/1351 672/1352/1352 683/1353/1353
f 683/1353/1353 672/1352/1352 671/1354/1354
f 683/1353/1353 671/1354/1354 682/1355/1355
f 682/1355/1355 671/1354/1354 670/1356/1356
f 682/1355/1355 670/1356/1356 681/1357/1357
f 681/1357/1357 670/1356/1356 669/1358/1358
f 681/1357/1357 669/1358/1358 680/1359/1359
f 680/1359/1359 669/1358/1358 668/1360/1360
f 680/1359/1359 668/1360/1360 679/1361/1361
f 679/1361/1361 668/1360/1360 667/1362/1362
f 679/1361/1361 667/1362/1362 678/1363/1363
f 678/1363/1363 667/1362/1362 666/1364/1364
f 642/1365/1365 677/1366/1366 643/1367/1367
f 643/1367/1367 677/1366/1366 688/1368/1368
f 643/1367/1367 688/1368/1368 644/1369/1369
f 644/1369/1369 688/1368/1368 687/1370/1370
f 644/1369/1369 687/1370/1370 645/1371/1371
f 645/1371/1371 687/1370/1370 686/1372/1372
f 645/1371/1371 686/1372/1372 646/1373/1373
f 646/1373/1373 686/1372/1372 685/1374/1374
f 646/1373/1373 685/1374/1374 647/1375/1375
f 647/1375/1375 685/1374/1374 684/1376/1376
f 647/1375/1375 684/1376/1376 648/1377/1377
f 648/1377/1377 684/1376/1376 683/1378/1378
f 648/1377/1377 683/1378/1378 649/1379/1379
f 649/1379/1379 683/1378/1378 682/1380/1380
f 649/1379/1379 682/1380/1380 650/1381/1381
f 650/1381/1381 682/1380/1380 681/1382/1382
f 650/1381/1381 681/1382/1382 651/1383/1383
f 651/1383/1383 681/1382/1382 680/1384/1384
f 651/1383/1383 680/1384/1384 652/1385/1385
f 652/1385/1385 680/1384/1384 679/1386/1386
f 652/1385/1385 679/1386/1386 653/1387/1387
f 653/1387/1387 679/1386/1386 678/1388/1388
f 678/1389/1389 666/1390/1390 653/1391/1391
f 653/1391/1391 666/1390/1390 654/1392/1392
f 677/1393/1393 642/1394/1394 665/1395/1395
f 665/1395/1395 642/1394/1394 641/1396/1396
g Body1:15

v 72.000000 0.000000 -52.000000
v 72.000000 0.000000 -54.000000
v 62.000000 0.000000 -54.000000
v 52.000000 0.000000 -54.000000
v 42.000000 0.000000 -54.000000
v 32.000000 0.000000 -54.000000
v 22.000000 0.000000 -54.000000
v 12.000000 0.000000 -54.000000
v 2.000000 0.000000 -54.000000
v 2.000000 0.000000 -52.000000
v 12.000000 0.000000 -52.000000
v 22.000000 0.000000 -52.000000
v 32.000000 0.000000 -52.000000
v 42.000000 0.000000 -52.000000
v 52.000000 0.000000 -52.000000
v 62.000000 0.000000 -52.000000
v 72.000000 -2.000000 -52.000000
v 2.000000 -2.000000 -52.000000
v 12.000000 -2.000000 -52.000000
v 22.000000 -2.000000 -52.000000
v 32.000000 -2.000000 -52.000000
v 42.000000 -2.000000 -52.000000
v 52.000000 -2.000000 -52.000000
v 62.000000 -2.000000 -52.000000
v 72.000000 -2.000000 -54.000000
v 2.000000 -2.000000 -54.000000
v 12.000000 -2.000000 -54.000000
v 22.000000 -2.000000 -54.000000
v 32.000000 -2.000000 -54.000000
v 42.000000 -2.000000 -54.000000
v 52.000000 -2.000000 -54.000000
v 62.000000 -2.000000 -54.000000
vt 0.000000 0.000000 0.000000
vt 2.000000 0.000000 0.000000
vt 0.000000 10.000000 0.000000
vt 2.000000 10.000000 0.000000
vt 0.000000 20.000000 0.000000
vt 2.000000 20.000000 0.000000
vt 0.000000 30.000000 0.000000
vt 2.000000 30.000000 0.000000
vt 0.000000 40.000000 0.000000
vt 2.000000 40.000000 0.000000
vt 0.000000 50.000000 0.000000
vt 2.000000 50.000000 0.000000
vt 0.000000 60.000000 0.000000
vt 2.000000 60.000000 0.000000
vt 0.000000 70.000000 0.000000
vt 2.000000 70.000000 0.000000
vt -0.000000 0.000000 0.000000
vt 2.000000 0.000000 0.000000
vt -0.000000 10.000000 0.000000
vt 2.000000 10.000000 0.000000
vt -0.000000 20.000000 0.000000
vt 2.000000 20.000000 0.000000
vt -0.000000 30.000000 0.000000
vt 2.000000 30.000000 0.000000
vt -0.000000 40.000000 0.000000
vt 2.000000 40.000000 0.000000
vt -0.000000 50.000000 0.000000
vt 2.000000 50.000000 0.000000
vt -0.000000 60.000000 0.000000
vt 2.000000 60.000000 0.000000
vt -0.000000 70.000000 0.000000
vt 2.000000 70.000000 0.000000
vt -0.000000 0.000000 0.000000
vt 2.000000 0.000000 0.000000
vt -0.000000 10.000000 0.000000
vt 2.000000 10.000000 0.000000
vt -0.000000 20.000000 0.000000
vt 2.000000 20.000000 0.000000
vt -0.000000 30.000000 0.000000
vt 2.000000 30.000000 0.000000
vt -0.000000 40.000000 0.000000
vt 2.000000 40.000000 0.000000
vt -0.000000 50.000000 0.000000
vt 2.000000 50.000000 0.000000
vt -0.000000 60.000000 0.000000
vt 2.000000 60.000000 0.000000
vt -0.000000 70.000000 0.000000
vt 2.000000 70.000000 0.000000
vt 0.000000 0.000000 0.000000
vt 2.000000 0.000000 0.000000
vt 0.000000 10.000000 0.000000
vt 2.000000 10.000000 0.000000
vt 0.000000 20.000000 0.000000
vt 2.000000 20.000000 0.000000
vt 0.000000 30.000000 0.000000
vt 2.000000 30.000000 0.000000
vt 0.000000 40.000000 0.000000
vt 2.000000 40.000000 0.000000
vt 0.000000 50.000000 0.000000
vt 2.000000 50.000000 0.000000
vt 0.000000 60.000000 0.000000
vt 2.000000 60.000000 0.000000
vt 0.000000 70.000000 0.000000
vt 2.000000 70.000000 0.000000
vt 1.000000 1.000000 0.000000
vt -1.000000 1.000000 0.000000
vt 1.000000 -1.000000 0.000000
vt -1.000000 -1.000000 0.000000
vt -1.000000 -1.000000 0.000000
vt 1.000000 -1.000000 0.000000
vt -1.000000 1.000000 0.000000
vt 1.000000 1.000000 0.000000
vn 0.000000 1.000000 -0.000000
vn 0.000000 1.000000 -0.000000
vn 0.000000 1.000000 -0.000000
vn 0.000000 1.000000 -0.000000
vn 0.000000 1.000000 -0.000000
vn 0.000000 1.000000 -0.000000
vn 0.000000 1.000000 -0.000000
vn 0.000000 1.000000 -0.000000
vn 0.000000 1.000000 -0.000000
vn 0.000000 1.000000 -0.000000
vn 0.000000 1.000000 -0.000000
vn 0.000000 1.000000 -0.000000
vn 0.000000 1.000000 -0.000000
vn 0.000000 1.000000 -0.000000
vn 0.000000 1.000000 -0.000000
vn 0.000000 1.000000 -0.000000
vn 0.000000 0.000000 1.000000
vn 0.000000 0.000000 1.000000
vn 0.000000 0.000000 1.000000
vn 0.000000 0.000000 1.000000
vn 0.000000 0.000000 1.000000
vn 0.000000 0.000000 1.000000
vn 0.000000 0.000000 1.000000
vn 0.000000 0.000000 1.000000
vn 0.000000 0.000000 1.000000
vn 0.000000 0.000000 1.000000
vn 0.000000 0.000000 1.000000
vn 0.000000 0.000000 1.000000
vn 0.000000 0.000000 1.000000
vn 0.000000 0.000000 1.000000
vn 0.000000 0.000000 1.000000
vn 0.000000 0.000000 1.000000
vn -0.000000 -1.000000 0.000000
vn -0.000000 -1.000000 0.000000
vn -0.000000 -1.000000 0.000000
vn -0.000000 -1.000000 0.000000
vn -0.000000 -1.000000 0.000000
vn -0.000000 -1.000000 0.000000
vn -0.000000 -1.000000 0.000000
vn -0.000000 -1.000000 0.000000
vn -0.000000 -1.000000 0.000000
vn -0.000000 -1.000000 0.000000
vn -0.000000 -1.000000 0.000000
vn -0.000000 -1.000000 0.000000
vn -0.000000 -1.000000 0.000000
vn -0.000000 -1.000000 0.000000
vn -0.000000 -1.000000 0.000000
vn -0.000000 -1.000000 0.000000
vn -0.000000 -0.000000 -1.000000
vn -0.000000 -0.000000 -1.000000
vn -0.000000 -0.000000 -1.000000
vn -0.000000 -0.000000 -1.000000
vn -0.000000 -0.000000 -1.000000
vn -0.000000 -0.000000 -1.000000
vn -0.000000 -0.000000 -1.000000
vn -0.000000 -0.000000 -1.000000
vn -0.000000 -0.000000 -1.000000
vn -0.000000 -0.000000 -1.000000
vn -0.000000 -0.000000 -1.000000
vn -0.000000 -0.000000 -1.000000
vn -0.000000 -0.000000 -1.000000
vn -0.000000 -0.000000 -1.000000
vn -0.000000 -0.000000 -1.000000
vn -0.000000 -0.000000 -1.000000
vn -1.000000 0.000000 0.000000
vn -1.000000 0.000000 0.000000
vn -1.000000 0.000000 0.000000
vn -1.000000 0.000000 0.000000
vn 1.000000 -0.000000 -0.000000
vn 1.000000 -0.000000 -0.000000
vn 1.000000 -0.000000 -0.000000
vn 1.000000 -0.000000 -0.000000
f 689/1397/1397 690/1398/1398 704/1399/1399
f 704/1399/1399 690/1398/1398 691/1400/1400
f 704/1399/1399 691/1400/1400 703/1401/1401
f 703/1401/1401 691/1400/1400 692/1402/1402
f 703/1401/1401 692/1402/1402 702/1403/1403
f 702/1403/1403 692/1402/1402 693/1404/1404
f 702/1403/1403 693/1404/1404 701/1405/1405
f 701/1405/1405 693/1404/1404 694/1406/1406
f 701/1405/1405 694/1406/1406 700/1407/1407
f 700/1407/1407 694/1406/1406 695/1408/1408
f 700/1407/1407 695/1408/1408 699/1409/1409
f 699/1409/1409 695/1408/1408 696/1410/1410
f 699/1409/1409 696/1410/1410 698/1411/1411
f 698/1411/1411 696/1410/1410 697/1412/1412
f 705/1413/1413 689/1414/1414 712/1415/1415
f 712/1415/1415 689/1414/1414 704/1416/1416
f 712/1415/1415 704/1416/1416 711/1417/1417
f 711/1417/1417 704/1416/1416 703/1418/1418
f 711/1417/1417 703/1418/1418 710/1419/1419
f 710/1419/1419 703/1418/1418 702/1420/1420
f 710/1419/1419 702/1420/1420 709/1421/1421
f 709/1421/1421 702/1420/1420 701/1422/1422
f 709/1421/1421 701/1422/1422 708/1423/1423
f 708/1423/1423 701/1422/1422 700/1424/1424
f 708/1423/1423 700/1424/1424 707/1425/1425
f 707/1425/1425 700/1424/1424 699/1426/1426
f 707/1425/1425 699/1426/1426 706/1427/1427
f 706/1427/1427 699/1426/1426 698/1428/1428
f 713/1429/1429 705/1430/1430 720/1431/1431
f 720/1431/1431 705/1430/1430 712/1432/1432
f 720/1431/1431 712/1432/1432 719/1433/1433
f 719/1433/1433 712/1432/1432 711/1434/1434
f 719/1433/1433 711/1434/1434 718/1435/1435
f 718/1435/1435 711/1434/1434 710/1436/1436
f 718/1435/1435 710/1436/1436 717/1437/1437
f 717/1437/1437 710/1436/1436 709/1438/1438
f 717/1437/1437 709/1438/1438 716/1439/1439
f 716/1439/1439 709/1438/1438 708/1440/1440
f 716/1439/1439 708/1440/1440 715/1441/1441
f 715/1441/1441 708/1440/1440 707/1442/1442
f 715/1441/1441 707/1442/1442 714/1443/1443
f 714/1443/1443 707/1442/1442 706/1444/1444
f 690/1445/1445 713/1446/1446 691/1447/1447
f 691/1447/1447 713/1446/1446 720/1448/1448
f 691/1447/1447 720/1448/1448 692/1449/1449
f 692/1449/1449 720/1448/1448 719/1450/1450
f 692/1449/1449 719/1450/1450 693/1451/1451
f 693/1451/1451 719/1450/1450 718/1452/1452
f 693/1451/1451 718/1452/1452 694/1453/1453
f 694/1453/1453 718/1452/1452 717/1454/1454
f 694/1453/1453 717/1454/1454 695/1455/1455
f 695/1455/1455 717/1454/1454 716/1456/1456
f 695/1455/1455 716/1456/1456 696/1457/1457
f 696/1457/1457 716/1456/1456 715/1458/1458
f 696/1457/1457 715/1458/1458 697/1459/1459
f 697/1459/1459 715/1458/1458 714/1460/1460
f 714/1461/1461 706/1462/1462 697/1463/1463
f 697/1463/1463 706/1462/1462 698/1464/1464
f 713/1465/1465 690/1466/1466 705/1467/1467
f 705/1467/1467 690/1466/1466 689/1468/1468
g Body1:16

v 2.000000 0.000000 -54.000000
v 2.000000 -2.000000 -54.000000
v 2.000000 -2.000000 -64.000000
v 2.000000 -2.000000 -74.000000
v 2.000000 -2.000000 -84.000000
v 2.000000 -2.000000 -94.000000
v 2.000000 -2.000000 -104.000000
v 2.000000 0.000000 -104.000000
v 2.000000 0.000000 -94.000000
v 2.000000 0.000000 -84.000000
v 2.000000 0.000000 -74.000000
v 2.000000 0.000000 -64.000000
v -0.000000 0.000000 -54.000000
v -0.000000 0.000000 -104.000000
v -0.000000 0.000000 -94.000000
v -0.000000 0.000000 -84.000000
v -0.000000 0.000000 -74.000000
v -0.000000 0.000000 -64.000000
v -0.000000 -2.000000 -54.000000
v -0.000000 -2.000000 -104.000000
v -0.000000 -2.000000 -94.000000
v -0.000000 -2.000000 -84.000000
v -0.000000 -2.000000 -74.000000
v -0.000000 -2.000000 -64.000000
vt 0.000000 0.000000 0.000000
vt 2.000000 0.000000 0.000000
vt 0.000000 10.000000 0.000000
vt 2.000000 10.000000 0.000000
vt 0.000000 20.000000 0.000000
vt 2.000000 20.000000 0.000000
vt 0.000000 30.000000 0.000000
vt 2.000000 30.000000 0.000000
vt 0.000000 40.000000 0.000000
vt 2.000000 40.000000 0.000000
vt 0.000000 50.000000 0.000000
vt 2.000000 50.000000 0.000000
vt -0.000000 0.000000 0.000000
vt 2.000000 0.000000 0.000000
vt -0.000000 10.000000 0.000000
vt 2.000000 10.000000 0.000000
vt -0.000000 20.000000 0.000000
vt 2.000000 20.000000 0.000000
vt -0.000000 30.000000 0.000000
vt 2.000000 30.000000 0.000000
vt -0.000000 40.000000 0.000000
vt 2.000000 40.000000 0.000000
vt -0.000000 50.000000 0.000000
vt 2.000000 50.000000 0.000000
vt -0.000000 0.000000 0.000000
vt 2.000000 0.000000 0.000000
vt -0.000000 10.000000 0.000000
vt 2.000000 10.000000 0.000000
vt -0.000000 20.000000 0.000000
vt 2.000000 20.000000 0.000000
vt -0.000000 30.000000 0.000000
vt 2.000000 30.000000 0.000000
vt -0.000000 40.000000 0.000000
vt 2.000000 40.000000 0.000000
vt -0.000000 50.000000 0.000000
vt 2.000000 50.000000 0.000000
vt 0.000000 0.000000 0.000000
vt 2.000000 0.000000 0.000000
vt 0.000000 10.000000 0.000000
vt 2.000000 10.000000 0.000000
vt 0.000000 20.000000 0.000000
vt 2.000000 20.000000 0.000000
vt 0.000000 30.000000 0.000000
vt 2.000000 30.000000 0.000000
vt 0.000000 40.000000 0.000000
vt 2.000000 40.000000 0.000000
vt 0.000000 50.000000 0.000000
vt 2.000000 50.000000 0.000000
vt 1.000000 1.000000 0.000000
vt -1.000000 1.000000 0.000000
vt 1.000000 -1.000000 0.000000
vt -1.000000 -1.000000 0.000000
vt -1.000000 -1.000000 0.000000
vt 1.000000 -1.000000 0.000000
vt -1.000000 1.000000 0.000000
vt 1.000000 1.000000 0.000000
vn 1.000000 0.000000 0.000000
vn 1.000000 0.000000 0.000000
vn 1.000000 0.000000 0.000000
vn 1.000000 0.000000 0.000000
vn 1.000000 0.000000 0.000000
vn 1.000000 0.000000 0.000000
vn 1.000000 0.000000 0.000000
vn 1.000000 0.000000 0.000000
vn 1.000000 0.000000 0.000000
vn 1.000000 0.000000 0.000000
vn 1.000000 0.000000 0.000000
vn 1.000000 0.000000 0.000000
vn 0.000000 1.000000 0.000000
vn 0.000000 1.000000 0.000000
vn 0.000000 1.000000 0.000000
vn 0.000000 1.000000 0.000000
vn 0.000000 1.000000 0.000000
vn 0.000000 1.000000 0.000000
vn 0.000000 1.000000 0.000000
vn 0.000000 1.000000 0.000000
vn 0.000000 1.000000 0.000000
vn 0.000000 1.000000 0.000000
vn 0.000000 1.000000 0.000000
vn 0.000000 1.000000 0.000000
vn -1.000000 -0.000000 -0.000000
vn -1.000000 -0.000000 -0.000000
vn -1.000000 -0.000000 -0.000000
vn -1.000000 -0.000000 -0.000000
vn -1.000000 -0.000000 -0.000000
vn -1.000000 -0.000000 -0.000000
vn -1.000000 -0.000000 -0.000000
vn -1.000000 -0.000000 -0.000000
vn -1.000000 -0.000000 -0.000000
vn -1.000000 -0.000000 -0.000000
vn -1.000000 -0.000000 -0.000000
vn -1.000000 -0.000000 -0.000000
vn -0.000000 -1.000000 -0.000000
vn -0.000000 -1.000000 -0.000000
vn -0.000000 -1.000000 -0.000000
vn -0.000000 -1.000000 -0.000000
vn -0.000000 -1.000000 -0.000000
vn -0.000000 -1.000000 -0.000000
vn -0.000000 -1.000000 -0.000000
vn -0.000000 -1.000000 -0.000000
vn -0.000000 -1.000000 -0.000000
vn -0.000000 -1.000000 -0.000000
vn -0.000000 -1.000000 -0.000000
vn -0.000000 -1.000000 -0.000000
vn 0.000000 -0.000000 -1.000000
vn 0.000000 -0.000000 -1.000000
vn 0.000000 -0.000000 -1.000000
vn 0.000000 -0.000000 -1.000000
vn -0.000000 0.000000 1.000000
vn -0.000000 0.000000 1.000000
vn -0.000000 0.000000 1.000000
vn -0.000000 0.000000 1.000000
f 721/1469/1469 722/1470/1470 732/1471/1471
f 732/1471/1471 722/1470/1470 723/1472/1472
f 732/1471/1471 723/1472/1472 731/1473/1473
f 731/1473/1473 723/1472/1472 724/1474/1474
f 731/1473/1473 724/1474/1474 730/1475/1475
f 730/1475/1475 724/1474/1474 725/1476/1476
f 730/1475/1475 725/1476/1476 729/1477/1477
f 729/1477/1477 725/1476/1476 726/1478/1478
f 729/1477/1477 726/1478/1478 728/1479/1479
f 728/1479/1479 726/1478/1478 727/1480/1480
f 733/1481/1481 721/1482/1482 738/1483/1483
f 738/1483/1483 721/1482/1482 732/1484/1484
f 738/1483/1483 732/1484/1484 737/1485/1485
f 737/1485/1485 732/1484/1484 731/1486/1486
f 737/1485/1485 731/1486/1486 736/1487/1487
f 736/1487/1487 731/1486/1486 730/1488/1488
f 736/1487/1487 730/1488/1488 735/1489/1489
f 735/1489/1489 730/1488/1488 729/1490/1490
f 735/1489/1489 729/1490/1490 734/1491/1491
f 734/1491/1491 729/1490/1490 728/1492/1492
f 739/1493/1493 733/1494/1494 744/1495/1495
f 744/1495/1495 733/1494/1494 738/1496/1496
f 744/1495/1495 738/1496/1496 743/1497/1497
f 743/1497/1497 738/1496/1496 737/1498/1498
f 743/1497/1497 737/1498/1498 742/1499/1499
f 742/1499/1499 737/1498/1498 736/1500/1500
f 742/1499/1499 736/1500/1500 741/1501/1501
f 741/1501/1501 736/1500/1500 735/1502/1502
f 741/1501/1501 735/1502/1502 740/1503/1503
f 740/1503/1503 735/1502/1502 734/1504/1504
f 722/1505/1505 739/1506/1506 723/1507/1507
f 723/1507/1507 739/1506/1506 744/1508/1508
f 723/1507/1507 744/1508/1508 724/1509/1509
f 724/1509/1509 744/1508/1508 743/1510/1510
f 724/1509/1509 743/1510/1510 725/1511/1511
f 725/1511/1511 743/1510/1510 742/1512/1512
f 725/1511/1511 742/1512/1512 726/1513/1513
f 726/1513/1513 742/1512/1512 741/1514/1514
f 726/1513/1513 741/1514/1514 727/1515/1515
f 727/1515/1515 741/1514/1514 740/1516/1516
f 740/1517/1517 734/1518/1518 727/1519/1519
f 727/1519/1519 734/1518/1518 728/1520/1520
f 739/1521/1521 722/1522/1522 733/1523/1523
f 733/1523/1523 722/1522/1522 721/1524/1524
g Body1:17

v 2.000000 0.000000 -52.000000
v 2.000000 0.000000 -54.000000
v 2.000000 10.909091 -54.000000
v 2.000000 21.818182 -54.000000
v 2.000000 32.727273 -54.000000
v 2.000000 43.636364 -54.000000
v 2.000000 54.545455 -54.000000
v 2.000000 65.454545 -54.000000
v 2.000000 76.363636 -54.000000
v 2.000000 87.272727 -54.000000
v 2.000000 98.181818 -54.000000
v 2.000000 109.090909 -54.000000
v 2.000000 120.000000 -54.000000
v 2.000000 120.000000 -52.000000
v 2.000000 109.090909 -52.000000
v 2.000000 98.181818 -52.000000
v 2.000000 87.272727 -52.000000
v 2.000000 76.363636 -52.000000
v 2.000000 65.454545 -52.000000
v 2.000000 54.545455 -52.000000
v 2.000000 43.636364 -52.000000
v 2.000000 32.727273 -52.000000
v 2.000000 21.818182 -52.000000
v 2.000000 10.909091 -52.000000
v 0.000000 0.000000 -52.000000
v -0.000000 120.000000 -52.000000
v -0.000000 109.090909 -52.000000
v -0.000000 98.181818 -52.000000
v -0.000000 87.272727 -52.000000
v -0.000000 76.363636 -52.000000
v -0.000000 65.454545 -52.000000
v -0.000000 54.545455 -52.000000
v -0.000000 43.636364 -52.000000
v -0.000000 32.727273 -52.000000
v -0.000000 21.818182 -52.000000
v -0.000000 10.909091 -52.000000
v 0.000000 0.000000 -54.000000
v -0.000000 120.000000 -54.000000
v -0.000000 109.090909 -54.000000
v -0.000000 98.181818 -54.000000
v -0.000000 87.272727 -54.000000
v -0.000000 76.363636 -54.000000
v -0.000000 65.454545 -54.000000
v -0.000000 54.545455 -54.000000
v -0.000000 43.636364 -54.000000
v -0.000000 32.727273 -54.000000
v -0.000000 21.818182 -54.000000
v -0.000000 10.909091 -54.000000
vt 0.000000 0.000000 0.000000
vt 2.000000 0.000000 0.000000
vt 0.000000 10.909091 0.000000
vt 2.000000 10.909091 0.000000
vt 0.000000 21.818182 0.000000
vt 2.000000 21.818182 0.000000
vt 0.000000 32.727273 0.000000
vt 2.000000 32.727273 0.000000
vt 0.000000 43.636364 0.000000
vt 2.000000 43.636364 0.000000
vt 0.000000 54.545455 0.000000
vt 2.000000 54.545455 0.000000
vt 0.000000 65.454545 0.000000
vt 2.000000 65.454545 0.000000
vt 0.000000 76.363636 0.000000
vt 2.000000 76.363636 0.000000
vt 0.000000 87.272727 0.000000
vt 2.000000 87.272727 0.000000
vt 0.000000 98.181818 0.000000
vt 2.000000 98.181818 0.000000
vt 0.000000 109.090909 0.000000
vt 2.000000 109.090909 0.000000
vt 0.000000 120.000000 0.000000
vt 2.000000 120.000000 0.000000
vt -0.000000 0.000000 0.000000
vt 2.000000 0.000000 0.000000
vt -0.000000 10.909091 0.000000
vt 2.000000 10.909091 0.000000
vt -0.000000 21.818182 0.000000
vt 2.000000 21.818182 0.000000
vt -0.000000 32.727273 0.000000
vt 2.000000 32.727273 0.000000
vt -0.000000 43.636364 0.000000
vt 2.000000 43.636364 0.000000
vt -0.000000 54.545455 0.000000
vt 2.000000 54.545455 0.000000
vt -0.000000 65.454545 0.000000
vt 2.000000 65.454545 0.000000
vt -0.000000 76.363636 0.000000
vt 2.000000 76.363636 0.000000
vt -0.000000 87.272727 0.000000
vt 2.000000 87.272727 0.000000
vt -0.000000 98.181818 0.000000
vt 2.000000 98.181818 0.000000
vt -0.000000 109.090909 0.000000
vt 2.000000 109.090909 0.000000
vt -0.000000 120.000000 0.000000
vt 2.000000 120.000000 0.000000
vt -0.000000 0.000000 0.000000
vt 2.000000 0.000000 0.000000
vt -0.000000 10.909091 0.000000
vt 2.000000 10.909091 0.000000
vt -0.000000 21.818182 0.000000
vt 2.000000 21.818182 0.000000
vt -0.000000 32.727273 0.000000
vt 2.000000 32.727273 0.000000
vt -0.000000 43.636364 0.000000
vt 2.000000 43.636364 0.000000
vt -0.000000 54.545455 0.000000
vt 2.000000 54.545455 0.000000
vt -0.000000 65.454545 0.000000
vt 2.000000 65.454545 0.000000
vt -0.000000 76.363636 0.000000
vt 2.000000 76.363636 0.000000
vt -0.000000 87.272727 0.000000
vt 2.000000 87.272727 0.000000
vt -0.000000 98.181818 0.000000
vt 2.000000 98.181818 0.000000
vt -0.000000 109.090909 0.000000
vt 2.000000 109.090909 0.000000
vt -0.000000 120.000000 0.000000
vt 2.000000 120.000000 0.000000
vt -0.000000 0.000000 0.000000
vt 2.000000 0.000000 0.000000
vt -0.000000 10.909091 0.000000
vt 2.000000 10.909091 0.000000
vt -0.000000 21.818182 0.000000
vt 2.000000 21.818182 0.000000
vt -0.000000 32.727273 0.000000
vt 2.000000 32.727273 0.000000
vt -0.000000 43.636364 0.000000
vt 2.000000 43.636364 0.000000
vt -0.000000 54.545455 0.000000
vt 2.000000 54.545455 0.000000
vt -0.000000 65.454545 0.000000
vt 2.000000 65.454545 0.000000
vt -0.000000 76.363636 0.000000
vt 2.000000 76.363636 0.000000
vt -0.000000 87.272727 0.000000
vt 2.000000 87.272727 0.000000
vt -0.000000 98.181818 0.000000
vt 2.000000 98.181818 0.000000
vt -0.000000 109.090909 0.000000
vt 2.000000 109.090909 0.000000
vt 0.000000 120.000000 0.000000
vt 2.000000 120.000000 0.000000
vt 1.000000 1.000000 0.000000
vt -1.000000 1.000000 0.000000
vt 1.000000 -1.000000 0.000000
vt -1.000000 -1.000000 0.000000
vt -1.000000 -1.000000 0.000000
vt 1.000000 -1.000000 0.000000
vt -1.000000 1.000000 0.000000
vt 1.000000 1.000000 0.000000
vn 1.000000 0.000000 0.000000
vn 1.000000 0.000000 0.000000
vn 1.000000 0.000000 0.000000
vn 1.000000 0.000000 0.000000
vn 1.000000 0.000000 0.000000
vn 1.000000 0.000000 0.000000
vn 1.000000 0.000000 0.000000
vn 1.000000 0.000000 0.000000
vn 1.000000 0.000000 0.000000
vn 1.000000 0.000000 0.000000
vn 1.000000 0.000000 0.000000
vn 1.000000 0.000000 0.000000
vn 1.000000 0.000000 0.000000
vn 1.000000 0.000000 0.000000
vn 1.000000 0.000000 0.000000
vn 1.000000 0.000000 0.000000
vn 1.000000 0.000000 0.000000
vn 1.000000 0.000000 0.000000
vn 1.000000 0.000000 0.000000
vn 1.000000 0.000000 0.000000
vn 1.000000 0.000000 0.000000
vn 1.000000 0.000000 0.000000
vn 1.000000 0.000000 0.000000
vn 1.000000 0.000000 0.000000
vn -0.000000 0.000000 1.000000
vn -0.000000 0.000000 1.000000
vn -0.000000 0.000000 1.000000
vn -0.000000 0.000000 1.000000
vn -0.000000 0.000000 1.000000
vn -0.000000 0.000000 1.000000
vn -0.000000 0.000000 1.000000
vn -0.000000 0.000000 1.000000
vn -0.000000 0.000000 1.000000
vn -0.000000 0.000000 1.000000
vn -0.000000 0.000000 1.000000
vn -0.000000 0.000000 1.000000
vn -0.000000 0.000000 1.000000
vn -0.000000 0.000000 1.000000
vn -0.000000 0.000000 1.000000
vn -0.000000 0.000000 1.000000
vn -0.000000 0.000000 1.000000
vn -0.000000 0.000000 1.000000
vn -0.000000 0.000000 1.000000
vn -0.000000 0.000000 1.000000
vn -0.000000 0.000000 1.000000
vn -0.000000 0.000000 1.000000
vn -0.000000 0.000000 1.000000
vn -0.000000 0.000000 1.000000
vn -1.000000 -0.000000 -0.000000
vn -1.000000 -0.000000 -0.000000
vn -1.000000 -0.000000 -0.000000
vn -1.000000 -0.000000 -0.000000
vn -1.000000 -0.000000 -0.000000
vn -1.000000 -0.000000 -0.000000
vn -1.000000 -0.000000 -0.000000
vn -1.000000 -0.000000 -0.000000
vn -1.000000 -0.000000 -0.000000
vn -1.000000 -0.000000 -0.000000
vn -1.000000 -0.000000 -0.000000
vn -1.000000 -0.000000 -0.000000
vn -1.000000 -0.000000 -0.000000
vn -1.000000 -0.000000 -0.000000
vn -1.000000 -0.000000 -0.000000
vn -1.000000 -0.000000 -0.000000
vn -1.000000 -0.000000 -0.000000
vn -1.000000 -0.000000 -0.000000
vn -1.000000 -0.000000 -0.000000
vn -1.000000 -0.000000 -0.000000
vn -1.000000 -0.000000 -0.000000
vn -1.000000 -0.000000 -0.000000
vn -1.000000 -0.000000 -0.000000
vn -1.000000 -0.000000 -0.000000
vn 0.000000 -0.000000 -1.000000
vn 0.000000 -0.000000 -1.000000
vn 0.000000 -0.000000 -1.000000
vn 0.000000 -0.000000 -1.000000
vn 0.000000 -0.000000 -1.000000
vn 0.000000 -0.000000 -1.000000
vn 0.000000 -0.000000 -1.000000
vn 0.000000 -0.000000 -1.000000
vn 0.000000 -0.000000 -1.000000
vn 0.000000 -0.000000 -1.000000
vn 0.000000 -0.000000 -1.000000
vn 0.000000 -0.000000 -1.000000
vn 0.000000 -0.000000 -1.000000
vn 0.000000 -0.000000 -1.000000
vn 0.000000 -0.000000 -1.000000
vn 0.000000 -0.000000 -1.000000
vn 0.000000 -0.000000 -1.000000
vn 0.000000 -0.000000 -1.000000
vn 0.000000 -0.000000 -1.000000
vn 0.000000 -0.000000 -1.000000
vn 0.000000 -0.000000 -1.000000
vn 0.000000 -0.000000 -1.000000
vn 0.000000 -0.000000 -1.000000
vn 0.000000 -0.000000 -1.000000
vn -0.000000 1.000000 -0.000000
vn -0.000000 1.000000 -0.000000
vn -0.000000 1.000000 -0.000000
vn -0.000000 1.000000 -0.000000
vn 0.000000 -1.000000 0.000000
vn 0.000000 -1.000000 0.000000
vn 0.000000 -1.000000 0.000000
vn 0.000000 -1.000000 0.000000
f 745/1525/1525 746/1526/1526 768/1527/1527
f 768/1527/1527 746/1526/1526 747/1528/1528
f 768/1527/1527 747/1528/1528 767/1529/1529
f 767/1529/1529 747/1528/1528 748/1530/1530
f 767/1529/1529 748/1530/1530 766/1531/1531
f 766/1531/1531 748/1530/1530 749/1532/1532
f 766/1531/1531 749/1532/1532 765/1533/1533
f 765/1533/1533 749/1532/1532 750/1534/1534
f 765/1533/1533 750/1534/1534 764/1535/1535
f 764/1535/1535 750/1534/1534 751/1536/1536
f 764/1535/1535 751/1536/1536 763/1537/1537
f 763/1537/1537 751/1536/1536 752/1538/1538
f 763/1537/1537 752/1538/1538 762/1539/1539
f 762/1539/1539 752/1538/1538 753/1540/1540
f 762/1539/1539 753/1540/1540 761/1541/1541
f 761/1541/1541 753/1540/1540 754/1542/1542
f 761/1541/1541 754/1542/1542 760/1543/1543
f 760/1543/1543 754/1542/1542 755/1544/1544
f 760/1543/1543 755/1544/1544 759/1545/1545
f 759/1545/1545 755/1544/1544 756/1546/1546
f 759/1545/1545 756/1546/1546 758/1547/1547
f 758/1547/1547 756/1546/1546 757/1548/1548
f 769/1549/1549 745/1550/1550 780/1551/1551
f 780/1551/1551 745/1550/1550 768/1552/1552
f 780/1551/1551 768/1552/1552 779/1553/1553
f 779/1553/1553 768/1552/1552 767/1554/1554
f 779/1553/1553 767/1554/1554 778/1555/1555
f 778/1555/1555 767/1554/1554 766/1556/1556
f 778/1555/1555 766/1556/1556 777/1557/1557
f 777/1557/1557 766/1556/1556 765/1558/1558
f 777/1557/1557 765/1558/1558 776/1559/1559
f 776/1559/1559 765/1558/1558 764/1560/1560
f 776/1559/1559 764/1560/1560 775/1561/1561
f 775/1561/1561 764/1560/1560 763/1562/1562
f 775/1561/1561 763/1562/1562 774/1563/1563
f 774/1563/1563 763/1562/1562 762/1564/1564
f 774/1563/1563 762/1564/1564 773/1565/1565
f 773/1565/1565 762/1564/1564 761/1566/1566
f 773/1565/1565 761/1566/1566 772/1567/1567
f 772/1567/1567 761/1566/1566 760/1568/1568
f 772/1567/1567 760/1568/1568 771/1569/1569
f 771/1569/1569 760/1568/1568 759/1570/1570
f 771/1569/1569 759/1570/1570 770/1571/1571
f 770/1571/1571 759/1570/1570 758/1572/1572
f 781/1573/1573 769/1574/1574 792/1575/1575
f 792/1575/1575 769/1574/1574 780/1576/1576
f 792/1575/1575 780/1576/1576 791/1577/1577
f 791/1577/1577 780/1576/1576 779/1578/1578
f 791/1577/1577 779/1578/1578 790/1579/1579
f 790/1579/1579 779/1578/1578 778/1580/1580
f 790/1579/1579 778/1580/1580 789/1581/1581
f 789/1581/1581 778/1580/1580 777/1582/1582
f 789/1581/1581 777/1582/1582 788/1583/1583
f 788/1583/1583 777/1582/1582 776/1584/1584
f 788/1583/1583 776/1584/1584 787/1585/1585
f 787/1585/1585 776/1584/1584 775/1586/1586
f 787/1585/1585 775/1586/1586 786/1587/1587
f 786/1587/1587 775/1586/1586 774/1588/1588
f 786/1587/1587 774/1588/1588 785/1589/1589
f 785/1589/1589 774/1588/1588 773/1590/1590
f 785/1589/1589 773/1590/1590 784/1591/1591
f 784/1591/1591 773/1590/1590 772/1592/1592
f 784/1591/1591 772/1592/1592 783/1593/1593
f 783/1593/1593 772/1592/1592 771/1594/1594
f 783/1593/1593 771/1594/1594 782/1595/1595
f 782/1595/1595 771/1594/1594 770/1596/1596
f 746/1597/1597 781/1598/1598 747/1599/1599
f 747/1599/1599 781/1598/1598 792/1600/1600
f 747/1599/1599 792/1600/1600 748/1601/1601
f 748/1601/1601 792/1600/1600 791/1602/1602
f 748/1601/1601 791/1602/1602 749/1603/1603
f 749/1603/1603 791/1602/1602 790/1604/1604
f 749/1603/1603 790/1604/1604 750/1605/1605
f 750/1605/1605 790/1604/1604 789/1606/1606
f 750/1605/1605 789/1606/1606 751/1607/1607
f 751/1607/1607 789/1606/1606 788/1608/1608
f 751/1607/1607 788/1608/1608 752/1609/1609
f 752/1609/1609 788/1608/1608 787/1610/1610
f 752/1609/1609 787/1610/1610 753/1611/1611
f 753/1611/1611 787/1610/1610 786/1612/1612
f 753/1611/1611 786/1612/1612 754/1613/1613
f 754/1613/1613 786/1612/1612 785/1614/1614
f 754/1613/1613 785/1614/1614 755/1615/1615
f 755/1615/1615 785/1614/1614 784/1616/1616
f 755/1615/1615 784/1616/1616 756/1617/1617
f 756/1617/1617 784/1616/1616 783/1618/1618
f 756/1617/1617 783/1618/1618 757/1619/1619
f 757/1619/1619 783/1618/1618 782/1620/1620
f 782/1621/1621 770/1622/1622 757/1623/1623
f 757/1623/1623 770/1622/1622 758/1624/1624
f 781/1625/1625 746/1626/1626 769/1627/1627
f 769/1627/1627 746/1626/1626 745/1628/1628
g Body1:18

v 72.000000 122.000000 -104.000000
v 72.000000 122.000000 -106.000000
v 62.000000 122.000000 -106.000000
v 52.000000 122.000000 -106.000000
v 42.000000 122.000000 -106.000000
v 32.000000 122.000000 -106.000000
v 22.000000 122.000000 -106.000000
v 12.000000 122.000000 -106.000000
v 2.000000 122.000000 -106.000000
v 2.000000 122.000000 -104.000000
v 12.000000 122.000000 -104.000000
v 22.000000 122.000000 -104.000000
v 32.000000 122.000000 -104.000000
v 42.000000 122.000000 -104.000000
v 52.000000 122.000000 -104.000000
v 62.000000 122.000000 -104.000000
v 72.000000 120.000000 -104.000000
v 2.000000 120.000000 -104.000000
v 12.000000 120.000000 -104.000000
v 22.000000 120.000000 -104.000000
v 32.000000 120.000000 -104.000000
v 42.000000 120.000000 -104.000000
v 52.000000 120.000000 -104.000000
v 62.000000 120.000000 -104.000000
v 72.000000 120.000000 -106.000000
v 2.000000 120.000000 -106.000000
v 12.000000 120.000000 -106.000000
v 22.000000 120.000000 -106.000000
v 32.000000 120.000000 -106.000000
v 42.000000 120.000000 -106.000000
v 52.000000 120.000000 -106.000000
v 62.000000 120.000000 -106.000000
vt 0.000000 0.000000 0.000000
vt 2.000000 0.000000 0.000000
vt 0.000000 10.000000 0.000000
vt 2.000000 10.000000 0.000000
vt 0.000000 20.000000 0.000000
vt 2.000000 20.000000 0.000000
vt 0.000000 30.000000 0.000000
vt 2.000000 30.000000 0.000000
vt 0.000000 40.000000 0.000000
vt 2.000000 40.000000 0.000000
vt 0.000000 50.000000 0.000000
vt 2.000000 50.000000 0.000000
vt 0.000000 60.000000 0.000000
vt 2.000000 60.000000 0.000000
vt 0.000000 70.000000 0.000000
vt 2.000000 70.000000 0.000000
vt -0.000000 0.000000 0.000000
vt 2.000000 0.000000 0.000000
vt -0.000000 10.000000 0.000000
vt 2.000000 10.000000 0.000000
vt -0.000000 20.000000 0.000000
vt 2.000000 20.000000 0.000000
vt -0.000000 30.000000 0.000000
vt 2.000000 30.000000 0.000000
vt -0.000000 40.000000 0.000000
vt 2.000000 40.000000 0.000000
vt -0.000000 50.000000 0.000000
vt 2.000000 50.000000 0.000000
vt -0.000000 60.000000 0.000000
vt 2.000000 60.000000 0.000000
vt -0.000000 70.000000 0.000000
vt 2.000000 70.000000 0.000000
vt -0.000000 0.000000 0.000000
vt 2.000000 0.000000 0.000000
vt -0.000000 10.000000 0.000000
vt 2.000000 10.000000 0.000000
vt -0.000000 20.000000 0.000000
vt 2.000000 20.000000 0.000000
vt -0.000000 30.000000 0.000000
vt 2.000000 30.000000 0.000000
vt -0.000000 40.000000 0.000000
vt 2.000000 40.000000 0.000000
vt -0.000000 50.000000 0.000000
vt 2.000000 50.000000 0.000000
vt -0.000000 60.000000 0.000000
vt 2.000000 60.000000 0.000000
vt -0.000000 70.000000 0.000000
vt 2.000000 70.000000 0.000000
vt 0.000000 0.000000 0.000000
vt 2.000000 0.000000 0.000000
vt 0.000000 10.000000 0.000000
vt 2.000000 10.000000 0.000000
vt 0.000000 20.000000 0.000000
vt 2.000000 20.000000 0.000000
vt 0.000000 30.000000 0.000000
vt 2.000000 30.000000 0.000000
vt 0.000000 40.000000 0.000000
vt 2.000000 40.000000 0.000000
vt 0.000000 50.000000 0.000000
vt 2.000000 50.000000 0.000000
vt 0.000000 60.000000 0.000000
vt 2.000000 60.000000 0.000000
vt 0.000000 70.000000 0.000000
vt 2.000000 70.000000 0.000000
vt 1.000000 1.000000 0.000000
vt -1.000000 1.000000 0.000000
vt 1.000000 -1.000000 0.000000
vt -1.000000 -1.000000 0.000000
vt -1.000000 -1.000000 0.000000
vt 1.000000 -1.000000 0.000000
vt -1.000000 1.000000 0.000000
vt 1.000000 1.000000 0.000000
vn 0.000000 1.000000 -0.000000
vn 0.000000 1.000000 -0.000000
vn 0.000000 1.000000 -0.000000
vn 0.000000 1.000000 -0.000000
vn 0.000000 1.000000 -0.000000
vn 0.000000 1.000000 -0.000000
vn 0.000000 1.000000 -0.000000
vn 0.000000 1.000000 -0.000000
vn 0.000000 1.000000 -0.000000
vn 0.000000 1.000000 -0.000000
vn 0.000000 1.000000 -0.000000
vn 0.000000 1.000000 -0.000000
vn 0.000000 1.000000 -0.000000
vn 0.000000 1.000000 -0.000000
vn 0.000000 1.000000 -0.000000
vn 0.000000 1.000000 -0.000000
vn -0.000000 0.000000 1.000000
vn -0.000000 0.000000 1.000000
vn -0.000000 0.000000 1.000000
vn -0.000000 0.000000 1.000000
vn -0.000000 0.000000 1.000000
vn -0.000000 0.000000 1.000000
vn -0.000000 0.000000 1.000000
vn -0.000000 0.000000 1.000000
vn -0.000000 0.000000 1.000000
vn -0.000000 0.000000 1.000000
vn -0.000000 0.000000 1.000000
vn -0.000000 0.000000 1.000000
vn -0.000000 0.000000 1.000000
vn -0.000000 0.000000 1.000000
vn -0.000000 0.000000 1.000000
vn -0.000000 0.000000 1.000000
vn -0.000000 -1.000000 0.000000
vn -0.000000 -1.000000 0.000000
vn -0.000000 -1.000000 0.000000
vn -0.000000 -1.000000 0.000000
vn -0.000000 -1.000000 0.000000
vn -0.000000 -1.000000 0.000000
vn -0.000000 -1.000000 0.000000
vn -0.000000 -1.000000 0.000000
vn -0.000000 -1.000000 0.000000
vn -0.000000 -1.000000 0.000000
vn -0.000000 -1.000000 0.000000
vn -0.000000 -1.000000 0.000000
vn -0.000000 -1.000000 0.000000
vn -0.000000 -1.000000 0.000000
vn -0.000000 -1.000000 0.000000
vn -0.000000 -1.000000 0.000000
vn 0.000000 -0.000000 -1.000000
vn 0.000000 -0.000000 -1.000000
vn 0.000000 -0.000000 -1.000000
vn 0.000000 -0.000000 -1.000000
vn 0.000000 -0.000000 -1.000000
vn 0.000000 -0.000000 -1.000000
vn 0.000000 -0.000000 -1.000000
vn 0.000000 -0.000000 -1.000000
vn 0.000000 -0.000000 -1.000000
vn 0.000000 -0.000000 -1.000000
vn 0.000000 -0.000000 -1.000000
vn 0.000000 -0.000000 -1.000000
vn 0.000000 -0.000000 -1.000000
vn 0.000000 -0.000000 -1.000000
vn 0.000000 -0.000000 -1.000000
vn 0.000000 -0.000000 -1.000000
vn -1.000000 0.000000 -0.000000
vn -1.000000 0.000000 -0.000000
vn -1.000000 0.000000 -0.000000
vn -1.000000 0.000000 -0.000000
vn 1.000000 -0.000000 0.000000
vn 1.000000 -0.000000 0.000000
vn 1.000000 -0.000000 0.000000
vn 1.000000 -0.000000 0.000000
f 793/1629/1629 794/1630/1630 808/1631/1631
f 808/1631/1631 794/1630/1630 795/1632/1632
f 808/1631/1631 795/1632/1632 807/1633/1633
f 807/1633/1633 795/1632/1632 796/1634/1634
f 807/1633/1633 796/1634/1634 806/1635/1635
f 806/1635/1635 796/1634/1634 797/1636/1636
f 806/1635/1635 797/1636/1636 805/1637/1637
f 805/1637/1637 797/1636/1636 798/1638/1638
f 805/1637/1637 798/1638/1638 804/1639/1639
f 804/1639/1639 798/1638/1638 799/1640/1640
f 804/1639/1639 799/1640/1640 803/1641/1641
f 803/1641/1641 799/1640/1640 800/1642/1642
f 803/1641/1641 800/1642/1642 802/1643/1643
f 802/1643/1643 800/1642/1642 801/1644/1644
f 809/1645/1645 793/1646/1646 816/1647/1647
f 816/1647/1647 793/1646/1646 808/1648/1648
f 816/1647/1647 808/1648/1648 815/1649/1649
f 815/1649/1649 808/1648/1648 807/1650/1650
f 815/1649/1649 807/1650/1650 814/1651/1651
f 814/1651/1651 807/1650/1650 806/1652/1652
f 814/1651/1651 806/1652/1652 813/1653/1653
f 813/1653/1653 806/1652/1652 805/1654/1654
f 813/1653/1653 805/1654/1654 812/1655/1655
f 812/1655/1655 805/1654/1654 804/1656/1656
f 812/1655/1655 804/1656/1656 811/1657/1657
f 811/1657/1657 804/1656/1656 803/1658/1658
f 811/1657/1657 803/1658/1658 810/1659/1659
f 810/1659/1659 803/1658/1658 802/1660/1660
f 817/1661/1661 809/1662/1662 824/1663/1663
f 824/1663/1663 809/1662/1662 816/1664/1664
f 824/1663/1663 816/1664/1664 823/1665/1665
f 823/1665/1665 816/1664/1664 815/1666/1666
f 823/1665/1665 815/1666/1666 822/1667/1667
f 822/1667/1667 815/1666/1666 814/1668/1668
f 822/1667/1667 814/1668/1668 821/1669/1669
f 821/1669/1669 814/1668/1668 813/1670/1670
f 821/1669/1669 813/1670/1670 820/1671/1671
f 820/1671/1671 813/1670/1670 812/1672/1672
f 820/1671/1671 812/1672/1672 819/1673/1673
f 819/1673/1673 812/1672/1672 811/1674/1674
f 819/1673/1673 811/1674/1674 818/1675/1675
f 818/1675/1675 811/1674/1674 810/1676/1676
f 794/1677/1677 817/1678/1678 795/1679/1679
f 795/1679/1679 817/1678/1678 824/1680/1680
f 795/1679/1679 824/1680/1680 796/1681/1681
f 796/1681/1681 824/1680/1680 823/1682/1682
f 796/1681/1681 823/1682/1682 797/1683/1683
f 797/1683/1683 823/1682/1682 822/1684/1684
f 797/1683/1683 822/1684/1684 798/1685/1685
f 798/1685/1685 822/1684/1684 821/1686/1686
f 798/1685/1685 821/1686/1686 799/1687/1687
f 799/1687/1687 821/1686/1686 820/1688/1688
f 799/1687/1687 820/1688/1688 800/1689/1689
f 800/1689/1689 820/1688/1688 819/1690/1690
f 800/1689/1689 819/1690/1690 801/1691/1691
f 801/1691/1691 819/1690/1690 818/1692/1692
f 818/1693/1693 810/1694/1694 801/1695/1695
f 801/1695/1695 810/1694/1694 802/1696/1696
f 817/1697/1697 794/1698/1698 809/1699/1699
f 809/1699/1699 794/1698/1698 793/1700/1700
g Body1:19

v 72.000000 122.000000 -52.000000
v 72.000000 122.000000 -54.000000
v 62.000000 122.000000 -54.000000
v 52.000000 122.000000 -54.000000
v 42.000000 122.000000 -54.000000
v 32.000000 122.000000 -54.000000
v 22.000000 122.000000 -54.000000
v 12.000000 122.000000 -54.000000
v 2.000000 122.000000 -54.000000
v 2.000000 122.000000 -52.000000
v 12.000000 122.000000 -52.000000
v 22.000000 122.000000 -52.000000
v 32.000000 122.000000 -52.000000
v 42.000000 122.000000 -52.000000
v 52.000000 122.000000 -52.000000
v 62.000000 122.000000 -52.000000
v 72.000000 120.000000 -52.000000
v 2.000000 120.000000 -52.000000
v 12.000000 120.000000 -52.000000
v 22.000000 120.000000 -52.000000
v 32.000000 120.000000 -52.000000
v 42.000000 120.000000 -52.000000
v 52.000000 120.000000 -52.000000
v 62.000000 120.000000 -52.000000
v 72.000000 120.000000 -54.000000
v 2.000000 120.000000 -54.000000
v 12.000000 120.000000 -54.000000
v 22.000000 120.000000 -54.000000
v 32.000000 120.000000 -54.000000
v 42.000000 120.000000 -54.000000
v 52.000000 120.000000 -54.000000
v 62.000000 120.000000 -54.000000
vt 0.000000 0.000000 0.000000
vt 2.000000 0.000000 0.000000
vt 0.000000 10.000000 0.000000
vt 2.000000 10.000000 0.000000
vt 0.000000 20.000000 0.000000
vt 2.000000 20.000000 0.000000
vt 0.000000 30.000000 0.000000
vt 2.000000 30.000000 0.000000
vt 0.000000 40.000000 0.000000
vt 2.000000 40.000000 0.000000
vt 0.000000 50.000000 0.000000
vt 2.000000 50.000000 0.000000
vt 0.000000 60.000000 0.000000
vt 2.000000 60.000000 0.000000
vt 0.000000 70.000000 0.000000
vt 2.000000 70.000000 0.000000
vt -0.000000 0.000000 0.000000
vt 2.000000 0.000000 0.000000
vt -0.000000 10.000000 0.000000
vt 2.000000 10.000000 0.000000
vt -0.000000 20.000000 0.000000
vt 2.000000 20.000000 0.000000
vt -0.000000 30.000000 0.000000
vt 2.000000 30.000000 0.000000
vt -0.000000 40.000000 0.000000
vt 2.000000 40.000000 0.000000
vt -0.000000 50.000000 0.000000
vt 2.000000 50.000000 0.000000
vt -0.000000 60.000000 0.000000
vt 2.000000 60.000000 0.000000
vt -0.000000 70.000000 0.000000
vt 2.000000 70.000000 0.000000
vt -0.000000 0.000000 0.000000
vt 2.000000 0.000000 0.000000
vt -0.000000 10.000000 0.000000
vt 2.000000 10.000000 0.000000
vt -0.000000 20.000000 0.000000
vt 2.000000 20.000000 0.000000
vt -0.000000 30.000000 0.000000
vt 2.000000 30.000000 0.000000
vt -0.000000 40.000000 0.000000
vt 2.000000 40.000000 0.000000
vt -0.000000 50.000000 0.000000
vt 2.000000 50.000000 0.000000
vt -0.000000 60.000000 0.000000
vt 2.000000 60.000000 0.000000
vt -0.000000 70.000000 0.000000
vt 2.000000 70.000000 0.000000
vt 0.000000 0.000000 0.000000
vt 2.000000 0.000000 0.000000
vt 0.000000 10.000000 0.000000
vt 2.000000 10.000000 0.000000
vt 0.000000 20.000000 0.000000
vt 2.000000 20.000000 0.000000
vt 0.000000 30.000000 0.000000
vt 2.000000 30.000000 0.000000
vt 0.000000 40.000000 0.000000
vt 2.000000 40.000000 0.000000
vt 0.000000 50.000000 0.000000
vt 2.000000 50.000000 0.000000
vt 0.000000 60.000000 0.000000
vt 2.000000 60.000000 0.000000
vt 0.000000 70.000000 0.000000
vt 2.000000 70.000000 0.000000
vt 1.000000 1.000000 0.000000
vt -1.000000 1.000000 0.000000
vt 1.000000 -1.000000 0.000000
vt -1.000000 -1.000000 0.000000
vt -1.000000 -1.000000 0.000000
vt 1.000000 -1.000000 0.000000
vt -1.000000 1.000000 0.000000
vt 1.000000 1.000000 0.000000
vn 0.000000 1.000000 -0.000000
vn 0.000000 1.000000 -0.000000
vn 0.000000 1.000000 -0.000000
vn 0.000000 1.000000 -0.000000
vn 0.000000 1.000000 -0.000000
vn 0.000000 1.000000 -0.000000
vn 0.000000 1.000000 -0.000000
vn 0.000000 1.000000 -0.000000
vn 0.000000 1.000000 -0.000000
vn 0.000000 1.000000 -0.000000
vn 0.000000 1.000000 -0.000000
vn 0.000000 1.000000 -0.000000
vn 0.000000 1.000000 -0.000000
vn 0.000000 1.000000 -0.000000
vn 0.000000 1.000000 -0.000000
vn 0.000000 1.000000 -0.000000
vn -0.000000 0.000000 1.000000
vn -0.000000 0.000000 1.000000
vn -0.000000 0.000000 1.000000
vn -0.000000 0.000000 1.000000
vn -0.000000 0.000000 1.000000
vn -0.000000 0.000000 1.000000
vn -0.000000 0.000000 1.000000
vn -0.000000 0.000000 1.000000
vn -0.000000 0.000000 1.000000
vn -0.000000 0.000000 1.000000
vn -0.000000 0.000000 1.000000
vn -0.000000 0.000000 1.000000
vn -0.000000 0.000000 1.000000
vn -0.000000 0.000000 1.000000
vn -0.000000 0.000000 1.000000
vn -0.000000 0.000000 1.000000
vn -0.000000 -1.000000 0.000000
vn -0.000000 -1.000000 0.000000
vn -0.000000 -1.000000 0.000000
vn -0.000000 -1.000000 0.000000
vn -0.000000 -1.000000 0.000000
vn -0.000000 -1.000000 0.000000
vn -0.000000 -1.000000 0.000000
vn -0.000000 -1.000000 0.000000
vn -0.000000 -1.000000 0.000000
vn -0.000000 -1.000000 0.000000
vn -0.000000 -1.000000 0.000000
vn -0.000000 -1.000000 0.000000
vn -0.000000 -1.000000 0.000000
vn -0.000000 -1.000000 0.000000
vn -0.000000 -1.000000 0.000000
vn -0.000000 -1.000000 0.000000
vn 0.000000 -0.000000 -1.000000
vn 0.000000 -0.000000 -1.000000
vn 0.000000 -0.000000 -1.000000
vn 0.000000 -0.000000 -1.000000
vn 0.000000 -0.000000 -1.000000
vn 0.000000 -0.000000 -1.000000
vn 0.000000 -0.000000 -1.000000
vn 0.000000 -0.000000 -1.000000
vn 0.000000 -0.000000 -1.000000
vn 0.000000 -0.000000 -1.000000
vn 0.000000 -0.000000 -1.000000
vn 0.000000 -0.000000 -1.000000
vn 0.000000 -0.000000 -1.000000
vn 0.000000 -0.000000 -1.000000
vn 0.000000 -0.000000 -1.000000
vn 0.000000 -0.000000 -1.000000
vn -1.000000 0.000000 -0.000000
vn -1.000000 0.000000 -0.000000
vn -1.000000 0.000000 -0.000000
vn -1.000000 0.000000 -0.000000
vn 1.000000 -0.000000 0.000000
vn 1.000000 -0.000000 0.000000
vn 1.000000 -0.000000 0.000000
vn 1.000000 -0.000000 0.000000
f 825/1701/1701 826/1702/1702 840/1703/1703
f 840/1703/1703 826/1702/1702 827/1704/1704
f 840/1703/1703 827/1704/1704 839/1705/1705
f 839/1705/1705 827/1704/1704 828/1706/1706
f 839/1705/1705 828/1706/1706 838/1707/1707
f 838/1707/1707 828/1706/1706 829/1708/1708
f 838/1707/1707 829/1708/1708 837/1709/1709
f 837/1709/1709 829/1708/1708 830/1710/1710
f 837/1709/1709 830/1710/1710 836/1711/1711
f 836/1711/1711 830/1710/1710 831/1712/1712
f 836/1711/1711 831/1712/1712 835/1713/1713
f 835/1713/1713 831/1712/1712 832/1714/1714
f 835/1713/1713 832/1714/1714 834/1715/1715
f 834/1715/1715 832/1714/1714 833/1716/1716
f 841/1717/1717 825/1718/1718 848/1719/1719
f 848/1719/1719 825/1718/1718 840/1720/1720
f 848/1719/1719 840/1720/1720 847/1721/1721
f 847/1721/1721 840/1720/1720 839/1722/1722
f 847/1721/1721 839/1722/1722 846/1723/1723
f 846/1723/1723 839/1722/1722 838/1724/1724
f 846/1723/1723 838/1724/1724 845/1725/1725
f 845/1725/1725 838/1724/1724 837/1726/1726
f 845/1725/1725 837/1726/1726 844/1727/1727
f 844/1727/1727 837/1726/1726 836/1728/1728
f 844/1727/1727 836/1728/1728 843/1729/1729
f 843/1729/1729 836/1728/1728 835/1730/1730
f 843/1729/1729 835/1730/1730 842/1731/1731
f 842/1731/1731 835/1730/1730 834/1732/1732
f 849/1733/1733 841/1734/1734 856/1735/1735
f 856/1735/1735 841/1734/1734 848/1736/1736
f 856/1735/1735 848/1736/1736 855/1737/1737
f 855/1737/1737 848/1736/1736 847/1738/1738
f 855/1737/1737 847/1738/1738 854/1739/1739
f 854/1739/1739 847/1738/1738 846/1740/1740
f 854/1739/1739 846/1740/1740 853/1741/1741
f 853/1741/1741 846/1740/1740 845/1742/1742
f 853/1741/1741 845/1742/1742 852/1743/1743
f 852/1743/1743 845/1742/1742 844/1744/1744
f 852/1743/1743 844/1744/1744 851/1745/1745
f 851/1745/1745 844/1744/1744 843/1746/1746
f 851/1745/1745 843/1746/1746 850/1747/1747
f 850/1747/1747 843/1746/1746 842/1748/1748
f 826/1749/1749 849/1750/1750 827/1751/1751
f 827/1751/1751 849/1750/1750 856/1752/1752
f 827/1751/1751 856/1752/1752 828/1753/1753
f 828/1753/1753 856/1752/1752 855/1754/1754
f 828/1753/1753 855/1754/1754 829/1755/1755
f 829/1755/1755 855/1754/1754 854/1756/1756
f 829/1755/1755 854/1756/1756 830/1757/1757
f 830/1757/1757 854/1756/1756 853/1758/1758
f 830/1757/1757 853/1758/1758 831/1759/1759
f 831/1759/1759 853/1758/1758 852/1760/1760
f 831/1759/1759 852/1760/1760 832/1761/1761
f 832/1761/1761 852/1760/1760 851/1762/1762
f 832/1761/1761 851/1762/1762 833/1763/1763
f 833/1763/1763 851/1762/1762 850/1764/1764
f 850/1765/1765 842/1766/1766 833/1767/1767
f 833/1767/1767 842/1766/1766 834/1768/1768
f 849/1769/1769 826/1770/1770 841/1771/1771
f 841/1771/1771 826/1770/1770 825/1772/1772
g Body1:20

v 2.000000 122.000000 -54.000000
v 2.000000 120.000000 -54.000000
v 2.000000 120.000000 -64.000000
v 2.000000 120.000000 -74.000000
v 2.000000 120.000000 -84.000000
v 2.000000 120.000000 -94.000000
v 2.000000 120.000000 -104.000000
v 2.000000 122.000000 -104.000000
v 2.000000 122.000000 -94.000000
v 2.000000 122.000000 -84.000000
v 2.000000 122.000000 -74.000000
v 2.000000 122.000000 -64.000000
v -0.000000 122.000000 -54.000000
v -0.000000 122.000000 -104.000000
v -0.000000 122.000000 -94.000000
v -0.000000 122.000000 -84.000000
v -0.000000 122.000000 -74.000000
v -0.000000 122.000000 -64.000000
v -0.000000 120.000000 -54.000000
v -0.000000 120.000000 -104.000000
v -0.000000 120.000000 -94.000000
v -0.000000 120.000000 -84.000000
v -0.000000 120.000000 -74.000000
v -0.000000 120.000000 -64.000000
vt 0.000000 0.000000 0.000000
vt 2.000000 0.000000 0.000000
vt 0.000000 10.000000 0.000000
vt 2.000000 10.000000 0.000000
vt 0.000000 20.000000 0.000000
vt 2.000000 20.000000 0.000000
vt 0.000000 30.000000 0.000000
vt 2.000000 30.000000 0.000000
vt 0.000000 40.000000 0.000000
vt 2.000000 40.000000 0.000000
vt 0.000000 50.000000 0.000000
vt 2.000000 50.000000 0.000000
vt -0.000000 0.000000 0.000000
vt 2.000000 0.000000 0.000000
vt -0.000000 10.000000 0.000000
vt 2.000000 10.000000 0.000000
vt -0.000000 20.000000 0.000000
vt 2.000000 20.000000 0.000000
vt -0.000000 30.000000 0.000000
vt 2.000000 30.000000 0.000000
vt -0.000000 40.000000 0.000000
vt 2.000000 40.000000 0.000000
vt -0.000000 50.000000 0.000000
vt 2.000000 50.000000 0.000000
vt -0.000000 0.000000 0.000000
vt 2.000000 0.000000 0.000000
vt -0.000000 10.000000 0.000000
vt 2.000000 10.000000 0.000000
vt -0.000000 20.000000 0.000000
vt 2.000000 20.000000 0.000000
vt -0.000000 30.000000 0.000000
vt 2.000000 30.000000 0.000000
vt -0.000000 40.000000 0.000000
vt 2.000000 40.000000 0.000000
vt -0.000000 50.000000 0.000000
vt 2.000000 50.000000 0.000000
vt 0.000000 0.000000 0.000000
vt 2.000000 0.000000 0.000000
vt 0.000000 10.000000 0.000000
vt 2.000000 10.000000 0.000000
vt 0.000000 20.000000 0.000000
vt 2.000000 20.000000 0.000000
vt 0.000000 30.000000 0.000000
vt 2.000000 30.000000 0.000000
vt 0.000000 40.000000 0.000000
vt 2.000000 40.000000 0.000000
vt 0.000000 50.000000 0.000000
vt 2.000000 50.000000 0.000000
vt 1.000000 1.000000 0.000000
vt -1.000000 1.000000 0.000000
vt 1.000000 -1.000000 0.000000
vt -1.000000 -1.000000 0.000000
vt -1.000000 -1.000000 0.000000
vt 1.000000 -1.000000 0.000000
vt -1.000000 1.000000 0.000000
vt 1.000000 1.000000 0.000000
vn 1.000000 -0.000000 0.000000
vn 1.000000 -0.000000 0.000000
vn 1.000000 -0.000000 0.000000
vn 1.000000 -0.000000 0.000000
vn 1.000000 -0.000000 0.000000
vn 1.000000 -0.000000 0.000000
vn 1.000000 -0.000000 0.000000
vn 1.000000 -0.000000 0.000000
vn 1.000000 -0.000000 0.000000
vn 1.000000 -0.000000 0.000000
vn 1.000000 -0.000000 0.000000
vn 1.000000 -0.000000 0.000000
vn 0.000000 1.000000 -0.000000
vn 0.000000 1.000000 -0.000000
vn 0.000000 1.000000 -0.000000
vn 0.000000 1.000000 -0.000000
vn 0.000000 1.000000 -0.000000
vn 0.000000 1.000000 -0.000000
vn 0.000000 1.000000 -0.000000
vn 0.000000 1.000000 -0.000000
vn 0.000000 1.000000 -0.000000
vn 0.000000 1.000000 -0.000000
vn 0.000000 1.000000 -0.000000
vn 0.000000 1.000000 -0.000000
vn -1.000000 0.000000 -0.000000
vn -1.000000 0.000000 -0.000000
vn -1.000000 0.000000 -0.000000
vn -1.000000 0.000000 -0.000000
vn -1.000000 0.000000 -0.000000
vn -1.000000 0.000000 -0.000000
vn -1.000000 0.000000 -0.000000
vn -1.000000 0.000000 -0.000000
vn -1.000000 0.000000 -0.000000
vn -1.000000 0.000000 -0.000000
vn -1.000000 0.000000 -0.000000
vn -1.000000 0.000000 -0.000000
vn -0.000000 -1.000000 0.000000
vn -0.000000 -1.000000 0.000000
vn -0.000000 -1.000000 0.000000
vn -0.000000 -1.000000 0.000000
vn -0.000000 -1.000000 0.000000
vn -0.000000 -1.000000 0.000000
vn -0.000000 -1.000000 0.000000
vn -0.000000 -1.000000 0.000000
vn -0.000000 -1.000000 0.000000
vn -0.000000 -1.000000 0.000000
vn -0.000000 -1.000000 0.000000
vn -0.000000 -1.000000 0.000000
vn 0.000000 -0.000000 -1.000000
vn 0.000000 -0.000000 -1.000000
vn 0.000000 -0.000000 -1.000000
vn 0.000000 -0.000000 -1.000000
vn -0.000000 0.000000 1.000000
vn -0.000000 0.000000 1.000000
vn -0.000000 0.000000 1.000000
vn -0.000000 0.000000 1.000000
f 857/1773/1773 858/1774/1774 868/1775/1775
f 868/1775/1775 858/1774/1774 859/1776/1776
f 868/1775/1775 859/1776/1776 867/1777/1777
f 867/1777/1777 859/1776/1776 860/1778/1778
f 867/1777/1777 860/1778/1778 866/1779/1779
f 866/1779/1779 860/1778/1778 861/1780/1780
f 866/1779/1779 861/1780/1780 865/1781/1781
f 865/1781/1781 861/1780/1780 862/1782/1782
f 865/1781/1781 862/1782/1782 864/1783/1783
f 864/1783/1783 862/1782/1782 863/1784/1784
f 869/1785/1785 857/1786/1786 874/1787/1787
f 874/1787/1787 857/1786/1786 868/1788/1788
f 874/1787/1787 868/1788/1788 873/1789/1789
f 873/1789/1789 868/1788/1788 867/1790/1790
f 873/1789/1789 867/1790/1790 872/1791/1791
f 872/1791/1791 867/1790/1790 866/1792/1792
f 872/1791/1791 866/1792/1792 871/1793/1793
f 871/1793/1793 866/1792/1792 865/1794/1794
f 871/1793/1793 865/1794/1794 870/1795/1795
f 870/1795/1795 865/1794/1794 864/1796/1796
f 875/1797/1797 869/1798/1798 880/1799/1799
f 880/1799/1799 869/1798/1798 874/1800/1800
f 880/1799/1799 874/1800/1800 879/1801/1801
f 879/1801/1801 874/1800/1800 873/1802/1802
f 879/1801/1801 873/1802/1802 878/1803/1803
f 878/1803/1803 873/1802/1802 872/1804/1804
f 878/1803/1803 872/1804/1804 877/1805/1805
f 877/1805/1805 872/1804/1804 871/1806/1806
f 877/1805/1805 871/1806/1806 876/1807/1807
f 876/1807/1807 871/1806/1806 870/1808/1808
f 858/1809/1809 875/1810/1810 859/1811/1811
f 859/1811/1811 875/1810/1810 880/1812/1812
f 859/1811/1811 880/1812/1812 860/1813/1813
f 860/1813/1813 880/1812/1812 879/1814/1814
f 860/1813/1813 879/1814/1814 861/1815/1815
f 861/1815/1815 879/1814/1814 878/1816/1816
f 861/1815/1815 878/1816/1816 862/1817/1817
f 862/1817/1817 878/1816/1816 877/1818/1818
f 862/1817/1817 877/1818/1818 863/1819/1819
f 863/1819/1819 877/1818/1818 876/1820/1820
f 876/1821/1821 870/1822/1822 863/1823/1823
f 863/1823/1823 870/1822/1822 864/1824/1824
f 875/1825/1825 858/1826/1826 869/1827/1827
f 869/1827/1827 858/1826/1826 857/1828/1828
g Body1:21

v 74.000000 122.000000 -54.000000
v 74.000000 120.000000 -54.000000
v 74.000000 120.000000 -64.000000
v 74.000000 120.000000 -74.000000
v 74.000000 120.000000 -84.000000
v 74.000000 120.000000 -94.000000
v 74.000000 120.000000 -104.000000
v 74.000000 122.000000 -104.000000
v 74.000000 122.000000 -94.000000
v 74.000000 122.000000 -84.000000
v 74.000000 122.000000 -74.000000
v 74.000000 122.000000 -64.000000
v 72.000000 122.000000 -54.000000
v 72.000000 122.000000 -104.000000
v 72.000000 122.000000 -94.000000
v 72.000000 122.000000 -84.000000
v 72.000000 122.000000 -74.000000
v 72.000000 122.000000 -64.000000
v 72.000000 120.000000 -54.000000
v 72.000000 120.000000 -104.000000
v 72.000000 120.000000 -94.000000
v 72.000000 120.000000 -84.000000
v 72.000000 120.000000 -74.000000
v 72.000000 120.000000 -64.000000
vt 0.000000 0.000000 0.000000
vt 2.000000 0.000000 0.000000
vt 0.000000 10.000000 0.000000
vt 2.000000 10.000000 0.000000
vt 0.000000 20.000000 0.000000
vt 2.000000 20.000000 0.000000
vt 0.000000 30.000000 0.000000
vt 2.000000 30.000000 0.000000
vt 0.000000 40.000000 0.000000
vt 2.000000 40.000000 0.000000
vt 0.000000 50.000000 0.000000
vt 2.000000 50.000000 0.000000
vt -0.000000 0.000000 0.000000
vt 2.000000 0.000000 0.000000
vt -0.000000 10.000000 0.000000
vt 2.000000 10.000000 0.000000
vt -0.000000 20.000000 0.000000
vt 2.000000 20.000000 0.000000
vt -0.000000 30.000000 0.000000
vt 2.000000 30.000000 0.000000
vt -0.000000 40.000000 0.000000
vt 2.000000 40.000000 0.000000
vt -0.000000 50.000000 0.000000
vt 2.000000 50.000000 0.000000
vt -0.000000 0.000000 0.000000
vt 2.000000 0.000000 0.000000
vt -0.000000 10.000000 0.000000
vt 2.000000 10.000000 0.000000
vt -0.000000 20.000000 0.000000
vt 2.000000 20.000000 0.000000
vt -0.000000 30.000000 0.000000
vt 2.000000 30.000000 0.000000
vt -0.000000 40.000000 0.000000
vt 2.000000 40.000000 0.000000
vt -0.000000 50.000000 0.000000
vt 2.000000 50.000000 0.000000
vt 0.000000 0.000000 0.000000
vt 2.000000 0.000000 0.000000
vt 0.000000 10.000000 0.000000
vt 2.000000 10.000000 0.000000
vt 0.000000 20.000000 0.000000
vt 2.000000 20.000000 0.000000
vt 0.000000 30.000000 0.000000
vt 2.000000 30.000000 0.000000
vt 0.000000 40.000000 0.000000
vt 2.000000 40.000000 0.000000
vt 0.000000 50.000000 0.000000
vt 2.000000 50.000000 0.000000
vt 1.000000 1.000000 0.000000
vt -1.000000 1.000000 0.000000
vt 1.000000 -1.000000 0.000000
vt -1.000000 -1.000000 0.000000
vt -1.000000 -1.000000 0.000000
vt 1.000000 -1.000000 0.000000
vt -1.000000 1.000000 0.000000
vt 1.000000 1.000000 0.000000
vn 1.000000 -0.000000 0.000000
vn 1.000000 -0.000000 0.000000
vn 1.000000 -0.000000 0.000000
vn 1.000000 -0.000000 0.000000
vn 1.000000 -0.000000 0.000000
vn 1.000000 -0.000000 0.000000
vn 1.000000 -0.000000 0.000000
vn 1.000000 -0.000000 0.000000
vn 1.000000 -0.000000 0.000000
vn 1.000000 -0.000000 0.000000
vn 1.000000 -0.000000 0.000000
vn 1.000000 -0.000000 0.000000
vn 0.000000 1.000000 -0.000000
vn 0.000000 1.000000 -0.000000
vn 0.000000 1.000000 -0.000000
vn 0.000000 1.000000 -0.000000
vn 0.000000 1.000000 -0.000000
vn 0.000000 1.000000 -0.000000
vn 0.000000 1.000000 -0.000000
vn 0.000000 1.000000 -0.000000
vn 0.000000 1.000000 -0.000000
vn 0.000000 1.000000 -0.000000
vn 0.000000 1.000000 -0.000000
vn 0.000000 1.000000 -0.000000
vn -1.000000 0.000000 -0.000000
vn -1.000000 0.000000 -0.000000
vn -1.000000 0.000000 -0.000000
vn -1.000000 0.000000 -0.000000
vn -1.000000 0.000000 -0.000000
vn -1.000000 0.000000 -0.000000
vn -1.000000 0.000000 -0.000000
vn -1.000000 0.000000 -0.000000
vn -1.000000 0.000000 -0.000000
vn -1.000000 0.000000 -0.000000
vn -1.000000 0.000000 -0.000000
vn -1.000000 0.000000 -0.000000
vn -0.000000 -1.000000 0.000000
vn -0.000000 -1.000000 0.000000
vn -0.000000 -1.000000 0.000000
vn -0.000000 -1.000000 0.000000
vn -0.000000 -1.000000 0.000000
vn -0.000000 -1.000000 0.000000
vn -0.000000 -1.000000 0.000000
vn -0.000000 -1.000000 0.000000
vn -0.000000 -1.000000 0.000000
vn -0.000000 -1.000000 0.000000
vn -0.000000 -1.000000 0.000000
vn -0.000000 -1.000000 0.000000
vn 0.000000 -0.000000 -1.000000
vn 0.000000 -0.000000 -1.000000
vn 0.000000 -0.000000 -1.000000
vn 0.000000 -0.000000 -1.000000
vn -0.000000 0.000000 1.000000
vn -0.000000 0.000000 1.000000
vn -0.000000 0.000000 1.000000
vn -0.000000 0.000000 1.000000
f 881/1829/1829 882/1830/1830 892/1831/1831
f 892/1831/1831 882/1830/1830 883/1832/1832
f 892/1831/1831 883/1832/1832 891/1833/1833
f 891/1833/1833 883/1832/1832 884/1834/1834
f 891/1833/1833 884/1834/1834 890/1835/1835
f 890/1835/1835 884/1834/1834 885/1836/1836
f 890/1835/1835 885/1836/1836 889/1837/1837
f 889/1837/1837 885/1836/1836 886/1838/1838
f 889/1837/1837 886/1838/1838 888/1839/1839
f 888/1839/1839 886/1838/1838 887/1840/1840
f 893/1841/1841 881/1842/1842 898/1843/1843
f 898/1843/1843 881/1842/1842 892/1844/1844
f 898/1843/1843 892/1844/1844 897/1845/1845
f 897/1845/1845 892/1844/1844 891/1846/1846
f 897/1845/1845 891/1846/1846 896/1847/1847
f 896/1847/1847 891/1846/1846 890/1848/1848
f 896/1847/1847 890/1848/1848 895/1849/1849
f 895/1849/1849 890/1848/1848 889/1850/1850
f 895/1849/1849 889/1850/1850 894/1851/1851
f 894/1851/1851 889/1850/1850 888/1852/1852
f 899/1853/1853 893/1854/1854 904/1855/1855
f 904/1855/1855 893/1854/1854 898/1856/1856
f 904/1855/1855 898/1856/1856 903/1857/1857
f 903/1857/1857 898/1856/1856 897/1858/1858
f 903/1857/1857 897/1858/1858 902/1859/1859
f 902/1859/1859 897/1858/1858 896/1860/1860
f 902/1859/1859 896/1860/1860 901/1861/1861
f 901/1861/1861 896/1860/1860 895/1862/1862
f 901/1861/1861 895/1862/1862 900/1863/1863
f 900/1863/1863 895/1862/1862 894/1864/1864
f 882/1865/1865 899/1866/1866 883/1867/1867
f 883/1867/1867 899/1866/1866 904/1868/1868
f 883/1867/1867 904/1868/1868 884/1869/1869
f 884/1869/1869 904/1868/1868 903/1870/1870
f 884/1869/1869 903/1870/1870 885/1871/1871
f 885/1871/1871 903/1870/1870 902/1872/1872
f 885/1871/1871 902/1872/1872 886/1873/1873
f 886/1873/1873 902/1872/1872 901/1874/1874
f 886/1873/1873 901/1874/1874 887/1875/1875
f 887/1875/1875 901/1874/1874 900/1876/1876
f 900/1877/1877 894/1878/1878 887/1879/1879
f 887/1879/1879 894/1878/1878 888/1880/1880
f 899/1881/1881 882/1882/1882 893/1883/1883
f 893/1883/1883 882/1882/1882 881/1884/1884
g Body1:22

v 74.000000 0.000000 -52.000000
v 74.000000 0.000000 -54.000000
v 74.000000 10.909091 -54.000000
v 74.000000 21.818182 -54.000000
v 74.000000 32.727273 -54.000000
v 74.000000 43.636364 -54.000000
v 74.000000 54.545455 -54.000000
v 74.000000 65.454545 -54.000000
v 74.000000 76.363636 -54.000000
v 74.000000 87.272727 -54.000000
v 74.000000 98.181818 -54.000000
v 74.000000 109.090909 -54.000000
v 74.000000 120.000000 -54.000000
v 74.000000 120.000000 -52.000000
v 74.000000 109.090909 -52.000000
v 74.000000 98.181818 -52.000000
v 74.000000 87.272727 -52.000000
v 74.000000 76.363636 -52.000000
v 74.000000 65.454545 -52.000000
v 74.000000 54.545455 -52.000000
v 74.000000 43.636364 -52.000000
v 74.000000 32.727273 -52.000000
v 74.000000 21.818182 -52.000000
v 74.000000 10.909091 -52.000000
v 72.000000 0.000000 -52.000000
v 72.000000 120.000000 -52.000000
v 72.000000 109.090909 -52.000000
v 72.000000 98.181818 -52.000000
v 72.000000 87.272727 -52.000000
v 72.000000 76.363636 -52.000000
v 72.000000 65.454545 -52.000000
v 72.000000 54.545455 -52.000000
v 72.000000 43.636364 -52.000000
v 72.000000 32.727273 -52.000000
v 72.000000 21.818182 -52.000000
v 72.000000 10.909091 -52.000000
v 72.000000 0.000000 -54.000000
v 72.000000 120.000000 -54.000000
v 72.000000 109.090909 -54.000000
v 72.000000 98.181818 -54.000000
v 72.000000 87.272727 -54.000000
v 72.000000 76.363636 -54.000000
v 72.000000 65.454545 -54.000000
v 72.000000 54.545455 -54.000000
v 72.000000 43.636364 -54.000000
v 72.000000 32.727273 -54.000000
v 72.000000 21.818182 -54.000000
v 72.000000 10.909091 -54.000000
vt 0.000000 0.000000 0.000000
vt 2.000000 0.000000 0.000000
vt 0.000000 10.909091 0.000000
vt 2.000000 10.909091 0.000000
vt 0.000000 21.818182 0.000000
vt 2.000000 21.818182 0.000000
vt 0.000000 32.727273 0.000000
vt 2.000000 32.727273 0.000000
vt 0.000000 43.636364 0.000000
vt 2.000000 43.636364 0.000000
vt 0.000000 54.545455 0.000000
vt 2.000000 54.545455 0.000000
vt 0.000000 65.454545 0.000000
vt 2.000000 65.454545 0.000000
vt 0.000000 76.363636 0.000000
vt 2.000000 76.363636 0.000000
vt 0.000000 87.272727 0.000000
vt 2.000000 87.272727 0.000000
vt 0.000000 98.181818 0.000000
vt 2.000000 98.181818 0.000000
vt 0.000000 109.090909 0.000000
vt 2.000000 109.090909 0.000000
vt 0.000000 120.000000 0.000000
vt 2.000000 120.000000 0.000000
vt -0.000000 0.000000 0.000000
vt 2.000000 0.000000 0.000000
vt -0.000000 10.909091 0.000000
vt 2.000000 10.909091 0.000000
vt -0.000000 21.818182 0.000000
vt 2.000000 21.818182 0.000000
vt -0.000000 32.727273 0.000000
vt 2.000000 32.727273 0.000000
vt -0.000000 43.636364 0.000000
vt 2.000000 43.636364 0.000000
vt -0.000000 54.545455 0.000000
vt 2.000000 54.545455 0.000000
vt -0.000000 65.454545 0.000000
vt 2.000000 65.454545 0.000000
vt -0.000000 76.363636 0.000000
vt 2.000000 76.363636 0.000000
vt -0.000000 87.272727 0.000000
vt 2.000000 87.272727 0.000000
vt -0.000000 98.181818 0.000000
vt 2.000000 98.181818 0.000000
vt -0.000000 109.090909 0.000000
vt 2.000000 109.090909 0.000000
vt -0.000000 120.000000 0.000000
vt 2.000000 120.000000 0.000000
vt -0.000000 0.000000 0.000000
vt 2.000000 0.000000 0.000000
vt -0.000000 10.909091 0.000000
vt 2.000000 10.909091 0.000000
vt -0.000000 21.818182 0.000000
vt 2.000000 21.818182 0.000000
vt -0.000000 32.727273 0.000000
vt 2.000000 32.727273 0.000000
vt -0.000000 43.636364 0.000000
vt 2.000000 43.636364 0.000000
vt -0.000000 54.545455 0.000000
vt 2.000000 54.545455 0.000000
vt -0.000000 65.454545 0.000000
vt 2.000000 65.454545 0.000000
vt -0.000000 76.363636 0.000000
vt 2.000000 76.363636 0.000000
vt -0.000000 87.272727 0.000000
vt 2.000000 87.272727 0.000000
vt -0.000000 98.181818 0.000000
vt 2.000000 98.181818 0.000000
vt -0.000000 109.090909 0.000000
vt 2.000000 109.090909 0.000000
vt -0.000000 120.000000 0.000000
vt 2.000000 120.000000 0.000000
vt -0.000000 0.000000 0.000000
vt 2.000000 0.000000 0.000000
vt -0.000000 10.909091 0.000000
vt 2.000000 10.909091 0.000000
vt -0.000000 21.818182 0.000000
vt 2.000000 21.818182 0.000000
vt -0.000000 32.727273 0.000000
vt 2.000000 32.727273 0.000000
vt -0.000000 43.636364 0.000000
vt 2.000000 43.636364 0.000000
vt -0.000000 54.545455 0.000000
vt 2.000000 54.545455 0.000000
vt -0.000000 65.454545 0.000000
vt 2.000000 65.454545 0.000000
vt -0.000000 76.363636 0.000000
vt 2.000000 76.363636 0.000000
vt -0.000000 87.272727 0.000000
vt 2.000000 87.272727 0.000000
vt -0.000000 98.181818 0.000000
vt 2.000000 98.181818 0.000000
vt -0.000000 109.090909 0.000000
vt 2.000000 109.090909 0.000000
vt 0.000000 120.000000 0.000000
vt 2.000000 120.000000 0.000000
vt 1.000000 1.000000 0.000000
vt -1.000000 1.000000 0.000000
vt 1.000000 -1.000000 0.000000
vt -1.000000 -1.000000 0.000000
vt -1.000000 -1.000000 0.000000
vt 1.000000 -1.000000 0.000000
vt -1.000000 1.000000 0.000000
vt 1.000000 1.000000 0.000000
vn 1.000000 0.000000 0.000000
vn 1.000000 0.000000 0.000000
vn 1.000000 0.000000 0.000000
vn 1.000000 0.000000 0.000000
vn 1.000000 0.000000 0.000000
vn 1.000000 0.000000 0.000000
vn 1.000000 0.000000 0.000000
vn 1.000000 0.000000 0.000000
vn 1.000000 0.000000 0.000000
vn 1.000000 0.000000 0.000000
vn 1.000000 0.000000 0.000000
vn 1.000000 0.000000 0.000000
vn 1.000000 0.000000 0.000000
vn 1.000000 0.000000 0.000000
vn 1.000000 0.000000 0.000000
vn 1.000000 0.000000 0.000000
vn 1.000000 0.000000 0.000000
vn 1.000000 0.000000 0.000000
vn 1.000000 0.000000 0.000000
vn 1.000000 0.000000 0.000000
vn 1.000000 0.000000 0.000000
vn 1.000000 0.000000 0.000000
vn 1.000000 0.000000 0.000000
vn 1.000000 0.000000 0.000000
vn -0.000000 0.000000 1.000000
vn -0.000000 0.000000 1.000000
vn -0.000000 0.000000 1.000000
vn -0.000000 0.000000 1.000000
vn -0.000000 0.000000 1.000000
vn -0.000000 0.000000 1.000000
vn -0.000000 0.000000 1.000000
vn -0.000000 0.000000 1.000000
vn -0.000000 0.000000 1.000000
vn -0.000000 0.000000 1.000000
vn -0.000000 0.000000 1.000000
vn -0.000000 0.000000 1.000000
vn -0.000000 0.000000 1.000000
vn -0.000000 0.000000 1.000000
vn -0.000000 0.000000 1.000000
vn -0.000000 0.000000 1.000000
vn -0.000000 0.000000 1.000000
vn -0.000000 0.000000 1.000000
vn -0.000000 0.000000 1.000000
vn -0.000000 0.000000 1.000000
vn -0.000000 0.000000 1.000000
vn -0.000000 0.000000 1.000000
vn -0.000000 0.000000 1.000000
vn -0.000000 0.000000 1.000000
vn -1.000000 -0.000000 -0.000000
vn -1.000000 -0.000000 -0.000000
vn -1.000000 -0.000000 -0.000000
vn -1.000000 -0.000000 -0.000000
vn -1.000000 -0.000000 -0.000000
vn -1.000000 -0.000000 -0.000000
vn -1.000000 -0.000000 -0.000000
vn -1.000000 -0.000000 -0.000000
vn -1.000000 -0.000000 -0.000000
vn -1.000000 -0.000000 -0.000000
vn -1.000000 -0.000000 -0.000000
vn -1.000000 -0.000000 -0.000000
vn -1.000000 -0.000000 -0.000000
vn -1.000000 -0.000000 -0.000000
vn -1.000000 -0.000000 -0.000000
vn -1.000000 -0.000000 -0.000000
vn -1.000000 -0.000000 -0.000000
vn -1.000000 -0.000000 -0.000000
vn -1.000000 -0.000000 -0.000000
vn -1.000000 -0.000000 -0.000000
vn -1.000000 -0.000000 -0.000000
vn -1.000000 -0.000000 -0.000000
vn -1.000000 -0.000000 -0.000000
vn -1.000000 -0.000000 -0.000000
vn 0.000000 -0.000000 -1.000000
vn 0.000000 -0.000000 -1.000000
vn 0.000000 -0.000000 -1.000000
vn 0.000000 -0.000000 -1.000000
vn 0.000000 -0.000000 -1.000000
vn 0.000000 -0.000000 -1.000000
vn 0.000000 -0.000000 -1.000000
vn 0.000000 -0.000000 -1.000000
vn 0.000000 -0.000000 -1.000000
vn 0.000000 -0.000000 -1.000000
vn 0.000000 -0.000000 -1.000000
vn 0.000000 -0.000000 -1.000000
vn 0.000000 -0.000000 -1.000000
vn 0.000000 -0.000000 -1.000000
vn 0.000000 -0.000000 -1.000000
vn 0.000000 -0.000000 -1.000000
vn 0.000000 -0.000000 -1.000000
vn 0.000000 -0.000000 -1.000000
vn 0.000000 -0.000000 -1.000000
vn 0.000000 -0.000000 -1.000000
vn 0.000000 -0.000000 -1.000000
vn 0.000000 -0.000000 -1.000000
vn 0.000000 -0.000000 -1.000000
vn 0.000000 -0.000000 -1.000000
vn -0.000000 1.000000 -0.000000
vn -0.000000 1.000000 -0.000000
vn -0.000000 1.000000 -0.000000
vn -0.000000 1.000000 -0.000000
vn 0.000000 -1.000000 0.000000
vn 0.000000 -1.000000 0.000000
vn 0.000000 -1.000000 0.000000
vn 0.000000 -1.000000 0.000000
f 905/1885/1885 906/1886/1886 928/1887/1887
f 928/1887/1887 906/1886/1886 907/1888/1888
f 928/1887/1887 907/1888/1888 927/1889/1889
f 927/1889/1889 907/1888/1888 908/1890/1890
f 927/1889/1889 908/1890/1890 926/1891/1891
f 926/1891/1891 908/1890/1890 909/1892/1892
f 926/1891/1891 909/1892/1892 925/1893/1893
f 925/1893/1893 909/1892/1892 910/1894/1894
f 925/1893/1893 910/1894/1894 924/1895/1895
f 924/1895/1895 910/1894/1894 911/1896/1896
f 924/1895/1895 911/1896/1896 923/1897/1897
f 923/1897/1897 911/1896/1896 912/1898/1898
f 923/1897/1897 912/1898/1898 922/1899/1899
f 922/1899/1899 912/1898/1898 913/1900/1900
f 922/1899/1899 913/1900/1900 921/1901/1901
f 921/1901/1901 913/1900/1900 914/1902/1902
f 921/1901/1901 914/1902/1902 920/1903/1903
f 920/1903/1903 914/1902/1902 915/1904/1904
f 920/1903/1903 915/1904/1904 919/1905/1905
f 919/1905/1905 915/1904/1904 916/1906/1906
f 919/1905/1905 916/1906/1906 918/1907/1907
f 918/1907/1907 916/1906/1906 917/1908/1908
f 929/1909/1909 905/1910/1910 940/1911/1911
f 940/1911/1911 905/1910/1910 928/1912/1912
f 940/1911/1911 928/1912/1912 939/1913/1913
f 939/1913/1913 928/1912/1912 927/1914/1914
f 939/1913/1913 927/1914/1914 938/1915/1915
f 938/1915/1915 927/1914/1914 926/1916/1916
f 938/1915/1915 926/1916/1916 937/1917/1917
f 937/1917/1917 926/1916/1916 925/1918/1918
f 937/1917/1917 925/1918/1918 936/1919/1919
f 936/1919/1919 925/1918/1918 924/1920/1920
f 936/1919/1919 924/1920/1920 935/1921/1921
f 935/1921/1921 924/1920/1920 923/1922/1922
f 935/1921/1921 923/1922/1922 934/1923/1923
f 934/1923/1923 923/1922/1922 922/1924/1924
f 934/1923/1923 922/1924/1924 933/1925/1925
f 933/1925/1925 922/1924/1924 921/1926/1926
f 933/1925/1925 921/1926/1926 932/1927/1927
f 932/1927/1927 921/1926/1926 920/1928/1928
f 932/1927/1927 920/1928/1928 931/1929/1929
f 931/1929/1929 920/1928/1928 919/1930/1930
f 931/1929/1929 919/1930/1930 930/1931/1931
f 930/1931/1931 919/1930/1930 918/1932/1932
f 941/1933/1933 929/1934/1934 952/1935/1935
f 952/1935/1935 929/1934/1934 940/1936/1936
f 952/1935/1935 940/1936/1936 951/1937/1937
f 951/1937/1937 940/1936/1936 939/1938/1938
f 951/1937/1937 939/1938/1938 950/1939/1939
f 950/1939/1939 939/1938/1938 938/1940/1940
f 950/1939/1939 938/1940/1940 949/1941/1941
f 949/1941/1941 938/1940/1940 937/1942/1942
f 949/1941/1941 937/1942/1942 948/1943/1943
f 948/1943/1943 937/1942/1942 936/1944/1944
f 948/1943/1943 936/1944/1944 947/1945/1945
f 947/1945/1945 936/1944/1944 935/1946/1946
f 947/1945/1945 935/1946/1946 946/1947/1947
f 946/1947/1947 935/1946/1946 934/1948/1948
f 946/1947/1947 934/1948/1948 945/1949/1949
f 945/1949/1949 934/1948/1948 933/1950/1950
f 945/1949/1949 933/1950/1950 944/1951/1951
f 944/1951/1951 933/1950/1950 932/1952/1952
f 944/1951/1951 932/1952/1952 943/1953/1953
f 943/1953/1953 932/1952/1952 931/1954/1954
f 943/1953/1953 931/1954/1954 942/1955/1955
f 942/1955/1955 931/1954/1954 930/1956/1956
f 906/1957/1957 941/1958/1958 907/1959/1959
f 907/1959/1959 941/1958/1958 952/1960/1960
f 907/1959/1959 952/1960/1960 908/1961/1961
f 908/1961/1961 952/1960/1960 951/1962/1962
f 908/1961/1961 951/1962/1962 909/1963/1963
f 909/1963/1963 951/1962/1962 950/1964/1964
f 909/1963/1963 950/1964/1964 910/1965/1965
f 910/1965/1965 950/1964/1964 949/1966/1966
f 910/1965/1965 949/1966/1966 911/1967/1967
f 911/1967/1967 949/1966/1966 948/1968/1968
f 911/1967/1967 948/1968/1968 912/1969/1969
f 912/1969/1969 948/1968/1968 947/1970/1970
f 912/1969/1969 947/1970/1970 913/1971/1971
f 913/1971/1971 947/1970/1970 946/1972/1972
f 913/1971/1971 946/1972/1972 914/1973/1973
f 914/1973/1973 946/1972/1972 945/1974/1974
f 914/1973/1973 945/1974/1974 915/1975/1975
f 915/1975/1975 945/1974/1974 944/1976/1976
f 915/1975/1975 944/1976/1976 916/1977/1977
f 916/1977/1977 944/1976/1976 943/1978/1978
f 916/1977/1977 943/1978/1978 917/1979/1979
f 917/1979/1979 943/1978/1978 942/1980/1980
f 942/1981/1981 930/1982/1982 917/1983/1983
f 917/1983/1983 930/1982/1982 918/1984/1984
f 941/1985/1985 906/1986/1986 929/1987/1987
f 929/1987/1987 906/1986/1986 905/1988/1988
g Body1:23

v 72.000000 18.000000 -52.000000
v 72.000000 18.000000 -54.000000
v 62.000000 18.000000 -54.000000
v 52.000000 18.000000 -54.000000
v 42.000000 18.000000 -54.000000
v 32.000000 18.000000 -54.000000
v 22.000000 18.000000 -54.000000
v 12.000000 18.000000 -54.000000
v 2.000000 18.000000 -54.000000
v 2.000000 18.000000 -52.000000
v 12.000000 18.000000 -52.000000
v 22.000000 18.000000 -52.000000
v 32.000000 18.000000 -52.000000
v 42.000000 18.000000 -52.000000
v 52.000000 18.000000 -52.000000
v 62.000000 18.000000 -52.000000
v 72.000000 16.000000 -52.000000
v 2.000000 16.000000 -52.000000
v 12.000000 16.000000 -52.000000
v 22.000000 16.000000 -52.000000
v 32.000000 16.000000 -52.000000
v 42.000000 16.000000 -52.000000
v 52.000000 16.000000 -52.000000
v 62.000000 16.000000 -52.000000
v 72.000000 16.000000 -54.000000
v 2.000000 16.000000 -54.000000
v 12.000000 16.000000 -54.000000
v 22.000000 16.000000 -54.000000
v 32.000000 16.000000 -54.000000
v 42.000000 16.000000 -54.000000
v 52.000000 16.000000 -54.000000
v 62.000000 16.000000 -54.000000
vt 0.000000 0.000000 0.000000
vt 2.000000 0.000000 0.000000
vt 0.000000 10.000000 0.000000
vt 2.000000 10.000000 0.000000
vt 0.000000 20.000000 0.000000
vt 2.000000 20.000000 0.000000
vt 0.000000 30.000000 0.000000
vt 2.000000 30.000000 0.000000
vt 0.000000 40.000000 0.000000
vt 2.000000 40.000000 0.000000
vt 0.000000 50.000000 0.000000
vt 2.000000 50.000000 0.000000
vt 0.000000 60.000000 0.000000
vt 2.000000 60.000000 0.000000
vt 0.000000 70.000000 0.000000
vt 2.000000 70.000000 0.000000
vt -0.000000 0.000000 0.000000
vt 2.000000 0.000000 0.000000
vt -0.000000 10.000000 0.000000
vt 2.000000 10.000000 0.000000
vt -0.000000 20.000000 0.000000
vt 2.000000 20.000000 0.000000
vt -0.000000 30.000000 0.000000
vt 2.000000 30.000000 0.000000
vt -0.000000 40.000000 0.000000
vt 2.000000 40.000000 0.000000
vt -0.000000 50.000000 0.000000
vt 2.000000 50.000000 0.000000
vt -0.000000 60.000000 0.000000
vt 2.000000 60.000000 0.000000
vt -0.000000 70.000000 0.000000
vt 2.000000 70.000000 0.000000
vt -0.000000 0.000000 0.000000
vt 2.000000 0.000000 0.000000
vt -0.000000 10.000000 0.000000
vt 2.000000 10.000000 0.000000
vt -0.000000 20.000000 0.000000
vt 2.000000 20.000000 0.000000
vt -0.000000 30.000000 0.000000
vt 2.000000 30.000000 0.000000
vt -0.000000 40.000000 0.000000
vt 2.000000 40.000000 0.000000
vt -0.000000 50.000000 0.000000
vt 2.000000 50.000000 0.000000
vt -0.000000 60.000000 0.000000
vt 2.000000 60.000000 0.000000
vt -0.000000 70.000000 0.000000
vt 2.000000 70.000000 0.000000
vt 0.000000 0.000000 0.000000
vt 2.000000 0.000000 0.000000
vt 0.000000 10.000000 0.000000
vt 2.000000 10.000000 0.000000
vt 0.000000 20.000000 0.000000
vt 2.000000 20.000000 0.000000
vt 0.000000 30.000000 0.000000
vt 2.000000 30.000000 0.000000
vt 0.000000 40.000000 0.000000
vt 2.000000 40.000000 0.000000
vt 0.000000 50.000000 0.000000
vt 2.000000 50.000000 0.000000
vt 0.000000 60.000000 0.000000
vt 2.000000 60.000000 0.000000
vt 0.000000 70.000000 0.000000
vt 2.000000 70.000000 0.000000
vt 1.000000 1.000000 0.000000
vt -1.000000 1.000000 0.000000
vt 1.000000 -1.000000 0.000000
vt -1.000000 -1.000000 0.000000
vt -1.000000 -1.000000 0.000000
vt 1.000000 -1.000000 0.000000
vt -1.000000 1.000000 0.000000
vt 1.000000 1.000000 0.000000
vn 0.000000 1.000000 -0.000000
vn 0.000000 1.000000 -0.000000
vn 0.000000 1.000000 -0.000000
vn 0.000000 1.000000 -0.000000
vn 0.000000 1.000000 -0.000000
vn 0.000000 1.000000 -0.000000
vn 0.000000 1.000000 -0.000000
vn 0.000000 1.000000 -0.000000
vn 0.000000 1.000000 -0.000000
vn 0.000000 1.000000 -0.000000
vn 0.000000 1.000000 -0.000000
vn 0.000000 1.000000 -0.000000
vn 0.000000 1.000000 -0.000000
vn 0.000000 1.000000 -0.000000
vn 0.000000 1.000000 -0.000000
vn 0.000000 1.000000 -0.000000
vn 0.000000 0.000000 1.000000
vn 0.000000 0.000000 1.000000
vn 0.000000 0.000000 1.000000
vn 0.000000 0.000000 1.000000
vn 0.000000 0.000000 1.000000
vn 0.000000 0.000000 1.000000
vn 0.000000 0.000000 1.000000
vn 0.000000 0.000000 1.000000
vn 0.000000 0.000000 1.000000
vn 0.000000 0.000000 1.000000
vn 0.000000 0.000000 1.000000
vn 0.000000 0.000000 1.000000
vn 0.000000 0.000000 1.000000
vn 0.000000 0.000000 1.000000
vn 0.000000 0.000000 1.000000
vn 0.000000 0.000000 1.000000
vn -0.000000 -1.000000 0.000000
vn -0.000000 -1.000000 0.000000
vn -0.000000 -1.000000 0.000000
vn -0.000000 -1.000000 0.000000
vn -0.000000 -1.000000 0.000000
vn -0.000000 -1.000000 0.000000
vn -0.000000 -1.000000 0.000000
vn -0.000000 -1.000000 0.000000
vn -0.000000 -1.000000 0.000000
vn -0.000000 -1.000000 0.000000
vn -0.000000 -1.000000 0.000000
vn -0.000000 -1.000000 0.000000
vn -0.000000 -1.000000 0.000000
vn -0.000000 -1.000000 0.000000
vn -0.000000 -1.000000 0.000000
vn -0.000000 -1.000000 0.000000
vn -0.000000 -0.000000 -1.000000
vn -0.000000 -0.000000 -1.000000
vn -0.000000 -0.000000 -1.000000
vn -0.000000 -0.000000 -1.000000
vn -0.000000 -0.000000 -1.000000
vn -0.000000 -0.000000 -1.000000
vn -0.000000 -0.000000 -1.000000
vn -0.000000 -0.000000 -1.000000
vn -0.000000 -0.000000 -1.000000
vn -0.000000 -0.000000 -1.000000
vn -0.000000 -0.000000 -1.000000
vn -0.000000 -0.000000 -1.000000
vn -0.000000 -0.000000 -1.000000
vn -0.000000 -0.000000 -1.000000
vn -0.000000 -0.000000 -1.000000
vn -0.000000 -0.000000 -1.000000
vn -1.000000 0.000000 0.000000
vn -1.000000 0.000000 0.000000
vn -1.000000 0.000000 0.000000
vn -1.000000 0.000000 0.000000
vn 1.000000 -0.000000 -0.000000
vn 1.000000 -0.000000 -0.000000
vn 1.000000 -0.000000 -0.000000
vn 1.000000 -0.000000 -0.000000
f 953/1989/1989 954/1990/1990 968/1991/1991
f 968/1991/1991 954/1990/1990 955/1992/1992
f 968/1991/1991 955/1992/1992 967/1993/1993
f 967/1993/1993 955/1992/1992 956/1994/1994
f 967/1993/1993 956/1994/1994 966/1995/1995
f 966/1995/1995 956/1994/1994 957/1996/1996
f 966/1995/1995 957/1996/1996 965/1997/1997
f 965/1997/1997 957/1996/1996 958/1998/1998
f 965/1997/1997 958/1998/1998 964/1999/1999
f 964/1999/1999 958/1998/1998 959/2000/2000
f 964/1999/1999 959/2000/2000 963/2001/2001
f 963/2001/2001 959/2000/2000 960/2002/2002
f 963/2001/2001 960/2002/2002 962/2003/2003
f 962/2003/2003 960/2002/2002 961/2004/2004
f 969/2005/2005 953/2006/2006 976/2007/2007
f 976/2007/2007 953/2006/2006 968/2008/2008
f 976/2007/2007 968/2008/2008 975/2009/2009
f 975/2009/2009 968/2008/2008 967/2010/2010
f 975/2009/2009 967/2010/2010 974/2011/2011
f 974/2011/2011 967/2010/2010 966/2012/2012
f 974/2011/2011 966/2012/2012 973/2013/2013
f 973/2013/2013 966/2012/2012 965/2014/2014
f 973/2013/2013 965/2014/2014 972/2015/2015
f 972/2015/2015 965/2014/2014 964/2016/2016
f 972/2015/2015 964/2016/2016 971/2017/2017
f 971/2017/2017 964/2016/2016 963/2018/2018
f 971/2017/2017 963/2018/2018 970/2019/2019
f 970/2019/2019 963/2018/2018 962/2020/2020
f 977/2021/2021 969/2022/2022 984/2023/2023
f 984/2023/2023 969/2022/2022 976/2024/2024
f 984/2023/2023 976/2024/2024 983/2025/2025
f 983/2025/2025 976/2024/2024 975/2026/2026
f 983/2025/2025 975/2026/2026 982/2027/2027
f 982/2027/2027 975/2026/2026 974/2028/2028
f 982/2027/2027 974/2028/2028 981/2029/2029
f 981/2029/2029 974/2028/2028 973/2030/2030
f 981/2029/2029 973/2030/2030 980/2031/2031
f 980/2031/2031 973/2030/2030 972/2032/2032
f 980/2031/2031 972/2032/2032 979/2033/2033
f 979/2033/2033 972/2032/2032 971/2034/2034
f 979/2033/2033 971/2034/2034 978/2035/2035
f 978/2035/2035 971/2034/2034 970/2036/2036
f 954/2037/2037 977/2038/2038 955/2039/2039
f 955/2039/2039 977/2038/2038 984/2040/2040
f 955/2039/2039 984/2040/2040 956/2041/2041
f 956/2041/2041 984/2040/2040 983/2042/2042
f 956/2041/2041 983/2042/2042 957/2043/2043
f 957/2043/2043 983/2042/2042 982/2044/2044
f 957/2043/2043 982/2044/2044 958/2045/2045
f 958/2045/2045 982/2044/2044 981/2046/2046
f 958/2045/2045 981/2046/2046 959/2047/2047
f 959/2047/2047 981/2046/2046 980/2048/2048
f 959/2047/2047 980/2048/2048 960/2049/2049
f 960/2049/2049 980/2048/2048 979/2050/2050
f 960/2049/2049 979/2050/2050 961/2051/2051
f 961/2051/2051 979/2050/2050 978/2052/2052
f 978/2053/2053 970/2054/2054 961/2055/2055
f 961/2055/2055 970/2054/2054 962/2056/2056
f 977/2057/2057 954/2058/2058 969/2059/2059
f 969/2059/2059 954/2058/2058 953/2060/2060
g Body1:24

v 72.000000 33.000000 -52.000000
v 72.000000 33.000000 -54.000000
v 62.000000 33.000000 -54.000000
v 52.000000 33.000000 -54.000000
v 42.000000 33.000000 -54.000000
v 32.000000 33.000000 -54.000000
v 22.000000 33.000000 -54.000000
v 12.000000 33.000000 -54.000000
v 2.000000 33.000000 -54.000000
v 2.000000 33.000000 -52.000000
v 12.000000 33.000000 -52.000000
v 22.000000 33.000000 -52.000000
v 32.000000 33.000000 -52.000000
v 42.000000 33.000000 -52.000000
v 52.000000 33.000000 -52.000000
v 62.000000 33.000000 -52.000000
v 72.000000 31.000000 -52.000000
v 2.000000 31.000000 -52.000000
v 12.000000 31.000000 -52.000000
v 22.000000 31.000000 -52.000000
v 32.000000 31.000000 -52.000000
v 42.000000 31.000000 -52.000000
v 52.000000 31.000000 -52.000000
v 62.000000 31.000000 -52.000000
v 72.000000 31.000000 -54.000000
v 2.000000 31.000000 -54.000000
v 12.000000 31.000000 -54.000000
v 22.000000 31.000000 -54.000000
v 32.000000 31.000000 -54.000000
v 42.000000 31.000000 -54.000000
v 52.000000 31.000000 -54.000000
v 62.000000 31.000000 -54.000000
vt 0.000000 0.000000 0.000000
vt 2.000000 0.000000 0.000000
vt 0.000000 10.000000 0.000000
vt 2.000000 10.000000 0.000000
vt 0.000000 20.000000 0.000000
vt 2.000000 20.000000 0.000000
vt 0.000000 30.000000 0.000000
vt 2.000000 30.000000 0.000000
vt 0.000000 40.000000 0.000000
vt 2.000000 40.000000 0.000000
vt 0.000000 50.000000 0.000000
vt 2.000000 50.000000 0.000000
vt 0.000000 60.000000 0.000000
vt 2.000000 60.000000 0.000000
vt 0.000000 70.000000 0.000000
vt 2.000000 70.000000 0.000000
vt -0.000000 0.000000 0.000000
vt 2.000000 0.000000 0.000000
vt -0.000000 10.000000 0.000000
vt 2.000000 10.000000 0.000000
vt -0.000000 20.000000 0.000000
vt 2.000000 20.000000 0.000000
vt -0.000000 30.000000 0.000000
vt 2.000000 30.000000 0.000000
vt -0.000000 40.000000 0.000000
vt 2.000000 40.000000 0.000000
vt -0.000000 50.000000 0.000000
vt 2.000000 50.000000 0.000000
vt -0.000000 60.000000 0.000000
vt 2.000000 60.000000 0.000000
vt -0.000000 70.000000 0.000000
vt 2.000000 70.000000 0.000000
vt -0.000000 0.000000 0.000000
vt 2.000000 0.000000 0.000000
vt -0.000000 10.000000 0.000000
vt 2.000000 10.000000 0.000000
vt -0.000000 20.000000 0.000000
vt 2.000000 20.000000 0.000000
vt -0.000000 30.000000 0.000000
vt 2.000000 30.000000 0.000000
vt -0.000000 40.000000 0.000000
vt 2.000000 40.000000 0.000000
vt -0.000000 50.000000 0.000000
vt 2.000000 50.000000 0.000000
vt -0.000000 60.000000 0.000000
vt 2.000000 60.000000 0.000000
vt -0.000000 70.000000 0.000000
vt 2.000000 70.000000 0.000000
vt 0.000000 0.000000 0.000000
vt 2.000000 0.000000 0.000000
vt 0.000000 10.000000 0.000000
vt 2.000000 10.000000 0.000000
vt 0.000000 20.000000 0.000000
vt 2.000000 20.000000 0.000000
vt 0.000000 30.000000 0.000000
vt 2.000000 30.000000 0.000000
vt 0.000000 40.000000 0.000000
vt 2.000000 40.000000 0.000000
vt 0.000000 50.000000 0.000000
vt 2.000000 50.000000 0.000000
vt 0.000000 60.000000 0.000000
vt 2.000000 60.000000 0.000000
vt 0.000000 70.000000 0.000000
vt 2.000000 70.000000 0.000000
vt 1.000000 1.000000 0.000000
vt -1.000000 1.000000 0.000000
vt 1.000000 -1.000000 0.000000
vt -1.000000 -1.000000 0.000000
vt -1.000000 -1.000000 0.000000
vt 1.000000 -1.000000 0.000000
vt -1.000000 1.000000 0.000000
vt 1.000000 1.000000 0.000000
vn 0.000000 1.000000 -0.000000
vn 0.000000 1.000000 -0.000000
vn 0.000000 1.000000 -0.000000
vn 0.000000 1.000000 -0.000000
vn 0.000000 1.000000 -0.000000
vn 0.000000 1.000000 -0.000000
vn 0.000000 1.000000 -0.000000
vn 0.000000 1.000000 -0.000000
vn 0.000000 1.000000 -0.000000
vn 0.000000 1.000000 -0.000000
vn 0.000000 1.000000 -0.000000
vn 0.000000 1.000000 -0.000000
vn 0.000000 1.000000 -0.000000
vn 0.000000 1.000000 -0.000000
vn 0.000000 1.000000 -0.000000
vn 0.000000 1.000000 -0.000000
vn 0.000000 0.000000 1.000000
vn 0.000000 0.000000 1.000000
vn 0.000000 0.000000 1.000000
vn 0.000000 0.000000 1.000000
vn 0.000000 0.000000 1.000000
vn 0.000000 0.000000 1.000000
vn 0.000000 0.000000 1.000000
vn 0.000000 0.000000 1.000000
vn 0.000000 0.000000 1.000000
vn 0.000000 0.000000 1.000000
vn 0.000000 0.000000 1.000000
vn 0.000000 0.000000 1.000000
vn 0.000000 0.000000 1.000000
vn 0.000000 0.000000 1.000000
vn 0.000000 0.000000 1.000000
vn 0.000000 0.000000 1.000000
vn -0.000000 -1.000000 0.000000
vn -0.000000 -1.000000 0.000000
vn -0.000000 -1.000000 0.000000
vn -0.000000 -1.000000 0.000000
vn -0.000000 -1.000000 0.000000
vn -0.000000 -1.000000 0.000000
vn -0.000000 -1.000000 0.000000
vn -0.000000 -1.000000 0.000000
vn -0.000000 -1.000000 0.000000
vn -0.000000 -1.000000 0.000000
vn -0.000000 -1.000000 0.000000
vn -0.000000 -1.000000 0.000000
vn -0.000000 -1.000000 0.000000
vn -0.000000 -1.000000 0.000000
vn -0.000000 -1.000000 0.000000
vn -0.000000 -1.000000 0.000000
vn -0.000000 -0.000000 -1.000000
vn -0.000000 -0.000000 -1.000000
vn -0.000000 -0.000000 -1.000000
vn -0.000000 -0.000000 -1.000000
vn -0.000000 -0.000000 -1.000000
vn -0.000000 -0.000000 -1.000000
vn -0.000000 -0.000000 -1.000000
vn -0.000000 -0.000000 -1.000000
vn -0.000000 -0.000000 -1.000000
vn -0.000000 -0.000000 -1.000000
vn -0.000000 -0.000000 -1.000000
vn -0.000000 -0.000000 -1.000000
vn -0.000000 -0.000000 -1.000000
vn -0.000000 -0.000000 -1.000000
vn -0.000000 -0.000000 -1.000000
vn -0.000000 -0.000000 -1.000000
vn -1.000000 0.000000 0.000000
vn -1.000000 0.000000 0.000000
vn -1.000000 0.000000 0.000000
vn -1.000000 0.000000 0.000000
vn 1.000000 -0.000000 -0.000000
vn 1.000000 -0.000000 -0.000000
vn 1.000000 -0.000000 -0.000000
vn 1.000000 -0.000000 -0.000000
f 985/2061/2061 986/2062/2062 1000/2063/2063
f 1000/2063/2063 986/2062/2062 987/2064/2064
f 1000/2063/2063 987/2064/2064 999/2065/2065
f 999/2065/2065 987/2064/2064 988/2066/2066
f 999/2065/2065 988/2066/2066 998/2067/2067
f 998/2067/2067 988/2066/2066 989/2068/2068
f 998/2067/2067 989/2068/2068 997/2069/2069
f 997/2069/2069 989/2068/2068 990/2070/2070
f 997/2069/2069 990/2070/2070 996/2071/2071
f 996/2071/2071 990/2070/2070 991/2072/2072
f 996/2071/2071 991/2072/2072 995/2073/2073
f 995/2073/2073 991/2072/2072 992/2074/2074
f 995/2073/2073 992/2074/2074 994/2075/2075
f 994/2075/2075 992/2074/2074 993/2076/2076
f 1001/2077/2077 985/2078/2078 1008/2079/2079
f 1008/2079/2079 985/2078/2078 1000/2080/2080
f 1008/2079/2079 1000/2080/2080 1007/2081/2081
f 1007/2081/2081 1000/2080/2080 999/2082/2082
f 1007/2081/2081 999/2082/2082 1006/2083/2083
f 1006/2083/2083 999/2082/2082 998/2084/2084
f 1006/2083/2083 998/2084/2084 1005/2085/2085
f 1005/2085/2085 998/2084/2084 997/2086/2086
f 1005/2085/2085 997/2086/2086 1004/2087/2087
f 1004/2087/2087 997/2086/2086 996/2088/2088
f 1004/2087/2087 996/2088/2088 1003/2089/2089
f 1003/2089/2089 996/2088/2088 995/2090/2090
f 1003/2089/2089 995/2090/2090 1002/2091/2091
f 1002/2091/2091 995/2090/2090 994/2092/2092
f 1009/2093/2093 1001/2094/2094 1016/2095/2095
f 1016/2095/2095 1001/2094/2094 1008/2096/2096
f 1016/2095/2095 1008/2096/2096 1015/2097/2097
f 1015/2097/2097 1008/2096/2096 1007/2098/2098
f 1015/2097/2097 1007/2098/2098 1014/2099/2099
f 1014/2099/2099 1007/2098/2098 1006/2100/2100
f 1014/2099/2099 1006/2100/2100 1013/2101/2101
f 1013/2101/2101 1006/2100/2100 1005/2102/2102
f 1013/2101/2101 1005/2102/2102 1012/2103/2103
f 1012/2103/2103 1005/2102/2102 1004/2104/2104
f 1012/2103/2103 1004/2104/2104 1011/2105/2105
f 1011/2105/2105 1004/2104/2104 1003/2106/2106
f 1011/2105/2105 1003/2106/2106 1010/2107/2107
f 1010/2107/2107 1003/2106/2106 1002/2108/2108
f 986/2109/2109 1009/2110/2110 987/2111/2111
f 987/2111/2111 1009/2110/2110 1016/2112/2112
f 987/2111/2111 1016/2112/2112 988/2113/2113
f 988/2113/2113 1016/2112/2112 1015/2114/2114
f 988/2113/2113 1015/2114/2114 989/2115/2115
f 989/2115/2115 1015/2114/2114 1014/2116/2116
f 989/2115/2115 1014/2116/2116 990/2117/2117
f 990/2117/2117 1014/2116/2116 1013/2118/2118
f 990/2117/2117 1013/2118/2118 991/2119/2119
f 991/2119/2119 1013/2118/2118 1012/2120/2120
f 991/2119/2119 1012/2120/2120 992/2121/2121
f 992/2121/2121 1012/2120/2120 1011/2122/2122
f 992/2121/2121 1011/2122/2122 993/2123/2123
f 993/2123/2123 1011/2122/2122 1010/2124/2124
f 1010/2125/2125 1002/2126/2126 993/2127/2127
f 993/2127/2127 1002/2126/2126 994/2128/2128
f 1009/2129/2129 986/2130/2130 1001/2131/2131
f 1001/2131/2131 986/2130/2130 985/2132/2132
g Body1:25

v 2.000000 61.000000 -54.000000
v 2.000000 59.000000 -54.000000
v 2.000000 59.000000 -64.000000
v 2.000000 59.000000 -74.000000
v 2.000000 59.000000 -84.000000
v 2.000000 59.000000 -94.000000
v 2.000000 59.000000 -104.000000
v 2.000000 61.000000 -104.000000
v 2.000000 61.000000 -94.000000
v 2.000000 61.000000 -84.000000
v 2.000000 61.000000 -74.000000
v 2.000000 61.000000 -64.000000
v -0.000000 61.000000 -54.000000
v -0.000000 61.000000 -104.000000
v -0.000000 61.000000 -94.000000
v -0.000000 61.000000 -84.000000
v -0.000000 61.000000 -74.000000
v -0.000000 61.000000 -64.000000
v -0.000000 59.000000 -54.000000
v -0.000000 59.000000 -104.000000
v -0.000000 59.000000 -94.000000
v -0.000000 59.000000 -84.000000
v -0.000000 59.000000 -74.000000
v -0.000000 59.000000 -64.000000
vt 0.000000 0.000000 0.000000
vt 2.000000 0.000000 0.000000
vt 0.000000 10.000000 0.000000
vt 2.000000 10.000000 0.000000
vt 0.000000 20.000000 0.000000
vt 2.000000 20.000000 0.000000
vt 0.000000 30.000000 0.000000
vt 2.000000 30.000000 0.000000
vt 0.000000 40.000000 0.000000
vt 2.000000 40.000000 0.000000
vt 0.000000 50.000000 0.000000
vt 2.000000 50.000000 0.000000
vt -0.000000 0.000000 0.000000
vt 2.000000 0.000000 0.000000
vt -0.000000 10.000000 0.000000
vt 2.000000 10.000000 0.000000
vt -0.000000 20.000000 0.000000
vt 2.000000 20.000000 0.000000
vt -0.000000 30.000000 0.000000
vt 2.000000 30.000000 0.000000
vt -0.000000 40.000000 0.000000
vt 2.000000 40.000000 0.000000
vt -0.000000 50.000000 0.000000
vt 2.000000 50.000000 0.000000
vt -0.000000 0.000000 0.000000
vt 2.000000 0.000000 0.000000
vt -0.000000 10.000000 0.000000
vt 2.000000 10.000000 0.000000
vt -0.000000 20.000000 0.000000
vt 2.000000 20.000000 0.000000
vt -0.000000 30.000000 0.000000
vt 2.000000 30.000000 0.000000
vt -0.000000 40.000000 0.000000
vt 2.000000 40.000000 0.000000
vt -0.000000 50.000000 0.000000
vt 2.000000 50.000000 0.000000
vt 0.000000 0.000000 0.000000
vt 2.000000 0.000000 0.000000
vt 0.000000 10.000000 0.000000
vt 2.000000 10.000000 0.000000
vt 0.000000 20.000000 0.000000
vt 2.000000 20.000000 0.000000
vt 0.000000 30.000000 0.000000
vt 2.000000 30.000000 0.000000
vt 0.000000 40.000000 0.000000
vt 2.000000 40.000000 0.000000
vt 0.000000 50.000000 0.000000
vt 2.000000 50.000000 0.000000
vt 1.000000 1.000000 0.000000
vt -1.000000 1.000000 0.000000
vt 1.000000 -1.000000 0.000000
vt -1.000000 -1.000000 0.000000
vt -1.000000 -1.000000 0.000000
vt 1.000000 -1.000000 0.000000
vt -1.000000 1.000000 0.000000
vt 1.000000 1.000000 0.000000
vn 1.000000 0.000000 0.000000
vn 1.000000 0.000000 0.000000
vn 1.000000 0.000000 0.000000
vn 1.000000 0.000000 0.000000
vn 1.000000 0.000000 0.000000
vn 1.000000 0.000000 0.000000
vn 1.000000 0.000000 0.000000
vn 1.000000 0.000000 0.000000
vn 1.000000 0.000000 0.000000
vn 1.000000 0.000000 0.000000
vn 1.000000 0.000000 0.000000
vn 1.000000 0.000000 0.000000
vn -0.000000 1.000000 -0.000000
vn -0.000000 1.000000 -0.000000
vn -0.000000 1.000000 -0.000000
vn -0.000000 1.000000 -0.000000
vn -0.000000 1.000000 -0.000000
vn -0.000000 1.000000 -0.000000
vn -0.000000 1.000000 -0.000000
vn -0.000000 1.000000 -0.000000
vn -0.000000 1.000000 -0.000000
vn -0.000000 1.000000 -0.000000
vn -0.000000 1.000000 -0.000000
vn -0.000000 1.000000 -0.000000
vn -1.000000 -0.000000 -0.000000
vn -1.000000 -0.000000 -0.000000
vn -1.000000 -0.000000 -0.000000
vn -1.000000 -0.000000 -0.000000
vn -1.000000 -0.000000 -0.000000
vn -1.000000 -0.000000 -0.000000
vn -1.000000 -0.000000 -0.000000
vn -1.000000 -0.000000 -0.000000
vn -1.000000 -0.000000 -0.000000
vn -1.000000 -0.000000 -0.000000
vn -1.000000 -0.000000 -0.000000
vn -1.000000 -0.000000 -0.000000
vn 0.000000 -1.000000 0.000000
vn 0.000000 -1.000000 0.000000
vn 0.000000 -1.000000 0.000000
vn 0.000000 -1.000000 0.000000
vn 0.000000 -1.000000 0.000000
vn 0.000000 -1.000000 0.000000
vn 0.000000 -1.000000 0.000000
vn 0.000000 -1.000000 0.000000
vn 0.000000 -1.000000 0.000000
vn 0.000000 -1.000000 0.000000
vn 0.000000 -1.000000 0.000000
vn 0.000000 -1.000000 0.000000
vn 0.000000 -0.000000 -1.000000
vn 0.000000 -0.000000 -1.000000
vn 0.000000 -0.000000 -1.000000
vn 0.000000 -0.000000 -1.000000
vn -0.000000 0.000000 1.000000
vn -0.000000 0.000000 1.000000
vn -0.000000 0.000000 1.000000
vn -0.000000 0.000000 1.000000
f 1017/2133/2133 1018/2134/2134 1028/2135/2135
f 1028/2135/2135 1018/2134/2134 1019/2136/2136
f 1028/2135/2135 1019/2136/2136 1027/2137/2137
f 1027/2137/2137 1019/2136/2136 1020/2138/2138
f 1027/2137/2137 1020/2138/2138 1026/2139/2139
f 1026/2139/2139 1020/2138/2138 1021/2140/2140
f 1026/2139/2139 1021/2140/2140 1025/2141/2141
f 1025/2141/2141 1021/2140/2140 1022/2142/2142
f 1025/2141/2141 1022/2142/2142 1024/2143/2143
f 1024/2143/2143 1022/2142/2142 1023/2144/2144
f 1029/2145/2145 1017/2146/2146 1034/2147/2147
f 1034/2147/2147 1017/2146/2146 1028/2148/2148
f 1034/2147/2147 1028/2148/2148 1033/2149/2149
f 1033/2149/2149 1028/2148/2148 1027/2150/2150
f 1033/2149/2149 1027/2150/2150 1032/2151/2151
f 1032/2151/2151 1027/2150/2150 1026/2152/2152
f 1032/2151/2151 1026/2152/2152 1031/2153/2153
f 1031/2153/2153 1026/2152/2152 1025/2154/2154
f 1031/2153/2153 1025/2154/2154 1030/2155/2155
f 1030/2155/2155 1025/2154/2154 1024/2156/2156
f 1035/2157/2157 1029/2158/2158 1040/2159/2159
f 1040/2159/2159 1029/2158/2158 1034/2160/2160
f 1040/2159/2159 1034/2160/2160 1039/2161/2161
f 1039/2161/2161 1034/2160/2160 1033/2162/2162
f 1039/2161/2161 1033/2162/2162 1038/2163/2163
f 1038/2163/2163 1033/2162/2162 1032/2164/2164
f 1038/2163/2163 1032/2164/2164 1037/2165/2165
f 1037/2165/2165 1032/2164/2164 1031/2166/2166
f 1037/2165/2165 1031/2166/2166 1036/2167/2167
f 1036/2167/2167 1031/2166/2166 1030/2168/2168
f 1018/2169/2169 1035/2170/2170 1019/2171/2171
f 1019/2171/2171 1035/2170/2170 1040/2172/2172
f 1019/2171/2171 1040/2172/2172 1020/2173/2173
f 1020/2173/2173 1040/2172/2172 1039/2174/2174
f 1020/2173/2173 1039/2174/2174 1021/2175/2175
f 1021/2175/2175 1039/2174/2174 1038/2176/2176
f 1021/2175/2175 1038/2176/2176 1022/2177/2177
f 1022/2177/2177 1038/2176/2176 1037/2178/2178
f 1022/2177/2177 1037/2178/2178 1023/2179/2179
f 1023/2179/2179 1037/2178/2178 1036/2180/2180
f 1036/2181/2181 1030/2182/2182 1023/2183/2183
f 1023/2183/2183 1030/2182/2182 1024/2184/2184
f 1035/2185/2185 1018/2186/2186 1029/2187/2187
f 1029/2187/2187 1018/2186/2186 1017/2188/2188
g Body1:26

v 73.000000 61.000000 -54.000000
v 73.000000 59.000000 -54.000000
v 73.000000 59.000000 -64.000000
v 73.000000 59.000000 -74.000000
v 73.000000 59.000000 -84.000000
v 73.000000 59.000000 -94.000000
v 73.000000 59.000000 -104.000000
v 73.000000 61.000000 -104.000000
v 73.000000 61.000000 -94.000000
v 73.000000 61.000000 -84.000000
v 73.000000 61.000000 -74.000000
v 73.000000 61.000000 -64.000000
v 71.000000 61.000000 -54.000000
v 71.000000 61.000000 -104.000000
v 71.000000 61.000000 -94.000000
v 71.000000 61.000000 -84.000000
v 71.000000 61.000000 -74.000000
v 71.000000 61.000000 -64.000000
v 71.000000 59.000000 -54.000000
v 71.000000 59.000000 -104.000000
v 71.000000 59.000000 -94.000000
v 71.000000 59.000000 -84.000000
v 71.000000 59.000000 -74.000000
v 71.000000 59.000000 -64.000000
vt 0.000000 0.000000 0.000000
vt 2.000000 0.000000 0.000000
vt 0.000000 10.000000 0.000000
vt 2.000000 10.000000 0.000000
vt 0.000000 20.000000 0.000000
vt 2.000000 20.000000 0.000000
vt 0.000000 30.000000 0.000000
vt 2.000000 30.000000 0.000000
vt 0.000000 40.000000 0.000000
vt 2.000000 40.000000 0.000000
vt 0.000000 50.000000 0.000000
vt 2.000000 50.000000 0.000000
vt -0.000000 0.000000 0.000000
vt 2.000000 0.000000 0.000000
vt -0.000000 10.000000 0.000000
vt 2.000000 10.000000 0.000000
vt -0.000000 20.000000 0.000000
vt 2.000000 20.000000 0.000000
vt -0.000000 30.000000 0.000000
vt 2.000000 30.000000 0.000000
vt -0.000000 40.000000 0.000000
vt 2.000000 40.000000 0.000000
vt -0.000000 50.000000 0.000000
vt 2.000000 50.000000 0.000000
vt -0.000000 0.000000 0.000000
vt 2.000000 0.000000 0.000000
vt -0.000000 10.000000 0.000000
vt 2.000000 10.000000 0.000000
vt -0.000000 20.000000 0.000000
vt 2.000000 20.000000 0.000000
vt -0.000000 30.000000 0.000000
vt 2.000000 30.000000 0.000000
vt -0.000000 40.000000 0.000000
vt 2.000000 40.000000 0.000000
vt -0.000000 50.000000 0.000000
vt 2.000000 50.000000 0.000000
vt 0.000000 0.000000 0.000000
vt 2.000000 0.000000 0.000000
vt 0.000000 10.000000 0.000000
vt 2.000000 10.000000 0.000000
vt 0.000000 20.000000 0.000000
vt 2.000000 20.000000 0.000000
vt 0.000000 30.000000 0.000000
vt 2.000000 30.000000 0.000000
vt 0.000000 40.000000 0.000000
vt 2.000000 40.000000 0.000000
vt 0.000000 50.000000 0.000000
vt 2.000000 50.000000 0.000000
vt 1.000000 1.000000 0.000000
vt -1.000000 1.000000 0.000000
vt 1.000000 -1.000000 0.000000
vt -1.000000 -1.000000 0.000000
vt -1.000000 -1.000000 0.000000
vt 1.000000 -1.000000 0.000000
vt -1.000000 1.000000 0.000000
vt 1.000000 1.000000 0.000000
vn 1.000000 0.000000 -0.000000
vn 1.000000 0.000000 -0.000000
vn 1.000000 0.000000 -0.000000
vn 1.000000 0.000000 -0.000000
vn 1.000000 0.000000 -0.000000
vn 1.000000 0.000000 -0.000000
vn 1.000000 0.000000 -0.000000
vn 1.000000 0.000000 -0.000000
vn 1.000000 0.000000 -0.000000
vn 1.000000 0.000000 -0.000000
vn 1.000000 0.000000 -0.000000
vn 1.000000 0.000000 -0.000000
vn -0.000000 1.000000 -0.000000
vn -0.000000 1.000000 -0.000000
vn -0.000000 1.000000 -0.000000
vn -0.000000 1.000000 -0.000000
vn -0.000000 1.000000 -0.000000
vn -0.000000 1.000000 -0.000000
vn -0.000000 1.000000 -0.000000
vn -0.000000 1.000000 -0.000000
vn -0.000000 1.000000 -0.000000
vn -0.000000 1.000000 -0.000000
vn -0.000000 1.000000 -0.000000
vn -0.000000 1.000000 -0.000000
vn -1.000000 -0.000000 0.000000
vn -1.000000 -0.000000 0.000000
vn -1.000000 -0.000000 0.000000
vn -1.000000 -0.000000 0.000000
vn -1.000000 -0.000000 0.000000
vn -1.000000 -0.000000 0.000000
vn -1.000000 -0.000000 0.000000
vn -1.000000 -0.000000 0.000000
vn -1.000000 -0.000000 0.000000
vn -1.000000 -0.000000 0.000000
vn -1.000000 -0.000000 0.000000
vn -1.000000 -0.000000 0.000000
vn 0.000000 -1.000000 0.000000
vn 0.000000 -1.000000 0.000000
vn 0.000000 -1.000000 0.000000
vn 0.000000 -1.000000 0.000000
vn 0.000000 -1.000000 0.000000
vn 0.000000 -1.000000 0.000000
vn 0.000000 -1.000000 0.000000
vn 0.000000 -1.000000 0.000000
vn 0.000000 -1.000000 0.000000
vn 0.000000 -1.000000 0.000000
vn 0.000000 -1.000000 0.000000
vn 0.000000 -1.000000 0.000000
vn -0.000000 -0.000000 -1.000000
vn -0.000000 -0.000000 -1.000000
vn -0.000000 -0.000000 -1.000000
vn -0.000000 -0.000000 -1.000000
vn 0.000000 0.000000 1.000000
vn 0.000000 0.000000 1.000000
vn 0.000000 0.000000 1.000000
vn 0.000000 0.000000 1.000000
f 1041/2189/2189 1042/2190/2190 1052/2191/2191
f 1052/2191/2191 1042/2190/2190 1043/2192/2192
f 1052/2191/2191 1043/2192/2192 1051/2193/2193
f 1051/2193/2193 1043/2192/2192 1044/2194/2194
f 1051/2193/2193 1044/2194/2194 1050/2195/2195
f 1050/2195/2195 1044/2194/2194 1045/2196/2196
f 1050/2195/2195 1045/2196/2196 1049/2197/2197
f 1049/2197/2197 1045/2196/2196 1046/2198/2198
f 1049/2197/2197 1046/2198/2198 1048/2199/2199
f 1048/2199/2199 1046/2198/2198 1047/2200/2200
f 1053/2201/2201 1041/2202/2202 1058/2203/2203
f 1058/2203/2203 1041/2202/2202 1052/2204/2204
f 1058/2203/2203 1052/2204/2204 1057/2205/2205
f 1057/2205/2205 1052/2204/2204 1051/2206/2206
f 1057/2205/2205 1051/2206/2206 1056/2207/2207
f 1056/2207/2207 1051/2206/2206 1050/2208/2208
f 1056/2207/2207 1050/2208/2208 1055/2209/2209
f 1055/2209/2209 1050/2208/2208 1049/2210/2210
f 1055/2209/2209 1049/2210/2210 1054/2211/2211
f 1054/2211/2211 1049/2210/2210 1048/2212/2212
f 1059/2213/2213 1053/2214/2214 1064/2215/2215
f 1064/2215/2215 1053/2214/2214 1058/2216/2216
f 1064/2215/2215 1058/2216/2216 1063/2217/2217
f 1063/2217/2217 1058/2216/2216 1057/2218/2218
f 1063/2217/2217 1057/2218/2218 1062/2219/2219
f 1062/2219/2219 1057/2218/2218 1056/2220/2220
f 1062/2219/2219 1056/2220/2220 1061/2221/2221
f 1061/2221/2221 1056/2220/2220 1055/2222/2222
f 1061/2221/2221 1055/2222/2222 1060/2223/2223
f 1060/2223/2223 1055/2222/2222 1054/2224/2224
f 1042/2225/2225 1059/2226/2226 1043/2227/2227
f 1043/2227/2227 1059/2226/2226 1064/2228/2228
f 1043/2227/2227 1064/2228/2228 1044/2229/2229
f 1044/2229/2229 1064/2228/2228 1063/2230/2230
f 1044/2229/2229 1063/2230/2230 1045/2231/2231
f 1045/2231/2231 1063/2230/2230 1062/2232/2232
f 1045/2231/2231 1062/2232/2232 1046/2233/2233
f 1046/2233/2233 1062/2232/2232 1061/2234/2234
f 1046/2233/2233 1061/2234/2234 1047/2235/2235
f 1047/2235/2235 1061/2234/2234 1060/2236/2236
f 1060/2237/2237 1054/2238/2238 1047/2239/2239
f 1047/2239/2239 1054/2238/2238 1048/2240/2240
f 1059/2241/2241 1042/2242/2242 1053/2243/2243
f 1053/2243/2243 1042/2242/2242 1041/2244/2244
g Body1:27

v 67.480000 122.317500 8.960000
v 57.320000 122.317500 8.960000
v 47.160000 122.317500 8.960000
v 37.000000 122.317500 8.960000
v 26.840000 122.317500 8.960000
v 16.680000 122.317500 8.960000
v 6.520000 122.317500 8.960000
v 6.520000 122.000000 8.960000
v 16.680000 122.000000 8.960000
v 26.840000 122.000000 8.960000
v 37.000000 122.000000 8.960000
v 47.160000 122.000000 8.960000
v 57.320000 122.000000 8.960000
v 67.480000 122.000000 8.960000
v 67.480000 122.317500 -52.000000
v 67.480000 122.317500 -41.840000
v 67.480000 122.317500 -31.680000
v 67.480000 122.317500 -21.520000
v 67.480000 122.317500 -11.360000
v 67.480000 122.317500 -1.200000
v 67.480000 122.000000 -1.200000
v 67.480000 122.000000 -11.360000
v 67.480000 122.000000 -21.520000
v 67.480000 122.000000 -31.680000
v 67.480000 122.000000 -41.840000
v 67.480000 122.000000 -52.000000
v 6.520000 122.317500 -52.000000
v 16.680000 122.317500 -52.000000
v 26.840000 122.317500 -52.000000
v 37.000000 122.317500 -52.000000
v 47.160000 122.317500 -52.000000
v 57.320000 122.317500 -52.000000
v 57.320000 122.000000 -52.000000
v 47.160000 122.000000 -52.000000
v 37.000000 122.000000 -52.000000
v 26.840000 122.000000 -52.000000
v 16.680000 122.000000 -52.000000
v 6.520000 122.000000 -52.000000
v 6.520000 122.317500 -1.200000
v 6.520000 122.317500 -11.360000
v 6.520000 122.317500 -21.520000
v 6.520000 122.317500 -31.680000
v 6.520000 122.317500 -41.840000
v 6.520000 122.000000 -41.840000
v 6.520000 122.000000 -31.680000
v 6.520000 122.000000 -21.520000
v 6.520000 122.000000 -11.360000
v 6.520000 122.000000 -1.200000
v 16.680000 122.000000 -41.840000
v 16.680000 122.000000 -31.680000
v 16.680000 122.000000 -21.520000
v 16.680000 122.000000 -11.360000
v 16.680000 122.000000 -1.200000
v 26.840000 122.000000 -41.840000
v 26.840000 122.000000 -31.680000
v 26.840000 122.000000 -21.520000
v 26.840000 122.000000 -11.360000
v 26.840000 122.000000 -1.200000
v 37.000000 122.000000 -41.840000
v 37.000000 122.000000 -31.680000
v 37.000000 122.000000 -21.520000
v 37.000000 122.000000 -11.360000
v 37.000000 122.000000 -1.200000
v 47.160000 122.000000 -41.840000
v 47.160000 122.000000 -31.680000
v 47.160000 122.000000 -21.520000
v 47.160000 122.000000 -11.360000
v 47.160000 122.000000 -1.200000
v 57.320000 122.000000 -41.840000
v 57.320000 122.000000 -31.680000
v 57.320000 122.000000 -21.520000
v 57.320000 122.000000 -11.360000
v 57.320000 122.000000 -1.200000
v 16.680000 122.317500 -41.840000
v 26.840000 122.317500 -41.840000
v 37.000000 122.317500 -41.840000
v 47.160000 122.317500 -41.840000
v 57.320000 122.317500 -41.840000
v 16.680000 122.317500 -31.680000
v 26.840000 122.317500 -31.680000
v 37.000000 122.317500 -31.680000
v 47.160000 122.317500 -31.680000
v 57.320000 122.317500 -31.680000
v 16.680000 122.317500 -21.520000
v 26.840000 122.317500 -21.520000
v 37.000000 122.317500 -21.520000
v 47.160000 122.317500 -21.520000
v 57.320000 122.317500 -21.520000
v 16.680000 122.317500 -11.360000
v 26.840000 122.317500 -11.360000
v 37.000000 122.317500 -11.360000
v 47.160000 122.317500 -11.360000
v 57.320000 122.317500 -11.360000
v 16.680000 122.317500 -1.200000
v 26.840000 122.317500 -1.200000
v 37.000000 122.317500 -1.200000
v 47.160000 122.317500 -1.200000
v 57.320000 122.317500 -1.200000
vt 0.000000 0.000000 0.000000
vt 10.160000 0.000000 0.000000
vt 0.000000 0.317500 0.000000
vt 10.160000 0.317500 0.000000
vt 20.320000 0.000000 0.000000
vt 20.320000 0.317500 0.000000
vt 30.480000 0.000000 0.000000
vt 30.480000 0.317500 0.000000
vt 40.640000 0.000000 0.000000
vt 40.640000 0.317500 0.000000
vt 50.800000 0.000000 0.000000
vt 50.800000 0.317500 0.000000
vt 60.960000 0.000000 0.000000
vt 60.960000 0.317500 0.000000
vt 0.000000 0.000000 0.000000
vt 10.160000 0.000000 0.000000
vt 0.000000 0.317500 0.000000
vt 10.160000 0.317500 0.000000
vt 20.320000 0.000000 0.000000
vt 20.320000 0.317500 0.000000
vt 30.480000 0.000000 0.000000
vt 30.480000 0.317500 0.000000
vt 40.640000 0.000000 0.000000
vt 40.640000 0.317500 0.000000
vt 50.800000 0.000000 0.000000
vt 50.800000 0.317500 0.000000
vt 60.960000 0.000000 0.000000
vt 60.960000 0.317500 0.000000
vt 0.000000 0.000000 0.000000
vt 10.160000 0.000000 0.000000
vt 0.000000 0.317500 0.000000
vt 10.160000 0.317500 0.000000
vt 20.320000 0.000000 0.000000
vt 20.320000 0.317500 0.000000
vt 30.480000 0.000000 0.000000
vt 30.480000 0.317500 0.000000
vt 40.640000 0.000000 0.000000
vt 40.640000 0.317500 0.000000
vt 50.800000 0.000000 0.000000
vt 50.800000 0.317500 0.000000
vt 60.960000 0.000000 0.000000
vt 60.960000 0.317500 0.000000
vt 0.000000 0.000000 0.000000
vt 10.160000 0.000000 0.000000
vt 0.000000 0.317500 0.000000
vt 10.160000 0.317500 0.000000
vt 20.320000 0.000000 0.000000
vt 20.320000 0.317500 0.000000
vt 30.480000 0.000000 0.000000
vt 30.480000 0.317500 0.000000
vt 40.640000 0.000000 0.000000
vt 40.640000 0.317500 0.000000
vt 50.800000 0.000000 0.000000
vt 50.800000 0.317500 0.000000
vt 60.960000 0.000000 0.000000
vt 60.960000 0.317500 0.000000
vt -30.480000 -30.480000 0.000000
vt -20.320000 -30.480000 0.000000
vt -30.480000 -20.320000 0.000000
vt -20.320000 -20.320000 0.000000
vt -30.480000 -10.160000 0.000000
vt -20.320000 -10.160000 0.000000
vt -30.480000 0.000000 0.000000
vt -20.320000 0.000000 0.000000
vt -30.480000 10.160000 0.000000
vt -20.320000 10.160000 0.000000
vt -30.480000 20.320000 0.000000
vt -20.320000 20.320000 0.000000
vt -30.480000 30.480000 0.000000
vt -20.320000 30.480000 0.000000
vt -10.160000 20.320000 0.000000
vt -10.160000 30.480000 0.000000
vt 0.000000 20.320000 0.000000
vt 0.000000 30.480000 0.000000
vt 10.160000 20.320000 0.000000
vt 10.160000 30.480000 0.000000
vt 20.320000 20.320000 0.000000
vt 20.320000 30.480000 0.000000
vt 30.480000 20.320000 0.000000
vt 30.480000 30.480000 0.000000
vt -10.160000 -30.480000 0.000000
vt -10.160000 -20.320000 0.000000
vt -10.160000 -10.160000 0.000000
vt -10.160000 0.000000 0.000000
vt -10.160000 10.160000 0.000000
vt 0.000000 -30.480000 0.000000
vt 0.000000 -20.320000 0.000000
vt 0.000000 -10.160000 0.000000
vt 0.000000 0.000000 0.000000
vt 0.000000 10.160000 0.000000
vt 10.160000 -30.480000 0.000000
vt 10.160000 -20.320000 0.000000
vt 10.160000 -10.160000 0.000000
vt 10.160000 0.000000 0.000000
vt 10.160000 10.160000 0.000000
vt 20.320000 -30.480000 0.000000
vt 20.320000 -20.320000 0.000000
vt 20.320000 -10.160000 0.000000
vt 20.320000 0.000000 0.000000
vt 20.320000 10.160000 0.000000
vt 30.480000 -30.480000 0.000000
vt 30.480000 -20.320000 0.000000
vt 30.480000 -10.160000 0.000000
vt 30.480000 0.000000 0.000000
vt 30.480000 10.160000 0.000000
vt 20.320000 -30.480000 0.000000
vt 30.480000 -30.480000 0.000000
vt 20.320000 -20.320000 0.000000
vt 30.480000 -20.320000 0.000000
vt 20.320000 -10.160000 0.000000
vt 30.480000 -10.160000 0.000000
vt 20.320000 0.000000 0.000000
vt 30.480000 0.000000 0.000000
vt 20.320000 10.160000 0.000000
vt 30.480000 10.160000 0.000000
vt 20.320000 20.320000 0.000000
vt 30.480000 20.320000 0.000000
vt 20.320000 30.480000 0.000000
vt 30.480000 30.480000 0.000000
vt 10.160000 30.480000 0.000000
vt 10.160000 20.320000 0.000000
vt 10.160000 10.160000 0.000000
vt 10.160000 0.000000 0.000000
vt 10.160000 -10.160000 0.000000
vt 10.160000 -20.320000 0.000000
vt 10.160000 -30.480000 0.000000
vt 0.000000 -20.320000 0.000000
vt -0.000000 -30.480000 0.000000
vt -10.160000 -20.320000 0.000000
vt -10.160000 -30.480000 0.000000
vt -20.320000 -20.320000 0.000000
vt -20.320000 -30.480000 0.000000
vt -30.480000 -20.320000 0.000000
vt -30.480000 -30.480000 0.000000
vt -0.000000 30.480000 0.000000
vt 0.000000 20.320000 0.000000
vt 0.000000 10.160000 0.000000
vt 0.000000 0.000000 0.000000
vt 0.000000 -10.160000 0.000000
vt -10.160000 30.480000 0.000000
vt -10.160000 20.320000 0.000000
vt -10.160000 10.160000 0.000000
vt -10.160000 0.000000 0.000000
vt -10.160000 -10.160000 0.000000
vt -20.320000 30.480000 0.000000
vt -20.320000 20.320000 0.000000
vt -20.320000 10.160000 0.000000
vt -20.320000 0.000000 0.000000
vt -20.320000 -10.160000 0.000000
vt -30.480000 30.480000 0.000000
vt -30.480000 20.320000 0.000000
vt -30.480000 10.160000 0.000000
vt -30.480000 0.000000 0.000000
vt -30.480000 -10.160000 0.000000
vn -0.000000 0.000000 1.000000
vn -0.000000 0.000000 1.000000
vn -0.000000 0.000000 1.000000
vn -0.000000 0.000000 1.000000
vn -0.000000 0.000000 1.000000
vn -0.000000 0.000000 1.000000
vn -0.000000 0.000000 1.000000
vn -0.000000 0.000000 1.000000
vn -0.000000 0.000000 1.000000
vn -0.000000 0.000000 1.000000
vn -0.000000 0.000000 1.000000
vn -0.000000 0.000000 1.000000
vn -0.000000 0.000000 1.000000
vn -0.000000 0.000000 1.000000
vn 1.000000 0.000000 0.000000
vn 1.000000 0.000000 0.000000
vn 1.000000 0.000000 0.000000
vn 1.000000 0.000000 0.000000
vn 1.000000 0.000000 0.000000
vn 1.000000 0.000000 0.000000
vn 1.000000 0.000000 0.000000
vn 1.000000 0.000000 0.000000
vn 1.000000 0.000000 0.000000
vn 1.000000 0.000000 0.000000
vn 1.000000 0.000000 0.000000
vn 1.000000 0.000000 0.000000
vn 1.000000 0.000000 0.000000
vn 1.000000 0.000000 0.000000
vn 0.000000 -0.000000 -1.000000
vn 0.000000 -0.000000 -1.000000
vn 0.000000 -0.000000 -1.000000
vn 0.000000 -0.000000 -1.000000
vn 0.000000 -0.000000 -1.000000
vn 0.000000 -0.000000 -1.000000
vn 0.000000 -0.000000 -1.000000
vn 0.000000 -0.000000 -1.000000
vn 0.000000 -0.000000 -1.000000
vn 0.000000 -0.000000 -1.000000
vn 0.000000 -0.000000 -1.000000
vn 0.000000 -0.000000 -1.000000
vn 0.000000 -0.000000 -1.000000
vn 0.000000 -0.000000 -1.000000
vn -1.000000 -0.000000 -0.000000
vn -1.000000 -0.000000 -0.000000
vn -1.000000 -0.000000 -0.000000
vn -1.000000 -0.000000 -0.000000
vn -1.000000 -0.000000 -0.000000
vn -1.000000 -0.000000 -0.000000
vn -1.000000 -0.000000 -0.000000
vn -1.000000 -0.000000 -0.000000
vn -1.000000 -0.000000 -0.000000
vn -1.000000 -0.000000 -0.000000
vn -1.000000 -0.000000 -0.000000
vn -1.000000 -0.000000 -0.000000
vn -1.000000 -0.000000 -0.000000
vn -1.000000 -0.000000 -0.000000
vn 0.000000 -1.000000 0.000000
vn 0.000000 -1.000000 0.000000
vn 0.000000 -1.000000 0.000000
vn 0.000000 -1.000000 0.000000
vn 0.000000 -1.000000 0.000000
vn 0.000000 -1.000000 0.000000
vn 0.000000 -1.000000 0.000000
vn 0.000000 -1.000000 0.000000
vn 0.000000 -1.000000 0.000000
vn 0.000000 -1.000000 0.000000
vn 0.000000 -1.000000 0.000000
vn 0.000000 -1.000000 0.000000
vn 0.000000 -1.000000 0.000000
vn 0.000000 -1.000000 0.000000
vn 0.000000 -1.000000 0.000000
vn 0.000000 -1.000000 0.000000
vn 0.000000 -1.000000 0.000000
vn 0.000000 -1.000000 0.000000
vn 0.000000 -1.000000 0.000000
vn 0.000000 -1.000000 0.000000
vn 0.000000 -1.000000 0.000000
vn 0.000000 -1.000000 0.000000
vn 0.000000 -1.000000 0.000000
vn 0.000000 -1.000000 0.000000
vn 0.000000 -1.000000 0.000000
vn 0.000000 -1.000000 0.000000
vn 0.000000 -1.000000 0.000000
vn 0.000000 -1.000000 0.000000
vn 0.000000 -1.000000 0.000000
vn 0.000000 -1.000000 0.000000
vn 0.000000 -1.000000 0.000000
vn 0.000000 -1.000000 0.000000
vn 0.000000 -1.000000 0.000000
vn 0.000000 -1.000000 0.000000
vn 0.000000 -1.000000 0.000000
vn 0.000000 -1.000000 0.000000
vn 0.000000 -1.000000 0.000000
vn 0.000000 -1.000000 0.000000
vn 0.000000 -1.000000 0.000000
vn 0.000000 -1.000000 0.000000
vn 0.000000 -1.000000 0.000000
vn 0.000000 -1.000000 0.000000
vn 0.000000 -1.000000 0.000000
vn 0.000000 -1.000000 0.000000
vn 0.000000 -1.000000 0.000000
vn 0.000000 -1.000000 0.000000
vn 0.000000 -1.000000 0.000000
vn 0.000000 -1.000000 0.000000
vn 0.000000 -1.000000 0.000000
vn -0.000000 1.000000 -0.000000
vn -0.000000 1.000000 -0.000000
vn -0.000000 1.000000 -0.000000
vn -0.000000 1.000000 -0.000000
vn -0.000000 1.000000 -0.000000
vn -0.000000 1.000000 -0.000000
vn -0.000000 1.000000 -0.000000
vn -0.000000 1.000000 -0.000000
vn -0.000000 1.000000 -0.000000
vn -0.000000 1.000000 -0.000000
vn -0.000000 1.000000 -0.000000
vn -0.000000 1.000000 -0.000000
vn -0.000000 1.000000 -0.000000
vn -0.000000 1.000000 -0.000000
vn -0.000000 1.000000 -0.000000
vn -0.000000 1.000000 -0.000000
vn -0.000000 1.000000 -0.000000
vn -0.000000 1.000000 -0.000000
vn -0.000000 1.000000 -0.000000
vn -0.000000 1.000000 -0.000000
vn -0.000000 1.000000 -0.000000
vn -0.000000 1.000000 -0.000000
vn -0.000000 1.000000 -0.000000
vn -0.000000 1.000000 -0.000000
vn -0.000000 1.000000 -0.000000
vn -0.000000 1.000000 -0.000000
vn -0.000000 1.000000 -0.000000
vn -0.000000 1.000000 -0.000000
vn -0.000000 1.000000 -0.000000
vn -0.000000 1.000000 -0.000000
vn -0.000000 1.000000 -0.000000
vn -0.000000 1.000000 -0.000000
vn -0.000000 1.000000 -0.000000
vn -0.000000 1.000000 -0.000000
vn -0.000000 1.000000 -0.000000
vn -0.000000 1.000000 -0.000000
vn -0.000000 1.000000 -0.000000
vn -0.000000 1.000000 -0.000000
vn -0.000000 1.000000 -0.000000
vn -0.000000 1.000000 -0.000000
vn -0.000000 1.000000 -0.000000
vn -0.000000 1.000000 -0.000000
vn -0.000000 1.000000 -0.000000
vn -0.000000 1.000000 -0.000000
vn -0.000000 1.000000 -0.000000
vn -0.000000 1.000000 -0.000000
vn -0.000000 1.000000 -0.000000
vn -0.000000 1.000000 -0.000000
vn -0.000000 1.000000 -0.000000
f 1065/2245/2245 1066/2246/2246 1078/2247/2247
f 1078/2247/2247 1066/2246/2246 1077/2248/2248
f 1077/2248/2248 1066/2246/2246 1067/2249/2249
f 1077/2248/2248 1067/2249/2249 1076/2250/2250
f 1076/2250/2250 1067/2249/2249 1068/2251/2251
f 1076/2250/2250 1068/2251/2251 1075/2252/2252
f 1075/2252/2252 1068/2251/2251 1069/2253/2253
f 1075/2252/2252 1069/2253/2253 1074/2254/2254
f 1074/2254/2254 1069/2253/2253 1070/2255/2255
f 1074/2254/2254 1070/2255/2255 1073/2256/2256
f 1073/2256/2256 1070/2255/2255 1071/2257/2257
f 1073/2256/2256 1071/2257/2257 1072/2258/2258
f 1079/2259/2259 1080/2260/2260 1090/2261/2261
f 1090/2261/2261 1080/2260/2260 1089/2262/2262
f 1089/2262/2262 1080/2260/2260 1081/2263/2263
f 1089/2262/2262 1081/2263/2263 1088/2264/2264
f 1088/2264/2264 1081/2263/2263 1082/2265/2265
f 1088/2264/2264 1082/2265/2265 1087/2266/2266
f 1087/2266/2266 1082/2265/2265 1083/2267/2267
f 1087/2266/2266 1083/2267/2267 1086/2268/2268
f 1086/2268/2268 1083/2267/2267 1084/2269/2269
f 1086/2268/2268 1084/2269/2269 1085/2270/2270
f 1085/2270/2270 1084/2269/2269 1065/2271/2271
f 1085/2270/2270 1065/2271/2271 1078/2272/2272
f 1091/2273/2273 1092/2274/2274 1102/2275/2275
f 1102/2275/2275 1092/2274/2274 1101/2276/2276
f 1101/2276/2276 1092/2274/2274 1093/2277/2277
f 1101/2276/2276 1093/2277/2277 1100/2278/2278
f 1100/2278/2278 1093/2277/2277 1094/2279/2279
f 1100/2278/2278 1094/2279/2279 1099/2280/2280
f 1099/2280/2280 1094/2279/2279 1095/2281/2281
f 1099/2280/2280 1095/2281/2281 1098/2282/2282
f 1098/2282/2282 1095/2281/2281 1096/2283/2283
f 1098/2282/2282 1096/2283/2283 1097/2284/2284
f 1097/2284/2284 1096/2283/2283 1079/2285/2285
f 1097/2284/2284 1079/2285/2285 1090/2286/2286
f 1071/2287/2287 1103/2288/2288 1072/2289/2289
f 1072/2289/2289 1103/2288/2288 1112/2290/2290
f 1112/2290/2290 1103/2288/2288 1104/2291/2291
f 1112/2290/2290 1104/2291/2291 1111/2292/2292
f 1111/2292/2292 1104/2291/2291 1105/2293/2293
f 1111/2292/2292 1105/2293/2293 1110/2294/2294
f 1110/2294/2294 1105/2293/2293 1106/2295/2295
f 1110/2294/2294 1106/2295/2295 1109/2296/2296
f 1109/2296/2296 1106/2295/2295 1107/2297/2297
f 1109/2296/2296 1107/2297/2297 1108/2298/2298
f 1108/2298/2298 1107/2297/2297 1091/2299/2299
f 1108/2298/2298 1091/2299/2299 1102/2300/2300
f 1072/2301/2301 1112/2302/2302 1073/2303/2303
f 1073/2303/2303 1112/2302/2302 1117/2304/2304
f 1073/2303/2303 1117/2304/2304 1074/2305/2305
f 1074/2305/2305 1117/2304/2304 1122/2306/2306
f 1074/2305/2305 1122/2306/2306 1075/2307/2307
f 1075/2307/2307 1122/2306/2306 1127/2308/2308
f 1075/2307/2307 1127/2308/2308 1076/2309/2309
f 1076/2309/2309 1127/2308/2308 1132/2310/2310
f 1076/2309/2309 1132/2310/2310 1077/2311/2311
f 1077/2311/2311 1132/2310/2310 1137/2312/2312
f 1077/2311/2311 1137/2312/2312 1078/2313/2313
f 1078/2313/2313 1137/2312/2312 1085/2314/2314
f 1085/2314/2314 1137/2312/2312 1136/2315/2315
f 1085/2314/2314 1136/2315/2315 1086/2316/2316
f 1086/2316/2316 1136/2315/2315 1135/2317/2317
f 1086/2316/2316 1135/2317/2317 1087/2318/2318
f 1087/2318/2318 1135/2317/2317 1134/2319/2319
f 1087/2318/2318 1134/2319/2319 1088/2320/2320
f 1088/2320/2320 1134/2319/2319 1133/2321/2321
f 1088/2320/2320 1133/2321/2321 1089/2322/2322
f 1089/2322/2322 1133/2321/2321 1097/2323/2323
f 1089/2322/2322 1097/2323/2323 1090/2324/2324
f 1112/2302/2302 1111/2325/2325 1117/2304/2304
f 1117/2304/2304 1111/2325/2325 1116/2326/2326
f 1117/2304/2304 1116/2326/2326 1122/2306/2306
f 1122/2306/2306 1116/2326/2326 1121/2327/2327
f 1122/2306/2306 1121/2327/2327 1127/2308/2308
f 1127/2308/2308 1121/2327/2327 1126/2328/2328
f 1127/2308/2308 1126/2328/2328 1132/2310/2310
f 1132/2310/2310 1126/2328/2328 1131/2329/2329
f 1132/2310/2310 1131/2329/2329 1137/2312/2312
f 1137/2312/2312 1131/2329/2329 1136/2315/2315
f 1111/2325/2325 1110/2330/2330 1116/2326/2326
f 1116/2326/2326 1110/2330/2330 1115/2331/2331
f 1116/2326/2326 1115/2331/2331 1121/2327/2327
f 1121/2327/2327 1115/2331/2331 1120/2332/2332
f 1121/2327/2327 1120/2332/2332 1126/2328/2328
f 1126/2328/2328 1120/2332/2332 1125/2333/2333
f 1126/2328/2328 1125/2333/2333 1131/2329/2329
f 1131/2329/2329 1125/2333/2333 1130/2334/2334
f 1131/2329/2329 1130/2334/2334 1136/2315/2315
f 1136/2315/2315 1130/2334/2334 1135/2317/2317
f 1110/2330/2330 1109/2335/2335 1115/2331/2331
f 1115/2331/2331 1109/2335/2335 1114/2336/2336
f 1115/2331/2331 1114/2336/2336 1120/2332/2332
f 1120/2332/2332 1114/2336/2336 1119/2337/2337
f 1120/2332/2332 1119/2337/2337 1125/2333/2333
f 1125/2333/2333 1119/2337/2337 1124/2338/2338
f 1125/2333/2333 1124/2338/2338 1130/2334/2334
f 1130/2334/2334 1124/2338/2338 1129/2339/2339
f 1130/2334/2334 1129/2339/2339 1135/2317/2317
f 1135/2317/2317 1129/2339/2339 1134/2319/2319
f 1109/2335/2335 1108/2340/2340 1114/2336/2336
f 1114/2336/2336 1108/2340/2340 1113/2341/2341
f 1114/2336/2336 1113/2341/2341 1119/2337/2337
f 1119/2337/2337 1113/2341/2341 1118/2342/2342
f 1119/2337/2337 1118/2342/2342 1124/2338/2338
f 1124/2338/2338 1118/2342/2342 1123/2343/2343
f 1124/2338/2338 1123/2343/2343 1129/2339/2339
f 1129/2339/2339 1123/2343/2343 1128/2344/2344
f 1129/2339/2339 1128/2344/2344 1134/2319/2319
f 1134/2319/2319 1128/2344/2344 1133/2321/2321
f 1108/2340/2340 1102/2345/2345 1113/2341/2341
f 1113/2341/2341 1102/2345/2345 1101/2346/2346
f 1113/2341/2341 1101/2346/2346 1118/2342/2342
f 1118/2342/2342 1101/2346/2346 1100/2347/2347
f 1118/2342/2342 1100/2347/2347 1123/2343/2343
f 1123/2343/2343 1100/2347/2347 1099/2348/2348
f 1123/2343/2343 1099/2348/2348 1128/2344/2344
f 1128/2344/2344 1099/2348/2348 1098/2349/2349
f 1128/2344/2344 1098/2349/2349 1133/2321/2321
f 1133/2321/2321 1098/2349/2349 1097/2323/2323
f 1092/2350/2350 1091/2351/2351 1138/2352/2352
f 1138/2352/2352 1091/2351/2351 1107/2353/2353
f 1138/2352/2352 1107/2353/2353 1143/2354/2354
f 1143/2354/2354 1107/2353/2353 1106/2355/2355
f 1143/2354/2354 1106/2355/2355 1148/2356/2356
f 1148/2356/2356 1106/2355/2355 1105/2357/2357
f 1148/2356/2356 1105/2357/2357 1153/2358/2358
f 1153/2358/2358 1105/2357/2357 1104/2359/2359
f 1153/2358/2358 1104/2359/2359 1158/2360/2360
f 1158/2360/2360 1104/2359/2359 1103/2361/2361
f 1158/2360/2360 1103/2361/2361 1070/2362/2362
f 1070/2362/2362 1103/2361/2361 1071/2363/2363
f 1070/2362/2362 1069/2364/2364 1158/2360/2360
f 1158/2360/2360 1069/2364/2364 1159/2365/2365
f 1158/2360/2360 1159/2365/2365 1153/2358/2358
f 1153/2358/2358 1159/2365/2365 1154/2366/2366
f 1153/2358/2358 1154/2366/2366 1148/2356/2356
f 1148/2356/2356 1154/2366/2366 1149/2367/2367
f 1148/2356/2356 1149/2367/2367 1143/2354/2354
f 1143/2354/2354 1149/2367/2367 1144/2368/2368
f 1143/2354/2354 1144/2368/2368 1138/2352/2352
f 1138/2352/2352 1144/2368/2368 1139/2369/2369
f 1138/2352/2352 1139/2369/2369 1092/2350/2350
f 1092/2350/2350 1139/2369/2369 1093/2370/2370
f 1093/2370/2370 1139/2369/2369 1140/2371/2371
f 1093/2370/2370 1140/2371/2371 1094/2372/2372
f 1094/2372/2372 1140/2371/2371 1141/2373/2373
f 1094/2372/2372 1141/2373/2373 1095/2374/2374
f 1095/2374/2374 1141/2373/2373 1142/2375/2375
f 1095/2374/2374 1142/2375/2375 1096/2376/2376
f 1096/2376/2376 1142/2375/2375 1080/2377/2377
f 1096/2376/2376 1080/2377/2377 1079/2378/2378
f 1069/2364/2364 1068/2379/2379 1159/2365/2365
f 1159/2365/2365 1068/2379/2379 1160/2380/2380
f 1159/2365/2365 1160/2380/2380 1154/2366/2366
f 1154/2366/2366 1160/2380/2380 1155/2381/2381
f 1154/2366/2366 1155/2381/2381 1149/2367/2367
f 1149/2367/2367 1155/2381/2381 1150/2382/2382
f 1149/2367/2367 1150/2382/2382 1144/2368/2368
f 1144/2368/2368 1150/2382/2382 1145/2383/2383
f 1144/2368/2368 1145/2383/2383 1139/2369/2369
f 1139/2369/2369 1145/2383/2383 1140/2371/2371
f 1068/2379/2379 1067/2384/2384 1160/2380/2380
f 1160/2380/2380 1067/2384/2384 1161/2385/2385
f 1160/2380/2380 1161/2385/2385 1155/2381/2381
f 1155/2381/2381 1161/2385/2385 1156/2386/2386
f 1155/2381/2381 1156/2386/2386 1150/2382/2382
f 1150/2382/2382 1156/2386/2386 1151/2387/2387
f 1150/2382/2382 1151/2387/2387 1145/2383/2383
f 1145/2383/2383 1151/2387/2387 1146/2388/2388
f 1145/2383/2383 1146/2388/2388 1140/2371/2371
f 1140/2371/2371 1146/2388/2388 1141/2373/2373
f 1067/2384/2384 1066/2389/2389 1161/2385/2385
f 1161/2385/2385 1066/2389/2389 1162/2390/2390
f 1161/2385/2385 1162/2390/2390 1156/2386/2386
f 1156/2386/2386 1162/2390/2390 1157/2391/2391
f 1156/2386/2386 1157/2391/2391 1151/2387/2387
f 1151/2387/2387 1157/2391/2391 1152/2392/2392
f 1151/2387/2387 1152/2392/2392 1146/2388/2388
f 1146/2388/2388 1152/2392/2392 1147/2393/2393
f 1146/2388/2388 1147/2393/2393 1141/2373/2373
f 1141/2373/2373 1147/2393/2393 1142/2375/2375
f 1066/2389/2389 1065/2394/2394 1162/2390/2390
f 1162/2390/2390 1065/2394/2394 1084/2395/2395
f 1162/2390/2390 1084/2395/2395 1157/2391/2391
f 1157/2391/2391 1084/2395/2395 1083/2396/2396
f 1157/2391/2391 1083/2396/2396 1152/2392/2392
f 1152/2392/2392 1083/2396/2396 1082/2397/2397
f 1152/2392/2392 1082/2397/2397 1147/2393/2393
f 1147/2393/2393 1082/2397/2397 1081/2398/2398
f 1147/2393/2393 1081/2398/2398 1142/2375/2375
f 1142/2375/2375 1081/2398/2398 1080/2377/2377
# 1162 vertices
# 2398 texture params
# 2398 normals
# 2212 facets

# 28 groups
