# WaveFront *.obj file (generated by Autodesk ATF)

mtllib mini_tube.mtl

g Body1

v -358.000000 52.094841 23.500000
v -358.000000 55.312593 14.374961
v -358.000000 56.944863 4.837878
v -358.000000 56.944863 -4.837878
v -358.000000 55.312593 -14.374961
v -358.000000 52.094841 -23.500000
v -358.000000 72.000000 -23.500000
v -358.000000 72.000000 23.500000
v -405.000000 52.094841 -23.500000
v -405.000000 72.000000 -23.500000
v -405.000000 52.094841 23.500000
v -405.000000 72.000000 23.500000
v -358.000000 -52.094841 23.500000
v -405.000000 -52.094841 23.500000
v -405.000000 -72.000000 23.500000
v -358.000000 -72.000000 23.500000
v -405.000000 55.312593 -14.374961
v -405.000000 56.944863 -4.837878
v -405.000000 56.944863 4.837878
v -405.000000 55.312593 14.374961
v -405.000000 -55.312593 14.374961
v -405.000000 -56.944863 4.837878
v -405.000000 -56.944863 -4.837878
v -405.000000 -55.312593 -14.374961
v -405.000000 -52.094841 -23.500000
v -405.000000 -72.000000 -23.500000
v -358.000000 -52.094841 -23.500000
v -358.000000 -55.312593 -14.374961
v -358.000000 -56.944863 -4.837878
v -358.000000 -56.944863 4.837878
v -358.000000 -55.312593 14.374961
v -358.000000 -72.000000 -23.500000
v -540.000000 52.094841 23.500000
v -493.000000 52.094841 23.500000
v -493.000000 72.000000 23.500000
v -540.000000 72.000000 23.500000
v -493.000000 55.312593 14.374961
v -493.000000 56.944863 4.837878
v -493.000000 56.944863 -4.837878
v -493.000000 55.312593 -14.374961
v -493.000000 52.094841 -23.500000
v -493.000000 72.000000 -23.500000
v -540.000000 52.094841 -23.500000
v -540.000000 55.312593 -14.374961
v -540.000000 56.944863 -4.837878
v -540.000000 56.944863 4.837878
v -540.000000 55.312593 14.374961
v -540.000000 72.000000 -23.500000
v -540.000000 -52.094841 23.500000
v -540.000000 -55.312593 14.374961
v -540.000000 -56.944863 4.837878
v -540.000000 -56.944863 -4.837878
v -540.000000 -55.312593 -14.374961
v -540.000000 -52.094841 -23.500000
v -540.000000 -72.000000 -23.500000
v -540.000000 -72.000000 23.500000
v -493.000000 -52.094841 -23.500000
v -493.000000 -72.000000 -23.500000
v -493.000000 -52.094841 23.500000
v -493.000000 -72.000000 23.500000
v -493.000000 -55.312593 -14.374961
v -493.000000 -56.944863 -4.837878
v -493.000000 -56.944863 4.837878
v -493.000000 -55.312593 14.374961
v 0.000000 57.150000 -0.000000
v 0.000000 56.231576 10.204527
v 0.000000 53.505823 20.081071
v 0.000000 49.060349 29.312194
v 0.000000 43.038034 37.601198
v 0.000000 35.632442 44.681669
v 0.000000 27.081594 50.326035
v 0.000000 17.660321 54.352880
v 0.000000 7.671431 56.632779
v 0.000000 -2.564025 57.092454
v 0.000000 -12.717071 55.717130
v 0.000000 -22.461381 52.551012
v 0.000000 -31.483762 47.695861
v 0.000000 -39.494230 41.307726
v 0.000000 -46.235321 33.591927
v 0.000000 -51.490371 24.796456
v 0.000000 -55.090477 15.204006
v 0.000000 -56.919931 5.122887
v 0.000000 -56.919931 -5.122887
v 0.000000 -55.090477 -15.204006
v 0.000000 -51.490371 -24.796456
v 0.000000 -46.235321 -33.591927
v 0.000000 -39.494230 -41.307726
v 0.000000 -31.483762 -47.695861
v 0.000000 -22.461381 -52.551012
v 0.000000 -12.717071 -55.717130
v 0.000000 -2.564025 -57.092454
v 0.000000 7.671431 -56.632779
v 0.000000 17.660321 -54.352880
v 0.000000 27.081594 -50.326035
v 0.000000 35.632442 -44.681669
v 0.000000 43.038034 -37.601198
v 0.000000 49.060349 -29.312194
v 0.000000 53.505823 -20.081071
v 0.000000 56.231576 -10.204527
v 57.150000 -0.000000 0.000000
v 9.923993 -56.281763 0.000000
v 19.546451 -53.703433 0.000000
v 28.575000 -49.493352 0.000000
v 36.735312 -43.779440 0.000000
v 43.779440 -36.735312 0.000000
v 49.493352 -28.575000 0.000000
v 53.703433 -19.546451 0.000000
v 56.281763 -9.923993 0.000000
v 9.923993 56.055189 5.045058
v 19.546451 53.487239 4.813939
v 28.575000 49.294106 4.436550
v 36.735312 43.603197 3.924359
v 43.779440 36.587426 3.292928
v 49.493352 28.459965 2.561443
v 53.703433 19.467763 1.752130
v 56.281763 9.884042 0.889580
v 56.281763 9.884042 -0.889580
v 53.703433 19.467763 -1.752130
v 49.493352 28.459965 -2.561443
v 43.779440 36.587426 -3.292928
v 36.735312 43.603197 -3.924359
v 28.575000 49.294106 -4.436550
v 19.546451 53.487239 -4.813939
v 9.923993 56.055189 -5.045058
v 9.923993 54.253529 14.973023
v 19.546451 51.768115 14.287092
v 28.575000 47.709753 13.167055
v 36.735312 42.201754 11.646944
v 43.779440 35.411476 9.772946
v 49.493352 27.545239 7.602003
v 53.703433 18.842053 5.200076
v 56.281763 9.566361 2.640148
v 9.923993 50.708116 24.419742
v 19.546451 48.385121 23.301046
v 28.575000 44.591969 21.474361
v 36.735312 39.443912 18.995187
v 43.779440 33.097372 15.938854
v 49.493352 25.745185 12.398228
v 53.703433 17.610744 8.480887
v 56.281763 8.941209 4.305859
v 9.923993 45.532903 33.081590
v 19.546451 43.446990 31.566086
v 28.575000 40.040963 29.091462
v 36.735312 35.418311 25.732909
v 43.779440 29.719492 21.592475
v 49.493352 23.117661 16.795964
v 53.703433 15.813411 11.489116
v 56.281763 8.028679 5.833177
v 9.923993 38.894224 40.680169
v 19.546451 37.112437 38.816566
v 28.575000 34.203007 35.773540
v 36.735312 30.254336 31.643554
v 43.779440 25.386402 26.552095
v 49.493352 19.747115 20.653863
v 53.703433 13.507822 14.128075
v 56.281763 6.858101 7.173011
v 9.923993 31.005453 46.971254
v 19.546451 29.585059 44.819449
v 28.575000 27.265738 41.305828
v 36.735312 24.117961 36.537150
v 43.779440 20.237372 30.658309
v 49.493352 15.741881 23.847931
v 53.703433 10.768081 16.312945
v 56.281763 5.467098 8.282299
v 9.923993 22.120142 51.752644
v 19.546451 21.106794 49.381798
v 28.575000 19.452126 45.510512
v 36.735312 17.206416 40.256411
v 43.779440 14.437897 33.779140
v 49.493352 11.230690 26.275506
v 53.703433 7.682245 17.973505
v 56.281763 3.900378 9.125388
v 9.923993 12.523870 54.870662
v 19.546451 11.950138 52.356976
v 28.575000 11.013307 48.252450
v 36.735312 9.741842 42.681798
v 43.779440 8.174376 35.814281
v 49.493352 6.358536 27.858565
v 53.703433 4.349495 19.056381
v 56.281763 2.208296 9.675178
v 9.923993 2.525072 56.225091
v 19.546451 2.409395 53.649357
v 28.575000 2.220511 49.443515
v 36.735312 1.964157 43.735357
v 43.779440 1.648124 36.698322
v 49.493352 1.282013 28.546227
v 53.703433 0.876948 19.526769
v 56.281763 0.445238 9.914001
v 9.923993 -7.554885 55.772400
v 19.546451 -7.208787 53.217404
v 28.575000 -6.643654 49.045425
v 36.735312 -5.876657 43.383226
v 43.779440 -4.931101 36.402849
v 49.493352 -3.835716 28.316389
v 53.703433 -2.623784 19.369551
v 56.281763 -1.332130 9.834179
v 9.923993 -17.392021 53.527138
v 19.546451 -16.595274 51.075000
v 28.575000 -15.294287 47.070975
v 36.735312 -13.528591 41.636722
v 43.779440 -11.351836 34.937358
v 49.493352 -8.830161 27.176440
v 53.703433 -6.040186 18.589780
v 56.281763 -3.066683 9.438279
v 9.923993 -26.670164 49.561469
v 19.546451 -25.448374 47.291003
v 28.575000 -23.453348 43.583624
v 36.735312 -20.745705 38.551979
v 43.779440 -17.407713 32.348952
v 49.493352 -13.540797 25.163017
v 53.703433 -9.262451 17.212518
v 56.281763 -4.702669 8.739024
v 9.923993 -35.091105 44.002854
v 19.546451 -33.483543 41.987035
v 28.575000 -30.858600 38.695461
v 36.735312 -27.296034 34.228144
v 43.779440 -22.904092 28.720823
v 49.493352 -17.816221 22.340835
v 53.703433 -12.187013 15.282031
v 56.281763 -6.187509 7.758890
v 9.923993 -42.384190 37.029951
v 19.546451 -40.442523 35.333568
v 28.575000 -37.272031 32.563593
v 36.735312 -32.969047 28.804189
v 43.779440 -27.664315 24.169584
v 49.493352 -21.519017 18.800599
v 53.703433 -14.719875 12.860367
v 56.281763 -7.473476 6.529380
v 9.923993 -48.315012 28.866876
v 19.546451 -46.101648 27.544452
v 28.575000 -42.487508 25.385104
v 36.735312 -37.582407 22.454443
v 43.779440 -31.535384 18.841515
v 49.493352 -24.530174 14.656097
v 53.703433 -16.779627 10.025361
v 56.281763 -8.519240 5.090009
v 9.923993 -52.692949 19.775995
v 19.546451 -50.279027 18.870034
v 28.575000 -46.337402 17.390718
v 36.735312 -40.987838 15.382993
v 43.779440 -34.392880 12.907864
v 49.493352 -26.752911 10.040536
v 53.703433 -18.300069 6.868131
v 56.281763 -9.291189 3.487041
v 9.923993 -55.377292 10.049497
v 19.546451 -52.840397 9.589118
v 28.575000 -48.697973 8.837379
v 36.735312 -43.075886 7.817121
v 43.779440 -36.144960 6.559343
v 49.493352 -28.115788 5.102263
v 53.703433 -19.232332 3.490154
v 56.281763 -9.764511 1.771997
v 9.923993 -55.377292 -10.049497
v 19.546451 -52.840397 -9.589118
v 28.575000 -48.697973 -8.837379
v 36.735312 -43.075886 -7.817121
v 43.779440 -36.144960 -6.559343
v 49.493352 -28.115788 -5.102263
v 53.703433 -19.232332 -3.490154
v 56.281763 -9.764511 -1.771997
v 9.923993 -52.692949 -19.775995
v 19.546451 -50.279027 -18.870034
v 28.575000 -46.337402 -17.390718
v 36.735312 -40.987838 -15.382993
v 43.779440 -34.392880 -12.907864
v 49.493352 -26.752911 -10.040536
v 53.703433 -18.300069 -6.868131
v 56.281763 -9.291189 -3.487041
v 9.923993 -48.315012 -28.866876
v 19.546451 -46.101648 -27.544452
v 28.575000 -42.487508 -25.385104
v 36.735312 -37.582407 -22.454443
v 43.779440 -31.535384 -18.841515
v 49.493352 -24.530174 -14.656097
v 53.703433 -16.779627 -10.025361
v 56.281763 -8.519240 -5.090009
v 9.923993 -42.384190 -37.029951
v 19.546451 -40.442523 -35.333568
v 28.575000 -37.272031 -32.563593
v 36.735312 -32.969047 -28.804189
v 43.779440 -27.664315 -24.169584
v 49.493352 -21.519017 -18.800599
v 53.703433 -14.719875 -12.860367
v 56.281763 -7.473476 -6.529380
v 9.923993 -35.091105 -44.002854
v 19.546451 -33.483543 -41.987035
v 28.575000 -30.858600 -38.695461
v 36.735312 -27.296034 -34.228144
v 43.779440 -22.904092 -28.720823
v 49.493352 -17.816221 -22.340835
v 53.703433 -12.187013 -15.282031
v 56.281763 -6.187509 -7.758890
v 9.923993 -26.670164 -49.561469
v 19.546451 -25.448374 -47.291003
v 28.575000 -23.453348 -43.583624
v 36.735312 -20.745705 -38.551979
v 43.779440 -17.407713 -32.348952
v 49.493352 -13.540797 -25.163017
v 53.703433 -9.262451 -17.212518
v 56.281763 -4.702669 -8.739024
v 9.923993 -17.392021 -53.527138
v 19.546451 -16.595274 -51.075000
v 28.575000 -15.294287 -47.070975
v 36.735312 -13.528591 -41.636722
v 43.779440 -11.351836 -34.937358
v 49.493352 -8.830161 -27.176440
v 53.703433 -6.040186 -18.589780
v 56.281763 -3.066683 -9.438279
v 9.923993 -7.554885 -55.772400
v 19.546451 -7.208787 -53.217404
v 28.575000 -6.643654 -49.045425
v 36.735312 -5.876657 -43.383226
v 43.779440 -4.931101 -36.402849
v 49.493352 -3.835716 -28.316389
v 53.703433 -2.623784 -19.369551
v 56.281763 -1.332130 -9.834179
v 9.923993 2.525072 -56.225091
v 19.546451 2.409395 -53.649357
v 28.575000 2.220511 -49.443515
v 36.735312 1.964157 -43.735357
v 43.779440 1.648124 -36.698322
v 49.493352 1.282013 -28.546227
v 53.703433 0.876948 -19.526769
v 56.281763 0.445238 -9.914001
v 9.923993 12.523870 -54.870662
v 19.546451 11.950138 -52.356976
v 28.575000 11.013307 -48.252450
v 36.735312 9.741842 -42.681798
v 43.779440 8.174376 -35.814281
v 49.493352 6.358536 -27.858565
v 53.703433 4.349495 -19.056381
v 56.281763 2.208296 -9.675178
v 9.923993 22.120142 -51.752644
v 19.546451 21.106794 -49.381798
v 28.575000 19.452126 -45.510512
v 36.735312 17.206416 -40.256411
v 43.779440 14.437897 -33.779140
v 49.493352 11.230690 -26.275506
v 53.703433 7.682245 -17.973505
v 56.281763 3.900378 -9.125388
v 9.923993 31.005453 -46.971254
v 19.546451 29.585059 -44.819449
v 28.575000 27.265738 -41.305828
v 36.735312 24.117961 -36.537150
v 43.779440 20.237372 -30.658309
v 49.493352 15.741881 -23.847931
v 53.703433 10.768081 -16.312945
v 56.281763 5.467098 -8.282299
v 9.923993 38.894224 -40.680169
v 19.546451 37.112437 -38.816566
v 28.575000 34.203007 -35.773540
v 36.735312 30.254336 -31.643554
v 43.779440 25.386402 -26.552095
v 49.493352 19.747115 -20.653863
v 53.703433 13.507822 -14.128075
v 56.281763 6.858101 -7.173011
v 9.923993 45.532903 -33.081590
v 19.546451 43.446990 -31.566086
v 28.575000 40.040963 -29.091462
v 36.735312 35.418311 -25.732909
v 43.779440 29.719492 -21.592475
v 49.493352 23.117661 -16.795964
v 53.703433 15.813411 -11.489116
v 56.281763 8.028679 -5.833177
v 9.923993 50.708116 -24.419742
v 19.546451 48.385121 -23.301046
v 28.575000 44.591969 -21.474361
v 36.735312 39.443912 -18.995187
v 43.779440 33.097372 -15.938854
v 49.493352 25.745185 -12.398228
v 53.703433 17.610744 -8.480887
v 56.281763 8.941209 -4.305859
v 9.923993 54.253529 -14.973023
v 19.546451 51.768115 -14.287092
v 28.575000 47.709753 -13.167055
v 36.735312 42.201754 -11.646944
v 43.779440 35.411476 -9.772946
v 49.493352 27.545239 -7.602003
v 53.703433 18.842053 -5.200076
v 56.281763 9.566361 -2.640148
v -630.000000 57.150000 -0.000000
v -630.000000 56.231576 10.204527
v -630.000000 53.505823 20.081071
v -630.000000 49.060349 29.312194
v -630.000000 43.038034 37.601198
v -630.000000 35.632442 44.681669
v -630.000000 27.081594 50.326035
v -630.000000 17.660321 54.352880
v -630.000000 7.671431 56.632779
v -630.000000 -2.564025 57.092454
v -630.000000 -12.717071 55.717130
v -630.000000 -22.461381 52.551012
v -630.000000 -31.483762 47.695861
v -630.000000 -39.494230 41.307726
v -630.000000 -46.235321 33.591927
v -630.000000 -51.490371 24.796456
v -630.000000 -55.090477 15.204006
v -630.000000 -56.919931 5.122887
v -630.000000 -56.919931 -5.122887
v -630.000000 -55.090477 -15.204006
v -630.000000 -51.490371 -24.796456
v -630.000000 -46.235321 -33.591927
v -630.000000 -39.494230 -41.307726
v -630.000000 -31.483762 -47.695861
v -630.000000 -22.461381 -52.551012
v -630.000000 -12.717071 -55.717130
v -630.000000 -2.564025 -57.092454
v -630.000000 7.671431 -56.632779
v -630.000000 17.660321 -54.352880
v -630.000000 27.081594 -50.326035
v -630.000000 35.632442 -44.681669
v -630.000000 43.038034 -37.601198
v -630.000000 49.060349 -29.312194
v -630.000000 53.505823 -20.081071
v -630.000000 56.231576 -10.204527
v -210.000000 57.150000 -0.000000
v -420.000000 -52.094841 -23.500000
v -420.000000 -55.090477 -15.204006
v -210.000000 -55.090477 15.204006
v -210.000000 -51.490371 24.796456
v -420.000000 -51.490371 24.796456
v -210.000000 -56.919931 5.122887
v -210.000000 -56.919931 -5.122887
v -210.000000 -55.090477 -15.204006
v -420.000000 -51.490371 -24.796456
v -210.000000 -51.490371 -24.796456
v -420.000000 52.094841 23.500000
v -420.000000 53.505823 20.081071
v -210.000000 53.505823 -20.081071
v -210.000000 49.060349 -29.312194
v -420.000000 49.060349 -29.312194
v -210.000000 56.231576 -10.204527
v -210.000000 56.231576 10.204527
v -210.000000 53.505823 20.081071
v -420.000000 49.060349 29.312194
v -210.000000 49.060349 29.312194
v -420.000000 43.038034 37.601198
v -210.000000 43.038034 37.601198
v -420.000000 35.632442 44.681669
v -210.000000 35.632442 44.681669
v -420.000000 27.081594 50.326035
v -210.000000 27.081594 50.326035
v -420.000000 17.660321 54.352880
v -210.000000 17.660321 54.352880
v -420.000000 7.671431 56.632779
v -210.000000 7.671431 56.632779
v -420.000000 -2.564025 57.092454
v -210.000000 -2.564025 57.092454
v -420.000000 -12.717071 55.717130
v -210.000000 -12.717071 55.717130
v -420.000000 -22.461381 52.551012
v -210.000000 -22.461381 52.551012
v -420.000000 -31.483762 47.695861
v -210.000000 -31.483762 47.695861
v -420.000000 -39.494230 41.307726
v -210.000000 -39.494230 41.307726
v -420.000000 -46.235321 33.591927
v -210.000000 -46.235321 33.591927
v -420.000000 -46.235321 -33.591927
v -210.000000 -46.235321 -33.591927
v -420.000000 -39.494230 -41.307726
v -210.000000 -39.494230 -41.307726
v -420.000000 -31.483762 -47.695861
v -210.000000 -31.483762 -47.695861
v -420.000000 -22.461381 -52.551012
v -210.000000 -22.461381 -52.551012
v -420.000000 -12.717071 -55.717130
v -210.000000 -12.717071 -55.717130
v -420.000000 -2.564025 -57.092454
v -210.000000 -2.564025 -57.092454
v -420.000000 7.671431 -56.632779
v -210.000000 7.671431 -56.632779
v -420.000000 17.660321 -54.352880
v -210.000000 17.660321 -54.352880
v -420.000000 27.081594 -50.326035
v -210.000000 27.081594 -50.326035
v -420.000000 35.632442 -44.681669
v -210.000000 35.632442 -44.681669
v -420.000000 43.038034 -37.601198
v -210.000000 43.038034 -37.601198
v -420.000000 -56.919931 -5.122887
v -420.000000 -56.919931 5.122887
v -420.000000 -55.090477 15.204006
v -420.000000 56.231576 10.204527
v -420.000000 57.150000 -0.000000
v -420.000000 56.231576 -10.204527
v -420.000000 53.505823 -20.081071
vt 4.700000 -5.209484 0.000000
vt 3.787496 -5.531259 0.000000
vt 4.700000 -7.200000 0.000000
vt 2.833788 -5.694486 0.000000
vt 1.866212 -5.694486 0.000000
vt -0.000000 -7.200000 0.000000
vt 0.912504 -5.531259 0.000000
vt -0.000000 -5.209484 0.000000
vt 4.700000 -5.209484 0.000000
vt 0.000000 -5.209484 0.000000
vt 4.700000 -7.200000 0.000000
vt 0.000000 -7.200000 0.000000
vt 4.700000 -5.209484 0.000000
vt 0.000000 -5.209484 0.000000
vt 4.700000 -7.200000 0.000000
vt 0.000000 -7.200000 0.000000
vt 0.000000 5.209484 0.000000
vt 4.700000 5.209484 0.000000
vt 0.000000 7.200000 0.000000
vt 4.700000 7.200000 0.000000
vt 4.700000 -5.209484 0.000000
vt 3.787496 -5.531259 0.000000
vt 4.700000 -7.200000 0.000000
vt 2.833788 -5.694486 0.000000
vt 1.866212 -5.694486 0.000000
vt 0.000000 -7.200000 0.000000
vt 0.912504 -5.531259 0.000000
vt 0.000000 -5.209484 0.000000
vt -0.000000 5.209484 0.000000
vt 0.912504 5.531259 0.000000
vt -0.000000 7.200000 0.000000
vt 1.866212 5.694486 0.000000
vt 2.833788 5.694486 0.000000
vt 4.700000 7.200000 0.000000
vt 3.787496 5.531259 0.000000
vt 4.700000 5.209484 0.000000
vt 2.350000 2.350000 0.000000
vt -2.350000 2.350000 0.000000
vt 2.350000 -2.350000 0.000000
vt -2.350000 -2.350000 0.000000
vt -0.000000 5.209484 0.000000
vt 0.912504 5.531259 0.000000
vt -0.000000 7.200000 0.000000
vt 1.866212 5.694486 0.000000
vt 2.833788 5.694486 0.000000
vt 4.700000 7.200000 0.000000
vt 3.787496 5.531259 0.000000
vt 4.700000 5.209484 0.000000
vt -0.000000 5.209484 0.000000
vt 4.700000 5.209484 0.000000
vt -0.000000 7.200000 0.000000
vt 4.700000 7.200000 0.000000
vt -2.350000 -2.350000 0.000000
vt 2.350000 -2.350000 0.000000
vt -2.350000 2.350000 0.000000
vt 2.350000 2.350000 0.000000
vt 4.700000 -5.209484 0.000000
vt 0.000000 -5.209484 0.000000
vt 4.700000 -7.200000 0.000000
vt 0.000000 -7.200000 0.000000
vt 4.700000 -5.209484 0.000000
vt 3.787496 -5.531259 0.000000
vt 4.700000 -7.200000 0.000000
vt 2.833788 -5.694486 0.000000
vt 1.866212 -5.694486 0.000000
vt 0.000000 -7.200000 0.000000
vt 0.912504 -5.531259 0.000000
vt 0.000000 -5.209484 0.000000
vt 4.700000 -5.209484 0.000000
vt 3.787496 -5.531259 0.000000
vt 4.700000 -7.200000 0.000000
vt 2.833788 -5.694486 0.000000
vt 1.866212 -5.694486 0.000000
vt 0.000000 -7.200000 0.000000
vt 0.912504 -5.531259 0.000000
vt 0.000000 -5.209484 0.000000
vt 0.000000 5.209484 0.000000
vt 0.912504 5.531259 0.000000
vt 0.000000 7.200000 0.000000
vt 1.866212 5.694486 0.000000
vt 2.833788 5.694486 0.000000
vt 4.700000 7.200000 0.000000
vt 3.787496 5.531259 0.000000
vt 4.700000 5.209484 0.000000
vt 4.700000 -5.209484 0.000000
vt -0.000000 -5.209484 0.000000
vt 4.700000 -7.200000 0.000000
vt 0.000000 -7.200000 0.000000
vt -0.000000 5.209484 0.000000
vt 4.700000 5.209484 0.000000
vt 0.000000 7.200000 0.000000
vt 4.700000 7.200000 0.000000
vt -2.350000 -2.350000 0.000000
vt 2.350000 -2.350000 0.000000
vt -2.350000 2.350000 0.000000
vt 2.350000 2.350000 0.000000
vt 0.000000 5.209484 0.000000
vt 4.700000 5.209484 0.000000
vt 0.000000 7.200000 0.000000
vt 4.700000 7.200000 0.000000
vt 0.000000 5.209484 0.000000
vt 0.912504 5.531259 0.000000
vt 0.000000 7.200000 0.000000
vt 1.866212 5.694486 0.000000
vt 2.833788 5.694486 0.000000
vt 4.700000 7.200000 0.000000
vt 3.787496 5.531259 0.000000
vt 4.700000 5.209484 0.000000
vt -2.350000 -2.350000 0.000000
vt 2.350000 -2.350000 0.000000
vt -2.350000 2.350000 0.000000
vt 2.350000 2.350000 0.000000
vt -0.000000 -0.725459 0.000000
vt 0.997456 -0.362730 0.000000
vt -0.000000 0.000000 0.000000
vt 0.997456 0.362730 0.000000
vt -0.000000 0.725459 0.000000
vt 0.997456 1.088189 0.000000
vt -0.000000 1.450919 0.000000
vt 0.997456 1.813648 0.000000
vt -0.000000 2.176378 0.000000
vt 0.997456 2.539108 0.000000
vt -0.000000 2.901837 0.000000
vt 0.997456 3.264567 0.000000
vt -0.000000 3.627297 0.000000
vt 0.997456 3.990026 0.000000
vt -0.000000 4.352756 0.000000
vt 0.997456 4.715486 0.000000
vt -0.000000 5.078215 0.000000
vt 0.997456 5.440945 0.000000
vt -0.000000 5.803675 0.000000
vt 0.997456 6.166404 0.000000
vt -0.000000 6.529134 0.000000
vt 0.997456 6.891863 0.000000
vt -0.000000 7.254593 0.000000
vt 0.997456 7.617323 0.000000
vt -0.000000 7.980052 0.000000
vt 0.997456 8.342782 0.000000
vt -0.000000 8.705512 0.000000
vt 0.997456 9.068241 0.000000
vt -0.000000 9.430971 0.000000
vt 0.997456 9.793701 0.000000
vt -0.000000 10.156430 0.000000
vt 0.997456 10.519160 0.000000
vt -0.000000 10.881890 0.000000
vt 0.997456 11.244619 0.000000
vt -0.000000 11.607349 0.000000
vt 0.997456 11.970079 0.000000
vt -0.000000 12.332808 0.000000
vt 0.997456 12.695538 0.000000
vt 0.000000 13.058268 0.000000
vt -0.000000 -12.332808 0.000000
vt 0.997456 -12.695538 0.000000
vt 0.997456 -11.970079 0.000000
vt -0.000000 -11.607349 0.000000
vt 0.997456 -11.244619 0.000000
vt -0.000000 -10.881890 0.000000
vt 0.997456 -10.519160 0.000000
vt -0.000000 -10.156430 0.000000
vt 0.997456 -9.793701 0.000000
vt -0.000000 -9.430971 0.000000
vt 0.997456 -9.068241 0.000000
vt -0.000000 -8.705512 0.000000
vt 0.997456 -8.342782 0.000000
vt -0.000000 -7.980052 0.000000
vt 0.997456 -7.617323 0.000000
vt -0.000000 -7.254593 0.000000
vt 0.997456 -6.891863 0.000000
vt -0.000000 -6.529134 0.000000
vt 0.997456 -6.166404 0.000000
vt -0.000000 -5.803675 0.000000
vt 0.997456 -5.440945 0.000000
vt -0.000000 -5.078215 0.000000
vt 0.997456 -4.715486 0.000000
vt -0.000000 -4.352756 0.000000
vt 0.997456 -3.990026 0.000000
vt -0.000000 -3.627297 0.000000
vt 0.997456 -3.264567 0.000000
vt -0.000000 -2.901837 0.000000
vt 0.997456 -2.539108 0.000000
vt -0.000000 -2.176378 0.000000
vt 0.997456 -1.813648 0.000000
vt -0.000000 -1.450919 0.000000
vt 0.997456 -1.088189 0.000000
vt 7.979645 -12.695538 0.000000
vt 8.977101 -12.695538 0.000000
vt 7.979645 -11.970079 0.000000
vt 8.977101 -11.970079 0.000000
vt 7.979645 -11.244619 0.000000
vt 8.977101 -11.244619 0.000000
vt 7.979645 -10.519160 0.000000
vt 8.977101 -10.519160 0.000000
vt 7.979645 -9.793701 0.000000
vt 8.977101 -9.793701 0.000000
vt 7.979645 -9.068241 0.000000
vt 8.977101 -9.068241 0.000000
vt 7.979645 -8.342782 0.000000
vt 8.977101 -8.342782 0.000000
vt 7.979645 -7.617323 0.000000
vt 8.977101 -7.617323 0.000000
vt 7.979645 -6.891863 0.000000
vt 8.977101 -6.891863 0.000000
vt 7.979645 -6.166404 0.000000
vt 8.977101 -6.166404 0.000000
vt 7.979645 -5.440945 0.000000
vt 8.977101 -5.440945 0.000000
vt 7.979645 -4.715486 0.000000
vt 7.979645 -3.990026 0.000000
vt 8.977101 -3.990026 0.000000
vt 7.979645 -3.264567 0.000000
vt 8.977101 -3.264567 0.000000
vt 7.979645 -2.539108 0.000000
vt 8.977101 -2.539108 0.000000
vt 7.979645 -1.813648 0.000000
vt 8.977101 -1.813648 0.000000
vt 7.979645 -1.088189 0.000000
vt 8.977101 -1.088189 0.000000
vt 7.979645 -0.362730 0.000000
vt 8.977101 -0.362730 0.000000
vt 7.979645 0.362730 0.000000
vt 8.977101 0.362730 0.000000
vt 7.979645 1.088189 0.000000
vt 8.977101 1.088189 0.000000
vt 7.979645 1.813648 0.000000
vt 8.977101 1.813648 0.000000
vt 7.979645 2.539108 0.000000
vt 8.977101 2.539108 0.000000
vt 7.979645 3.264567 0.000000
vt 8.977101 3.264567 0.000000
vt 7.979645 3.990026 0.000000
vt 7.979645 4.715486 0.000000
vt 8.977101 4.715486 0.000000
vt 7.979645 5.440945 0.000000
vt 8.977101 5.440945 0.000000
vt 7.979645 6.166404 0.000000
vt 8.977101 6.166404 0.000000
vt 7.979645 6.891863 0.000000
vt 8.977101 6.891863 0.000000
vt 7.979645 7.617323 0.000000
vt 8.977101 7.617323 0.000000
vt 7.979645 8.342782 0.000000
vt 8.977101 8.342782 0.000000
vt 7.979645 9.068241 0.000000
vt 8.977101 9.068241 0.000000
vt 7.979645 9.793701 0.000000
vt 8.977101 9.793701 0.000000
vt 7.979645 10.519160 0.000000
vt 8.977101 10.519160 0.000000
vt 7.979645 11.244619 0.000000
vt 8.977101 11.244619 0.000000
vt 7.979645 11.970079 0.000000
vt 8.977101 11.970079 0.000000
vt 7.979645 12.695538 0.000000
vt 1.994911 -12.695538 0.000000
vt 1.994911 -11.970079 0.000000
vt 1.994911 -11.244619 0.000000
vt 1.994911 -10.519160 0.000000
vt 1.994911 -9.793701 0.000000
vt 1.994911 -9.068241 0.000000
vt 1.994911 -8.342782 0.000000
vt 1.994911 -7.617323 0.000000
vt 1.994911 -6.891863 0.000000
vt 1.994911 -6.166404 0.000000
vt 1.994911 -5.440945 0.000000
vt 1.994911 -4.715486 0.000000
vt 1.994911 -3.990026 0.000000
vt 1.994911 -3.264567 0.000000
vt 1.994911 -2.539108 0.000000
vt 1.994911 -1.813648 0.000000
vt 1.994911 -1.088189 0.000000
vt 1.994911 -0.362730 0.000000
vt 1.994911 0.362730 0.000000
vt 1.994911 1.088189 0.000000
vt 1.994911 1.813648 0.000000
vt 1.994911 2.539108 0.000000
vt 1.994911 3.264567 0.000000
vt 1.994911 3.990026 0.000000
vt 1.994911 4.715486 0.000000
vt 1.994911 5.440945 0.000000
vt 1.994911 6.166404 0.000000
vt 1.994911 6.891863 0.000000
vt 1.994911 7.617323 0.000000
vt 1.994911 8.342782 0.000000
vt 1.994911 9.068241 0.000000
vt 1.994911 9.793701 0.000000
vt 1.994911 10.519160 0.000000
vt 1.994911 11.244619 0.000000
vt 1.994911 11.970079 0.000000
vt 1.994911 12.695538 0.000000
vt 2.992367 -12.695538 0.000000
vt 2.992367 -11.970079 0.000000
vt 2.992367 -11.244619 0.000000
vt 2.992367 -10.519160 0.000000
vt 2.992367 -9.793701 0.000000
vt 2.992367 -9.068241 0.000000
vt 2.992367 -8.342782 0.000000
vt 2.992367 -7.617323 0.000000
vt 2.992367 -6.891863 0.000000
vt 2.992367 -6.166404 0.000000
vt 2.992367 -5.440945 0.000000
vt 2.992367 -4.715486 0.000000
vt 2.992367 -3.990026 0.000000
vt 2.992367 -3.264567 0.000000
vt 2.992367 -2.539108 0.000000
vt 2.992367 -1.813648 0.000000
vt 2.992367 -1.088189 0.000000
vt 2.992367 -0.362730 0.000000
vt 2.992367 0.362730 0.000000
vt 2.992367 1.088189 0.000000
vt 2.992367 1.813648 0.000000
vt 2.992367 2.539108 0.000000
vt 2.992367 3.264567 0.000000
vt 2.992367 3.990026 0.000000
vt 2.992367 4.715486 0.000000
vt 2.992367 5.440945 0.000000
vt 2.992367 6.166404 0.000000
vt 2.992367 6.891863 0.000000
vt 2.992367 7.617323 0.000000
vt 2.992367 8.342782 0.000000
vt 2.992367 9.068241 0.000000
vt 2.992367 9.793701 0.000000
vt 2.992367 10.519160 0.000000
vt 2.992367 11.244619 0.000000
vt 2.992367 11.970079 0.000000
vt 2.992367 12.695538 0.000000
vt 3.989823 -12.695538 0.000000
vt 3.989823 -11.970079 0.000000
vt 3.989823 -11.244619 0.000000
vt 3.989823 -10.519160 0.000000
vt 3.989823 -9.793701 0.000000
vt 3.989823 -9.068241 0.000000
vt 3.989823 -8.342782 0.000000
vt 3.989823 -7.617323 0.000000
vt 3.989823 -6.891863 0.000000
vt 3.989823 -6.166404 0.000000
vt 3.989823 -5.440945 0.000000
vt 3.989823 -4.715486 0.000000
vt 3.989823 -3.990026 0.000000
vt 3.989823 -3.264567 0.000000
vt 3.989823 -2.539108 0.000000
vt 3.989823 -1.813648 0.000000
vt 3.989823 -1.088189 0.000000
vt 3.989823 -0.362730 0.000000
vt 3.989823 0.362730 0.000000
vt 3.989823 1.088189 0.000000
vt 3.989823 1.813648 0.000000
vt 3.989823 2.539108 0.000000
vt 3.989823 3.264567 0.000000
vt 3.989823 3.990026 0.000000
vt 3.989823 4.715486 0.000000
vt 3.989823 5.440945 0.000000
vt 3.989823 6.166404 0.000000
vt 3.989823 6.891863 0.000000
vt 3.989823 7.617323 0.000000
vt 3.989823 8.342782 0.000000
vt 3.989823 9.068241 0.000000
vt 3.989823 9.793701 0.000000
vt 3.989823 10.519160 0.000000
vt 3.989823 11.244619 0.000000
vt 3.989823 11.970079 0.000000
vt 3.989823 12.695538 0.000000
vt 4.987278 -12.695538 0.000000
vt 4.987278 -11.970079 0.000000
vt 4.987278 -11.244619 0.000000
vt 4.987278 -10.519160 0.000000
vt 4.987278 -9.793701 0.000000
vt 4.987278 -9.068241 0.000000
vt 4.987278 -8.342782 0.000000
vt 4.987278 -7.617323 0.000000
vt 4.987278 -6.891863 0.000000
vt 4.987278 -6.166404 0.000000
vt 4.987278 -5.440945 0.000000
vt 4.987278 -4.715486 0.000000
vt 4.987278 -3.990026 0.000000
vt 4.987278 -3.264567 0.000000
vt 4.987278 -2.539108 0.000000
vt 4.987278 -1.813648 0.000000
vt 4.987278 -1.088189 0.000000
vt 4.987278 -0.362730 0.000000
vt 4.987278 0.362730 0.000000
vt 4.987278 1.088189 0.000000
vt 4.987278 1.813648 0.000000
vt 4.987278 2.539108 0.000000
vt 4.987278 3.264567 0.000000
vt 4.987278 3.990026 0.000000
vt 4.987278 4.715486 0.000000
vt 4.987278 5.440945 0.000000
vt 4.987278 6.166404 0.000000
vt 4.987278 6.891863 0.000000
vt 4.987278 7.617323 0.000000
vt 4.987278 8.342782 0.000000
vt 4.987278 9.068241 0.000000
vt 4.987278 9.793701 0.000000
vt 4.987278 10.519160 0.000000
vt 4.987278 11.244619 0.000000
vt 4.987278 11.970079 0.000000
vt 4.987278 12.695538 0.000000
vt 5.984734 -12.695538 0.000000
vt 5.984734 -11.970079 0.000000
vt 5.984734 -11.244619 0.000000
vt 5.984734 -10.519160 0.000000
vt 5.984734 -9.793701 0.000000
vt 5.984734 -9.068241 0.000000
vt 5.984734 -8.342782 0.000000
vt 5.984734 -7.617323 0.000000
vt 5.984734 -6.891863 0.000000
vt 5.984734 -6.166404 0.000000
vt 5.984734 -5.440945 0.000000
vt 5.984734 -4.715486 0.000000
vt 5.984734 -3.990026 0.000000
vt 5.984734 -3.264567 0.000000
vt 5.984734 -2.539108 0.000000
vt 5.984734 -1.813648 0.000000
vt 5.984734 -1.088189 0.000000
vt 5.984734 -0.362730 0.000000
vt 5.984734 0.362730 0.000000
vt 5.984734 1.088189 0.000000
vt 5.984734 1.813648 0.000000
vt 5.984734 2.539108 0.000000
vt 5.984734 3.264567 0.000000
vt 5.984734 3.990026 0.000000
vt 5.984734 4.715486 0.000000
vt 5.984734 5.440945 0.000000
vt 5.984734 6.166404 0.000000
vt 5.984734 6.891863 0.000000
vt 5.984734 7.617323 0.000000
vt 5.984734 8.342782 0.000000
vt 5.984734 9.068241 0.000000
vt 5.984734 9.793701 0.000000
vt 5.984734 10.519160 0.000000
vt 5.984734 11.244619 0.000000
vt 5.984734 11.970079 0.000000
vt 5.984734 12.695538 0.000000
vt 6.982190 -12.695538 0.000000
vt 6.982190 -11.970079 0.000000
vt 6.982190 -11.244619 0.000000
vt 6.982190 -10.519160 0.000000
vt 6.982190 -9.793701 0.000000
vt 6.982190 -9.068241 0.000000
vt 6.982190 -8.342782 0.000000
vt 6.982190 -7.617323 0.000000
vt 6.982190 -6.891863 0.000000
vt 6.982190 -6.166404 0.000000
vt 6.982190 -5.440945 0.000000
vt 6.982190 -4.715486 0.000000
vt 6.982190 -3.990026 0.000000
vt 6.982190 -3.264567 0.000000
vt 6.982190 -2.539108 0.000000
vt 6.982190 -1.813648 0.000000
vt 6.982190 -1.088189 0.000000
vt 6.982190 -0.362730 0.000000
vt 6.982190 0.362730 0.000000
vt 6.982190 1.088189 0.000000
vt 6.982190 1.813648 0.000000
vt 6.982190 2.539108 0.000000
vt 6.982190 3.264567 0.000000
vt 6.982190 3.990026 0.000000
vt 6.982190 4.715486 0.000000
vt 6.982190 5.440945 0.000000
vt 6.982190 6.166404 0.000000
vt 6.982190 6.891863 0.000000
vt 6.982190 7.617323 0.000000
vt 6.982190 8.342782 0.000000
vt 6.982190 9.068241 0.000000
vt 6.982190 9.793701 0.000000
vt 6.982190 10.519160 0.000000
vt 6.982190 11.244619 0.000000
vt 6.982190 11.970079 0.000000
vt 6.982190 12.695538 0.000000
vt 8.977101 -4.231846 0.000000
vt 8.977101 4.231846 0.000000
vt -40.500000 -1.453102 0.000000
vt -42.000000 -1.538932 0.000000
vt -40.500000 -2.421837 0.000000
vt -42.000000 -2.421837 0.000000
vt -42.000000 -2.564886 0.000000
vt -49.300000 -2.421837 0.000000
vt -54.000000 -2.421837 0.000000
vt -40.500000 -0.484367 0.000000
vt -42.000000 -0.512977 0.000000
vt -49.300000 -1.453102 0.000000
vt -49.300000 -0.484367 0.000000
vt -40.500000 0.484367 0.000000
vt -49.300000 0.484367 0.000000
vt -42.000000 0.512977 0.000000
vt -49.300000 1.453102 0.000000
vt -40.500000 1.453102 0.000000
vt -42.000000 1.538932 0.000000
vt -40.500000 2.421837 0.000000
vt -49.300000 2.421837 0.000000
vt -42.000000 2.564886 0.000000
vt -54.000000 2.421837 0.000000
vt -63.000000 2.564886 0.000000
vt -63.000000 1.538932 0.000000
vt -35.800000 2.421837 0.000000
vt -21.000000 2.564886 0.000000
vt -42.000000 3.590840 0.000000
vt -21.000000 3.590840 0.000000
vt -42.000000 4.616795 0.000000
vt -21.000000 4.616795 0.000000
vt -42.000000 5.642749 0.000000
vt -21.000000 5.642749 0.000000
vt -42.000000 6.668704 0.000000
vt -21.000000 6.668704 0.000000
vt -42.000000 7.694658 0.000000
vt -21.000000 7.694658 0.000000
vt -42.000000 8.720612 0.000000
vt -21.000000 8.720612 0.000000
vt -42.000000 9.746567 0.000000
vt -21.000000 9.746567 0.000000
vt -42.000000 10.772521 0.000000
vt -21.000000 10.772521 0.000000
vt -42.000000 11.798476 0.000000
vt -21.000000 11.798476 0.000000
vt -42.000000 12.824430 0.000000
vt -21.000000 12.824430 0.000000
vt -42.000000 13.850384 0.000000
vt -21.000000 13.850384 0.000000
vt -42.000000 14.876339 0.000000
vt -21.000000 14.876339 0.000000
vt -35.800000 15.532365 0.000000
vt -21.000000 15.902293 0.000000
vt -35.800000 16.501100 0.000000
vt -21.000000 16.928248 0.000000
vt -35.800000 17.469835 0.000000
vt -21.000000 17.954202 0.000000
vt -35.800000 18.438569 0.000000
vt -35.800000 -17.469835 0.000000
vt -21.000000 -17.954202 0.000000
vt -21.000000 -16.928248 0.000000
vt -35.800000 -16.501100 0.000000
vt -21.000000 -15.902293 0.000000
vt -35.800000 -15.532365 0.000000
vt -21.000000 -14.876339 0.000000
vt -42.000000 -14.876339 0.000000
vt -42.000000 -13.850384 0.000000
vt -63.000000 -13.850384 0.000000
vt -63.000000 -12.824430 0.000000
vt -42.000000 -12.824430 0.000000
vt -63.000000 -11.798476 0.000000
vt -42.000000 -11.798476 0.000000
vt -63.000000 -10.772521 0.000000
vt -42.000000 -10.772521 0.000000
vt -63.000000 -9.746567 0.000000
vt -42.000000 -9.746567 0.000000
vt -63.000000 -8.720612 0.000000
vt -42.000000 -8.720612 0.000000
vt -63.000000 -7.694658 0.000000
vt -42.000000 -7.694658 0.000000
vt -63.000000 -6.668704 0.000000
vt -42.000000 -6.668704 0.000000
vt -63.000000 -5.642749 0.000000
vt -42.000000 -5.642749 0.000000
vt -63.000000 -4.616795 0.000000
vt -42.000000 -4.616795 0.000000
vt -63.000000 -3.590840 0.000000
vt -42.000000 -3.590840 0.000000
vt -63.000000 -2.564886 0.000000
vt -21.000000 1.538932 0.000000
vt -35.800000 1.453102 0.000000
vt -21.000000 0.512977 0.000000
vt -35.800000 0.484367 0.000000
vt -21.000000 -0.512977 0.000000
vt -35.800000 -0.484367 0.000000
vt -35.800000 -1.453102 0.000000
vt -21.000000 -1.538932 0.000000
vt -35.800000 -2.421837 0.000000
vt -21.000000 -2.564886 0.000000
vt -21.000000 -3.590840 0.000000
vt -21.000000 -4.616795 0.000000
vt -21.000000 -5.642749 0.000000
vt -21.000000 -6.668704 0.000000
vt -21.000000 -7.694658 0.000000
vt -21.000000 -8.720612 0.000000
vt -21.000000 -9.746567 0.000000
vt -21.000000 -10.772521 0.000000
vt -21.000000 -11.798476 0.000000
vt -21.000000 -12.824430 0.000000
vt -21.000000 -13.850384 0.000000
vt -40.500000 16.501100 0.000000
vt -42.000000 15.902293 0.000000
vt -40.500000 15.532365 0.000000
vt -42.000000 15.532365 0.000000
vt -49.300000 15.532365 0.000000
vt -54.000000 15.532365 0.000000
vt -40.500000 17.469835 0.000000
vt -42.000000 16.928248 0.000000
vt -49.300000 16.501100 0.000000
vt -40.500000 -17.469835 0.000000
vt -42.000000 -17.954202 0.000000
vt -40.500000 -18.438569 0.000000
vt -42.000000 17.954202 0.000000
vt -49.300000 17.469835 0.000000
vt -40.500000 -16.501100 0.000000
vt -42.000000 -16.928248 0.000000
vt -49.300000 -17.469835 0.000000
vt -49.300000 18.438569 0.000000
vt -40.500000 -15.532365 0.000000
vt -42.000000 -15.902293 0.000000
vt -49.300000 -16.501100 0.000000
vt -49.300000 -15.532365 0.000000
vt -63.000000 -1.538932 0.000000
vt -54.000000 -1.453102 0.000000
vt -63.000000 -0.512977 0.000000
vt -54.000000 -0.484367 0.000000
vt -54.000000 0.484367 0.000000
vt -63.000000 0.512977 0.000000
vt -54.000000 1.453102 0.000000
vt -54.000000 -15.532365 0.000000
vt -63.000000 -14.876339 0.000000
vt -63.000000 -15.902293 0.000000
vt -54.000000 16.501100 0.000000
vt -63.000000 15.902293 0.000000
vt -63.000000 14.876339 0.000000
vt -63.000000 16.928248 0.000000
vt -54.000000 17.469835 0.000000
vt -63.000000 17.954202 0.000000
vt -63.000000 -17.954202 0.000000
vt -54.000000 -18.438569 0.000000
vt -54.000000 -17.469835 0.000000
vt -63.000000 -16.928248 0.000000
vt -54.000000 -16.501100 0.000000
vt -63.000000 13.850384 0.000000
vt -63.000000 12.824430 0.000000
vt -63.000000 11.798476 0.000000
vt -63.000000 10.772521 0.000000
vt -63.000000 9.746567 0.000000
vt -63.000000 8.720612 0.000000
vt -63.000000 7.694658 0.000000
vt -63.000000 6.668704 0.000000
vt -63.000000 5.642749 0.000000
vt -63.000000 4.616795 0.000000
vt -63.000000 3.590840 0.000000
vt -0.000000 -16.928248 0.000000
vt -0.000000 -17.954202 0.000000
vt -0.000000 17.954202 0.000000
vt -0.000000 16.928248 0.000000
vt -0.000000 15.902293 0.000000
vt -0.000000 14.876339 0.000000
vt -0.000000 13.850384 0.000000
vt -0.000000 12.824430 0.000000
vt -0.000000 11.798476 0.000000
vt -0.000000 10.772521 0.000000
vt -0.000000 9.746567 0.000000
vt -0.000000 8.720612 0.000000
vt -0.000000 7.694658 0.000000
vt -0.000000 6.668704 0.000000
vt -0.000000 5.642749 0.000000
vt -0.000000 4.616795 0.000000
vt -0.000000 3.590840 0.000000
vt -0.000000 2.564886 0.000000
vt -0.000000 1.538932 0.000000
vt -0.000000 0.512977 0.000000
vt -0.000000 -0.512977 0.000000
vt -0.000000 -1.538932 0.000000
vt -0.000000 -2.564886 0.000000
vt -0.000000 -3.590840 0.000000
vt -0.000000 -4.616795 0.000000
vt -0.000000 -5.642749 0.000000
vt -0.000000 -6.668704 0.000000
vt -0.000000 -7.694658 0.000000
vt -0.000000 -8.720612 0.000000
vt -0.000000 -9.746567 0.000000
vt -0.000000 -10.772521 0.000000
vt -0.000000 -11.798476 0.000000
vt -0.000000 -12.824430 0.000000
vt -0.000000 -13.850384 0.000000
vt -0.000000 -14.876339 0.000000
vt -0.000000 -15.902293 0.000000
vt -5.715000 -0.000000 0.000000
vt -5.623158 -1.020453 0.000000
vt -5.623158 1.020453 0.000000
vt -5.350582 2.008107 0.000000
vt -5.350582 -2.008107 0.000000
vt -4.906035 2.931219 0.000000
vt -4.906035 -2.931219 0.000000
vt -4.303803 3.760120 0.000000
vt -3.563244 4.468167 0.000000
vt -2.708159 5.032603 0.000000
vt -1.766032 5.435288 0.000000
vt -0.767143 5.663278 0.000000
vt 0.256403 5.709245 0.000000
vt 1.271707 5.571713 0.000000
vt 2.246138 5.255101 0.000000
vt 3.148376 4.769586 0.000000
vt 3.949423 4.130773 0.000000
vt -4.303803 -3.760120 0.000000
vt 4.623532 3.359193 0.000000
vt 5.149037 2.479646 0.000000
vt 5.509048 1.520401 0.000000
vt 5.691993 0.512289 0.000000
vt 5.691993 -0.512289 0.000000
vt 5.509048 -1.520401 0.000000
vt 5.149037 -2.479646 0.000000
vt 4.623532 -3.359193 0.000000
vt 3.949423 -4.130773 0.000000
vt -3.563244 -4.468167 0.000000
vt 3.148376 -4.769586 0.000000
vt -2.708159 -5.032603 0.000000
vt 2.246138 -5.255101 0.000000
vt -1.766032 -5.435288 0.000000
vt 1.271707 -5.571713 0.000000
vt -0.767143 -5.663278 0.000000
vt 0.256403 -5.709245 0.000000
vn 0.100000 -0.000000 0.000000
vn 0.100000 -0.000000 0.000000
vn 0.100000 -0.000000 0.000000
vn 0.100000 -0.000000 0.000000
vn 0.100000 -0.000000 0.000000
vn 0.100000 -0.000000 0.000000
vn 0.100000 -0.000000 0.000000
vn 0.100000 -0.000000 0.000000
vn 0.000000 0.000000 -0.100000
vn 0.000000 0.000000 -0.100000
vn 0.000000 0.000000 -0.100000
vn 0.000000 0.000000 -0.100000
vn -0.000000 -0.000000 0.100000
vn -0.000000 -0.000000 0.100000
vn -0.000000 -0.000000 0.100000
vn -0.000000 -0.000000 0.100000
vn -0.000000 -0.000000 0.100000
vn -0.000000 -0.000000 0.100000
vn -0.000000 -0.000000 0.100000
vn -0.000000 -0.000000 0.100000
vn -0.100000 0.000000 -0.000000
vn -0.100000 0.000000 -0.000000
vn -0.100000 0.000000 -0.000000
vn -0.100000 0.000000 -0.000000
vn -0.100000 0.000000 -0.000000
vn -0.100000 0.000000 -0.000000
vn -0.100000 0.000000 -0.000000
vn -0.100000 0.000000 -0.000000
vn -0.100000 0.000000 -0.000000
vn -0.100000 0.000000 -0.000000
vn -0.100000 0.000000 -0.000000
vn -0.100000 0.000000 -0.000000
vn -0.100000 0.000000 -0.000000
vn -0.100000 0.000000 -0.000000
vn -0.100000 0.000000 -0.000000
vn -0.100000 0.000000 -0.000000
vn 0.000000 0.100000 -0.000000
vn 0.000000 0.100000 -0.000000
vn 0.000000 0.100000 -0.000000
vn 0.000000 0.100000 -0.000000
vn 0.100000 -0.000000 0.000000
vn 0.100000 -0.000000 0.000000
vn 0.100000 -0.000000 0.000000
vn 0.100000 -0.000000 0.000000
vn 0.100000 -0.000000 0.000000
vn 0.100000 -0.000000 0.000000
vn 0.100000 -0.000000 0.000000
vn 0.100000 -0.000000 0.000000
vn 0.000000 0.000000 -0.100000
vn 0.000000 0.000000 -0.100000
vn 0.000000 0.000000 -0.100000
vn 0.000000 0.000000 -0.100000
vn -0.000000 -0.100000 0.000000
vn -0.000000 -0.100000 0.000000
vn -0.000000 -0.100000 0.000000
vn -0.000000 -0.100000 0.000000
vn -0.000000 -0.000000 0.100000
vn -0.000000 -0.000000 0.100000
vn -0.000000 -0.000000 0.100000
vn -0.000000 -0.000000 0.100000
vn 0.100000 -0.000000 0.000000
vn 0.100000 -0.000000 0.000000
vn 0.100000 -0.000000 0.000000
vn 0.100000 -0.000000 0.000000
vn 0.100000 -0.000000 0.000000
vn 0.100000 -0.000000 0.000000
vn 0.100000 -0.000000 0.000000
vn 0.100000 -0.000000 0.000000
vn -0.100000 0.000000 -0.000000
vn -0.100000 0.000000 -0.000000
vn -0.100000 0.000000 -0.000000
vn -0.100000 0.000000 -0.000000
vn -0.100000 0.000000 -0.000000
vn -0.100000 0.000000 -0.000000
vn -0.100000 0.000000 -0.000000
vn -0.100000 0.000000 -0.000000
vn -0.100000 0.000000 -0.000000
vn -0.100000 0.000000 -0.000000
vn -0.100000 0.000000 -0.000000
vn -0.100000 0.000000 -0.000000
vn -0.100000 0.000000 -0.000000
vn -0.100000 0.000000 -0.000000
vn -0.100000 0.000000 -0.000000
vn -0.100000 0.000000 -0.000000
vn 0.000000 0.000000 -0.100000
vn 0.000000 0.000000 -0.100000
vn 0.000000 0.000000 -0.100000
vn 0.000000 0.000000 -0.100000
vn 0.000000 0.000000 -0.100000
vn 0.000000 0.000000 -0.100000
vn 0.000000 0.000000 -0.100000
vn 0.000000 0.000000 -0.100000
vn 0.000000 0.100000 -0.000000
vn 0.000000 0.100000 -0.000000
vn 0.000000 0.100000 -0.000000
vn 0.000000 0.100000 -0.000000
vn -0.000000 -0.000000 0.100000
vn -0.000000 -0.000000 0.100000
vn -0.000000 -0.000000 0.100000
vn -0.000000 -0.000000 0.100000
vn 0.100000 -0.000000 0.000000
vn 0.100000 -0.000000 0.000000
vn 0.100000 -0.000000 0.000000
vn 0.100000 -0.000000 0.000000
vn 0.100000 -0.000000 0.000000
vn 0.100000 -0.000000 0.000000
vn 0.100000 -0.000000 0.000000
vn 0.100000 -0.000000 0.000000
vn -0.000000 -0.100000 0.000000
vn -0.000000 -0.100000 0.000000
vn -0.000000 -0.100000 0.000000
vn -0.000000 -0.100000 0.000000
vn -0.000000 0.098393 0.017856
vn 0.017365 0.098084 0.008828
vn 0.000000 0.100000 -0.000000
vn 0.017365 0.098084 -0.008828
vn 0.000000 0.098393 -0.017856
vn 0.017365 0.094932 -0.026200
vn 0.000000 0.093623 -0.035137
vn 0.017365 0.088728 -0.042729
vn 0.000000 0.085845 -0.051290
vn 0.017365 0.079673 -0.057886
vn 0.000000 0.075307 -0.065794
vn 0.017365 0.068056 -0.071181
vn 0.000000 0.062349 -0.078183
vn 0.017365 0.054253 -0.082189
vn 0.000000 0.047387 -0.088060
vn 0.017365 0.038705 -0.090556
vn 0.000000 0.030902 -0.095106
vn 0.017365 0.021914 -0.096012
vn 0.000000 0.013423 -0.099095
vn 0.017365 0.004418 -0.098382
vn 0.000000 -0.004486 -0.099899
vn 0.017365 -0.013219 -0.097590
vn 0.000000 -0.022252 -0.097493
vn 0.017365 -0.030432 -0.093661
vn 0.000000 -0.039303 -0.091953
vn 0.017365 -0.046667 -0.086722
vn 0.000000 -0.055090 -0.083457
vn 0.017365 -0.061402 -0.076995
vn 0.000000 -0.069106 -0.072279
vn 0.017365 -0.074163 -0.064794
vn 0.000000 -0.080902 -0.058779
vn 0.017365 -0.084541 -0.050511
vn 0.000000 -0.090097 -0.043388
vn 0.017365 -0.092201 -0.034604
vn 0.000000 -0.096396 -0.026604
vn 0.017365 -0.096898 -0.017584
vn -0.000000 -0.099597 -0.008964
vn 0.017365 -0.098481 -0.000000
vn -0.000000 -0.099597 0.008964
vn 0.017365 -0.096898 0.017584
vn -0.000000 -0.096396 0.026604
vn 0.017365 -0.092201 0.034604
vn -0.000000 -0.090097 0.043388
vn 0.017365 -0.084541 0.050511
vn -0.000000 -0.080902 0.058779
vn 0.017365 -0.074163 0.064794
vn -0.000000 -0.069106 0.072279
vn 0.017365 -0.061402 0.076995
vn -0.000000 -0.055090 0.083457
vn 0.017365 -0.046667 0.086722
vn -0.000000 -0.039303 0.091953
vn 0.017365 -0.030432 0.093661
vn -0.000000 -0.022252 0.097493
vn 0.017365 -0.013219 0.097590
vn -0.000000 -0.004486 0.099899
vn 0.017365 0.004418 0.098382
vn -0.000000 0.013423 0.099095
vn 0.017365 0.021914 0.096012
vn -0.000000 0.030902 0.095106
vn 0.017365 0.038705 0.090556
vn -0.000000 0.047387 0.088060
vn 0.017365 0.054253 0.082189
vn -0.000000 0.062349 0.078183
vn 0.017365 0.068056 0.071181
vn -0.000000 0.075307 0.065794
vn 0.017365 0.079673 0.057886
vn -0.000000 0.085845 0.051290
vn 0.017365 0.088728 0.042729
vn -0.000000 0.093623 0.035137
vn 0.017365 0.094932 0.026200
vn 0.098481 -0.017365 0.000000
vn 0.100000 -0.000000 0.000000
vn 0.098481 -0.017086 0.003101
vn 0.098481 -0.016258 0.006102
vn 0.098481 -0.014907 0.008906
vn 0.098481 -0.013077 0.011425
vn 0.098481 -0.010827 0.013576
vn 0.098481 -0.008229 0.015291
vn 0.098481 -0.005366 0.016515
vn 0.098481 -0.002331 0.017208
vn 0.098481 0.000779 0.017347
vn 0.098481 0.003864 0.016929
vn 0.098481 0.006825 0.015967
vn 0.098481 0.009566 0.014492
vn 0.098481 0.012000 0.012551
vn 0.098481 0.014048 0.010207
vn 0.098481 0.015645 0.007534
vn 0.098481 0.016739 0.004620
vn 0.098481 0.017295 0.001557
vn 0.098481 0.017295 -0.001557
vn 0.098481 0.016739 -0.004620
vn 0.098481 0.015645 -0.007534
vn 0.098481 0.014048 -0.010207
vn 0.098481 0.012000 -0.012551
vn 0.098481 0.009566 -0.014492
vn 0.098481 0.006825 -0.015967
vn 0.098481 0.003864 -0.016929
vn 0.098481 0.000779 -0.017347
vn 0.098481 -0.002331 -0.017208
vn 0.098481 -0.005366 -0.016515
vn 0.098481 -0.008229 -0.015291
vn 0.098481 -0.010827 -0.013576
vn 0.098481 -0.013077 -0.011425
vn 0.098481 -0.014907 -0.008906
vn 0.098481 -0.016258 -0.006102
vn 0.098481 -0.017086 -0.003101
vn 0.034202 -0.093969 0.000000
vn 0.034202 -0.092459 0.016779
vn 0.034202 -0.087977 0.033018
vn 0.034202 -0.080668 0.048197
vn 0.034202 -0.070766 0.061826
vn 0.034202 -0.058589 0.073468
vn 0.034202 -0.044529 0.082749
vn 0.034202 -0.029038 0.089370
vn 0.034202 -0.012614 0.093119
vn 0.034202 0.004216 0.093875
vn 0.034202 0.020910 0.091613
vn 0.034202 0.036932 0.086407
vn 0.034202 0.051767 0.078424
vn 0.034202 0.064939 0.067920
vn 0.034202 0.076023 0.055234
vn 0.034202 0.084663 0.040772
vn 0.034202 0.090583 0.024999
vn 0.034202 0.093591 0.008423
vn 0.034202 0.093591 -0.008423
vn 0.034202 0.090583 -0.024999
vn 0.034202 0.084663 -0.040772
vn 0.034202 0.076023 -0.055234
vn 0.034202 0.064939 -0.067920
vn 0.034202 0.051767 -0.078424
vn 0.034202 0.036932 -0.086407
vn 0.034202 0.020910 -0.091613
vn 0.034202 0.004216 -0.093875
vn 0.034202 -0.012614 -0.093119
vn 0.034202 -0.029038 -0.089370
vn 0.034202 -0.044529 -0.082749
vn 0.034202 -0.058589 -0.073468
vn 0.034202 -0.070766 -0.061826
vn 0.034202 -0.080668 -0.048197
vn 0.034202 -0.087977 -0.033018
vn 0.034202 -0.092459 -0.016779
vn 0.050000 -0.086603 0.000000
vn 0.050000 -0.085211 0.015463
vn 0.050000 -0.081080 0.030430
vn 0.050000 -0.074344 0.044418
vn 0.050000 -0.065218 0.056979
vn 0.050000 -0.053996 0.067709
vn 0.050000 -0.041038 0.076262
vn 0.050000 -0.026762 0.082364
vn 0.050000 -0.011625 0.085819
vn 0.050000 0.003885 0.086515
vn 0.050000 0.019271 0.084431
vn 0.050000 0.034037 0.079633
vn 0.050000 0.047709 0.072276
vn 0.050000 0.059848 0.062596
vn 0.050000 0.070063 0.050904
vn 0.050000 0.078026 0.037575
vn 0.050000 0.083482 0.023039
vn 0.050000 0.086254 0.007763
vn 0.050000 0.086254 -0.007763
vn 0.050000 0.083482 -0.023039
vn 0.050000 0.078026 -0.037575
vn 0.050000 0.070063 -0.050904
vn 0.050000 0.059848 -0.062596
vn 0.050000 0.047709 -0.072276
vn 0.050000 0.034037 -0.079633
vn 0.050000 0.019271 -0.084431
vn 0.050000 0.003885 -0.086515
vn 0.050000 -0.011625 -0.085819
vn 0.050000 -0.026762 -0.082364
vn 0.050000 -0.041038 -0.076262
vn 0.050000 -0.053996 -0.067709
vn 0.050000 -0.065218 -0.056979
vn 0.050000 -0.074344 -0.044418
vn 0.050000 -0.081080 -0.030430
vn 0.050000 -0.085211 -0.015463
vn 0.064279 -0.076604 0.000000
vn 0.064279 -0.075373 0.013678
vn 0.064279 -0.071720 0.026917
vn 0.064279 -0.065761 0.039290
vn 0.064279 -0.057689 0.050401
vn 0.064279 -0.047762 0.059892
vn 0.064279 -0.036300 0.067458
vn 0.064279 -0.023672 0.072855
vn 0.064279 -0.010283 0.075911
vn 0.064279 0.003437 0.076527
vn 0.064279 0.017046 0.074684
vn 0.064279 0.030107 0.070440
vn 0.064279 0.042201 0.063932
vn 0.064279 0.052938 0.055369
vn 0.064279 0.061974 0.045027
vn 0.064279 0.069018 0.033237
vn 0.064279 0.073844 0.020380
vn 0.064279 0.076296 0.006867
vn 0.064279 0.076296 -0.006867
vn 0.064279 0.073844 -0.020380
vn 0.064279 0.069018 -0.033237
vn 0.064279 0.061974 -0.045027
vn 0.064279 0.052938 -0.055369
vn 0.064279 0.042201 -0.063932
vn 0.064279 0.030107 -0.070440
vn 0.064279 0.017046 -0.074684
vn 0.064279 0.003437 -0.076527
vn 0.064279 -0.010283 -0.075911
vn 0.064279 -0.023672 -0.072855
vn 0.064279 -0.036300 -0.067458
vn 0.064279 -0.047762 -0.059892
vn 0.064279 -0.057689 -0.050401
vn 0.064279 -0.065761 -0.039290
vn 0.064279 -0.071720 -0.026917
vn 0.064279 -0.075373 -0.013678
vn 0.076604 -0.064279 0.000000
vn 0.076604 -0.063246 0.011477
vn 0.076604 -0.060180 0.022586
vn 0.076604 -0.055180 0.032969
vn 0.076604 -0.048407 0.042291
vn 0.076604 -0.040077 0.050255
vn 0.076604 -0.030460 0.056604
vn 0.076604 -0.019863 0.061133
vn 0.076604 -0.008628 0.063697
vn 0.076604 0.002884 0.064214
vn 0.076604 0.014303 0.062667
vn 0.076604 0.025263 0.059106
vn 0.076604 0.035411 0.053645
vn 0.076604 0.044421 0.046460
vn 0.076604 0.052003 0.037782
vn 0.076604 0.057913 0.027890
vn 0.076604 0.061962 0.017101
vn 0.076604 0.064020 0.005762
vn 0.076604 0.064020 -0.005762
vn 0.076604 0.061962 -0.017101
vn 0.076604 0.057913 -0.027890
vn 0.076604 0.052003 -0.037782
vn 0.076604 0.044421 -0.046460
vn 0.076604 0.035411 -0.053645
vn 0.076604 0.025263 -0.059106
vn 0.076604 0.014303 -0.062667
vn 0.076604 0.002884 -0.064214
vn 0.076604 -0.008628 -0.063697
vn 0.076604 -0.019863 -0.061133
vn 0.076604 -0.030460 -0.056604
vn 0.076604 -0.040077 -0.050255
vn 0.076604 -0.048407 -0.042291
vn 0.076604 -0.055180 -0.032969
vn 0.076604 -0.060180 -0.022586
vn 0.076604 -0.063246 -0.011477
vn 0.086603 -0.050000 0.000000
vn 0.086603 -0.049196 0.008928
vn 0.086603 -0.046812 0.017569
vn 0.086603 -0.042922 0.025645
vn 0.086603 -0.037654 0.032897
vn 0.086603 -0.031174 0.039092
vn 0.086603 -0.023693 0.044030
vn 0.086603 -0.015451 0.047553
vn 0.086603 -0.006712 0.049547
vn 0.086603 0.002243 0.049950
vn 0.086603 0.011126 0.048746
vn 0.086603 0.019651 0.045976
vn 0.086603 0.027545 0.041729
vn 0.086603 0.034553 0.036140
vn 0.086603 0.040451 0.029389
vn 0.086603 0.045048 0.021694
vn 0.086603 0.048198 0.013302
vn 0.086603 0.049799 0.004482
vn 0.086603 0.049799 -0.004482
vn 0.086603 0.048198 -0.013302
vn 0.086603 0.045048 -0.021694
vn 0.086603 0.040451 -0.029389
vn 0.086603 0.034553 -0.036140
vn 0.086603 0.027545 -0.041729
vn 0.086603 0.019651 -0.045976
vn 0.086603 0.011126 -0.048746
vn 0.086603 0.002243 -0.049950
vn 0.086603 -0.006712 -0.049547
vn 0.086603 -0.015451 -0.047553
vn 0.086603 -0.023693 -0.044030
vn 0.086603 -0.031174 -0.039092
vn 0.086603 -0.037654 -0.032897
vn 0.086603 -0.042922 -0.025645
vn 0.086603 -0.046812 -0.017569
vn 0.086603 -0.049196 -0.008928
vn 0.093969 -0.034202 0.000000
vn 0.093969 -0.033652 0.006107
vn 0.093969 -0.032021 0.012018
vn 0.093969 -0.029361 0.017542
vn 0.093969 -0.025757 0.022503
vn 0.093969 -0.021325 0.026740
vn 0.093969 -0.016207 0.030118
vn 0.093969 -0.010569 0.032528
vn 0.093969 -0.004591 0.033892
vn 0.093969 0.001534 0.034168
vn 0.093969 0.007611 0.033344
vn 0.093969 0.013442 0.031450
vn 0.093969 0.018842 0.028544
vn 0.093969 0.023636 0.024721
vn 0.093969 0.027670 0.020103
vn 0.093969 0.030815 0.014840
vn 0.093969 0.032969 0.009099
vn 0.093969 0.034064 0.003066
vn 0.093969 0.034064 -0.003066
vn 0.093969 0.032969 -0.009099
vn 0.093969 0.030815 -0.014840
vn 0.093969 0.027670 -0.020103
vn 0.093969 0.023636 -0.024721
vn 0.093969 0.018842 -0.028544
vn 0.093969 0.013442 -0.031450
vn 0.093969 0.007611 -0.033344
vn 0.093969 0.001534 -0.034168
vn 0.093969 -0.004591 -0.033892
vn 0.093969 -0.010569 -0.032528
vn 0.093969 -0.016207 -0.030118
vn 0.093969 -0.021325 -0.026740
vn 0.093969 -0.025757 -0.022503
vn 0.093969 -0.029361 -0.017542
vn 0.093969 -0.032021 -0.012018
vn 0.093969 -0.033652 -0.006107
vn 0.000000 -0.096785 -0.025153
vn 0.000000 -0.096396 -0.026604
vn 0.000000 -0.091155 -0.041120
vn 0.000000 -0.091155 -0.041120
vn 0.000000 -0.090097 -0.043388
vn 0.000000 -0.091155 -0.041120
vn 0.000000 -0.091155 -0.041120
vn -0.000000 -0.099641 -0.008465
vn -0.000000 -0.099597 -0.008964
vn 0.000000 -0.096785 -0.025153
vn -0.000000 -0.099641 -0.008465
vn -0.000000 -0.099641 0.008465
vn -0.000000 -0.099641 0.008465
vn -0.000000 -0.099597 0.008964
vn -0.000000 -0.096785 0.025153
vn -0.000000 -0.096785 0.025153
vn -0.000000 -0.096396 0.026604
vn -0.000000 -0.091155 0.041120
vn -0.000000 -0.091155 0.041120
vn -0.000000 -0.090097 0.043388
vn -0.000000 -0.091155 0.041120
vn -0.000000 -0.090097 0.043388
vn -0.000000 -0.096396 0.026604
vn -0.000000 -0.091155 0.041120
vn -0.000000 -0.090097 0.043388
vn -0.000000 -0.080902 0.058779
vn -0.000000 -0.080902 0.058779
vn -0.000000 -0.069106 0.072279
vn -0.000000 -0.069106 0.072279
vn -0.000000 -0.055090 0.083457
vn -0.000000 -0.055090 0.083457
vn -0.000000 -0.039303 0.091953
vn -0.000000 -0.039303 0.091953
vn -0.000000 -0.022252 0.097493
vn -0.000000 -0.022252 0.097493
vn -0.000000 -0.004486 0.099899
vn -0.000000 -0.004486 0.099899
vn -0.000000 0.013423 0.099095
vn -0.000000 0.013423 0.099095
vn -0.000000 0.030902 0.095106
vn -0.000000 0.030902 0.095106
vn -0.000000 0.047387 0.088060
vn -0.000000 0.047387 0.088060
vn -0.000000 0.062349 0.078183
vn -0.000000 0.062349 0.078183
vn -0.000000 0.075307 0.065794
vn -0.000000 0.075307 0.065794
vn -0.000000 0.085845 0.051290
vn -0.000000 0.085845 0.051290
vn -0.000000 0.091155 0.041120
vn -0.000000 0.093623 0.035137
vn -0.000000 0.096785 0.025153
vn -0.000000 0.098393 0.017856
vn 0.000000 0.099641 0.008465
vn 0.000000 0.100000 0.000000
vn 0.000000 0.099641 -0.008465
vn 0.000000 0.098393 -0.017856
vn 0.000000 0.096785 -0.025153
vn 0.000000 0.093623 -0.035137
vn 0.000000 0.091155 -0.041120
vn 0.000000 0.085845 -0.051290
vn 0.000000 0.085845 -0.051290
vn 0.000000 0.075307 -0.065794
vn 0.000000 0.075307 -0.065794
vn 0.000000 0.062349 -0.078183
vn 0.000000 0.062349 -0.078183
vn 0.000000 0.047387 -0.088060
vn 0.000000 0.047387 -0.088060
vn 0.000000 0.030902 -0.095106
vn 0.000000 0.030902 -0.095106
vn 0.000000 0.013423 -0.099095
vn 0.000000 0.013423 -0.099095
vn 0.000000 -0.004486 -0.099899
vn 0.000000 -0.004486 -0.099899
vn 0.000000 -0.022252 -0.097493
vn 0.000000 -0.022252 -0.097493
vn 0.000000 -0.039303 -0.091953
vn 0.000000 -0.039303 -0.091953
vn 0.000000 -0.055090 -0.083457
vn 0.000000 -0.055090 -0.083457
vn 0.000000 -0.069106 -0.072279
vn 0.000000 -0.069106 -0.072279
vn 0.000000 -0.080902 -0.058779
vn 0.000000 -0.080902 -0.058779
vn 0.000000 -0.090097 -0.043388
vn -0.000000 -0.096396 0.026604
vn -0.000000 -0.096785 0.025153
vn -0.000000 -0.099597 0.008964
vn -0.000000 -0.099641 0.008465
vn -0.000000 -0.099597 -0.008964
vn -0.000000 -0.099641 -0.008465
vn 0.000000 -0.096785 -0.025153
vn 0.000000 -0.096396 -0.026604
vn 0.000000 -0.091155 -0.041120
vn 0.000000 -0.090097 -0.043388
vn 0.000000 -0.080902 -0.058779
vn 0.000000 -0.069106 -0.072279
vn 0.000000 -0.055090 -0.083457
vn 0.000000 -0.039303 -0.091953
vn 0.000000 -0.022252 -0.097493
vn 0.000000 -0.004486 -0.099899
vn 0.000000 0.013423 -0.099095
vn 0.000000 0.030902 -0.095106
vn 0.000000 0.047387 -0.088060
vn 0.000000 0.062349 -0.078183
vn 0.000000 0.075307 -0.065794
vn -0.000000 0.096785 0.025153
vn -0.000000 0.093623 0.035137
vn -0.000000 0.091155 0.041120
vn -0.000000 0.091155 0.041120
vn -0.000000 0.091155 0.041120
vn -0.000000 0.091155 0.041120
vn 0.000000 0.099641 0.008465
vn -0.000000 0.098393 0.017856
vn -0.000000 0.096785 0.025153
vn 0.000000 0.099641 -0.008465
vn 0.000000 0.100000 -0.000000
vn 0.000000 0.099641 0.008465
vn 0.000000 0.096785 -0.025153
vn 0.000000 0.098393 -0.017856
vn 0.000000 0.099641 -0.008465
vn 0.000000 0.091155 -0.041120
vn 0.000000 0.093623 -0.035137
vn 0.000000 0.096785 -0.025153
vn 0.000000 0.091155 -0.041120
vn 0.000000 -0.096396 -0.026604
vn 0.000000 -0.096785 -0.025153
vn -0.000000 -0.099597 -0.008964
vn -0.000000 -0.099641 -0.008465
vn -0.000000 -0.099641 0.008465
vn -0.000000 -0.099597 0.008964
vn -0.000000 -0.096785 0.025153
vn 0.000000 0.091155 -0.041120
vn 0.000000 0.085845 -0.051290
vn 0.000000 0.093623 -0.035137
vn -0.000000 0.096785 0.025153
vn -0.000000 0.093623 0.035137
vn -0.000000 0.085845 0.051290
vn -0.000000 0.098393 0.017856
vn 0.000000 0.099641 0.008465
vn 0.000000 0.100000 0.000000
vn 0.000000 0.099641 -0.008465
vn 0.000000 0.098393 -0.017856
vn 0.000000 0.096785 -0.025153
vn -0.000000 0.075307 0.065794
vn -0.000000 0.062349 0.078183
vn -0.000000 0.047387 0.088060
vn -0.000000 0.030902 0.095106
vn -0.000000 0.013423 0.099095
vn -0.000000 -0.004486 0.099899
vn -0.000000 -0.022252 0.097493
vn -0.000000 -0.039303 0.091953
vn -0.000000 -0.055090 0.083457
vn -0.000000 -0.069106 0.072279
vn -0.000000 -0.080902 0.058779
vn -0.100000 0.000000 -0.000000
vn -0.100000 0.000000 -0.000000
vn -0.100000 0.000000 -0.000000
vn -0.100000 0.000000 -0.000000
vn -0.100000 0.000000 -0.000000
vn -0.100000 0.000000 -0.000000
vn -0.100000 0.000000 -0.000000
vn -0.100000 0.000000 -0.000000
vn -0.100000 0.000000 -0.000000
vn -0.100000 0.000000 -0.000000
vn -0.100000 0.000000 -0.000000
vn -0.100000 0.000000 -0.000000
vn -0.100000 0.000000 -0.000000
vn -0.100000 0.000000 -0.000000
vn -0.100000 0.000000 -0.000000
vn -0.100000 0.000000 -0.000000
vn -0.100000 0.000000 -0.000000
vn -0.100000 0.000000 -0.000000
vn -0.100000 0.000000 -0.000000
vn -0.100000 0.000000 -0.000000
vn -0.100000 0.000000 -0.000000
vn -0.100000 0.000000 -0.000000
vn -0.100000 0.000000 -0.000000
vn -0.100000 0.000000 -0.000000
vn -0.100000 0.000000 -0.000000
vn -0.100000 0.000000 -0.000000
vn -0.100000 0.000000 -0.000000
vn -0.100000 0.000000 -0.000000
vn -0.100000 0.000000 -0.000000
vn -0.100000 0.000000 -0.000000
vn -0.100000 0.000000 -0.000000
vn -0.100000 0.000000 -0.000000
vn -0.100000 0.000000 -0.000000
vn -0.100000 0.000000 -0.000000
vn -0.100000 0.000000 -0.000000
usemtl Steel_-_Satin
f 1/1/1 2/2/2 8/3/3
f 8/3/3 2/2/2 3/4/4
f 8/3/3 3/4/4 4/5/5
f 8/3/3 4/5/5 7/6/6
f 7/6/6 4/5/5 5/7/7
f 7/6/6 5/7/7 6/8/8
f 6/9/9 9/10/10 7/11/11
f 7/11/11 9/10/10 10/12/12
f 11/13/13 1/14/14 12/15/15
f 12/15/15 1/14/14 8/16/16
f 13/17/17 14/18/18 16/19/19
f 16/19/19 14/18/18 15/20/20
f 9/21/21 17/22/22 10/23/23
f 10/23/23 17/22/22 18/24/24
f 10/23/23 18/24/24 19/25/25
f 10/23/23 19/25/25 12/26/26
f 12/26/26 19/25/25 20/27/27
f 12/26/26 20/27/27 11/28/28
f 14/29/29 21/30/30 15/31/31
f 15/31/31 21/30/30 22/32/32
f 15/31/31 22/32/32 23/33/33
f 15/31/31 23/33/33 26/34/34
f 26/34/34 23/33/33 24/35/35
f 26/34/34 24/35/35 25/36/36
f 10/37/37 12/38/38 7/39/39
f 7/39/39 12/38/38 8/40/40
f 27/41/41 28/42/42 32/43/43
f 32/43/43 28/42/42 29/44/44
f 32/43/43 29/44/44 30/45/45
f 32/43/43 30/45/45 16/46/46
f 16/46/46 30/45/45 31/47/47
f 16/46/46 31/47/47 13/48/48
f 25/49/49 27/50/50 26/51/51
f 26/51/51 27/50/50 32/52/52
f 32/53/53 16/54/54 26/55/55
f 26/55/55 16/54/54 15/56/56
f 33/57/57 34/58/58 36/59/59
f 36/59/59 34/58/58 35/60/60
f 34/61/61 37/62/62 35/63/63
f 35/63/63 37/62/62 38/64/64
f 35/63/63 38/64/64 39/65/65
f 35/63/63 39/65/65 42/66/66
f 42/66/66 39/65/65 40/67/67
f 42/66/66 40/67/67 41/68/68
f 43/69/69 44/70/70 48/71/71
f 48/71/71 44/70/70 45/72/72
f 48/71/71 45/72/72 46/73/73
f 48/71/71 46/73/73 36/74/74
f 36/74/74 46/73/73 47/75/75
f 36/74/74 47/75/75 33/76/76
f 49/77/77 50/78/78 56/79/79
f 56/79/79 50/78/78 51/80/80
f 56/79/79 51/80/80 52/81/81
f 56/79/79 52/81/81 55/82/82
f 55/82/82 52/81/81 53/83/83
f 55/82/82 53/83/83 54/84/84
f 41/85/85 43/86/86 42/87/87
f 42/87/87 43/86/86 48/88/88
f 54/89/89 57/90/90 55/91/91
f 55/91/91 57/90/90 58/92/92
f 35/93/93 42/94/94 36/95/95
f 36/95/95 42/94/94 48/96/96
f 59/97/97 49/98/98 60/99/99
f 60/99/99 49/98/98 56/100/100
f 57/101/101 61/102/102 58/103/103
f 58/103/103 61/102/102 62/104/104
f 58/103/103 62/104/104 63/105/105
f 58/103/103 63/105/105 60/106/106
f 60/106/106 63/105/105 64/107/107
f 60/106/106 64/107/107 59/108/108
f 58/109/109 60/110/110 55/111/111
f 55/111/111 60/110/110 56/112/112
f 66/113/113 109/114/114 65/115/115
f 65/115/115 109/114/114 124/116/116
f 65/115/115 124/116/116 99/117/117
f 99/117/117 124/116/116 373/118/118
f 99/117/117 373/118/118 98/119/119
f 98/119/119 373/118/118 365/120/120
f 98/119/119 365/120/120 97/121/121
f 97/121/121 365/120/120 357/122/122
f 97/121/121 357/122/122 96/123/123
f 96/123/123 357/122/122 349/124/124
f 96/123/123 349/124/124 95/125/125
f 95/125/125 349/124/124 341/126/126
f 95/125/125 341/126/126 94/127/127
f 94/127/127 341/126/126 333/128/128
f 94/127/127 333/128/128 93/129/129
f 93/129/129 333/128/128 325/130/130
f 93/129/129 325/130/130 92/131/131
f 92/131/131 325/130/130 317/132/132
f 92/131/131 317/132/132 91/133/133
f 91/133/133 317/132/132 309/134/134
f 91/133/133 309/134/134 90/135/135
f 90/135/135 309/134/134 301/136/136
f 90/135/135 301/136/136 89/137/137
f 89/137/137 301/136/136 293/138/138
f 89/137/137 293/138/138 88/139/139
f 88/139/139 293/138/138 285/140/140
f 88/139/139 285/140/140 87/141/141
f 87/141/141 285/140/140 277/142/142
f 87/141/141 277/142/142 86/143/143
f 86/143/143 277/142/142 269/144/144
f 86/143/143 269/144/144 85/145/145
f 85/145/145 269/144/144 261/146/146
f 85/145/145 261/146/146 84/147/147
f 84/147/147 261/146/146 253/148/148
f 84/147/147 253/148/148 83/149/149
f 83/149/149 253/148/148 101/150/150
f 83/149/149 101/150/150 82/151/151
f 82/152/151 101/153/150 245/154/152
f 82/152/151 245/154/152 81/155/153
f 81/155/153 245/154/152 237/156/154
f 81/155/153 237/156/154 80/157/155
f 80/157/155 237/156/154 229/158/156
f 80/157/155 229/158/156 79/159/157
f 79/159/157 229/158/156 221/160/158
f 79/159/157 221/160/158 78/161/159
f 78/161/159 221/160/158 213/162/160
f 78/161/159 213/162/160 77/163/161
f 77/163/161 213/162/160 205/164/162
f 77/163/161 205/164/162 76/165/163
f 76/165/163 205/164/162 197/166/164
f 76/165/163 197/166/164 75/167/165
f 75/167/165 197/166/164 189/168/166
f 75/167/165 189/168/166 74/169/167
f 74/169/167 189/168/166 181/170/168
f 74/169/167 181/170/168 73/171/169
f 73/171/169 181/170/168 173/172/170
f 73/171/169 173/172/170 72/173/171
f 72/173/171 173/172/170 165/174/172
f 72/173/171 165/174/172 71/175/173
f 71/175/173 165/174/172 157/176/174
f 71/175/173 157/176/174 70/177/175
f 70/177/175 157/176/174 149/178/176
f 70/177/175 149/178/176 69/179/177
f 69/179/177 149/178/176 141/180/178
f 69/179/177 141/180/178 68/181/179
f 68/181/179 141/180/178 133/182/180
f 68/181/179 133/182/180 67/183/181
f 67/183/181 133/182/180 125/184/182
f 67/183/181 125/184/182 66/113/113
f 66/113/113 125/184/182 109/114/114
f 108/185/183 100/186/184 252/187/185
f 252/187/185 100/188/184 244/189/186
f 244/189/186 100/190/184 236/191/187
f 236/191/187 100/192/184 228/193/188
f 228/193/188 100/194/184 220/195/189
f 220/195/189 100/196/184 212/197/190
f 212/197/190 100/198/184 204/199/191
f 204/199/191 100/200/184 196/201/192
f 196/201/192 100/202/184 188/203/193
f 188/203/193 100/204/184 180/205/194
f 180/205/194 100/206/184 172/207/195
f 164/208/196 100/209/184 156/210/197
f 156/210/197 100/211/184 148/212/198
f 148/212/198 100/213/184 140/214/199
f 140/214/199 100/215/184 132/216/200
f 132/216/200 100/217/184 116/218/201
f 116/218/201 100/219/184 117/220/202
f 117/220/202 100/221/184 380/222/203
f 380/222/203 100/223/184 372/224/204
f 372/224/204 100/225/184 364/226/205
f 364/226/205 100/227/184 356/228/206
f 356/228/206 100/229/184 348/230/207
f 340/231/208 100/232/184 332/233/209
f 332/233/209 100/234/184 324/235/210
f 324/235/210 100/236/184 316/237/211
f 316/237/211 100/238/184 308/239/212
f 308/239/212 100/240/184 300/241/213
f 300/241/213 100/242/184 292/243/214
f 292/243/214 100/244/184 284/245/215
f 284/245/215 100/246/184 276/247/216
f 276/247/216 100/248/184 268/249/217
f 268/249/217 100/250/184 260/251/218
f 260/251/218 100/252/184 108/253/183
f 101/153/150 102/254/219 245/154/152
f 245/154/152 102/254/219 246/255/220
f 245/154/152 246/255/220 237/156/154
f 237/156/154 246/255/220 238/256/221
f 237/156/154 238/256/221 229/158/156
f 229/158/156 238/256/221 230/257/222
f 229/158/156 230/257/222 221/160/158
f 221/160/158 230/257/222 222/258/223
f 221/160/158 222/258/223 213/162/160
f 213/162/160 222/258/223 214/259/224
f 213/162/160 214/259/224 205/164/162
f 205/164/162 214/259/224 206/260/225
f 205/164/162 206/260/225 197/166/164
f 197/166/164 206/260/225 198/261/226
f 197/166/164 198/261/226 189/168/166
f 189/168/166 198/261/226 190/262/227
f 189/168/166 190/262/227 181/170/168
f 181/170/168 190/262/227 182/263/228
f 181/170/168 182/263/228 173/172/170
f 173/172/170 182/263/228 174/264/229
f 173/172/170 174/264/229 165/174/172
f 165/174/172 174/264/229 166/265/230
f 165/174/172 166/265/230 157/176/174
f 157/176/174 166/265/230 158/266/231
f 157/176/174 158/266/231 149/178/176
f 149/178/176 158/266/231 150/267/232
f 149/178/176 150/267/232 141/180/178
f 141/180/178 150/267/232 142/268/233
f 141/180/178 142/268/233 133/182/180
f 133/182/180 142/268/233 134/269/234
f 133/182/180 134/269/234 125/184/182
f 125/184/182 134/269/234 126/270/235
f 125/184/182 126/270/235 109/114/114
f 109/114/114 126/270/235 110/271/236
f 109/114/114 110/271/236 124/116/116
f 124/116/116 110/271/236 123/272/237
f 124/116/116 123/272/237 373/118/118
f 373/118/118 123/272/237 374/273/238
f 373/118/118 374/273/238 365/120/120
f 365/120/120 374/273/238 366/274/239
f 365/120/120 366/274/239 357/122/122
f 357/122/122 366/274/239 358/275/240
f 357/122/122 358/275/240 349/124/124
f 349/124/124 358/275/240 350/276/241
f 349/124/124 350/276/241 341/126/126
f 341/126/126 350/276/241 342/277/242
f 341/126/126 342/277/242 333/128/128
f 333/128/128 342/277/242 334/278/243
f 333/128/128 334/278/243 325/130/130
f 325/130/130 334/278/243 326/279/244
f 325/130/130 326/279/244 317/132/132
f 317/132/132 326/279/244 318/280/245
f 317/132/132 318/280/245 309/134/134
f 309/134/134 318/280/245 310/281/246
f 309/134/134 310/281/246 301/136/136
f 301/136/136 310/281/246 302/282/247
f 301/136/136 302/282/247 293/138/138
f 293/138/138 302/282/247 294/283/248
f 293/138/138 294/283/248 285/140/140
f 285/140/140 294/283/248 286/284/249
f 285/140/140 286/284/249 277/142/142
f 277/142/142 286/284/249 278/285/250
f 277/142/142 278/285/250 269/144/144
f 269/144/144 278/285/250 270/286/251
f 269/144/144 270/286/251 261/146/146
f 261/146/146 270/286/251 262/287/252
f 261/146/146 262/287/252 253/148/148
f 253/148/148 262/287/252 254/288/253
f 253/148/148 254/288/253 101/150/150
f 101/150/150 254/288/253 102/289/219
f 102/254/219 103/290/254 246/255/220
f 246/255/220 103/290/254 247/291/255
f 246/255/220 247/291/255 238/256/221
f 238/256/221 247/291/255 239/292/256
f 238/256/221 239/292/256 230/257/222
f 230/257/222 239/292/256 231/293/257
f 230/257/222 231/293/257 222/258/223
f 222/258/223 231/293/257 223/294/258
f 222/258/223 223/294/258 214/259/224
f 214/259/224 223/294/258 215/295/259
f 214/259/224 215/295/259 206/260/225
f 206/260/225 215/295/259 207/296/260
f 206/260/225 207/296/260 198/261/226
f 198/261/226 207/296/260 199/297/261
f 198/261/226 199/297/261 190/262/227
f 190/262/227 199/297/261 191/298/262
f 190/262/227 191/298/262 182/263/228
f 182/263/228 191/298/262 183/299/263
f 182/263/228 183/299/263 174/264/229
f 174/264/229 183/299/263 175/300/264
f 174/264/229 175/300/264 166/265/230
f 166/265/230 175/300/264 167/301/265
f 166/265/230 167/301/265 158/266/231
f 158/266/231 167/301/265 159/302/266
f 158/266/231 159/302/266 150/267/232
f 150/267/232 159/302/266 151/303/267
f 150/267/232 151/303/267 142/268/233
f 142/268/233 151/303/267 143/304/268
f 142/268/233 143/304/268 134/269/234
f 134/269/234 143/304/268 135/305/269
f 134/269/234 135/305/269 126/270/235
f 126/270/235 135/305/269 127/306/270
f 126/270/235 127/306/270 110/271/236
f 110/271/236 127/306/270 111/307/271
f 110/271/236 111/307/271 123/272/237
f 123/272/237 111/307/271 122/308/272
f 123/272/237 122/308/272 374/273/238
f 374/273/238 122/308/272 375/309/273
f 374/273/238 375/309/273 366/274/239
f 366/274/239 375/309/273 367/310/274
f 366/274/239 367/310/274 358/275/240
f 358/275/240 367/310/274 359/311/275
f 358/275/240 359/311/275 350/276/241
f 350/276/241 359/311/275 351/312/276
f 350/276/241 351/312/276 342/277/242
f 342/277/242 351/312/276 343/313/277
f 342/277/242 343/313/277 334/278/243
f 334/278/243 343/313/277 335/314/278
f 334/278/243 335/314/278 326/279/244
f 326/279/244 335/314/278 327/315/279
f 326/279/244 327/315/279 318/280/245
f 318/280/245 327/315/279 319/316/280
f 318/280/245 319/316/280 310/281/246
f 310/281/246 319/316/280 311/317/281
f 310/281/246 311/317/281 302/282/247
f 302/282/247 311/317/281 303/318/282
f 302/282/247 303/318/282 294/283/248
f 294/283/248 303/318/282 295/319/283
f 294/283/248 295/319/283 286/284/249
f 286/284/249 295/319/283 287/320/284
f 286/284/249 287/320/284 278/285/250
f 278/285/250 287/320/284 279/321/285
f 278/285/250 279/321/285 270/286/251
f 270/286/251 279/321/285 271/322/286
f 270/286/251 271/322/286 262/287/252
f 262/287/252 271/322/286 263/323/287
f 262/287/252 263/323/287 254/288/253
f 254/288/253 263/323/287 255/324/288
f 254/288/253 255/324/288 102/289/219
f 102/289/219 255/324/288 103/325/254
f 103/290/254 104/326/289 247/291/255
f 247/291/255 104/326/289 248/327/290
f 247/291/255 248/327/290 239/292/256
f 239/292/256 248/327/290 240/328/291
f 239/292/256 240/328/291 231/293/257
f 231/293/257 240/328/291 232/329/292
f 231/293/257 232/329/292 223/294/258
f 223/294/258 232/329/292 224/330/293
f 223/294/258 224/330/293 215/295/259
f 215/295/259 224/330/293 216/331/294
f 215/295/259 216/331/294 207/296/260
f 207/296/260 216/331/294 208/332/295
f 207/296/260 208/332/295 199/297/261
f 199/297/261 208/332/295 200/333/296
f 199/297/261 200/333/296 191/298/262
f 191/298/262 200/333/296 192/334/297
f 191/298/262 192/334/297 183/299/263
f 183/299/263 192/334/297 184/335/298
f 183/299/263 184/335/298 175/300/264
f 175/300/264 184/335/298 176/336/299
f 175/300/264 176/336/299 167/301/265
f 167/301/265 176/336/299 168/337/300
f 167/301/265 168/337/300 159/302/266
f 159/302/266 168/337/300 160/338/301
f 159/302/266 160/338/301 151/303/267
f 151/303/267 160/338/301 152/339/302
f 151/303/267 152/339/302 143/304/268
f 143/304/268 152/339/302 144/340/303
f 143/304/268 144/340/303 135/305/269
f 135/305/269 144/340/303 136/341/304
f 135/305/269 136/341/304 127/306/270
f 127/306/270 136/341/304 128/342/305
f 127/306/270 128/342/305 111/307/271
f 111/307/271 128/342/305 112/343/306
f 111/307/271 112/343/306 122/308/272
f 122/308/272 112/343/306 121/344/307
f 122/308/272 121/344/307 375/309/273
f 375/309/273 121/344/307 376/345/308
f 375/309/273 376/345/308 367/310/274
f 367/310/274 376/345/308 368/346/309
f 367/310/274 368/346/309 359/311/275
f 359/311/275 368/346/309 360/347/310
f 359/311/275 360/347/310 351/312/276
f 351/312/276 360/347/310 352/348/311
f 351/312/276 352/348/311 343/313/277
f 343/313/277 352/348/311 344/349/312
f 343/313/277 344/349/312 335/314/278
f 335/314/278 344/349/312 336/350/313
f 335/314/278 336/350/313 327/315/279
f 327/315/279 336/350/313 328/351/314
f 327/315/279 328/351/314 319/316/280
f 319/316/280 328/351/314 320/352/315
f 319/316/280 320/352/315 311/317/281
f 311/317/281 320/352/315 312/353/316
f 311/317/281 312/353/316 303/318/282
f 303/318/282 312/353/316 304/354/317
f 303/318/282 304/354/317 295/319/283
f 295/319/283 304/354/317 296/355/318
f 295/319/283 296/355/318 287/320/284
f 287/320/284 296/355/318 288/356/319
f 287/320/284 288/356/319 279/321/285
f 279/321/285 288/356/319 280/357/320
f 279/321/285 280/357/320 271/322/286
f 271/322/286 280/357/320 272/358/321
f 271/322/286 272/358/321 263/323/287
f 263/323/287 272/358/321 264/359/322
f 263/323/287 264/359/322 255/324/288
f 255/324/288 264/359/322 256/360/323
f 255/324/288 256/360/323 103/325/254
f 103/325/254 256/360/323 104/361/289
f 104/326/289 105/362/324 248/327/290
f 248/327/290 105/362/324 249/363/325
f 248/327/290 249/363/325 240/328/291
f 240/328/291 249/363/325 241/364/326
f 240/328/291 241/364/326 232/329/292
f 232/329/292 241/364/326 233/365/327
f 232/329/292 233/365/327 224/330/293
f 224/330/293 233/365/327 225/366/328
f 224/330/293 225/366/328 216/331/294
f 216/331/294 225/366/328 217/367/329
f 216/331/294 217/367/329 208/332/295
f 208/332/295 217/367/329 209/368/330
f 208/332/295 209/368/330 200/333/296
f 200/333/296 209/368/330 201/369/331
f 200/333/296 201/369/331 192/334/297
f 192/334/297 201/369/331 193/370/332
f 192/334/297 193/370/332 184/335/298
f 184/335/298 193/370/332 185/371/333
f 184/335/298 185/371/333 176/336/299
f 176/336/299 185/371/333 177/372/334
f 176/336/299 177/372/334 168/337/300
f 168/337/300 177/372/334 169/373/335
f 168/337/300 169/373/335 160/338/301
f 160/338/301 169/373/335 161/374/336
f 160/338/301 161/374/336 152/339/302
f 152/339/302 161/374/336 153/375/337
f 152/339/302 153/375/337 144/340/303
f 144/340/303 153/375/337 145/376/338
f 144/340/303 145/376/338 136/341/304
f 136/341/304 145/376/338 137/377/339
f 136/341/304 137/377/339 128/342/305
f 128/342/305 137/377/339 129/378/340
f 128/342/305 129/378/340 112/343/306
f 112/343/306 129/378/340 113/379/341
f 112/343/306 113/379/341 121/344/307
f 121/344/307 113/379/341 120/380/342
f 121/344/307 120/380/342 376/345/308
f 376/345/308 120/380/342 377/381/343
f 376/345/308 377/381/343 368/346/309
f 368/346/309 377/381/343 369/382/344
f 368/346/309 369/382/344 360/347/310
f 360/347/310 369/382/344 361/383/345
f 360/347/310 361/383/345 352/348/311
f 352/348/311 361/383/345 353/384/346
f 352/348/311 353/384/346 344/349/312
f 344/349/312 353/384/346 345/385/347
f 344/349/312 345/385/347 336/350/313
f 336/350/313 345/385/347 337/386/348
f 336/350/313 337/386/348 328/351/314
f 328/351/314 337/386/348 329/387/349
f 328/351/314 329/387/349 320/352/315
f 320/352/315 329/387/349 321/388/350
f 320/352/315 321/388/350 312/353/316
f 312/353/316 321/388/350 313/389/351
f 312/353/316 313/389/351 304/354/317
f 304/354/317 313/389/351 305/390/352
f 304/354/317 305/390/352 296/355/318
f 296/355/318 305/390/352 297/391/353
f 296/355/318 297/391/353 288/356/319
f 288/356/319 297/391/353 289/392/354
f 288/356/319 289/392/354 280/357/320
f 280/357/320 289/392/354 281/393/355
f 280/357/320 281/393/355 272/358/321
f 272/358/321 281/393/355 273/394/356
f 272/358/321 273/394/356 264/359/322
f 264/359/322 273/394/356 265/395/357
f 264/359/322 265/395/357 256/360/323
f 256/360/323 265/395/357 257/396/358
f 256/360/323 257/396/358 104/361/289
f 104/361/289 257/396/358 105/397/324
f 105/362/324 106/398/359 249/363/325
f 249/363/325 106/398/359 250/399/360
f 249/363/325 250/399/360 241/364/326
f 241/364/326 250/399/360 242/400/361
f 241/364/326 242/400/361 233/365/327
f 233/365/327 242/400/361 234/401/362
f 233/365/327 234/401/362 225/366/328
f 225/366/328 234/401/362 226/402/363
f 225/366/328 226/402/363 217/367/329
f 217/367/329 226/402/363 218/403/364
f 217/367/329 218/403/364 209/368/330
f 209/368/330 218/403/364 210/404/365
f 209/368/330 210/404/365 201/369/331
f 201/369/331 210/404/365 202/405/366
f 201/369/331 202/405/366 193/370/332
f 193/370/332 202/405/366 194/406/367
f 193/370/332 194/406/367 185/371/333
f 185/371/333 194/406/367 186/407/368
f 185/371/333 186/407/368 177/372/334
f 177/372/334 186/407/368 178/408/369
f 177/372/334 178/408/369 169/373/335
f 169/373/335 178/408/369 170/409/370
f 169/373/335 170/409/370 161/374/336
f 161/374/336 170/409/370 162/410/371
f 161/374/336 162/410/371 153/375/337
f 153/375/337 162/410/371 154/411/372
f 153/375/337 154/411/372 145/376/338
f 145/376/338 154/411/372 146/412/373
f 145/376/338 146/412/373 137/377/339
f 137/377/339 146/412/373 138/413/374
f 137/377/339 138/413/374 129/378/340
f 129/378/340 138/413/374 130/414/375
f 129/378/340 130/414/375 113/379/341
f 113/379/341 130/414/375 114/415/376
f 113/379/341 114/415/376 120/380/342
f 120/380/342 114/415/376 119/416/377
f 120/380/342 119/416/377 377/381/343
f 377/381/343 119/416/377 378/417/378
f 377/381/343 378/417/378 369/382/344
f 369/382/344 378/417/378 370/418/379
f 369/382/344 370/418/379 361/383/345
f 361/383/345 370/418/379 362/419/380
f 361/383/345 362/419/380 353/384/346
f 353/384/346 362/419/380 354/420/381
f 353/384/346 354/420/381 345/385/347
f 345/385/347 354/420/381 346/421/382
f 345/385/347 346/421/382 337/386/348
f 337/386/348 346/421/382 338/422/383
f 337/386/348 338/422/383 329/387/349
f 329/387/349 338/422/383 330/423/384
f 329/387/349 330/423/384 321/388/350
f 321/388/350 330/423/384 322/424/385
f 321/388/350 322/424/385 313/389/351
f 313/389/351 322/424/385 314/425/386
f 313/389/351 314/425/386 305/390/352
f 305/390/352 314/425/386 306/426/387
f 305/390/352 306/426/387 297/391/353
f 297/391/353 306/426/387 298/427/388
f 297/391/353 298/427/388 289/392/354
f 289/392/354 298/427/388 290/428/389
f 289/392/354 290/428/389 281/393/355
f 281/393/355 290/428/389 282/429/390
f 281/393/355 282/429/390 273/394/356
f 273/394/356 282/429/390 274/430/391
f 273/394/356 274/430/391 265/395/357
f 265/395/357 274/430/391 266/431/392
f 265/395/357 266/431/392 257/396/358
f 257/396/358 266/431/392 258/432/393
f 257/396/358 258/432/393 105/397/324
f 105/397/324 258/432/393 106/433/359
f 106/398/359 107/434/394 250/399/360
f 250/399/360 107/434/394 251/435/395
f 250/399/360 251/435/395 242/400/361
f 242/400/361 251/435/395 243/436/396
f 242/400/361 243/436/396 234/401/362
f 234/401/362 243/436/396 235/437/397
f 234/401/362 235/437/397 226/402/363
f 226/402/363 235/437/397 227/438/398
f 226/402/363 227/438/398 218/403/364
f 218/403/364 227/438/398 219/439/399
f 218/403/364 219/439/399 210/404/365
f 210/404/365 219/439/399 211/440/400
f 210/404/365 211/440/400 202/405/366
f 202/405/366 211/440/400 203/441/401
f 202/405/366 203/441/401 194/406/367
f 194/406/367 203/441/401 195/442/402
f 194/406/367 195/442/402 186/407/368
f 186/407/368 195/442/402 187/443/403
f 186/407/368 187/443/403 178/408/369
f 178/408/369 187/443/403 179/444/404
f 178/408/369 179/444/404 170/409/370
f 170/409/370 179/444/404 171/445/405
f 170/409/370 171/445/405 162/410/371
f 162/410/371 171/445/405 163/446/406
f 162/410/371 163/446/406 154/411/372
f 154/411/372 163/446/406 155/447/407
f 154/411/372 155/447/407 146/412/373
f 146/412/373 155/447/407 147/448/408
f 146/412/373 147/448/408 138/413/374
f 138/413/374 147/448/408 139/449/409
f 138/413/374 139/449/409 130/414/375
f 130/414/375 139/449/409 131/450/410
f 130/414/375 131/450/410 114/415/376
f 114/415/376 131/450/410 115/451/411
f 114/415/376 115/451/411 119/416/377
f 119/416/377 115/451/411 118/452/412
f 119/416/377 118/452/412 378/417/378
f 378/417/378 118/452/412 379/453/413
f 378/417/378 379/453/413 370/418/379
f 370/418/379 379/453/413 371/454/414
f 370/418/379 371/454/414 362/419/380
f 362/419/380 371/454/414 363/455/415
f 362/419/380 363/455/415 354/420/381
f 354/420/381 363/455/415 355/456/416
f 354/420/381 355/456/416 346/421/382
f 346/421/382 355/456/416 347/457/417
f 346/421/382 347/457/417 338/422/383
f 338/422/383 347/457/417 339/458/418
f 338/422/383 339/458/418 330/423/384
f 330/423/384 339/458/418 331/459/419
f 330/423/384 331/459/419 322/424/385
f 322/424/385 331/459/419 323/460/420
f 322/424/385 323/460/420 314/425/386
f 314/425/386 323/460/420 315/461/421
f 314/425/386 315/461/421 306/426/387
f 306/426/387 315/461/421 307/462/422
f 306/426/387 307/462/422 298/427/388
f 298/427/388 307/462/422 299/463/423
f 298/427/388 299/463/423 290/428/389
f 290/428/389 299/463/423 291/464/424
f 290/428/389 291/464/424 282/429/390
f 282/429/390 291/464/424 283/465/425
f 282/429/390 283/465/425 274/430/391
f 274/430/391 283/465/425 275/466/426
f 274/430/391 275/466/426 266/431/392
f 266/431/392 275/466/426 267/467/427
f 266/431/392 267/467/427 258/432/393
f 258/432/393 267/467/427 259/468/428
f 258/432/393 259/468/428 106/433/359
f 106/433/359 259/468/428 107/469/394
f 107/434/394 108/185/183 251/435/395
f 251/435/395 108/185/183 252/187/185
f 251/435/395 252/187/185 243/436/396
f 243/436/396 252/187/185 244/189/186
f 243/436/396 244/189/186 235/437/397
f 235/437/397 244/189/186 236/191/187
f 235/437/397 236/191/187 227/438/398
f 227/438/398 236/191/187 228/193/188
f 227/438/398 228/193/188 219/439/399
f 219/439/399 228/193/188 220/195/189
f 219/439/399 220/195/189 211/440/400
f 211/440/400 220/195/189 212/197/190
f 211/440/400 212/197/190 203/441/401
f 203/441/401 212/197/190 204/199/191
f 203/441/401 204/199/191 195/442/402
f 195/442/402 204/199/191 196/201/192
f 195/442/402 196/201/192 187/443/403
f 187/443/403 196/201/192 188/203/193
f 187/443/403 188/203/193 179/444/404
f 179/444/404 188/203/193 180/205/194
f 179/444/404 180/205/194 171/445/405
f 171/445/405 180/205/194 172/207/195
f 171/445/405 172/207/195 163/446/406
f 163/446/406 172/207/195 164/208/196
f 163/446/406 164/208/196 155/447/407
f 155/447/407 164/208/196 156/210/197
f 155/447/407 156/210/197 147/448/408
f 147/448/408 156/210/197 148/212/198
f 147/448/408 148/212/198 139/449/409
f 139/449/409 148/212/198 140/214/199
f 139/449/409 140/214/199 131/450/410
f 131/450/410 140/214/199 132/216/200
f 131/450/410 132/216/200 115/451/411
f 115/451/411 132/216/200 116/218/201
f 115/451/411 116/218/201 118/452/412
f 118/452/412 116/218/201 117/220/202
f 118/452/412 117/220/202 379/453/413
f 379/453/413 117/220/202 380/222/203
f 379/453/413 380/222/203 371/454/414
f 371/454/414 380/222/203 372/224/204
f 371/454/414 372/224/204 363/455/415
f 363/455/415 372/224/204 364/226/205
f 363/455/415 364/226/205 355/456/416
f 355/456/416 364/226/205 356/228/206
f 355/456/416 356/228/206 347/457/417
f 347/457/417 356/228/206 348/230/207
f 347/457/417 348/230/207 339/458/418
f 339/458/418 348/230/207 340/231/208
f 339/458/418 340/231/208 331/459/419
f 331/459/419 340/231/208 332/233/209
f 331/459/419 332/233/209 323/460/420
f 323/460/420 332/233/209 324/235/210
f 323/460/420 324/235/210 315/461/421
f 315/461/421 324/235/210 316/237/211
f 315/461/421 316/237/211 307/462/422
f 307/462/422 316/237/211 308/239/212
f 307/462/422 308/239/212 299/463/423
f 299/463/423 308/239/212 300/241/213
f 299/463/423 300/241/213 291/464/424
f 291/464/424 300/241/213 292/243/214
f 291/464/424 292/243/214 283/465/425
f 283/465/425 292/243/214 284/245/215
f 283/465/425 284/245/215 275/466/426
f 275/466/426 284/245/215 276/247/216
f 275/466/426 276/247/216 267/467/427
f 267/467/427 276/247/216 268/249/217
f 267/467/427 268/249/217 259/468/428
f 259/468/428 268/249/217 260/251/218
f 259/468/428 260/251/218 107/469/394
f 107/469/394 260/251/218 108/253/183
f 172/207/195 100/470/184 164/208/196
f 348/230/207 100/471/184 340/231/208
f 24/472/429 418/473/430 25/474/431
f 25/474/431 418/473/430 417/475/432
f 25/474/431 417/475/432 425/476/433
f 425/476/433 417/475/432 57/477/434
f 425/476/433 57/477/434 54/478/435
f 23/479/436 481/480/437 24/472/429
f 24/472/429 481/480/437 61/481/438
f 24/472/429 61/481/438 418/473/430
f 418/473/430 61/481/438 57/477/434
f 418/473/430 57/477/434 417/475/432
f 481/480/437 23/479/436 62/482/439
f 62/482/439 23/479/436 22/483/440
f 62/482/439 22/483/440 63/484/441
f 63/484/441 22/483/440 482/485/442
f 63/484/441 482/485/442 64/486/443
f 64/486/443 482/485/442 21/487/444
f 64/486/443 21/487/444 483/488/445
f 483/488/445 21/487/444 14/489/446
f 483/488/445 14/489/446 59/490/447
f 59/490/447 14/489/446 421/491/448
f 59/490/447 421/491/448 49/492/449
f 49/492/449 421/491/448 396/493/450
f 49/492/449 396/493/450 397/494/451
f 22/483/440 21/487/444 482/485/442
f 14/489/446 13/495/452 421/491/448
f 421/491/448 13/495/452 420/496/453
f 421/491/448 420/496/453 457/497/454
f 457/497/454 420/496/453 458/498/455
f 457/497/454 458/498/455 455/499/456
f 455/499/456 458/498/455 456/500/457
f 455/499/456 456/500/457 453/501/458
f 453/501/458 456/500/457 454/502/459
f 453/501/458 454/502/459 451/503/460
f 451/503/460 454/502/459 452/504/461
f 451/503/460 452/504/461 449/505/462
f 449/505/462 452/504/461 450/506/463
f 449/505/462 450/506/463 447/507/464
f 447/507/464 450/506/463 448/508/465
f 447/507/464 448/508/465 445/509/466
f 445/509/466 448/508/465 446/510/467
f 445/509/466 446/510/467 443/511/468
f 443/511/468 446/510/467 444/512/469
f 443/511/468 444/512/469 441/513/470
f 441/513/470 444/512/469 442/514/471
f 441/513/470 442/514/471 439/515/472
f 439/515/472 442/514/471 440/516/473
f 439/515/472 440/516/473 437/517/474
f 437/517/474 440/516/473 438/518/475
f 437/517/474 438/518/475 435/519/476
f 435/519/476 438/518/475 436/520/477
f 435/519/476 436/520/477 1/521/478
f 1/521/478 436/520/477 434/522/479
f 1/521/478 434/522/479 2/523/480
f 2/523/480 434/522/479 433/524/481
f 2/523/480 433/524/481 3/525/482
f 3/525/482 433/524/481 416/526/483
f 3/525/482 416/526/483 4/527/484
f 4/528/484 416/529/483 432/530/485
f 4/528/484 432/530/485 5/531/486
f 5/531/486 432/530/485 429/532/487
f 5/531/486 429/532/487 6/533/488
f 6/533/488 429/532/487 430/534/489
f 6/533/488 430/534/489 431/535/490
f 431/535/490 430/534/489 479/536/491
f 431/535/490 479/536/491 412/537/492
f 412/537/492 479/536/491 411/538/493
f 411/538/493 479/536/491 477/539/494
f 411/538/493 477/539/494 410/540/495
f 410/540/495 477/539/494 475/541/496
f 410/540/495 475/541/496 409/542/497
f 409/542/497 475/541/496 473/543/498
f 409/542/497 473/543/498 408/544/499
f 408/544/499 473/543/498 471/545/500
f 408/544/499 471/545/500 407/546/501
f 407/546/501 471/545/500 469/547/502
f 407/546/501 469/547/502 406/548/503
f 406/548/503 469/547/502 467/549/504
f 406/548/503 467/549/504 405/550/505
f 405/550/505 467/549/504 465/551/506
f 405/550/505 465/551/506 404/552/507
f 404/552/507 465/551/506 463/553/508
f 404/552/507 463/553/508 403/554/509
f 403/554/509 463/553/508 461/555/510
f 403/554/509 461/555/510 402/556/511
f 402/556/511 461/555/510 459/557/512
f 402/556/511 459/557/512 401/558/513
f 401/558/513 459/557/512 425/476/433
f 401/558/513 425/476/433 54/478/435
f 420/496/453 13/495/452 419/559/514
f 419/559/514 13/495/452 31/560/515
f 419/559/514 31/560/515 422/561/516
f 422/561/516 31/560/515 30/562/517
f 422/561/516 30/562/517 423/563/518
f 423/563/518 30/562/517 29/564/519
f 423/563/518 29/564/519 28/565/520
f 423/563/518 28/565/520 424/566/521
f 424/566/521 28/565/520 27/567/522
f 424/566/521 27/567/522 426/568/523
f 426/568/523 27/567/522 425/476/433
f 426/568/523 425/476/433 460/569/524
f 460/569/524 425/476/433 459/557/512
f 460/569/524 459/557/512 462/570/525
f 462/570/525 459/557/512 461/555/510
f 462/570/525 461/555/510 464/571/526
f 464/571/526 461/555/510 463/553/508
f 464/571/526 463/553/508 466/572/527
f 466/572/527 463/553/508 465/551/506
f 466/572/527 465/551/506 468/573/528
f 468/573/528 465/551/506 467/549/504
f 468/573/528 467/549/504 470/574/529
f 470/574/529 467/549/504 469/547/502
f 470/574/529 469/547/502 472/575/530
f 472/575/530 469/547/502 471/545/500
f 472/575/530 471/545/500 474/576/531
f 474/576/531 471/545/500 473/543/498
f 474/576/531 473/543/498 476/577/532
f 476/577/532 473/543/498 475/541/496
f 476/577/532 475/541/496 478/578/533
f 478/578/533 475/541/496 477/539/494
f 478/578/533 477/539/494 480/579/534
f 480/579/534 477/539/494 479/536/491
f 480/579/534 479/536/491 430/534/489
f 27/567/522 25/474/431 425/476/433
f 20/580/535 428/581/536 11/582/537
f 11/582/537 428/581/536 427/583/538
f 11/582/537 427/583/538 435/519/476
f 435/519/476 427/583/538 34/584/539
f 435/519/476 34/584/539 33/585/540
f 19/586/541 484/587/542 20/580/535
f 20/580/535 484/587/542 37/588/543
f 20/580/535 37/588/543 428/581/536
f 428/581/536 37/588/543 34/584/539
f 428/581/536 34/584/539 427/583/538
f 18/589/544 485/590/545 19/591/541
f 19/586/541 485/592/545 38/593/546
f 19/586/541 38/593/546 484/587/542
f 484/587/542 38/593/546 37/588/543
f 17/594/547 486/595/548 18/589/544
f 18/589/544 486/595/548 39/596/549
f 18/589/544 39/596/549 485/590/545
f 485/592/545 39/597/549 38/593/546
f 9/598/550 487/599/551 17/594/547
f 17/594/547 487/599/551 40/600/552
f 17/594/547 40/600/552 486/595/548
f 486/595/548 40/600/552 39/596/549
f 6/533/488 431/535/490 9/598/550
f 9/598/550 431/535/490 41/601/553
f 9/598/550 41/601/553 487/599/551
f 487/599/551 41/601/553 40/600/552
f 1/521/478 11/582/537 435/519/476
f 401/558/513 54/478/435 400/602/554
f 400/602/554 54/478/435 53/603/555
f 400/602/554 53/603/555 399/604/556
f 399/604/556 53/603/555 52/605/557
f 399/604/556 52/605/557 51/606/558
f 399/604/556 51/606/558 398/607/559
f 398/607/559 51/606/558 50/608/560
f 398/607/559 50/608/560 397/494/451
f 397/494/451 50/608/560 49/492/449
f 59/490/447 64/486/443 483/488/445
f 62/482/439 61/481/438 481/480/437
f 41/601/553 431/535/490 43/609/561
f 43/609/561 431/535/490 413/610/562
f 43/609/561 413/610/562 414/611/563
f 47/612/564 383/613/565 33/585/540
f 33/585/540 383/613/565 384/614/566
f 33/585/540 384/614/566 435/519/476
f 435/519/476 384/614/566 437/517/474
f 383/613/565 47/612/564 382/615/567
f 382/615/567 47/612/564 46/616/568
f 382/615/567 46/616/568 381/617/569
f 381/618/569 46/619/568 45/620/570
f 381/618/569 45/620/570 415/621/571
f 415/621/571 45/620/570 44/622/572
f 415/621/571 44/622/572 414/611/563
f 414/611/563 44/622/572 43/609/561
f 384/614/566 385/623/573 437/517/474
f 437/517/474 385/623/573 439/515/472
f 385/623/573 386/624/574 439/515/472
f 439/515/472 386/624/574 441/513/470
f 386/624/574 387/625/575 441/513/470
f 441/513/470 387/625/575 443/511/468
f 387/625/575 388/626/576 443/511/468
f 443/511/468 388/626/576 445/509/466
f 388/626/576 389/627/577 445/509/466
f 445/509/466 389/627/577 447/507/464
f 389/627/577 390/628/578 447/507/464
f 447/507/464 390/628/578 449/505/462
f 390/628/578 391/629/579 449/505/462
f 449/505/462 391/629/579 451/503/460
f 391/629/579 392/630/580 451/503/460
f 451/503/460 392/630/580 453/501/458
f 392/630/580 393/631/581 453/501/458
f 453/501/458 393/631/581 455/499/456
f 393/631/581 394/632/582 455/499/456
f 455/499/456 394/632/582 457/497/454
f 394/632/582 395/633/583 457/497/454
f 457/497/454 395/633/583 421/491/448
f 395/633/583 396/493/450 421/491/448
f 412/537/492 413/610/562 431/535/490
f 99/634/117 432/530/485 65/635/115
f 65/635/115 432/530/485 416/529/483
f 65/636/115 416/526/483 66/637/113
f 66/637/113 416/526/483 433/524/481
f 66/637/113 433/524/481 67/638/181
f 67/638/181 433/524/481 434/522/479
f 67/638/181 434/522/479 68/639/179
f 68/639/179 434/522/479 436/520/477
f 68/639/179 436/520/477 69/640/177
f 69/640/177 436/520/477 438/518/475
f 69/640/177 438/518/475 70/641/175
f 70/641/175 438/518/475 440/516/473
f 70/641/175 440/516/473 71/642/173
f 71/642/173 440/516/473 442/514/471
f 71/642/173 442/514/471 72/643/171
f 72/643/171 442/514/471 444/512/469
f 72/643/171 444/512/469 73/644/169
f 73/644/169 444/512/469 446/510/467
f 73/644/169 446/510/467 74/645/167
f 74/645/167 446/510/467 448/508/465
f 74/645/167 448/508/465 75/646/165
f 75/646/165 448/508/465 450/506/463
f 75/646/165 450/506/463 76/647/163
f 76/647/163 450/506/463 452/504/461
f 76/647/163 452/504/461 77/648/161
f 77/648/161 452/504/461 454/502/459
f 77/648/161 454/502/459 78/649/159
f 78/649/159 454/502/459 456/500/457
f 78/649/159 456/500/457 79/650/157
f 79/650/157 456/500/457 458/498/455
f 79/650/157 458/498/455 80/651/155
f 80/651/155 458/498/455 420/496/453
f 80/651/155 420/496/453 81/652/153
f 81/652/153 420/496/453 419/559/514
f 81/652/153 419/559/514 82/653/151
f 82/653/151 419/559/514 422/561/516
f 82/653/151 422/561/516 83/654/149
f 83/654/149 422/561/516 423/563/518
f 83/654/149 423/563/518 84/655/147
f 84/655/147 423/563/518 424/566/521
f 84/655/147 424/566/521 85/656/145
f 85/656/145 424/566/521 426/568/523
f 85/656/145 426/568/523 86/657/143
f 86/657/143 426/568/523 460/569/524
f 86/657/143 460/569/524 87/658/141
f 87/658/141 460/569/524 462/570/525
f 87/658/141 462/570/525 88/659/139
f 88/659/139 462/570/525 464/571/526
f 88/659/139 464/571/526 89/660/137
f 89/660/137 464/571/526 466/572/527
f 89/660/137 466/572/527 90/661/135
f 90/661/135 466/572/527 468/573/528
f 90/661/135 468/573/528 91/662/133
f 91/662/133 468/573/528 470/574/529
f 91/662/133 470/574/529 92/663/131
f 92/663/131 470/574/529 472/575/530
f 92/663/131 472/575/530 93/664/129
f 93/664/129 472/575/530 474/576/531
f 93/664/129 474/576/531 94/665/127
f 94/665/127 474/576/531 476/577/532
f 94/665/127 476/577/532 95/666/125
f 95/666/125 476/577/532 478/578/533
f 95/666/125 478/578/533 96/667/123
f 96/667/123 478/578/533 480/579/534
f 96/667/123 480/579/534 97/668/121
f 97/668/121 480/579/534 430/534/489
f 97/668/121 430/534/489 98/669/119
f 98/669/119 430/534/489 429/532/487
f 98/669/119 429/532/487 99/634/117
f 99/634/117 429/532/487 432/530/485
f 381/670/584 415/671/585 382/672/586
f 382/672/586 415/671/585 383/673/587
f 383/673/587 415/671/585 414/674/588
f 383/673/587 414/674/588 384/675/589
f 384/675/589 414/674/588 413/676/590
f 384/675/589 413/676/590 385/677/591
f 385/677/591 413/676/590 386/678/592
f 386/678/592 413/676/590 387/679/593
f 387/679/593 413/676/590 388/680/594
f 388/680/594 413/676/590 389/681/595
f 389/681/595 413/676/590 390/682/596
f 390/682/596 413/676/590 391/683/597
f 391/683/597 413/676/590 392/684/598
f 392/684/598 413/676/590 393/685/599
f 393/685/599 413/676/590 394/686/600
f 394/686/600 413/676/590 412/687/601
f 394/686/600 412/687/601 395/688/602
f 395/688/602 412/687/601 396/689/603
f 396/689/603 412/687/601 397/690/604
f 397/690/604 412/687/601 398/691/605
f 398/691/605 412/687/601 399/692/606
f 399/692/606 412/687/601 400/693/607
f 400/693/607 412/687/601 401/694/608
f 401/694/608 412/687/601 402/695/609
f 402/695/609 412/687/601 403/696/610
f 403/696/610 412/687/601 411/697/611
f 403/696/610 411/697/611 404/698/612
f 404/698/612 411/697/611 410/699/613
f 404/698/612 410/699/613 405/700/614
f 405/700/614 410/699/613 409/701/615
f 405/700/614 409/701/615 406/702/616
f 406/702/616 409/701/615 408/703/617
f 406/702/616 408/703/617 407/704/618
g Body1:1

v -15.000000 -0.000000 -80.000000
v -14.095389 -5.130302 -80.000000
v -11.490667 -9.641814 -80.000000
v -7.500000 -12.990381 -80.000000
v -2.604723 -14.772116 -80.000000
v 2.604723 -14.772116 -80.000000
v 7.500000 -12.990381 -80.000000
v 11.490667 -9.641814 -80.000000
v 14.095389 -5.130302 -80.000000
v 15.000000 0.000000 -80.000000
v 14.095389 5.130302 -80.000000
v 11.490667 9.641814 -80.000000
v 7.500000 12.990381 -80.000000
v 2.604723 14.772116 -80.000000
v -2.604723 14.772116 -80.000000
v -7.500000 12.990381 -80.000000
v -11.490667 9.641814 -80.000000
v -14.095389 5.130302 -80.000000
v -15.000000 -0.000000 0.000000
v -14.095389 5.130302 0.000000
v -11.490667 9.641814 0.000000
v -7.500000 12.990381 0.000000
v -2.604723 14.772116 0.000000
v 2.604723 14.772116 0.000000
v 7.500000 12.990381 0.000000
v 11.490667 9.641814 0.000000
v 14.095389 5.130302 0.000000
v 15.000000 0.000000 0.000000
v 14.095389 -5.130302 0.000000
v 11.490667 -9.641814 0.000000
v 7.500000 -12.990381 0.000000
v 2.604723 -14.772116 0.000000
v -2.604723 -14.772116 0.000000
v -7.500000 -12.990381 0.000000
v -11.490667 -9.641814 0.000000
v -14.095389 -5.130302 0.000000
vt -8.000000 4.188790 0.000000
vt 0.000000 4.188790 0.000000
vt -8.000000 4.712389 0.000000
vt 0.000000 4.712389 0.000000
vt -8.000000 -4.712389 0.000000
vt 0.000000 -4.712389 0.000000
vt -8.000000 -4.188790 0.000000
vt -0.000000 -4.188790 0.000000
vt -8.000000 -3.665191 0.000000
vt -0.000000 -3.665191 0.000000
vt -8.000000 -3.141593 0.000000
vt -0.000000 -3.141593 0.000000
vt -8.000000 -2.617994 0.000000
vt -0.000000 -2.617994 0.000000
vt -8.000000 -2.094395 0.000000
vt -0.000000 -2.094395 0.000000
vt -8.000000 -1.570796 0.000000
vt -0.000000 -1.570796 0.000000
vt -8.000000 -1.047198 0.000000
vt -0.000000 -1.047198 0.000000
vt -8.000000 -0.523599 0.000000
vt -0.000000 -0.523599 0.000000
vt -8.000000 0.000000 0.000000
vt -0.000000 0.000000 0.000000
vt -8.000000 0.523599 0.000000
vt -0.000000 0.523599 0.000000
vt -8.000000 1.047198 0.000000
vt -0.000000 1.047198 0.000000
vt -8.000000 1.570796 0.000000
vt -0.000000 1.570796 0.000000
vt -8.000000 2.094395 0.000000
vt -0.000000 2.094395 0.000000
vt -8.000000 2.617994 0.000000
vt 0.000000 2.617994 0.000000
vt -8.000000 3.141593 0.000000
vt -0.000000 3.141593 0.000000
vt -8.000000 3.665191 0.000000
vt 0.000000 3.665191 0.000000
vt -1.409539 -0.513030 0.000000
vt 1.409539 -0.513030 0.000000
vt -1.500000 -0.000000 0.000000
vt 1.500000 0.000000 0.000000
vt -1.409539 0.513030 0.000000
vt 1.409539 0.513030 0.000000
vt -1.149067 0.964181 0.000000
vt 1.149067 0.964181 0.000000
vt -0.750000 1.299038 0.000000
vt 0.750000 1.299038 0.000000
vt -0.260472 1.477212 0.000000
vt 0.260472 1.477212 0.000000
vt 1.149067 -0.964181 0.000000
vt -1.149067 -0.964181 0.000000
vt 0.750000 -1.299038 0.000000
vt -0.750000 -1.299038 0.000000
vt 0.260472 -1.477212 0.000000
vt -0.260472 -1.477212 0.000000
vt 1.409539 0.513030 0.000000
vt -1.409539 0.513030 0.000000
vt 1.500000 -0.000000 0.000000
vt -1.500000 0.000000 0.000000
vt 1.409539 -0.513030 0.000000
vt -1.409539 -0.513030 0.000000
vt 1.149067 -0.964181 0.000000
vt -1.149067 -0.964181 0.000000
vt 0.750000 -1.299038 0.000000
vt -0.750000 -1.299038 0.000000
vt 0.260472 -1.477212 0.000000
vt -0.260472 -1.477212 0.000000
vt -1.149067 0.964181 0.000000
vt 1.149067 0.964181 0.000000
vt -0.750000 1.299038 0.000000
vt 0.750000 1.299038 0.000000
vt -0.260472 1.477212 0.000000
vt 0.260472 1.477212 0.000000
vn -0.093969 -0.034202 0.000000
vn -0.093969 -0.034202 0.000000
vn -0.100000 -0.000000 0.000000
vn -0.100000 -0.000000 0.000000
vn -0.093969 0.034202 -0.000000
vn -0.093969 0.034202 -0.000000
vn -0.076604 0.064279 -0.000000
vn -0.076604 0.064279 -0.000000
vn -0.050000 0.086603 -0.000000
vn -0.050000 0.086603 -0.000000
vn -0.017365 0.098481 -0.000000
vn -0.017365 0.098481 -0.000000
vn 0.017365 0.098481 0.000000
vn 0.017365 0.098481 0.000000
vn 0.050000 0.086603 0.000000
vn 0.050000 0.086603 0.000000
vn 0.076604 0.064279 0.000000
vn 0.076604 0.064279 0.000000
vn 0.093969 0.034202 0.000000
vn 0.093969 0.034202 0.000000
vn 0.100000 0.000000 0.000000
vn 0.100000 0.000000 0.000000
vn 0.093969 -0.034202 0.000000
vn 0.093969 -0.034202 0.000000
vn 0.076604 -0.064279 0.000000
vn 0.076604 -0.064279 0.000000
vn 0.050000 -0.086603 0.000000
vn 0.050000 -0.086603 0.000000
vn 0.017365 -0.098481 0.000000
vn 0.017365 -0.098481 0.000000
vn -0.017365 -0.098481 0.000000
vn -0.017365 -0.098481 0.000000
vn -0.050000 -0.086603 0.000000
vn -0.050000 -0.086603 0.000000
vn -0.076604 -0.064279 0.000000
vn -0.076604 -0.064279 0.000000
vn 0.000000 0.000000 0.100000
vn 0.000000 0.000000 0.100000
vn 0.000000 0.000000 0.100000
vn 0.000000 0.000000 0.100000
vn 0.000000 0.000000 0.100000
vn 0.000000 0.000000 0.100000
vn 0.000000 0.000000 0.100000
vn 0.000000 0.000000 0.100000
vn 0.000000 0.000000 0.100000
vn 0.000000 0.000000 0.100000
vn 0.000000 0.000000 0.100000
vn 0.000000 0.000000 0.100000
vn 0.000000 0.000000 0.100000
vn 0.000000 0.000000 0.100000
vn 0.000000 0.000000 0.100000
vn 0.000000 0.000000 0.100000
vn 0.000000 0.000000 0.100000
vn 0.000000 0.000000 0.100000
vn 0.000000 0.000000 -0.100000
vn 0.000000 0.000000 -0.100000
vn 0.000000 0.000000 -0.100000
vn 0.000000 0.000000 -0.100000
vn 0.000000 0.000000 -0.100000
vn 0.000000 0.000000 -0.100000
vn 0.000000 0.000000 -0.100000
vn 0.000000 0.000000 -0.100000
vn 0.000000 0.000000 -0.100000
vn 0.000000 0.000000 -0.100000
vn 0.000000 0.000000 -0.100000
vn 0.000000 0.000000 -0.100000
vn 0.000000 0.000000 -0.100000
vn 0.000000 0.000000 -0.100000
vn 0.000000 0.000000 -0.100000
vn 0.000000 0.000000 -0.100000
vn 0.000000 0.000000 -0.100000
vn 0.000000 0.000000 -0.100000
f 489/705/619 523/706/620 488/707/621
f 488/707/621 523/706/620 506/708/622
f 488/709/621 506/710/622 505/711/623
f 505/711/623 506/710/622 507/712/624
f 505/711/623 507/712/624 504/713/625
f 504/713/625 507/712/624 508/714/626
f 504/713/625 508/714/626 503/715/627
f 503/715/627 508/714/626 509/716/628
f 503/715/627 509/716/628 502/717/629
f 502/717/629 509/716/628 510/718/630
f 502/717/629 510/718/630 501/719/631
f 501/719/631 510/718/630 511/720/632
f 501/719/631 511/720/632 500/721/633
f 500/721/633 511/720/632 512/722/634
f 500/721/633 512/722/634 499/723/635
f 499/723/635 512/722/634 513/724/636
f 499/723/635 513/724/636 498/725/637
f 498/725/637 513/724/636 514/726/638
f 498/725/637 514/726/638 497/727/639
f 497/727/639 514/726/638 515/728/640
f 497/727/639 515/728/640 496/729/641
f 496/729/641 515/728/640 516/730/642
f 496/729/641 516/730/642 495/731/643
f 495/731/643 516/730/642 517/732/644
f 495/731/643 517/732/644 494/733/645
f 494/733/645 517/732/644 518/734/646
f 494/733/645 518/734/646 493/735/647
f 493/735/647 518/734/646 519/736/648
f 493/735/647 519/736/648 492/737/649
f 492/737/649 519/736/648 520/738/650
f 492/737/649 520/738/650 491/739/651
f 491/739/651 520/738/650 521/740/652
f 491/739/651 521/740/652 490/741/653
f 490/741/653 521/740/652 522/742/654
f 490/741/653 522/742/654 489/705/619
f 489/705/619 522/742/654 523/706/620
f 523/743/655 516/744/656 506/745/657
f 506/745/657 516/744/656 515/746/658
f 506/745/657 515/746/658 507/747/659
f 507/747/659 515/746/658 514/748/660
f 507/747/659 514/748/660 508/749/661
f 508/749/661 514/748/660 513/750/662
f 508/749/661 513/750/662 509/751/663
f 509/751/663 513/750/662 512/752/664
f 509/751/663 512/752/664 510/753/665
f 510/753/665 512/752/664 511/754/666
f 516/744/656 523/743/655 517/755/667
f 517/755/667 523/743/655 522/756/668
f 517/755/667 522/756/668 518/757/669
f 518/757/669 522/756/668 521/758/670
f 518/757/669 521/758/670 519/759/671
f 519/759/671 521/758/670 520/760/672
f 505/761/673 498/762/674 488/763/675
f 488/763/675 498/762/674 497/764/676
f 488/763/675 497/764/676 489/765/677
f 489/765/677 497/764/676 496/766/678
f 489/765/677 496/766/678 490/767/679
f 490/767/679 496/766/678 495/768/680
f 490/767/679 495/768/680 491/769/681
f 491/769/681 495/768/680 494/770/682
f 491/769/681 494/770/682 492/771/683
f 492/771/683 494/770/682 493/772/684
f 498/762/674 505/761/673 499/773/685
f 499/773/685 505/761/673 504/774/686
f 499/773/685 504/774/686 500/775/687
f 500/775/687 504/774/686 503/776/688
f 500/775/687 503/776/688 501/777/689
f 501/777/689 503/776/688 502/778/690
# 523 vertices
# 778 texture params
# 690 normals
# 1038 facets

# 2 groups
