# WaveFront *.obj file (generated by Autodesk ATF)

mtllib RACE2026_sim.mtl

g Body4

v -1.246073 -0.049444 -0.028650
v -1.247139 -0.051291 -0.014502
v -1.250243 -0.056667 -0.001611
v -1.255109 -0.065096 0.008878
v -1.261305 -0.075827 0.016032
v -1.268280 -0.087907 0.019216
v -1.275414 -0.100264 0.018147
v -1.282073 -0.111798 0.012919
v -1.287666 -0.121486 0.003998
v -1.291696 -0.128466 -0.007824
v -1.293805 -0.132119 -0.021496
v -1.293805 -0.132119 -0.035804
v -1.291696 -0.128466 -0.049476
v -1.287666 -0.121486 -0.061298
v -1.282073 -0.111798 -0.070219
v -1.275414 -0.100264 -0.075447
v -1.268280 -0.087907 -0.076516
v -1.261305 -0.075827 -0.073332
v -1.255109 -0.065096 -0.066178
v -1.250243 -0.056667 -0.055689
v -1.247139 -0.051291 -0.042798
v -1.207968 -0.071444 -0.028650
v -1.209034 -0.073291 -0.042798
v -1.212138 -0.078667 -0.055689
v -1.217004 -0.087096 -0.066178
v -1.223200 -0.097827 -0.073332
v -1.230175 -0.109907 -0.076516
v -1.237309 -0.122264 -0.075447
v -1.243968 -0.133798 -0.070219
v -1.249561 -0.143486 -0.061298
v -1.253591 -0.150466 -0.049476
v -1.255700 -0.154119 -0.035804
v -1.255700 -0.154119 -0.021496
v -1.253591 -0.150466 -0.007824
v -1.249561 -0.143486 0.003998
v -1.243968 -0.133798 0.012919
v -1.237309 -0.122264 0.018147
v -1.230175 -0.109907 0.019216
v -1.223200 -0.097827 0.016032
v -1.217004 -0.087096 0.008878
v -1.212138 -0.078667 -0.001611
v -1.209034 -0.073291 -0.014502
v -1.227547 -0.061356 -0.038650
v -1.224151 -0.063137 -0.037887
v -1.221159 -0.064433 -0.035721
v -1.219098 -0.065195 -0.032482
v -1.218360 -0.065444 -0.028650
v -1.219098 -0.065195 -0.024818
v -1.221159 -0.064433 -0.021579
v -1.224151 -0.063137 -0.019413
v -1.227547 -0.061356 -0.018650
v -1.230788 -0.059305 -0.019413
v -1.233406 -0.057362 -0.021579
v -1.235096 -0.055959 -0.024818
v -1.235681 -0.055444 -0.028650
v -1.235096 -0.055959 -0.032482
v -1.233406 -0.057362 -0.035721
v -1.230788 -0.059305 -0.037887
v -1.209468 -0.074042 -0.028650
v -1.210468 -0.075774 -0.041914
v -1.213378 -0.080814 -0.053999
v -1.217940 -0.088715 -0.063832
v -1.223748 -0.098776 -0.070539
v -1.230287 -0.110101 -0.073524
v -1.236975 -0.121685 -0.072522
v -1.243218 -0.132499 -0.067621
v -1.248462 -0.141581 -0.059258
v -1.252240 -0.148125 -0.048175
v -1.254217 -0.151549 -0.035357
v -1.254217 -0.151549 -0.021943
v -1.252240 -0.148125 -0.009125
v -1.248462 -0.141581 0.001958
v -1.243218 -0.132499 0.010321
v -1.236975 -0.121685 0.015222
v -1.230287 -0.110101 0.016224
v -1.223748 -0.098776 0.013239
v -1.217940 -0.088715 0.006532
v -1.213378 -0.080814 -0.003301
v -1.210468 -0.075774 -0.015386
v -1.247573 -0.052042 -0.028650
v -1.248573 -0.053774 -0.041914
v -1.251483 -0.058814 -0.053999
v -1.256045 -0.066715 -0.063832
v -1.261853 -0.076776 -0.070539
v -1.268392 -0.088101 -0.073524
v -1.275080 -0.099685 -0.072522
v -1.281323 -0.110499 -0.067621
v -1.286567 -0.119581 -0.059258
v -1.290345 -0.126125 -0.048175
v -1.292322 -0.129549 -0.035357
v -1.292322 -0.129549 -0.021943
v -1.290345 -0.126125 -0.009125
v -1.286567 -0.119581 0.001958
v -1.281323 -0.110499 0.010321
v -1.275080 -0.099685 0.015222
v -1.268392 -0.088101 0.016224
v -1.261853 -0.076776 0.013239
v -1.256045 -0.066715 0.006532
v -1.251483 -0.058814 -0.003301
v -1.248573 -0.053774 -0.015386
v -0.280880 0.019050 0.221850
v -0.272615 0.017163 0.221850
v -0.265986 0.011877 0.221850
v -0.262308 0.004239 0.221850
v -0.262308 -0.004239 0.221850
v -0.265986 -0.011877 0.221850
v -0.272615 -0.017163 0.221850
v -0.280880 -0.019050 0.221850
v -0.289145 -0.017163 0.221850
v -0.295774 -0.011877 0.221850
v -0.299452 -0.004239 0.221850
v -0.299452 0.004239 0.221850
v -0.295774 0.011877 0.221850
v -0.289145 0.017163 0.221850
v -0.280880 0.019050 0.154850
v -0.289145 0.017163 0.154850
v -0.295774 0.011877 0.154850
v -0.299452 0.004239 0.154850
v -0.299452 -0.004239 0.154850
v -0.295774 -0.011877 0.154850
v -0.289145 -0.017163 0.154850
v -0.280880 -0.019050 0.154850
v -0.272615 -0.017163 0.154850
v -0.265986 -0.011877 0.154850
v -0.262308 -0.004239 0.154850
v -0.262308 0.004239 0.154850
v -0.265986 0.011877 0.154850
v -0.272615 0.017163 0.154850
v -1.092576 0.019050 0.221850
v -1.084311 0.017163 0.221850
v -1.077682 0.011877 0.221850
v -1.074004 0.004239 0.221850
v -1.074004 -0.004239 0.221850
v -1.077682 -0.011877 0.221850
v -1.084311 -0.017163 0.221850
v -1.092576 -0.019050 0.221850
v -1.100841 -0.017163 0.221850
v -1.107470 -0.011877 0.221850
v -1.111148 -0.004239 0.221850
v -1.111148 0.004239 0.221850
v -1.107470 0.011877 0.221850
v -1.100841 0.017163 0.221850
v -1.092576 0.019050 0.154850
v -1.100841 0.017163 0.154850
v -1.107470 0.011877 0.154850
v -1.111148 0.004239 0.154850
v -1.111148 -0.004239 0.154850
v -1.107470 -0.011877 0.154850
v -1.100841 -0.017163 0.154850
v -1.092576 -0.019050 0.154850
v -1.084311 -0.017163 0.154850
v -1.077682 -0.011877 0.154850
v -1.074004 -0.004239 0.154850
v -1.074004 0.004239 0.154850
v -1.077682 0.011877 0.154850
v -1.084311 0.017163 0.154850
v -1.092576 0.029000 0.154850
v -1.082100 0.027042 0.154850
v -1.073039 0.021431 0.154850
v -1.066616 0.012926 0.154850
v -1.063700 0.002676 0.154850
v -1.064683 -0.007936 0.154850
v -1.069434 -0.017476 0.154850
v -1.077309 -0.024656 0.154850
v -1.087247 -0.028506 0.154850
v -1.097905 -0.028506 0.154850
v -1.107843 -0.024656 0.154850
v -1.115718 -0.017476 0.154850
v -1.120469 -0.007936 0.154850
v -1.121452 0.002676 0.154850
v -1.118536 0.012926 0.154850
v -1.112113 0.021431 0.154850
v -1.103052 0.027042 0.154850
v -1.092576 0.029000 0.089850
v -1.103052 0.027042 0.089850
v -1.112113 0.021431 0.089850
v -1.118536 0.012926 0.089850
v -1.121452 0.002676 0.089850
v -1.120469 -0.007936 0.089850
v -1.115718 -0.017476 0.089850
v -1.107843 -0.024656 0.089850
v -1.097905 -0.028506 0.089850
v -1.087247 -0.028506 0.089850
v -1.077309 -0.024656 0.089850
v -1.069434 -0.017476 0.089850
v -1.064683 -0.007936 0.089850
v -1.063700 0.002676 0.089850
v -1.066616 0.012926 0.089850
v -1.073039 0.021431 0.089850
v -1.082100 0.027042 0.089850
v -0.280880 0.029000 0.154850
v -0.270404 0.027042 0.154850
v -0.261343 0.021431 0.154850
v -0.254920 0.012926 0.154850
v -0.252004 0.002676 0.154850
v -0.252987 -0.007936 0.154850
v -0.257738 -0.017476 0.154850
v -0.265613 -0.024656 0.154850
v -0.275551 -0.028506 0.154850
v -0.286209 -0.028506 0.154850
v -0.296147 -0.024656 0.154850
v -0.304022 -0.017476 0.154850
v -0.308773 -0.007936 0.154850
v -0.309756 0.002676 0.154850
v -0.306840 0.012926 0.154850
v -0.300417 0.021431 0.154850
v -0.291356 0.027042 0.154850
v -0.280880 0.029000 0.089850
v -0.291356 0.027042 0.089850
v -0.300417 0.021431 0.089850
v -0.306840 0.012926 0.089850
v -0.309756 0.002676 0.089850
v -0.308773 -0.007936 0.089850
v -0.304022 -0.017476 0.089850
v -0.296147 -0.024656 0.089850
v -0.286209 -0.028506 0.089850
v -0.275551 -0.028506 0.089850
v -0.265613 -0.024656 0.089850
v -0.257738 -0.017476 0.089850
v -0.252987 -0.007936 0.089850
v -0.252004 0.002676 0.089850
v -0.254920 0.012926 0.089850
v -0.261343 0.021431 0.089850
v -0.270404 0.027042 0.089850
v -0.281496 -0.090000 -0.089850
v -0.351496 -0.090000 -0.089850
v -0.351496 -0.090000 -0.129850
v -0.281496 -0.090000 -0.129850
v -0.281496 0.090000 -0.089850
v -0.281496 0.090000 -0.129850
v -0.351496 0.090000 -0.089850
v -0.351496 0.090000 -0.129850
v -1.217720 -0.064335 -0.028650
v -1.218880 -0.063665 -0.023650
v -1.222050 -0.061835 -0.019990
v -1.226380 -0.059335 -0.018650
v -1.230710 -0.056835 -0.019990
v -1.233880 -0.055005 -0.023650
v -1.235040 -0.054335 -0.028650
v -1.233880 -0.055005 -0.033650
v -1.230710 -0.056835 -0.037310
v -1.226380 -0.059335 -0.038650
v -1.222050 -0.061835 -0.037310
v -1.218880 -0.063665 -0.033650
v -1.217720 0.064335 -0.028650
v -1.218880 0.063665 -0.033650
v -1.222050 0.061835 -0.037310
v -1.226380 0.059335 -0.038650
v -1.230710 0.056835 -0.037310
v -1.233880 0.055005 -0.033650
v -1.235040 0.054335 -0.028650
v -1.233880 0.055005 -0.023650
v -1.230710 0.056835 -0.019990
v -1.226380 0.059335 -0.018650
v -1.222050 0.061835 -0.019990
v -1.218880 0.063665 -0.023650
v -1.227547 0.061356 -0.038650
v -1.224151 0.063137 -0.037887
v -1.221159 0.064433 -0.035721
v -1.219098 0.065195 -0.032482
v -1.218360 0.065444 -0.028650
v -1.219098 0.065195 -0.024818
v -1.221159 0.064433 -0.021579
v -1.224151 0.063137 -0.019413
v -1.227547 0.061356 -0.018650
v -1.230788 0.059305 -0.019413
v -1.233406 0.057362 -0.021579
v -1.235096 0.055959 -0.024818
v -1.235681 0.055444 -0.028650
v -1.235096 0.055959 -0.032482
v -1.233406 0.057362 -0.035721
v -1.230788 0.059305 -0.037887
v -1.209468 0.074042 -0.028650
v -1.210468 0.075774 -0.015386
v -1.213378 0.080814 -0.003301
v -1.217940 0.088715 0.006532
v -1.223748 0.098776 0.013239
v -1.230287 0.110101 0.016224
v -1.236975 0.121685 0.015222
v -1.243218 0.132499 0.010321
v -1.248462 0.141581 0.001958
v -1.252240 0.148125 -0.009125
v -1.254217 0.151549 -0.021943
v -1.254217 0.151549 -0.035357
v -1.252240 0.148125 -0.048175
v -1.248462 0.141581 -0.059258
v -1.243218 0.132499 -0.067621
v -1.236975 0.121685 -0.072522
v -1.230287 0.110101 -0.073524
v -1.223748 0.098776 -0.070539
v -1.217940 0.088715 -0.063832
v -1.213378 0.080814 -0.053999
v -1.210468 0.075774 -0.041914
v -1.207968 0.071444 -0.028650
v -1.209034 0.073291 -0.042798
v -1.212138 0.078667 -0.055689
v -1.217004 0.087096 -0.066178
v -1.223200 0.097827 -0.073332
v -1.230175 0.109907 -0.076516
v -1.237309 0.122264 -0.075447
v -1.243968 0.133798 -0.070219
v -1.249561 0.143486 -0.061298
v -1.253591 0.150466 -0.049476
v -1.255700 0.154119 -0.035804
v -1.255700 0.154119 -0.021496
v -1.253591 0.150466 -0.007824
v -1.249561 0.143486 0.003998
v -1.243968 0.133798 0.012919
v -1.237309 0.122264 0.018147
v -1.230175 0.109907 0.019216
v -1.223200 0.097827 0.016032
v -1.217004 0.087096 0.008878
v -1.212138 0.078667 -0.001611
v -1.209034 0.073291 -0.014502
v -1.247573 0.052042 -0.028650
v -1.248573 0.053774 -0.015386
v -1.251483 0.058814 -0.003301
v -1.256045 0.066715 0.006532
v -1.261853 0.076776 0.013239
v -1.268392 0.088101 0.016224
v -1.275080 0.099685 0.015222
v -1.281323 0.110499 0.010321
v -1.286567 0.119581 0.001958
v -1.290345 0.126125 -0.009125
v -1.292322 0.129549 -0.021943
v -1.292322 0.129549 -0.035357
v -1.290345 0.126125 -0.048175
v -1.286567 0.119581 -0.059258
v -1.281323 0.110499 -0.067621
v -1.275080 0.099685 -0.072522
v -1.268392 0.088101 -0.073524
v -1.261853 0.076776 -0.070539
v -1.256045 0.066715 -0.063832
v -1.251483 0.058814 -0.053999
v -1.248573 0.053774 -0.041914
v -1.246073 0.049444 -0.028650
v -1.247139 0.051291 -0.042798
v -1.250243 0.056667 -0.055689
v -1.255109 0.065096 -0.066178
v -1.261305 0.075827 -0.073332
v -1.268280 0.087907 -0.076516
v -1.275414 0.100264 -0.075447
v -1.282073 0.111798 -0.070219
v -1.287666 0.121486 -0.061298
v -1.291696 0.128466 -0.049476
v -1.293805 0.132119 -0.035804
v -1.293805 0.132119 -0.021496
v -1.291696 0.128466 -0.007824
v -1.287666 0.121486 0.003998
v -1.282073 0.111798 0.012919
v -1.275414 0.100264 0.018147
v -1.268280 0.087907 0.019216
v -1.261305 0.075827 0.016032
v -1.255109 0.065096 0.008878
v -1.250243 0.056667 -0.001611
v -1.247139 0.051291 -0.014502
v -1.019547 -0.178750 0.032606
v -1.031331 -0.171947 0.037128
v -1.043878 -0.164703 0.038489
v -1.056357 -0.157498 0.036600
v -1.067939 -0.150811 0.031587
v -1.077857 -0.145085 0.023781
v -1.085452 -0.140700 0.013701
v -1.090221 -0.137947 0.002016
v -1.091846 -0.137008 -0.010500
v -1.090221 -0.137947 -0.023016
v -1.085452 -0.140700 -0.034701
v -1.077857 -0.145085 -0.044781
v -1.067939 -0.150811 -0.052587
v -1.056357 -0.157498 -0.057600
v -1.043878 -0.164703 -0.059489
v -1.031331 -0.171947 -0.058128
v -1.019547 -0.178750 -0.053606
v -1.008935 -0.178750 -0.045870
v -1.000759 -0.178750 -0.035593
v -0.995606 -0.178750 -0.023514
v -0.993846 -0.178750 -0.010500
v -0.995606 -0.178750 0.002514
v -1.000759 -0.178750 0.014593
v -1.008935 -0.178750 0.024870
v -1.019547 0.178750 -0.053606
v -1.031331 0.171947 -0.058128
v -1.043878 0.164703 -0.059489
v -1.056357 0.157498 -0.057600
v -1.067939 0.150811 -0.052587
v -1.077857 0.145085 -0.044781
v -1.085452 0.140700 -0.034701
v -1.090221 0.137947 -0.023016
v -1.091846 0.137008 -0.010500
v -1.090221 0.137947 0.002016
v -1.085452 0.140700 0.013701
v -1.077857 0.145085 0.023781
v -1.067939 0.150811 0.031587
v -1.056357 0.157498 0.036600
v -1.043878 0.164703 0.038489
v -1.031331 0.171947 0.037128
v -1.019547 0.178750 0.032606
v -1.008935 0.178750 0.024870
v -1.000759 0.178750 0.014593
v -0.995606 0.178750 0.002514
v -0.993846 0.178750 -0.010500
v -0.995606 0.178750 -0.023514
v -1.000759 0.178750 -0.035593
v -1.008935 0.178750 -0.045870
v -0.993846 0.000000 -0.010500
v -1.012295 0.000000 0.027810
v -1.024944 0.000000 0.035113
v -1.039184 0.000000 0.038363
v -1.053750 0.000000 0.037271
v -1.067346 0.000000 0.031935
v -1.078766 0.000000 0.022828
v -1.086993 0.000000 0.010760
v -1.091299 0.000000 -0.003197
v -1.091299 0.000000 -0.017803
v -1.086993 0.000000 -0.031760
v -1.078766 0.000000 -0.043828
v -1.067346 0.000000 -0.052935
v -1.053750 0.000000 -0.058271
v -1.039184 0.000000 -0.059363
v -1.024944 0.000000 -0.056113
v -1.012295 0.000000 -0.048810
v -1.002360 0.000000 -0.038103
v -0.996023 0.000000 -0.024943
v -0.996023 0.000000 0.003943
v -1.002360 0.000000 0.017103
v -1.019547 -0.178750 -0.089850
v -0.235000 -0.178750 -0.089850
v -0.217569 -0.178750 -0.083628
v -0.202426 -0.178750 -0.075061
v -0.189567 -0.178750 -0.064529
v -0.178996 -0.178750 -0.052548
v -0.170727 -0.178750 -0.039668
v -0.164784 -0.178750 -0.026403
v -0.161199 -0.178750 -0.013143
v -0.160000 -0.178750 -0.000000
v -0.161199 -0.178750 0.013143
v -0.164784 -0.178750 0.026403
v -0.170727 -0.178750 0.039668
v -0.178996 -0.178750 0.052548
v -0.189567 -0.178750 0.064529
v -0.202426 -0.178750 0.075061
v -0.217569 -0.178750 0.083628
v -0.235000 -0.178750 0.089850
v -1.019547 -0.178750 0.089850
v -1.019547 0.178750 0.089850
v -0.235000 0.178750 0.089850
v -0.217569 0.178750 0.083628
v -0.202426 0.178750 0.075061
v -0.189567 0.178750 0.064529
v -0.178996 0.178750 0.052548
v -0.170727 0.178750 0.039668
v -0.164784 0.178750 0.026403
v -0.161199 0.178750 0.013143
v -0.160000 0.178750 0.000000
v -0.161199 0.178750 -0.013143
v -0.164784 0.178750 -0.026403
v -0.170727 0.178750 -0.039668
v -0.178996 0.178750 -0.052548
v -0.189567 0.178750 -0.064529
v -0.202426 0.178750 -0.075061
v -0.217569 0.178750 -0.083628
v -0.235000 0.178750 -0.089850
v -1.019547 0.178750 -0.089850
v -0.186630 -0.045000 -0.089850
v -0.199894 -0.043001 -0.089850
v -0.211979 -0.037181 -0.089850
v -0.221812 -0.028057 -0.089850
v -0.228519 -0.016440 -0.089850
v -0.231504 -0.003363 -0.089850
v -0.230502 0.010013 -0.089850
v -0.225601 0.022500 -0.089850
v -0.217238 0.032987 -0.089850
v -0.206155 0.040544 -0.089850
v -0.193337 0.044497 -0.089850
v -0.179923 0.044497 -0.089850
v -0.167105 0.040544 -0.089850
v -0.156022 0.032987 -0.089850
v -0.147659 0.022500 -0.089850
v -0.142758 0.010013 -0.089850
v -0.141756 -0.003363 -0.089850
v -0.144741 -0.016440 -0.089850
v -0.151448 -0.028057 -0.089850
v -0.161281 -0.037181 -0.089850
v -0.173366 -0.043001 -0.089850
v -0.186630 -0.045000 0.089850
v -0.173366 -0.043001 0.089850
v -0.161281 -0.037181 0.089850
v -0.151448 -0.028057 0.089850
v -0.144741 -0.016440 0.089850
v -0.141756 -0.003363 0.089850
v -0.142758 0.010013 0.089850
v -0.147659 0.022500 0.089850
v -0.156022 0.032987 0.089850
v -0.167105 0.040544 0.089850
v -0.179923 0.044497 0.089850
v -0.193337 0.044497 0.089850
v -0.206155 0.040544 0.089850
v -0.217238 0.032987 0.089850
v -0.225601 0.022500 0.089850
v -0.230502 0.010013 0.089850
v -0.231504 -0.003363 0.089850
v -0.228519 -0.016440 0.089850
v -0.221812 -0.028057 0.089850
v -0.211979 -0.037181 0.089850
v -0.199894 -0.043001 0.089850
v -0.927980 0.058400 -0.089850
v -0.941244 0.060399 -0.089850
v -0.953329 0.066219 -0.089850
v -0.963162 0.075343 -0.089850
v -0.969869 0.086960 -0.089850
v -0.972854 0.100037 -0.089850
v -0.971852 0.113413 -0.089850
v -0.966951 0.125900 -0.089850
v -0.958588 0.136387 -0.089850
v -0.947505 0.143944 -0.089850
v -0.934687 0.147897 -0.089850
v -0.921273 0.147897 -0.089850
v -0.908455 0.143944 -0.089850
v -0.897372 0.136387 -0.089850
v -0.889009 0.125900 -0.089850
v -0.884108 0.113413 -0.089850
v -0.883106 0.100037 -0.089850
v -0.886091 0.086960 -0.089850
v -0.892798 0.075343 -0.089850
v -0.902631 0.066219 -0.089850
v -0.914716 0.060399 -0.089850
v -0.927980 0.058400 0.089850
v -0.914716 0.060399 0.089850
v -0.902631 0.066219 0.089850
v -0.892798 0.075343 0.089850
v -0.886091 0.086960 0.089850
v -0.883106 0.100037 0.089850
v -0.884108 0.113413 0.089850
v -0.889009 0.125900 0.089850
v -0.897372 0.136387 0.089850
v -0.908455 0.143944 0.089850
v -0.921273 0.147897 0.089850
v -0.934687 0.147897 0.089850
v -0.947505 0.143944 0.089850
v -0.958588 0.136387 0.089850
v -0.966951 0.125900 0.089850
v -0.971852 0.113413 0.089850
v -0.972854 0.100037 0.089850
v -0.969869 0.086960 0.089850
v -0.963162 0.075343 0.089850
v -0.953329 0.066219 0.089850
v -0.941244 0.060399 0.089850
v -0.927980 -0.148400 -0.089850
v -0.941244 -0.146401 -0.089850
v -0.953329 -0.140581 -0.089850
v -0.963162 -0.131457 -0.089850
v -0.969869 -0.119840 -0.089850
v -0.972854 -0.106763 -0.089850
v -0.971852 -0.093387 -0.089850
v -0.966951 -0.080900 -0.089850
v -0.958588 -0.070413 -0.089850
v -0.947505 -0.062856 -0.089850
v -0.934687 -0.058903 -0.089850
v -0.921273 -0.058903 -0.089850
v -0.908455 -0.062856 -0.089850
v -0.897372 -0.070413 -0.089850
v -0.889009 -0.080900 -0.089850
v -0.884108 -0.093387 -0.089850
v -0.883106 -0.106763 -0.089850
v -0.886091 -0.119840 -0.089850
v -0.892798 -0.131457 -0.089850
v -0.902631 -0.140581 -0.089850
v -0.914716 -0.146401 -0.089850
v -0.927980 -0.148400 0.089850
v -0.914716 -0.146401 0.089850
v -0.902631 -0.140581 0.089850
v -0.892798 -0.131457 0.089850
v -0.886091 -0.119840 0.089850
v -0.883106 -0.106763 0.089850
v -0.884108 -0.093387 0.089850
v -0.889009 -0.080900 0.089850
v -0.897372 -0.070413 0.089850
v -0.908455 -0.062856 0.089850
v -0.921273 -0.058903 0.089850
v -0.934687 -0.058903 0.089850
v -0.947505 -0.062856 0.089850
v -0.958588 -0.070413 0.089850
v -0.966951 -0.080900 0.089850
v -0.971852 -0.093387 0.089850
v -0.972854 -0.106763 0.089850
v -0.969869 -0.119840 0.089850
v -0.963162 -0.131457 0.089850
v -0.953329 -0.140581 0.089850
v -0.941244 -0.146401 0.089850
v -0.219195 0.173793 -0.089850
v -0.203789 0.167515 -0.089850
v -0.188819 0.159972 -0.089850
v -0.174345 0.151247 -0.089850
v -0.160442 0.141450 -0.089850
v -0.147202 0.130708 -0.089850
v -0.123130 0.106939 -0.089850
v -0.112522 0.094194 -0.089850
v -0.103021 0.081060 -0.089850
v -0.094742 0.067669 -0.089850
v -0.087791 0.054140 -0.089850
v -0.082267 0.040568 -0.089850
v -0.078254 0.027014 -0.089850
v -0.075817 0.013494 -0.089850
v -0.075000 -0.000000 -0.089850
v -0.075817 -0.013494 -0.089850
v -0.078254 -0.027014 -0.089850
v -0.082267 -0.040568 -0.089850
v -0.087791 -0.054140 -0.089850
v -0.094742 -0.067669 -0.089850
v -0.103021 -0.081060 -0.089850
v -0.112522 -0.094194 -0.089850
v -0.123130 -0.106939 -0.089850
v -0.147202 -0.130708 -0.089850
v -0.160442 -0.141450 -0.089850
v -0.174345 -0.151247 -0.089850
v -0.188819 -0.159972 -0.089850
v -0.203789 -0.167515 -0.089850
v -0.219195 -0.173793 -0.089850
v -1.274196 -0.031728 -0.089850
v -1.274196 0.031729 -0.089850
v -1.274196 0.031729 0.089850
v -1.274196 -0.031728 0.089850
v -0.219195 -0.173793 0.089850
v -0.203789 -0.167515 0.089850
v -0.188819 -0.159972 0.089850
v -0.174345 -0.151247 0.089850
v -0.160442 -0.141450 0.089850
v -0.147202 -0.130708 0.089850
v -0.123130 -0.106939 0.089850
v -0.112522 -0.094194 0.089850
v -0.103021 -0.081060 0.089850
v -0.094742 -0.067669 0.089850
v -0.087791 -0.054140 0.089850
v -0.082267 -0.040568 0.089850
v -0.078254 -0.027014 0.089850
v -0.075817 -0.013494 0.089850
v -0.075000 -0.000000 0.089850
v -0.075817 0.013494 0.089850
v -0.078254 0.027014 0.089850
v -0.082267 0.040568 0.089850
v -0.087791 0.054140 0.089850
v -0.094742 0.067669 0.089850
v -0.103021 0.081060 0.089850
v -0.112522 0.094194 0.089850
v -0.123130 0.106939 0.089850
v -0.147202 0.130708 0.089850
v -0.160442 0.141450 0.089850
v -0.174345 0.151247 0.089850
v -0.188819 0.159972 0.089850
v -0.203789 0.167515 0.089850
v -0.219195 0.173793 0.089850
v -0.057569 -0.000000 -0.083628
v -0.042426 -0.000000 -0.075061
v -0.029567 -0.000000 -0.064529
v -0.018996 -0.000000 -0.052548
v -0.010727 -0.000000 -0.039668
v -0.004784 -0.000000 -0.026403
v -0.001199 -0.000000 -0.013143
v -0.000000 -0.000000 -0.000000
v -0.001199 -0.000000 0.013143
v -0.004784 -0.000000 0.026403
v -0.010727 -0.000000 0.039668
v -0.018996 -0.000000 0.052548
v -0.029567 -0.000000 0.064529
v -0.042426 -0.000000 0.075061
v -0.057569 -0.000000 0.083628
v -0.125695 -0.122464 -0.085753
v -0.127404 -0.122464 0.086412
v -0.064790 -0.010794 0.086412
v -0.054881 -0.010794 0.082093
v -0.045795 -0.010794 0.076946
v -0.037532 -0.010794 0.071057
v -0.023473 -0.010794 0.057479
v -0.012719 -0.010794 0.042290
v -0.007986 -0.010794 0.033054
v -0.004401 -0.010794 0.023742
v -0.001974 -0.010794 0.014463
v -0.000715 -0.010794 0.005248
v -0.000631 -0.010794 -0.003935
v -0.001722 -0.010794 -0.013143
v -0.003983 -0.010794 -0.022413
v -0.007403 -0.010794 -0.031725
v -0.011973 -0.010794 -0.040981
v -0.017681 -0.010794 -0.050027
v -0.024519 -0.010794 -0.058685
v -0.032480 -0.010794 -0.066769
v -0.041561 -0.010794 -0.074088
v -0.051761 -0.010794 -0.080466
v -0.063081 -0.010794 -0.085753
v -0.066354 -0.021602 0.086412
v -0.056445 -0.021602 0.082093
v -0.047359 -0.021602 0.076946
v -0.039096 -0.021602 0.071057
v -0.025037 -0.021602 0.057479
v -0.014283 -0.021602 0.042290
v -0.009550 -0.021602 0.033054
v -0.005965 -0.021602 0.023742
v -0.003538 -0.021602 0.014463
v -0.002279 -0.021602 0.005248
v -0.002195 -0.021602 -0.003935
v -0.003286 -0.021602 -0.013143
v -0.005547 -0.021602 -0.022413
v -0.008967 -0.021602 -0.031725
v -0.013537 -0.021602 -0.040981
v -0.019245 -0.021602 -0.050027
v -0.026082 -0.021602 -0.058685
v -0.034043 -0.021602 -0.066769
v -0.043124 -0.021602 -0.074088
v -0.053325 -0.021602 -0.080466
v -0.064645 -0.021602 -0.085753
v -0.068940 -0.032431 0.086412
v -0.059031 -0.032431 0.082093
v -0.049945 -0.032431 0.076946
v -0.041682 -0.032431 0.071057
v -0.027623 -0.032431 0.057479
v -0.016869 -0.032431 0.042290
v -0.012136 -0.032431 0.033054
v -0.008551 -0.032431 0.023742
v -0.006124 -0.032431 0.014463
v -0.004865 -0.032431 0.005248
v -0.004781 -0.032431 -0.003935
v -0.005872 -0.032431 -0.013143
v -0.008133 -0.032431 -0.022413
v -0.011553 -0.032431 -0.031725
v -0.016123 -0.032431 -0.040981
v -0.021831 -0.032431 -0.050027
v -0.028668 -0.032431 -0.058685
v -0.036629 -0.032431 -0.066769
v -0.045711 -0.032431 -0.074088
v -0.055911 -0.032431 -0.080466
v -0.067231 -0.032431 -0.085753
v -0.072520 -0.043283 0.086412
v -0.062611 -0.043283 0.082093
v -0.053525 -0.043283 0.076946
v -0.045262 -0.043283 0.071057
v -0.031203 -0.043283 0.057479
v -0.020449 -0.043283 0.042290
v -0.015716 -0.043283 0.033054
v -0.012131 -0.043283 0.023742
v -0.009704 -0.043283 0.014463
v -0.008445 -0.043283 0.005248
v -0.008361 -0.043283 -0.003935
v -0.009453 -0.043283 -0.013143
v -0.011713 -0.043283 -0.022413
v -0.015134 -0.043283 -0.031725
v -0.019703 -0.043283 -0.040981
v -0.025411 -0.043283 -0.050027
v -0.032249 -0.043283 -0.058685
v -0.040210 -0.043283 -0.066769
v -0.049291 -0.043283 -0.074088
v -0.059491 -0.043283 -0.080466
v -0.070811 -0.043283 -0.085753
v -0.082508 -0.064971 0.086412
v -0.072599 -0.064971 0.082093
v -0.063514 -0.064971 0.076946
v -0.055250 -0.064971 0.071057
v -0.041191 -0.064971 0.057479
v -0.030437 -0.064971 0.042290
v -0.025705 -0.064971 0.033054
v -0.022119 -0.064971 0.023742
v -0.019693 -0.064971 0.014463
v -0.018434 -0.064971 0.005248
v -0.018350 -0.064971 -0.003935
v -0.019441 -0.064971 -0.013143
v -0.021702 -0.064971 -0.022413
v -0.025122 -0.064971 -0.031725
v -0.029692 -0.064971 -0.040981
v -0.035399 -0.064971 -0.050027
v -0.042237 -0.064971 -0.058685
v -0.050198 -0.064971 -0.066769
v -0.059279 -0.064971 -0.074088
v -0.069479 -0.064971 -0.080466
v -0.080800 -0.064971 -0.085753
v -0.075349 -0.054140 -0.085753
v -0.064028 -0.054140 -0.080466
v -0.053828 -0.054140 -0.074088
v -0.044747 -0.054140 -0.066769
v -0.036786 -0.054140 -0.058685
v -0.029949 -0.054140 -0.050027
v -0.024241 -0.054140 -0.040981
v -0.019671 -0.054140 -0.031725
v -0.016251 -0.054140 -0.022413
v -0.013990 -0.054140 -0.013143
v -0.012899 -0.054140 -0.003935
v -0.012983 -0.054140 0.005248
v -0.014242 -0.054140 0.014463
v -0.016669 -0.054140 0.023742
v -0.020254 -0.054140 0.033054
v -0.024986 -0.054140 0.042290
v -0.035740 -0.054140 0.057479
v -0.049799 -0.054140 0.071057
v -0.058063 -0.054140 0.076946
v -0.067148 -0.054140 0.082093
v -0.077057 -0.054140 0.086412
v -0.088823 -0.075727 0.086412
v -0.078914 -0.075727 0.082093
v -0.069829 -0.075727 0.076946
v -0.061565 -0.075727 0.071057
v -0.047506 -0.075727 0.057479
v -0.036752 -0.075727 0.042290
v -0.032020 -0.075727 0.033054
v -0.028434 -0.075727 0.023742
v -0.026007 -0.075727 0.014463
v -0.024749 -0.075727 0.005248
v -0.024665 -0.075727 -0.003935
v -0.025756 -0.075727 -0.013143
v -0.028016 -0.075727 -0.022413
v -0.031437 -0.075727 -0.031725
v -0.036006 -0.075727 -0.040981
v -0.041714 -0.075727 -0.050027
v -0.048552 -0.075727 -0.058685
v -0.056513 -0.075727 -0.066769
v -0.065594 -0.075727 -0.074088
v -0.075794 -0.075727 -0.080466
v -0.087115 -0.075727 -0.085753
v -0.095948 -0.086352 0.086412
v -0.086039 -0.086352 0.082093
v -0.076953 -0.086352 0.076946
v -0.068690 -0.086352 0.071057
v -0.054631 -0.086352 0.057479
v -0.043877 -0.086352 0.042290
v -0.039144 -0.086352 0.033054
v -0.035559 -0.086352 0.023742
v -0.033132 -0.086352 0.014463
v -0.031873 -0.086352 0.005248
v -0.031789 -0.086352 -0.003935
v -0.032880 -0.086352 -0.013143
v -0.035141 -0.086352 -0.022413
v -0.038561 -0.086352 -0.031725
v -0.043131 -0.086352 -0.040981
v -0.048839 -0.086352 -0.050027
v -0.055677 -0.086352 -0.058685
v -0.063638 -0.086352 -0.066769
v -0.072719 -0.086352 -0.074088
v -0.082919 -0.086352 -0.080466
v -0.094239 -0.086352 -0.085753
v -0.105486 -0.098834 0.086412
v -0.095577 -0.098834 0.082093
v -0.086491 -0.098834 0.076946
v -0.078228 -0.098834 0.071057
v -0.064169 -0.098834 0.057479
v -0.053415 -0.098834 0.042290
v -0.048682 -0.098834 0.033054
v -0.045097 -0.098834 0.023742
v -0.042670 -0.098834 0.014463
v -0.041411 -0.098834 0.005248
v -0.041327 -0.098834 -0.003935
v -0.042418 -0.098834 -0.013143
v -0.044679 -0.098834 -0.022413
v -0.048099 -0.098834 -0.031725
v -0.052669 -0.098834 -0.040981
v -0.058377 -0.098834 -0.050027
v -0.065214 -0.098834 -0.058685
v -0.073176 -0.098834 -0.066769
v -0.082257 -0.098834 -0.074088
v -0.092457 -0.098834 -0.080466
v -0.103777 -0.098834 -0.085753
v -0.116005 -0.110913 0.086412
v -0.106096 -0.110913 0.082093
v -0.097011 -0.110913 0.076946
v -0.088747 -0.110913 0.071057
v -0.074688 -0.110913 0.057479
v -0.063934 -0.110913 0.042290
v -0.059202 -0.110913 0.033054
v -0.055616 -0.110913 0.023742
v -0.053190 -0.110913 0.014463
v -0.051931 -0.110913 0.005248
v -0.051847 -0.110913 -0.003935
v -0.052938 -0.110913 -0.013143
v -0.055199 -0.110913 -0.022413
v -0.058619 -0.110913 -0.031725
v -0.063188 -0.110913 -0.040981
v -0.068896 -0.110913 -0.050027
v -0.075734 -0.110913 -0.058685
v -0.083695 -0.110913 -0.066769
v -0.092776 -0.110913 -0.074088
v -0.102976 -0.110913 -0.080466
v -0.114297 -0.110913 -0.085753
v -0.139581 -0.133365 0.086412
v -0.129672 -0.133365 0.082093
v -0.120586 -0.133365 0.076946
v -0.112323 -0.133365 0.071057
v -0.098264 -0.133365 0.057479
v -0.087510 -0.133365 0.042290
v -0.082777 -0.133365 0.033054
v -0.079192 -0.133365 0.023742
v -0.076765 -0.133365 0.014463
v -0.075506 -0.133365 0.005248
v -0.075422 -0.133365 -0.003935
v -0.076513 -0.133365 -0.013143
v -0.078774 -0.133365 -0.022413
v -0.082194 -0.133365 -0.031725
v -0.086764 -0.133365 -0.040981
v -0.092472 -0.133365 -0.050027
v -0.099309 -0.133365 -0.058685
v -0.107270 -0.133365 -0.066769
v -0.116351 -0.133365 -0.074088
v -0.126552 -0.133365 -0.080466
v -0.137872 -0.133365 -0.085753
v -0.114375 -0.122464 -0.080466
v -0.104175 -0.122464 -0.074088
v -0.095094 -0.122464 -0.066769
v -0.087133 -0.122464 -0.058685
v -0.080295 -0.122464 -0.050027
v -0.074587 -0.122464 -0.040981
v -0.070018 -0.122464 -0.031725
v -0.066597 -0.122464 -0.022413
v -0.064337 -0.122464 -0.013143
v -0.063245 -0.122464 -0.003935
v -0.063329 -0.122464 0.005248
v -0.064588 -0.122464 0.014463
v -0.067015 -0.122464 0.023742
v -0.070600 -0.122464 0.033054
v -0.075333 -0.122464 0.042290
v -0.086087 -0.122464 0.057479
v -0.100146 -0.122464 0.071057
v -0.108409 -0.122464 0.076946
v -0.117495 -0.122464 0.082093
v -0.152439 -0.143489 0.086412
v -0.142530 -0.143489 0.082093
v -0.133444 -0.143489 0.076946
v -0.125181 -0.143489 0.071057
v -0.111122 -0.143489 0.057479
v -0.100368 -0.143489 0.042290
v -0.095635 -0.143489 0.033054
v -0.092050 -0.143489 0.023742
v -0.089623 -0.143489 0.014463
v -0.088365 -0.143489 0.005248
v -0.088281 -0.143489 -0.003935
v -0.089372 -0.143489 -0.013143
v -0.091632 -0.143489 -0.022413
v -0.095053 -0.143489 -0.031725
v -0.099622 -0.143489 -0.040981
v -0.105330 -0.143489 -0.050027
v -0.112168 -0.143489 -0.058685
v -0.120129 -0.143489 -0.066769
v -0.129210 -0.143489 -0.074088
v -0.139410 -0.143489 -0.080466
v -0.150730 -0.143489 -0.085753
v -0.165891 -0.152718 0.086412
v -0.155982 -0.152718 0.082093
v -0.146896 -0.152718 0.076946
v -0.138633 -0.152718 0.071057
v -0.124574 -0.152718 0.057479
v -0.113820 -0.152718 0.042290
v -0.109087 -0.152718 0.033054
v -0.105502 -0.152718 0.023742
v -0.103075 -0.152718 0.014463
v -0.101816 -0.152718 0.005248
v -0.101732 -0.152718 -0.003935
v -0.102823 -0.152718 -0.013143
v -0.105084 -0.152718 -0.022413
v -0.108504 -0.152718 -0.031725
v -0.113074 -0.152718 -0.040981
v -0.118782 -0.152718 -0.050027
v -0.125619 -0.152718 -0.058685
v -0.133581 -0.152718 -0.066769
v -0.142662 -0.152718 -0.074088
v -0.152862 -0.152718 -0.080466
v -0.164182 -0.152718 -0.085753
v -0.179857 -0.160941 0.086412
v -0.169948 -0.160941 0.082093
v -0.160862 -0.160941 0.076946
v -0.152599 -0.160941 0.071057
v -0.138540 -0.160941 0.057479
v -0.127786 -0.160941 0.042290
v -0.123053 -0.160941 0.033054
v -0.119468 -0.160941 0.023742
v -0.117041 -0.160941 0.014463
v -0.115783 -0.160941 0.005248
v -0.115699 -0.160941 -0.003935
v -0.116790 -0.160941 -0.013143
v -0.119050 -0.160941 -0.022413
v -0.122471 -0.160941 -0.031725
v -0.127040 -0.160941 -0.040981
v -0.132748 -0.160941 -0.050027
v -0.139586 -0.160941 -0.058685
v -0.147547 -0.160941 -0.066769
v -0.156628 -0.160941 -0.074088
v -0.166828 -0.160941 -0.080466
v -0.178148 -0.160941 -0.085753
v -0.194272 -0.168065 0.086412
v -0.184363 -0.168065 0.082093
v -0.175278 -0.168065 0.076946
v -0.167014 -0.168065 0.071057
v -0.152955 -0.168065 0.057479
v -0.142201 -0.168065 0.042290
v -0.137469 -0.168065 0.033054
v -0.133883 -0.168065 0.023742
v -0.131456 -0.168065 0.014463
v -0.130198 -0.168065 0.005248
v -0.130114 -0.168065 -0.003935
v -0.131205 -0.168065 -0.013143
v -0.133465 -0.168065 -0.022413
v -0.136886 -0.168065 -0.031725
v -0.141455 -0.168065 -0.040981
v -0.147163 -0.168065 -0.050027
v -0.154001 -0.168065 -0.058685
v -0.161962 -0.168065 -0.066769
v -0.171043 -0.168065 -0.074088
v -0.181243 -0.168065 -0.080466
v -0.192563 -0.168065 -0.085753
v -0.209086 -0.174017 0.086412
v -0.199177 -0.174017 0.082093
v -0.190091 -0.174017 0.076946
v -0.181828 -0.174017 0.071057
v -0.167769 -0.174017 0.057479
v -0.157015 -0.174017 0.042290
v -0.152282 -0.174017 0.033054
v -0.148697 -0.174017 0.023742
v -0.146270 -0.174017 0.014463
v -0.145012 -0.174017 0.005248
v -0.144928 -0.174017 -0.003935
v -0.146019 -0.174017 -0.013143
v -0.148279 -0.174017 -0.022413
v -0.151700 -0.174017 -0.031725
v -0.156269 -0.174017 -0.040981
v -0.161977 -0.174017 -0.050027
v -0.168815 -0.174017 -0.058685
v -0.176776 -0.174017 -0.066769
v -0.185857 -0.174017 -0.074088
v -0.196057 -0.174017 -0.080466
v -0.207377 -0.174017 -0.085753
v -0.125695 0.122464 0.085753
v -0.127404 0.122464 -0.086412
v -0.064790 0.010794 -0.086412
v -0.054881 0.010794 -0.082093
v -0.045795 0.010794 -0.076946
v -0.037532 0.010794 -0.071057
v -0.023473 0.010794 -0.057479
v -0.012719 0.010794 -0.042290
v -0.007986 0.010794 -0.033054
v -0.004401 0.010794 -0.023742
v -0.001974 0.010794 -0.014463
v -0.000715 0.010794 -0.005248
v -0.000631 0.010794 0.003935
v -0.001722 0.010794 0.013143
v -0.003983 0.010794 0.022413
v -0.007403 0.010794 0.031725
v -0.011973 0.010794 0.040981
v -0.017681 0.010794 0.050027
v -0.024519 0.010794 0.058685
v -0.032480 0.010794 0.066769
v -0.041561 0.010794 0.074088
v -0.051761 0.010794 0.080466
v -0.063081 0.010794 0.085753
v -0.066354 0.021602 -0.086412
v -0.056445 0.021602 -0.082093
v -0.047359 0.021602 -0.076946
v -0.039096 0.021602 -0.071057
v -0.025037 0.021602 -0.057479
v -0.014283 0.021602 -0.042290
v -0.009550 0.021602 -0.033054
v -0.005965 0.021602 -0.023742
v -0.003538 0.021602 -0.014463
v -0.002279 0.021602 -0.005248
v -0.002195 0.021602 0.003935
v -0.003286 0.021602 0.013143
v -0.005547 0.021602 0.022413
v -0.008967 0.021602 0.031725
v -0.013537 0.021602 0.040981
v -0.019245 0.021602 0.050027
v -0.026082 0.021602 0.058685
v -0.034043 0.021602 0.066769
v -0.043124 0.021602 0.074088
v -0.053325 0.021602 0.080466
v -0.064645 0.021602 0.085753
v -0.068940 0.032431 -0.086412
v -0.059031 0.032431 -0.082093
v -0.049945 0.032431 -0.076946
v -0.041682 0.032431 -0.071057
v -0.027623 0.032431 -0.057479
v -0.016869 0.032431 -0.042290
v -0.012136 0.032431 -0.033054
v -0.008551 0.032431 -0.023742
v -0.006124 0.032431 -0.014463
v -0.004865 0.032431 -0.005248
v -0.004781 0.032431 0.003935
v -0.005872 0.032431 0.013143
v -0.008133 0.032431 0.022413
v -0.011553 0.032431 0.031725
v -0.016123 0.032431 0.040981
v -0.021831 0.032431 0.050027
v -0.028668 0.032431 0.058685
v -0.036629 0.032431 0.066769
v -0.045711 0.032431 0.074088
v -0.055911 0.032431 0.080466
v -0.067231 0.032431 0.085753
v -0.072520 0.043283 -0.086412
v -0.062611 0.043283 -0.082093
v -0.053525 0.043283 -0.076946
v -0.045262 0.043283 -0.071057
v -0.031203 0.043283 -0.057479
v -0.020449 0.043283 -0.042290
v -0.015716 0.043283 -0.033054
v -0.012131 0.043283 -0.023742
v -0.009704 0.043283 -0.014463
v -0.008445 0.043283 -0.005248
v -0.008361 0.043283 0.003935
v -0.009453 0.043283 0.013143
v -0.011713 0.043283 0.022413
v -0.015134 0.043283 0.031725
v -0.019703 0.043283 0.040981
v -0.025411 0.043283 0.050027
v -0.032249 0.043283 0.058685
v -0.040210 0.043283 0.066769
v -0.049291 0.043283 0.074088
v -0.059491 0.043283 0.080466
v -0.070811 0.043283 0.085753
v -0.082508 0.064971 -0.086412
v -0.072599 0.064971 -0.082093
v -0.063514 0.064971 -0.076946
v -0.055250 0.064971 -0.071057
v -0.041191 0.064971 -0.057479
v -0.030437 0.064971 -0.042290
v -0.025705 0.064971 -0.033054
v -0.022119 0.064971 -0.023742
v -0.019693 0.064971 -0.014463
v -0.018434 0.064971 -0.005248
v -0.018350 0.064971 0.003935
v -0.019441 0.064971 0.013143
v -0.021702 0.064971 0.022413
v -0.025122 0.064971 0.031725
v -0.029692 0.064971 0.040981
v -0.035399 0.064971 0.050027
v -0.042237 0.064971 0.058685
v -0.050198 0.064971 0.066769
v -0.059279 0.064971 0.074088
v -0.069479 0.064971 0.080466
v -0.080800 0.064971 0.085753
v -0.075349 0.054140 0.085753
v -0.064028 0.054140 0.080466
v -0.053828 0.054140 0.074088
v -0.044747 0.054140 0.066769
v -0.036786 0.054140 0.058685
v -0.029949 0.054140 0.050027
v -0.024241 0.054140 0.040981
v -0.019671 0.054140 0.031725
v -0.016251 0.054140 0.022413
v -0.013990 0.054140 0.013143
v -0.012899 0.054140 0.003935
v -0.012983 0.054140 -0.005248
v -0.014242 0.054140 -0.014463
v -0.016669 0.054140 -0.023742
v -0.020254 0.054140 -0.033054
v -0.024986 0.054140 -0.042290
v -0.035740 0.054140 -0.057479
v -0.049799 0.054140 -0.071057
v -0.058063 0.054140 -0.076946
v -0.067148 0.054140 -0.082093
v -0.077057 0.054140 -0.086412
v -0.088823 0.075727 -0.086412
v -0.078914 0.075727 -0.082093
v -0.069829 0.075727 -0.076946
v -0.061565 0.075727 -0.071057
v -0.047506 0.075727 -0.057479
v -0.036752 0.075727 -0.042290
v -0.032020 0.075727 -0.033054
v -0.028434 0.075727 -0.023742
v -0.026007 0.075727 -0.014463
v -0.024749 0.075727 -0.005248
v -0.024665 0.075727 0.003935
v -0.025756 0.075727 0.013143
v -0.028016 0.075727 0.022413
v -0.031437 0.075727 0.031725
v -0.036006 0.075727 0.040981
v -0.041714 0.075727 0.050027
v -0.048552 0.075727 0.058685
v -0.056513 0.075727 0.066769
v -0.065594 0.075727 0.074088
v -0.075794 0.075727 0.080466
v -0.087115 0.075727 0.085753
v -0.095948 0.086352 -0.086412
v -0.086039 0.086352 -0.082093
v -0.076953 0.086352 -0.076946
v -0.068690 0.086352 -0.071057
v -0.054631 0.086352 -0.057479
v -0.043877 0.086352 -0.042290
v -0.039144 0.086352 -0.033054
v -0.035559 0.086352 -0.023742
v -0.033132 0.086352 -0.014463
v -0.031873 0.086352 -0.005248
v -0.031789 0.086352 0.003935
v -0.032880 0.086352 0.013143
v -0.035141 0.086352 0.022413
v -0.038561 0.086352 0.031725
v -0.043131 0.086352 0.040981
v -0.048839 0.086352 0.050027
v -0.055677 0.086352 0.058685
v -0.063638 0.086352 0.066769
v -0.072719 0.086352 0.074088
v -0.082919 0.086352 0.080466
v -0.094239 0.086352 0.085753
v -0.105486 0.098834 -0.086412
v -0.095577 0.098834 -0.082093
v -0.086491 0.098834 -0.076946
v -0.078228 0.098834 -0.071057
v -0.064169 0.098834 -0.057479
v -0.053415 0.098834 -0.042290
v -0.048682 0.098834 -0.033054
v -0.045097 0.098834 -0.023742
v -0.042670 0.098834 -0.014463
v -0.041411 0.098834 -0.005248
v -0.041327 0.098834 0.003935
v -0.042418 0.098834 0.013143
v -0.044679 0.098834 0.022413
v -0.048099 0.098834 0.031725
v -0.052669 0.098834 0.040981
v -0.058377 0.098834 0.050027
v -0.065214 0.098834 0.058685
v -0.073176 0.098834 0.066769
v -0.082257 0.098834 0.074088
v -0.092457 0.098834 0.080466
v -0.103777 0.098834 0.085753
v -0.116005 0.110913 -0.086412
v -0.106096 0.110913 -0.082093
v -0.097011 0.110913 -0.076946
v -0.088747 0.110913 -0.071057
v -0.074688 0.110913 -0.057479
v -0.063934 0.110913 -0.042290
v -0.059202 0.110913 -0.033054
v -0.055616 0.110913 -0.023742
v -0.053190 0.110913 -0.014463
v -0.051931 0.110913 -0.005248
v -0.051847 0.110913 0.003935
v -0.052938 0.110913 0.013143
v -0.055199 0.110913 0.022413
v -0.058619 0.110913 0.031725
v -0.063188 0.110913 0.040981
v -0.068896 0.110913 0.050027
v -0.075734 0.110913 0.058685
v -0.083695 0.110913 0.066769
v -0.092776 0.110913 0.074088
v -0.102976 0.110913 0.080466
v -0.114297 0.110913 0.085753
v -0.139581 0.133365 -0.086412
v -0.129672 0.133365 -0.082093
v -0.120586 0.133365 -0.076946
v -0.112323 0.133365 -0.071057
v -0.098264 0.133365 -0.057479
v -0.087510 0.133365 -0.042290
v -0.082777 0.133365 -0.033054
v -0.079192 0.133365 -0.023742
v -0.076765 0.133365 -0.014463
v -0.075506 0.133365 -0.005248
v -0.075422 0.133365 0.003935
v -0.076513 0.133365 0.013143
v -0.078774 0.133365 0.022413
v -0.082194 0.133365 0.031725
v -0.086764 0.133365 0.040981
v -0.092472 0.133365 0.050027
v -0.099309 0.133365 0.058685
v -0.107270 0.133365 0.066769
v -0.116351 0.133365 0.074088
v -0.126552 0.133365 0.080466
v -0.137872 0.133365 0.085753
v -0.114375 0.122464 0.080466
v -0.104175 0.122464 0.074088
v -0.095094 0.122464 0.066769
v -0.087133 0.122464 0.058685
v -0.080295 0.122464 0.050027
v -0.074587 0.122464 0.040981
v -0.070018 0.122464 0.031725
v -0.066597 0.122464 0.022413
v -0.064337 0.122464 0.013143
v -0.063245 0.122464 0.003935
v -0.063329 0.122464 -0.005248
v -0.064588 0.122464 -0.014463
v -0.067015 0.122464 -0.023742
v -0.070600 0.122464 -0.033054
v -0.075333 0.122464 -0.042290
v -0.086087 0.122464 -0.057479
v -0.100146 0.122464 -0.071057
v -0.108409 0.122464 -0.076946
v -0.117495 0.122464 -0.082093
v -0.152439 0.143489 -0.086412
v -0.142530 0.143489 -0.082093
v -0.133444 0.143489 -0.076946
v -0.125181 0.143489 -0.071057
v -0.111122 0.143489 -0.057479
v -0.100368 0.143489 -0.042290
v -0.095635 0.143489 -0.033054
v -0.092050 0.143489 -0.023742
v -0.089623 0.143489 -0.014463
v -0.088365 0.143489 -0.005248
v -0.088281 0.143489 0.003935
v -0.089372 0.143489 0.013143
v -0.091632 0.143489 0.022413
v -0.095053 0.143489 0.031725
v -0.099622 0.143489 0.040981
v -0.105330 0.143489 0.050027
v -0.112168 0.143489 0.058685
v -0.120129 0.143489 0.066769
v -0.129210 0.143489 0.074088
v -0.139410 0.143489 0.080466
v -0.150730 0.143489 0.085753
v -0.165891 0.152718 -0.086412
v -0.155982 0.152718 -0.082093
v -0.146896 0.152718 -0.076946
v -0.138633 0.152718 -0.071057
v -0.124574 0.152718 -0.057479
v -0.113820 0.152718 -0.042290
v -0.109087 0.152718 -0.033054
v -0.105502 0.152718 -0.023742
v -0.103075 0.152718 -0.014463
v -0.101816 0.152718 -0.005248
v -0.101732 0.152718 0.003935
v -0.102823 0.152718 0.013143
v -0.105084 0.152718 0.022413
v -0.108504 0.152718 0.031725
v -0.113074 0.152718 0.040981
v -0.118782 0.152718 0.050027
v -0.125619 0.152718 0.058685
v -0.133581 0.152718 0.066769
v -0.142662 0.152718 0.074088
v -0.152862 0.152718 0.080466
v -0.164182 0.152718 0.085753
v -0.179857 0.160941 -0.086412
v -0.169948 0.160941 -0.082093
v -0.160862 0.160941 -0.076946
v -0.152599 0.160941 -0.071057
v -0.138540 0.160941 -0.057479
v -0.127786 0.160941 -0.042290
v -0.123053 0.160941 -0.033054
v -0.119468 0.160941 -0.023742
v -0.117041 0.160941 -0.014463
v -0.115783 0.160941 -0.005248
v -0.115699 0.160941 0.003935
v -0.116790 0.160941 0.013143
v -0.119050 0.160941 0.022413
v -0.122471 0.160941 0.031725
v -0.127040 0.160941 0.040981
v -0.132748 0.160941 0.050027
v -0.139586 0.160941 0.058685
v -0.147547 0.160941 0.066769
v -0.156628 0.160941 0.074088
v -0.166828 0.160941 0.080466
v -0.178148 0.160941 0.085753
v -0.194272 0.168065 -0.086412
v -0.184363 0.168065 -0.082093
v -0.175278 0.168065 -0.076946
v -0.167014 0.168065 -0.071057
v -0.152955 0.168065 -0.057479
v -0.142201 0.168065 -0.042290
v -0.137469 0.168065 -0.033054
v -0.133883 0.168065 -0.023742
v -0.131456 0.168065 -0.014463
v -0.130198 0.168065 -0.005248
v -0.130114 0.168065 0.003935
v -0.131205 0.168065 0.013143
v -0.133465 0.168065 0.022413
v -0.136886 0.168065 0.031725
v -0.141455 0.168065 0.040981
v -0.147163 0.168065 0.050027
v -0.154001 0.168065 0.058685
v -0.161962 0.168065 0.066769
v -0.171043 0.168065 0.074088
v -0.181243 0.168065 0.080466
v -0.192563 0.168065 0.085753
v -0.209086 0.174017 -0.086412
v -0.199177 0.174017 -0.082093
v -0.190091 0.174017 -0.076946
v -0.181828 0.174017 -0.071057
v -0.167769 0.174017 -0.057479
v -0.157015 0.174017 -0.042290
v -0.152282 0.174017 -0.033054
v -0.148697 0.174017 -0.023742
v -0.146270 0.174017 -0.014463
v -0.145012 0.174017 -0.005248
v -0.144928 0.174017 0.003935
v -0.146019 0.174017 0.013143
v -0.148279 0.174017 0.022413
v -0.151700 0.174017 0.031725
v -0.156269 0.174017 0.040981
v -0.161977 0.174017 0.050027
v -0.168815 0.174017 0.058685
v -0.176776 0.174017 0.066769
v -0.185857 0.174017 0.074088
v -0.196057 0.174017 0.080466
v -0.207377 0.174017 0.085753
vt 2.200000 -13.643488 0.000000
vt 0.707089 -14.369937 0.000000
vt 2.200000 -15.079645 0.000000
vt 0.923663 -14.696030 0.000000
vt 1.000000 -15.079645 0.000000
vt 2.200000 -12.207331 0.000000
vt -2.200000 -12.207331 0.000000
vt -2.200000 -13.643488 0.000000
vt -0.000000 -14.072266 0.000000
vt -0.383183 -14.150175 0.000000
vt -0.707089 -14.369937 0.000000
vt -2.200000 -15.079645 0.000000
vt -0.923663 -14.696030 0.000000
vt -1.000000 -15.079645 0.000000
vt -1.000000 15.079645 0.000000
vt -2.200000 15.079645 0.000000
vt -0.923663 14.696030 0.000000
vt -2.200000 13.643488 0.000000
vt -0.707089 14.369937 0.000000
vt -0.383183 14.150175 0.000000
vt -0.000000 14.072266 0.000000
vt 2.200000 13.643488 0.000000
vt 0.383183 14.150175 0.000000
vt 0.707089 14.369937 0.000000
vt 0.923663 14.696030 0.000000
vt 2.200000 15.079645 0.000000
vt 1.000000 15.079645 0.000000
vt -2.200000 -10.771175 0.000000
vt 2.200000 -10.771175 0.000000
vt -2.200000 -9.335018 0.000000
vt 2.200000 -9.335018 0.000000
vt -2.200000 -7.898862 0.000000
vt 2.200000 -7.898862 0.000000
vt -2.200000 -6.462705 0.000000
vt 2.200000 -6.462705 0.000000
vt -2.200000 -5.026548 0.000000
vt 2.200000 -5.026548 0.000000
vt -2.200000 -3.590392 0.000000
vt 2.200000 -3.590392 0.000000
vt -2.200000 -2.154235 0.000000
vt 2.200000 -2.154235 0.000000
vt -2.200000 -0.718078 0.000000
vt 2.200000 -0.718078 0.000000
vt -2.200000 0.718078 0.000000
vt 2.200000 0.718078 0.000000
vt -2.200000 2.154235 0.000000
vt 2.200000 2.154235 0.000000
vt -2.200000 3.590392 0.000000
vt 2.200000 3.590392 0.000000
vt -2.200000 5.026548 0.000000
vt 2.200000 5.026548 0.000000
vt -2.200000 6.462705 0.000000
vt 2.200000 6.462705 0.000000
vt -2.200000 7.898862 0.000000
vt 2.200000 7.898862 0.000000
vt -2.200000 9.335018 0.000000
vt 2.200000 9.335018 0.000000
vt -2.200000 10.771175 0.000000
vt 2.200000 10.771175 0.000000
vt -2.200000 12.207331 0.000000
vt 2.200000 12.207331 0.000000
vt 0.383183 -14.150175 0.000000
vt -4.300078 1.326398 0.000000
vt -4.586749 1.414825 0.000000
vt -4.500000 -0.000000 0.000000
vt -4.800000 -0.000000 0.000000
vt -4.586749 -1.414825 0.000000
vt -3.965946 2.703936 0.000000
vt -3.718074 2.534940 0.000000
vt -2.992751 3.752791 0.000000
vt -2.805704 3.518242 0.000000
vt -1.753637 4.468194 0.000000
vt -1.644035 4.188932 0.000000
vt -0.358704 4.786578 0.000000
vt -0.336285 4.487417 0.000000
vt 1.001344 4.387176 0.000000
vt 1.068100 4.679654 0.000000
vt 2.250000 3.897114 0.000000
vt 2.400000 4.156922 0.000000
vt 3.298733 3.060777 0.000000
vt 3.518649 3.264829 0.000000
vt 4.054360 1.952477 0.000000
vt 4.324651 2.082642 0.000000
vt 4.449739 0.670690 0.000000
vt 4.746388 0.715403 0.000000
vt 4.746388 -0.715403 0.000000
vt 4.449739 -0.670690 0.000000
vt 4.324651 -2.082642 0.000000
vt 4.054360 -1.952477 0.000000
vt 3.518649 -3.264829 0.000000
vt 3.298733 -3.060777 0.000000
vt 2.400000 -4.156922 0.000000
vt 2.250000 -3.897114 0.000000
vt 1.068100 -4.679654 0.000000
vt 1.001344 -4.387176 0.000000
vt -0.358704 -4.786578 0.000000
vt -0.336285 -4.487417 0.000000
vt -1.644035 -4.188932 0.000000
vt -1.753637 -4.468194 0.000000
vt -2.805704 -3.518242 0.000000
vt -2.992751 -3.752791 0.000000
vt -3.718074 -2.534940 0.000000
vt -3.965946 -2.703936 0.000000
vt -4.300078 -1.326398 0.000000
vt 2.200000 -12.790770 0.000000
vt -2.200000 -12.790770 0.000000
vt 2.200000 -14.137167 0.000000
vt -2.200000 -14.137167 0.000000
vt 2.200000 14.137167 0.000000
vt -2.200000 14.137167 0.000000
vt 2.200000 12.790770 0.000000
vt -2.200000 12.790770 0.000000
vt -2.200000 11.444373 0.000000
vt 2.200000 -11.444373 0.000000
vt -2.200000 -11.444373 0.000000
vt 2.200000 -10.097976 0.000000
vt -2.200000 -10.097976 0.000000
vt 2.200000 -8.751580 0.000000
vt -2.200000 -8.751580 0.000000
vt 2.200000 -7.405183 0.000000
vt -2.200000 -7.405183 0.000000
vt 2.200000 -6.058786 0.000000
vt -2.200000 -6.058786 0.000000
vt 2.200000 -4.712389 0.000000
vt -2.200000 -4.712389 0.000000
vt 2.200000 -3.365992 0.000000
vt -2.200000 -3.365992 0.000000
vt 2.200000 -2.019595 0.000000
vt -2.200000 -2.019595 0.000000
vt 2.200000 -0.673198 0.000000
vt -2.200000 -0.673198 0.000000
vt 2.200000 0.673198 0.000000
vt -2.200000 0.673198 0.000000
vt 2.200000 2.019595 0.000000
vt -2.200000 2.019595 0.000000
vt 2.200000 3.365992 0.000000
vt -2.200000 3.365992 0.000000
vt 2.200000 4.712389 0.000000
vt -2.200000 4.712389 0.000000
vt 2.200000 6.058786 0.000000
vt -2.200000 6.058786 0.000000
vt 2.200000 7.405183 0.000000
vt -2.200000 7.405183 0.000000
vt 2.200000 8.751580 0.000000
vt -2.200000 8.751580 0.000000
vt 2.200000 10.097976 0.000000
vt -2.200000 10.097976 0.000000
vt 2.200000 11.444373 0.000000
vt 4.300078 -1.326398 0.000000
vt 4.586749 -1.414825 0.000000
vt 4.500000 -0.000000 0.000000
vt 4.800000 -0.000000 0.000000
vt 4.586749 1.414825 0.000000
vt 3.965946 -2.703936 0.000000
vt 3.718074 -2.534940 0.000000
vt 2.992751 -3.752791 0.000000
vt 2.805704 -3.518242 0.000000
vt 1.753637 -4.468194 0.000000
vt 1.644035 -4.188932 0.000000
vt 0.358704 -4.786578 0.000000
vt 0.336285 -4.487417 0.000000
vt -1.001344 -4.387176 0.000000
vt -1.068100 -4.679654 0.000000
vt -2.250000 -3.897114 0.000000
vt -2.400000 -4.156922 0.000000
vt -3.298733 -3.060777 0.000000
vt -3.518649 -3.264829 0.000000
vt -4.054360 -1.952477 0.000000
vt -4.324651 -2.082642 0.000000
vt -4.449739 -0.670690 0.000000
vt -4.746388 -0.715403 0.000000
vt -4.449739 0.670690 0.000000
vt -4.746388 0.715403 0.000000
vt -4.324651 2.082642 0.000000
vt -4.054360 1.952477 0.000000
vt -3.518649 3.264829 0.000000
vt -3.298733 3.060777 0.000000
vt -2.400000 4.156922 0.000000
vt -2.250000 3.897114 0.000000
vt -1.068100 4.679654 0.000000
vt -1.001344 4.387176 0.000000
vt 0.358704 4.786578 0.000000
vt 0.336285 4.487417 0.000000
vt 1.644035 4.188932 0.000000
vt 1.753637 4.468194 0.000000
vt 2.805704 3.518242 0.000000
vt 2.992751 3.752791 0.000000
vt 3.718074 2.534940 0.000000
vt 3.965946 2.703936 0.000000
vt 4.300078 1.326398 0.000000
vt -6.700000 5.129772 0.000000
vt 0.000000 5.129772 0.000000
vt -6.700000 5.984734 0.000000
vt 0.000000 5.984734 0.000000
vt -6.700000 -5.984734 0.000000
vt 0.000000 -5.984734 0.000000
vt -6.700000 -5.129772 0.000000
vt 0.000000 -5.129772 0.000000
vt 0.000000 -4.274810 0.000000
vt -6.700000 4.274810 0.000000
vt 0.000000 4.274810 0.000000
vt -6.700000 3.419848 0.000000
vt 0.000000 3.419848 0.000000
vt -6.700000 2.564886 0.000000
vt -0.000000 2.564886 0.000000
vt -6.700000 1.709924 0.000000
vt -0.000000 1.709924 0.000000
vt -6.700000 0.854962 0.000000
vt -0.000000 0.854962 0.000000
vt -6.700000 -0.000000 0.000000
vt -0.000000 -0.000000 0.000000
vt -6.700000 -0.854962 0.000000
vt -0.000000 -0.854962 0.000000
vt -6.700000 -1.709924 0.000000
vt -0.000000 -1.709924 0.000000
vt -6.700000 -2.564886 0.000000
vt -0.000000 -2.564886 0.000000
vt -6.700000 -3.419848 0.000000
vt 0.000000 -3.419848 0.000000
vt -6.700000 -4.274810 0.000000
vt -1.716346 -0.826549 0.000000
vt 1.716346 -0.826549 0.000000
vt -1.905000 0.000000 0.000000
vt 1.905000 -0.000000 0.000000
vt -1.716346 0.826549 0.000000
vt 1.716346 0.826549 0.000000
vt -1.187748 1.489389 0.000000
vt 1.187748 1.489389 0.000000
vt -0.423902 1.857238 0.000000
vt 0.423902 1.857238 0.000000
vt 1.187748 -1.489389 0.000000
vt -1.187748 -1.489389 0.000000
vt 0.423902 -1.857238 0.000000
vt -0.423902 -1.857238 0.000000
vt -6.700000 5.129772 0.000000
vt 0.000000 5.129772 0.000000
vt -6.700000 5.984734 0.000000
vt 0.000000 5.984734 0.000000
vt -6.700000 -5.984734 0.000000
vt 0.000000 -5.984734 0.000000
vt -6.700000 -5.129772 0.000000
vt 0.000000 -5.129772 0.000000
vt 0.000000 -4.274810 0.000000
vt -6.700000 4.274810 0.000000
vt 0.000000 4.274810 0.000000
vt -6.700000 3.419848 0.000000
vt 0.000000 3.419848 0.000000
vt -6.700000 2.564886 0.000000
vt -0.000000 2.564886 0.000000
vt -6.700000 1.709924 0.000000
vt -0.000000 1.709924 0.000000
vt -6.700000 0.854962 0.000000
vt -0.000000 0.854962 0.000000
vt -6.700000 -0.000000 0.000000
vt -0.000000 -0.000000 0.000000
vt -6.700000 -0.854962 0.000000
vt -0.000000 -0.854962 0.000000
vt -6.700000 -1.709924 0.000000
vt -0.000000 -1.709924 0.000000
vt -6.700000 -2.564886 0.000000
vt -0.000000 -2.564886 0.000000
vt -6.700000 -3.419848 0.000000
vt 0.000000 -3.419848 0.000000
vt -6.700000 -4.274810 0.000000
vt -1.716346 -0.826549 0.000000
vt 1.716346 -0.826549 0.000000
vt -1.905000 0.000000 0.000000
vt 1.905000 -0.000000 0.000000
vt -1.716346 0.826549 0.000000
vt 1.716346 0.826549 0.000000
vt -1.187748 1.489389 0.000000
vt 1.187748 1.489389 0.000000
vt -0.423902 1.857238 0.000000
vt 0.423902 1.857238 0.000000
vt 1.187748 -1.489389 0.000000
vt -1.187748 -1.489389 0.000000
vt 0.423902 -1.857238 0.000000
vt -0.423902 -1.857238 0.000000
vt -6.500000 8.038781 0.000000
vt 0.000000 8.038781 0.000000
vt -6.500000 9.110619 0.000000
vt 0.000000 9.110619 0.000000
vt -6.500000 -9.110619 0.000000
vt 0.000000 -9.110619 0.000000
vt -6.500000 -8.038781 0.000000
vt 0.000000 -8.038781 0.000000
vt 0.000000 -6.966944 0.000000
vt -6.500000 6.966944 0.000000
vt 0.000000 6.966944 0.000000
vt -6.500000 5.895106 0.000000
vt 0.000000 5.895106 0.000000
vt -6.500000 4.823269 0.000000
vt 0.000000 4.823269 0.000000
vt -6.500000 3.751431 0.000000
vt -0.000000 3.751431 0.000000
vt -6.500000 2.679594 0.000000
vt -0.000000 2.679594 0.000000
vt -6.500000 1.607756 0.000000
vt -0.000000 1.607756 0.000000
vt -6.500000 0.535919 0.000000
vt -0.000000 0.535919 0.000000
vt -6.500000 -0.535919 0.000000
vt -0.000000 -0.535919 0.000000
vt -6.500000 -1.607756 0.000000
vt -0.000000 -1.607756 0.000000
vt -6.500000 -2.679594 0.000000
vt -0.000000 -2.679594 0.000000
vt -6.500000 -3.751431 0.000000
vt -0.000000 -3.751431 0.000000
vt -6.500000 -4.823269 0.000000
vt 0.000000 -4.823269 0.000000
vt -6.500000 -5.895106 0.000000
vt 0.000000 -5.895106 0.000000
vt -6.500000 -6.966944 0.000000
vt -1.716346 0.826549 0.000000
vt -2.704169 1.047601 0.000000
vt -1.905000 0.000000 0.000000
vt -2.900000 0.000000 0.000000
vt -2.704169 -1.047601 0.000000
vt -2.143126 1.953717 0.000000
vt -1.187748 1.489389 0.000000
vt -1.292641 2.595974 0.000000
vt -0.423902 1.857238 0.000000
vt -0.267578 2.887629 0.000000
vt 0.423902 1.857238 0.000000
vt 0.793623 2.789294 0.000000
vt 1.187748 1.489389 0.000000
vt 1.747640 2.314250 0.000000
vt 2.465630 1.526653 0.000000
vt 1.716346 0.826549 0.000000
vt 2.850622 0.532874 0.000000
vt 1.905000 -0.000000 0.000000
vt 2.850622 -0.532874 0.000000
vt 1.716346 -0.826549 0.000000
vt 2.465630 -1.526653 0.000000
vt 1.187748 -1.489389 0.000000
vt 1.747640 -2.314250 0.000000
vt 0.793623 -2.789294 0.000000
vt 0.423902 -1.857238 0.000000
vt -0.267578 -2.887629 0.000000
vt -0.423902 -1.857238 0.000000
vt -1.292641 -2.595974 0.000000
vt -1.187748 -1.489389 0.000000
vt -2.143126 -1.953717 0.000000
vt -1.716346 -0.826549 0.000000
vt -6.500000 8.038781 0.000000
vt 0.000000 8.038781 0.000000
vt -6.500000 9.110619 0.000000
vt 0.000000 9.110619 0.000000
vt -6.500000 -9.110619 0.000000
vt 0.000000 -9.110619 0.000000
vt -6.500000 -8.038781 0.000000
vt 0.000000 -8.038781 0.000000
vt 0.000000 -6.966944 0.000000
vt -6.500000 6.966944 0.000000
vt 0.000000 6.966944 0.000000
vt -6.500000 5.895106 0.000000
vt 0.000000 5.895106 0.000000
vt -6.500000 4.823269 0.000000
vt 0.000000 4.823269 0.000000
vt -6.500000 3.751431 0.000000
vt -0.000000 3.751431 0.000000
vt -6.500000 2.679594 0.000000
vt -0.000000 2.679594 0.000000
vt -6.500000 1.607756 0.000000
vt -0.000000 1.607756 0.000000
vt -6.500000 0.535919 0.000000
vt -0.000000 0.535919 0.000000
vt -6.500000 -0.535919 0.000000
vt -0.000000 -0.535919 0.000000
vt -6.500000 -1.607756 0.000000
vt -0.000000 -1.607756 0.000000
vt -6.500000 -2.679594 0.000000
vt -0.000000 -2.679594 0.000000
vt -6.500000 -3.751431 0.000000
vt -0.000000 -3.751431 0.000000
vt -6.500000 -4.823269 0.000000
vt 0.000000 -4.823269 0.000000
vt -6.500000 -5.895106 0.000000
vt 0.000000 -5.895106 0.000000
vt -6.500000 -6.966944 0.000000
vt -1.716346 0.826549 0.000000
vt -2.704169 1.047601 0.000000
vt -1.905000 0.000000 0.000000
vt -2.900000 0.000000 0.000000
vt -2.704169 -1.047601 0.000000
vt -2.143126 1.953717 0.000000
vt -1.187748 1.489389 0.000000
vt -1.292641 2.595974 0.000000
vt -0.423902 1.857238 0.000000
vt -0.267578 2.887629 0.000000
vt 0.423902 1.857238 0.000000
vt 0.793623 2.789294 0.000000
vt 1.187748 1.489389 0.000000
vt 1.747640 2.314250 0.000000
vt 2.465630 1.526653 0.000000
vt 1.716346 0.826549 0.000000
vt 2.850622 0.532874 0.000000
vt 1.905000 -0.000000 0.000000
vt 2.850622 -0.532874 0.000000
vt 1.716346 -0.826549 0.000000
vt 2.465630 -1.526653 0.000000
vt 1.187748 -1.489389 0.000000
vt 1.747640 -2.314250 0.000000
vt 0.793623 -2.789294 0.000000
vt 0.423902 -1.857238 0.000000
vt -0.267578 -2.887629 0.000000
vt -0.423902 -1.857238 0.000000
vt -1.292641 -2.595974 0.000000
vt -1.187748 -1.489389 0.000000
vt -2.143126 -1.953717 0.000000
vt -1.716346 -0.826549 0.000000
vt -0.000000 0.000000 0.000000
vt 7.000000 0.000000 0.000000
vt -0.000000 4.000000 0.000000
vt 7.000000 4.000000 0.000000
vt 0.000000 0.000000 0.000000
vt 18.000000 -0.000000 0.000000
vt -0.000000 4.000000 0.000000
vt 18.000000 4.000000 0.000000
vt 0.000000 0.000000 0.000000
vt 7.000000 0.000000 0.000000
vt 0.000000 4.000000 0.000000
vt 7.000000 4.000000 0.000000
vt 0.000000 0.000000 0.000000
vt 18.000000 0.000000 0.000000
vt 0.000000 4.000000 0.000000
vt 18.000000 4.000000 0.000000
vt 3.500000 9.000000 0.000000
vt -3.500000 9.000000 0.000000
vt 3.500000 -9.000000 0.000000
vt -3.500000 -9.000000 0.000000
vt -0.000000 2.617994 0.000000
vt 0.143421 2.748327 0.000000
vt 0.000000 3.141593 0.000000
vt 0.128100 3.141593 0.000000
vt 0.000000 -3.141593 0.000000
vt 0.128100 -3.141593 0.000000
vt 0.143421 -2.748327 0.000000
vt 0.180472 2.356170 0.000000
vt -0.000000 2.094395 0.000000
vt 0.217810 1.964037 0.000000
vt -0.000000 1.570796 0.000000
vt 0.233422 1.570796 0.000000
vt 0.217810 1.177556 0.000000
vt -0.000000 1.047198 0.000000
vt 0.180472 0.785423 0.000000
vt -0.000000 0.523599 0.000000
vt 0.143421 0.393266 0.000000
vt -0.000000 -0.000000 0.000000
vt 0.128100 0.000000 0.000000
vt 0.143421 -0.393266 0.000000
vt -0.000000 -0.523599 0.000000
vt 0.180472 -0.785423 0.000000
vt -0.000000 -1.047198 0.000000
vt 0.217810 -1.177556 0.000000
vt -0.000000 -1.570796 0.000000
vt 0.233422 -1.570796 0.000000
vt 0.217810 -1.964037 0.000000
vt -0.000000 -2.094395 0.000000
vt 0.180472 -2.356170 0.000000
vt -0.000000 -2.617994 0.000000
vt -0.000000 -2.617994 0.000000
vt -0.143421 -2.748327 0.000000
vt -0.000000 -3.141593 0.000000
vt -0.128100 -3.141593 0.000000
vt -0.000000 3.141593 0.000000
vt -0.128100 3.141593 0.000000
vt -0.143421 2.748327 0.000000
vt -0.180472 -2.356170 0.000000
vt -0.000000 -2.094395 0.000000
vt -0.217810 -1.964037 0.000000
vt -0.000000 -1.570796 0.000000
vt -0.233422 -1.570796 0.000000
vt -0.217810 -1.177556 0.000000
vt -0.000000 -1.047198 0.000000
vt -0.180472 -0.785423 0.000000
vt -0.000000 -0.523599 0.000000
vt -0.143421 -0.393266 0.000000
vt -0.000000 0.000000 0.000000
vt -0.128100 0.000000 0.000000
vt -0.143421 0.393266 0.000000
vt -0.000000 0.523599 0.000000
vt -0.180472 0.785423 0.000000
vt -0.000000 1.047198 0.000000
vt -0.217810 1.177556 0.000000
vt -0.000000 1.570796 0.000000
vt -0.233422 1.570796 0.000000
vt -0.217810 1.964037 0.000000
vt -0.000000 2.094395 0.000000
vt -0.180472 2.356170 0.000000
vt -0.000000 2.617994 0.000000
vt 4.300078 -1.326398 0.000000
vt 4.586749 -1.414825 0.000000
vt 4.500000 -0.000000 0.000000
vt 4.800000 -0.000000 0.000000
vt 4.586749 1.414825 0.000000
vt 3.965946 -2.703936 0.000000
vt 3.718074 -2.534940 0.000000
vt 2.992751 -3.752791 0.000000
vt 2.805704 -3.518242 0.000000
vt 1.753637 -4.468194 0.000000
vt 1.644035 -4.188932 0.000000
vt 0.358704 -4.786578 0.000000
vt 0.336285 -4.487417 0.000000
vt -1.001344 -4.387176 0.000000
vt -1.068100 -4.679654 0.000000
vt -2.250000 -3.897114 0.000000
vt -2.400000 -4.156922 0.000000
vt -3.298733 -3.060777 0.000000
vt -3.518649 -3.264829 0.000000
vt -4.054360 -1.952477 0.000000
vt -4.324651 -2.082642 0.000000
vt -4.449739 -0.670690 0.000000
vt -4.746388 -0.715403 0.000000
vt -4.449739 0.670690 0.000000
vt -4.746388 0.715403 0.000000
vt -4.324651 2.082642 0.000000
vt -4.054360 1.952477 0.000000
vt -3.518649 3.264829 0.000000
vt -3.298733 3.060777 0.000000
vt -2.400000 4.156922 0.000000
vt -2.250000 3.897114 0.000000
vt -1.068100 4.679654 0.000000
vt -1.001344 4.387176 0.000000
vt 0.358704 4.786578 0.000000
vt 0.336285 4.487417 0.000000
vt 1.644035 4.188932 0.000000
vt 1.753637 4.468194 0.000000
vt 2.805704 3.518242 0.000000
vt 2.992751 3.752791 0.000000
vt 3.718074 2.534940 0.000000
vt 3.965946 2.703936 0.000000
vt 4.300078 1.326398 0.000000
vt -2.200000 12.790770 0.000000
vt 2.200000 12.790770 0.000000
vt -2.200000 14.137167 0.000000
vt 2.200000 14.137167 0.000000
vt -2.200000 -14.137167 0.000000
vt 2.200000 -14.137167 0.000000
vt -2.200000 -12.790770 0.000000
vt 2.200000 -12.790770 0.000000
vt 2.200000 -11.444373 0.000000
vt -2.200000 11.444373 0.000000
vt 2.200000 11.444373 0.000000
vt -2.200000 10.097976 0.000000
vt 2.200000 10.097976 0.000000
vt -2.200000 8.751580 0.000000
vt 2.200000 8.751580 0.000000
vt -2.200000 7.405183 0.000000
vt 2.200000 7.405183 0.000000
vt -2.200000 6.058786 0.000000
vt 2.200000 6.058786 0.000000
vt -2.200000 4.712389 0.000000
vt 2.200000 4.712389 0.000000
vt -2.200000 3.365992 0.000000
vt 2.200000 3.365992 0.000000
vt -2.200000 2.019595 0.000000
vt 2.200000 2.019595 0.000000
vt -2.200000 0.673198 0.000000
vt 2.200000 0.673198 0.000000
vt -2.200000 -0.673198 0.000000
vt 2.200000 -0.673198 0.000000
vt -2.200000 -2.019595 0.000000
vt 2.200000 -2.019595 0.000000
vt -2.200000 -3.365992 0.000000
vt 2.200000 -3.365992 0.000000
vt -2.200000 -4.712389 0.000000
vt 2.200000 -4.712389 0.000000
vt -2.200000 -6.058786 0.000000
vt 2.200000 -6.058786 0.000000
vt -2.200000 -7.405183 0.000000
vt 2.200000 -7.405183 0.000000
vt -2.200000 -8.751580 0.000000
vt 2.200000 -8.751580 0.000000
vt -2.200000 -10.097976 0.000000
vt 2.200000 -10.097976 0.000000
vt -2.200000 -11.444373 0.000000
vt -0.383183 14.150175 0.000000
vt -2.200000 13.643488 0.000000
vt 0.000000 14.072266 0.000000
vt 2.200000 13.643488 0.000000
vt 0.383183 14.150175 0.000000
vt 0.707089 14.369937 0.000000
vt 0.923663 14.696030 0.000000
vt 2.200000 15.079645 0.000000
vt 1.000000 15.079645 0.000000
vt 1.000000 -15.079645 0.000000
vt 2.200000 -15.079645 0.000000
vt 0.923663 -14.696030 0.000000
vt 0.707089 -14.369937 0.000000
vt 2.200000 -13.643488 0.000000
vt 0.383183 -14.150175 0.000000
vt 0.000000 -14.072266 0.000000
vt -2.200000 -13.643488 0.000000
vt -0.383183 -14.150175 0.000000
vt -0.707089 -14.369937 0.000000
vt -2.200000 -15.079645 0.000000
vt -0.923663 -14.696030 0.000000
vt -1.000000 -15.079645 0.000000
vt -1.000000 15.079645 0.000000
vt -2.200000 15.079645 0.000000
vt -0.923663 14.696030 0.000000
vt -0.707089 14.369937 0.000000
vt -2.200000 -12.207331 0.000000
vt 2.200000 -12.207331 0.000000
vt -2.200000 -10.771175 0.000000
vt 2.200000 -10.771175 0.000000
vt -2.200000 -9.335018 0.000000
vt 2.200000 -9.335018 0.000000
vt -2.200000 -7.898862 0.000000
vt 2.200000 -7.898862 0.000000
vt -2.200000 -6.462705 0.000000
vt 2.200000 -6.462705 0.000000
vt -2.200000 -5.026548 0.000000
vt 2.200000 -5.026548 0.000000
vt -2.200000 -3.590392 0.000000
vt 2.200000 -3.590392 0.000000
vt -2.200000 -2.154235 0.000000
vt 2.200000 -2.154235 0.000000
vt -2.200000 -0.718078 0.000000
vt 2.200000 -0.718078 0.000000
vt -2.200000 0.718078 0.000000
vt 2.200000 0.718078 0.000000
vt -2.200000 2.154235 0.000000
vt 2.200000 2.154235 0.000000
vt -2.200000 3.590392 0.000000
vt 2.200000 3.590392 0.000000
vt -2.200000 5.026548 0.000000
vt 2.200000 5.026548 0.000000
vt -2.200000 6.462705 0.000000
vt 2.200000 6.462705 0.000000
vt -2.200000 7.898862 0.000000
vt 2.200000 7.898862 0.000000
vt -2.200000 9.335018 0.000000
vt 2.200000 9.335018 0.000000
vt -2.200000 10.771175 0.000000
vt 2.200000 10.771175 0.000000
vt -2.200000 12.207331 0.000000
vt 2.200000 12.207331 0.000000
vt -4.300078 1.326398 0.000000
vt -4.586749 1.414825 0.000000
vt -4.500000 -0.000000 0.000000
vt -4.800000 -0.000000 0.000000
vt -4.586749 -1.414825 0.000000
vt -3.965946 2.703936 0.000000
vt -3.718074 2.534940 0.000000
vt -2.992751 3.752791 0.000000
vt -2.805704 3.518242 0.000000
vt -1.753637 4.468194 0.000000
vt -1.644035 4.188932 0.000000
vt -0.358704 4.786578 0.000000
vt -0.336285 4.487417 0.000000
vt 1.001344 4.387176 0.000000
vt 1.068100 4.679654 0.000000
vt 2.250000 3.897114 0.000000
vt 2.400000 4.156922 0.000000
vt 3.298733 3.060777 0.000000
vt 3.518649 3.264829 0.000000
vt 4.054360 1.952477 0.000000
vt 4.324651 2.082642 0.000000
vt 4.449739 0.670690 0.000000
vt 4.746388 0.715403 0.000000
vt 4.746388 -0.715403 0.000000
vt 4.449739 -0.670690 0.000000
vt 4.324651 -2.082642 0.000000
vt 4.054360 -1.952477 0.000000
vt 3.518649 -3.264829 0.000000
vt 3.298733 -3.060777 0.000000
vt 2.400000 -4.156922 0.000000
vt 2.250000 -3.897114 0.000000
vt 1.068100 -4.679654 0.000000
vt 1.001344 -4.387176 0.000000
vt -0.358704 -4.786578 0.000000
vt -0.336285 -4.487417 0.000000
vt -1.644035 -4.188932 0.000000
vt -1.753637 -4.468194 0.000000
vt -2.805704 -3.518242 0.000000
vt -2.992751 -3.752791 0.000000
vt -3.718074 -2.534940 0.000000
vt -3.965946 -2.703936 0.000000
vt -4.300078 -1.326398 0.000000
vt -17.194685 8.859305 0.000000
vt 0.000000 9.529498 0.000000
vt -17.875000 10.124920 0.000000
vt 0.000000 10.995574 0.000000
vt -17.875000 11.442141 0.000000
vt 0.000000 12.461651 0.000000
vt -17.875000 12.759362 0.000000
vt 0.000000 13.927727 0.000000
vt -17.875000 14.076583 0.000000
vt 0.000000 15.393804 0.000000
vt -17.875000 15.393804 0.000000
vt -17.875000 -15.393804 0.000000
vt 0.000000 -15.393804 0.000000
vt -17.875000 -14.076583 0.000000
vt 0.000000 -13.927727 0.000000
vt -17.875000 -12.759362 0.000000
vt 0.000000 -12.461651 0.000000
vt -17.875000 -11.442141 0.000000
vt 0.000000 -10.995574 0.000000
vt -17.875000 -10.124920 0.000000
vt 0.000000 -9.529498 0.000000
vt -17.194685 -8.859305 0.000000
vt 0.000000 -8.063421 0.000000
vt -16.470264 -7.593690 0.000000
vt 0.000000 -6.597345 0.000000
vt -15.749795 -6.328075 0.000000
vt 0.000000 -5.131268 0.000000
vt -15.081077 -5.062460 0.000000
vt -14.508475 -3.796845 0.000000
vt 0.000000 -3.665191 0.000000
vt -14.069977 -2.531230 0.000000
vt 0.000000 -2.199115 0.000000
vt -13.794675 -1.265615 0.000000
vt 0.000000 -0.733038 0.000000
vt -13.700832 -0.000000 0.000000
vt 0.000000 0.733038 0.000000
vt -13.794675 1.265615 0.000000
vt 0.000000 2.199115 0.000000
vt -14.069977 2.531230 0.000000
vt 0.000000 3.665191 0.000000
vt -14.508475 3.796845 0.000000
vt 0.000000 5.131268 0.000000
vt -15.081077 5.062460 0.000000
vt -15.749795 6.328075 0.000000
vt 0.000000 6.597345 0.000000
vt -16.470264 7.593690 0.000000
vt 0.000000 8.063421 0.000000
vt 17.194685 -8.859305 0.000000
vt 17.875000 -10.124920 0.000000
vt 17.875000 -11.442141 0.000000
vt 17.875000 -12.759362 0.000000
vt 17.875000 -14.076583 0.000000
vt 17.875000 -15.393804 0.000000
vt 17.875000 15.393804 0.000000
vt 17.875000 14.076583 0.000000
vt 17.875000 12.759362 0.000000
vt 17.875000 11.442141 0.000000
vt 17.875000 10.124920 0.000000
vt 17.194685 8.859305 0.000000
vt 16.470264 7.593690 0.000000
vt 15.749795 6.328075 0.000000
vt 15.081077 5.062460 0.000000
vt 14.508475 3.796845 0.000000
vt 14.069977 2.531230 0.000000
vt 13.794675 1.265615 0.000000
vt 13.700832 0.000000 0.000000
vt 13.794675 -1.265615 0.000000
vt 14.069977 -2.531230 0.000000
vt 14.508475 -3.796845 0.000000
vt 15.081077 -5.062460 0.000000
vt 15.749795 -6.328075 0.000000
vt 16.470264 -7.593690 0.000000
vt -82.281907 8.985000 0.000000
vt -82.281907 3.260650 0.000000
vt -3.827177 8.985000 0.000000
vt -81.220699 2.487031 0.000000
vt -0.569776 7.506105 0.000000
vt 0.716090 6.452922 0.000000
vt 1.773204 5.254850 0.000000
vt 2.600139 3.966775 0.000000
vt -80.403074 1.459346 0.000000
vt 3.194407 2.640298 0.000000
vt -79.887762 0.251413 0.000000
vt 3.552910 1.314289 0.000000
vt 3.672823 -0.000000 0.000000
vt -79.711777 -1.050000 0.000000
vt 3.552910 -1.314289 0.000000
vt 3.194407 -2.640298 0.000000
vt -79.887762 -2.351413 0.000000
vt 2.600139 -3.966775 0.000000
vt 1.773204 -5.254850 0.000000
vt -80.403074 -3.559346 0.000000
vt 0.716090 -6.452922 0.000000
vt -0.569776 -7.506105 0.000000
vt -3.827177 -8.985000 0.000000
vt -2.084069 -8.362791 0.000000
vt -81.220699 -4.587031 0.000000
vt -82.281907 -8.985000 0.000000
vt -82.281907 -5.360650 0.000000
vt -2.084069 8.362791 0.000000
vt 82.281907 -5.360650 0.000000
vt 81.220699 -4.587031 0.000000
vt 82.281907 -8.985000 0.000000
vt 3.827177 -8.985000 0.000000
vt 80.403074 -3.559346 0.000000
vt 0.569776 -7.506105 0.000000
vt -0.716090 -6.452922 0.000000
vt -1.773204 -5.254850 0.000000
vt 79.887762 -2.351413 0.000000
vt -2.600139 -3.966775 0.000000
vt -3.194407 -2.640298 0.000000
vt 79.711777 -1.050000 0.000000
vt -3.552910 -1.314289 0.000000
vt -3.672823 -0.000000 0.000000
vt 79.887762 0.251413 0.000000
vt -3.552910 1.314289 0.000000
vt -3.194407 2.640298 0.000000
vt 80.403074 1.459346 0.000000
vt -2.600139 3.966775 0.000000
vt 81.220699 2.487031 0.000000
vt -1.773204 5.254850 0.000000
vt -0.716090 6.452922 0.000000
vt 0.569776 7.506105 0.000000
vt 3.827177 8.985000 0.000000
vt 2.084069 8.362791 0.000000
vt 82.281907 3.260650 0.000000
vt 82.281907 8.985000 0.000000
vt 2.084069 -8.362791 0.000000
vt -8.985000 12.790770 0.000000
vt 8.985000 12.790770 0.000000
vt -8.985000 14.137167 0.000000
vt 8.985000 14.137167 0.000000
vt -8.985000 -14.137167 0.000000
vt 8.985000 -14.137167 0.000000
vt -8.985000 -12.790770 0.000000
vt 8.985000 -12.790770 0.000000
vt 8.985000 -11.444373 0.000000
vt -8.985000 11.444373 0.000000
vt 8.985000 11.444373 0.000000
vt -8.985000 10.097976 0.000000
vt 8.985000 10.097976 0.000000
vt -8.985000 8.751580 0.000000
vt 8.985000 8.751580 0.000000
vt -8.985000 7.405183 0.000000
vt 8.985000 7.405183 0.000000
vt -8.985000 6.058786 0.000000
vt 8.985000 6.058786 0.000000
vt -8.985000 4.712389 0.000000
vt 8.985000 4.712389 0.000000
vt -8.985000 3.365992 0.000000
vt 8.985000 3.365992 0.000000
vt -8.985000 2.019595 0.000000
vt 8.985000 2.019595 0.000000
vt -8.985000 0.673198 0.000000
vt 8.985000 0.673198 0.000000
vt -8.985000 -0.673198 0.000000
vt 8.985000 -0.673198 0.000000
vt -8.985000 -2.019595 0.000000
vt 8.985000 -2.019595 0.000000
vt -8.985000 -3.365992 0.000000
vt 8.985000 -3.365992 0.000000
vt -8.985000 -4.712389 0.000000
vt 8.985000 -4.712389 0.000000
vt -8.985000 -6.058786 0.000000
vt 8.985000 -6.058786 0.000000
vt -8.985000 -7.405183 0.000000
vt 8.985000 -7.405183 0.000000
vt -8.985000 -8.751580 0.000000
vt 8.985000 -8.751580 0.000000
vt -8.985000 -10.097976 0.000000
vt 8.985000 -10.097976 0.000000
vt -8.985000 -11.444373 0.000000
vt -8.985000 12.790770 0.000000
vt 8.985000 12.790770 0.000000
vt -8.985000 14.137167 0.000000
vt 8.985000 14.137167 0.000000
vt -8.985000 -14.137167 0.000000
vt 8.985000 -14.137167 0.000000
vt -8.985000 -12.790770 0.000000
vt 8.985000 -12.790770 0.000000
vt 8.985000 -11.444373 0.000000
vt -8.985000 11.444373 0.000000
vt 8.985000 11.444373 0.000000
vt -8.985000 10.097976 0.000000
vt 8.985000 10.097976 0.000000
vt -8.985000 8.751580 0.000000
vt 8.985000 8.751580 0.000000
vt -8.985000 7.405183 0.000000
vt 8.985000 7.405183 0.000000
vt -8.985000 6.058786 0.000000
vt 8.985000 6.058786 0.000000
vt -8.985000 4.712389 0.000000
vt 8.985000 4.712389 0.000000
vt -8.985000 3.365992 0.000000
vt 8.985000 3.365992 0.000000
vt -8.985000 2.019595 0.000000
vt 8.985000 2.019595 0.000000
vt -8.985000 0.673198 0.000000
vt 8.985000 0.673198 0.000000
vt -8.985000 -0.673198 0.000000
vt 8.985000 -0.673198 0.000000
vt -8.985000 -2.019595 0.000000
vt 8.985000 -2.019595 0.000000
vt -8.985000 -3.365992 0.000000
vt 8.985000 -3.365992 0.000000
vt -8.985000 -4.712389 0.000000
vt 8.985000 -4.712389 0.000000
vt -8.985000 -6.058786 0.000000
vt 8.985000 -6.058786 0.000000
vt -8.985000 -7.405183 0.000000
vt 8.985000 -7.405183 0.000000
vt -8.985000 -8.751580 0.000000
vt 8.985000 -8.751580 0.000000
vt -8.985000 -10.097976 0.000000
vt 8.985000 -10.097976 0.000000
vt -8.985000 -11.444373 0.000000
vt -8.985000 12.790770 0.000000
vt 8.985000 12.790770 0.000000
vt -8.985000 14.137167 0.000000
vt 8.985000 14.137167 0.000000
vt -8.985000 -14.137167 0.000000
vt 8.985000 -14.137167 0.000000
vt -8.985000 -12.790770 0.000000
vt 8.985000 -12.790770 0.000000
vt 8.985000 -11.444373 0.000000
vt -8.985000 11.444373 0.000000
vt 8.985000 11.444373 0.000000
vt -8.985000 10.097976 0.000000
vt 8.985000 10.097976 0.000000
vt -8.985000 8.751580 0.000000
vt 8.985000 8.751580 0.000000
vt -8.985000 7.405183 0.000000
vt 8.985000 7.405183 0.000000
vt -8.985000 6.058786 0.000000
vt 8.985000 6.058786 0.000000
vt -8.985000 4.712389 0.000000
vt 8.985000 4.712389 0.000000
vt -8.985000 3.365992 0.000000
vt 8.985000 3.365992 0.000000
vt -8.985000 2.019595 0.000000
vt 8.985000 2.019595 0.000000
vt -8.985000 0.673198 0.000000
vt 8.985000 0.673198 0.000000
vt -8.985000 -0.673198 0.000000
vt 8.985000 -0.673198 0.000000
vt -8.985000 -2.019595 0.000000
vt 8.985000 -2.019595 0.000000
vt -8.985000 -3.365992 0.000000
vt 8.985000 -3.365992 0.000000
vt -8.985000 -4.712389 0.000000
vt 8.985000 -4.712389 0.000000
vt -8.985000 -6.058786 0.000000
vt 8.985000 -6.058786 0.000000
vt -8.985000 -7.405183 0.000000
vt 8.985000 -7.405183 0.000000
vt -8.985000 -8.751580 0.000000
vt 8.985000 -8.751580 0.000000
vt -8.985000 -10.097976 0.000000
vt 8.985000 -10.097976 0.000000
vt -8.985000 -11.444373 0.000000
vt -39.310200 -9.000000 0.000000
vt -50.025342 -15.124705 0.000000
vt -32.310200 -9.000000 0.000000
vt -48.577900 -15.997179 0.000000
vt -47.080934 -16.751537 0.000000
vt -39.310200 9.000000 0.000000
vt -44.309383 -0.336285 0.000000
vt -44.607868 -1.644035 0.000000
vt -45.278558 -2.805704 0.000000
vt -32.310200 9.000000 0.000000
vt -50.025342 15.124705 0.000000
vt -51.415600 14.145013 0.000000
vt -52.739564 13.070768 0.000000
vt 23.385723 -6.285640 0.000000
vt 24.011802 6.039922 0.000000
vt 22.803260 6.621926 0.000000
vt -50.123198 -4.300078 0.000000
vt -57.985626 -6.766887 0.000000
vt -48.796800 -4.500000 0.000000
vt -57.157666 -8.106016 0.000000
vt -56.207607 -9.419417 0.000000
vt -55.146842 -10.693894 0.000000
vt -58.680701 -5.413982 0.000000
vt -51.331740 -3.718074 0.000000
vt -59.233094 -4.056837 0.000000
vt -52.315042 -2.805704 0.000000
vt -59.634411 -2.701353 0.000000
vt -52.985732 -1.644035 0.000000
vt -59.878074 -1.349421 0.000000
vt -53.284217 -0.336285 0.000000
vt -59.959800 -0.000000 0.000000
vt -53.183976 1.001344 0.000000
vt -59.878074 1.349421 0.000000
vt -52.693914 2.250000 0.000000
vt -59.634411 2.701353 0.000000
vt -51.857577 3.298733 0.000000
vt -59.233094 4.056837 0.000000
vt -50.749277 4.054360 0.000000
vt -58.680701 5.413982 0.000000
vt -49.467490 4.449739 0.000000
vt -57.985626 6.766887 0.000000
vt -57.157666 8.106016 0.000000
vt -48.126110 4.449739 0.000000
vt -46.844323 4.054360 0.000000
vt -45.736023 3.298733 0.000000
vt -44.899686 2.250000 0.000000
vt -44.409624 1.001344 0.000000
vt -46.261860 -3.718074 0.000000
vt -47.470402 -4.300078 0.000000
vt 24.667510 -5.890261 0.000000
vt 25.338200 5.840000 0.000000
vt 26.008890 -5.890261 0.000000
vt 26.664598 6.039922 0.000000
vt 59.959800 3.172850 0.000000
vt 27.873140 6.621926 0.000000
vt 28.856442 7.534296 0.000000
vt 29.527132 8.695965 0.000000
vt 29.825617 10.003715 0.000000
vt 29.725376 11.341344 0.000000
vt 34.494929 17.875000 0.000000
vt 29.235314 12.590000 0.000000
vt 28.398977 13.638733 0.000000
vt 27.290677 14.394360 0.000000
vt 26.008890 14.789739 0.000000
vt 24.667510 14.789739 0.000000
vt -43.959800 17.875000 0.000000
vt 23.385723 14.394360 0.000000
vt 22.277423 13.638733 0.000000
vt 21.441086 12.590000 0.000000
vt 20.951024 11.341344 0.000000
vt 20.850783 10.003715 0.000000
vt 21.149268 8.695965 0.000000
vt 21.819958 7.534296 0.000000
vt 26.664598 -14.640078 0.000000
vt 25.338200 -14.840000 0.000000
vt 34.494929 -17.875000 0.000000
vt 24.011802 -14.640078 0.000000
vt -43.959800 -17.875000 0.000000
vt 22.803260 -14.058074 0.000000
vt 21.819958 -13.145704 0.000000
vt 21.149268 -11.984035 0.000000
vt 20.850783 -10.676285 0.000000
vt 20.951024 -9.338656 0.000000
vt 21.441086 -8.090000 0.000000
vt 22.277423 -7.041267 0.000000
vt 59.959800 -3.172850 0.000000
vt 27.290677 -6.285640 0.000000
vt 28.398977 -7.041267 0.000000
vt 29.235314 -8.090000 0.000000
vt 29.725376 -9.338656 0.000000
vt 29.825617 -10.676285 0.000000
vt 29.527132 -11.984035 0.000000
vt 28.856442 -13.145704 0.000000
vt 27.873140 -14.058074 0.000000
vt -45.540314 17.379310 0.000000
vt -47.080934 16.751537 0.000000
vt -48.577900 15.997179 0.000000
vt -55.146842 10.693894 0.000000
vt -56.207607 9.419417 0.000000
vt -52.739564 -13.070768 0.000000
vt -51.415600 -14.145013 0.000000
vt -45.540314 -17.379310 0.000000
vt 23.016975 -2.365000 0.000000
vt 8.348336 -1.050000 0.000000
vt 22.883000 -2.865000 0.000000
vt 8.160650 -2.301590 0.000000
vt 23.016975 -3.365000 0.000000
vt 7.610045 -3.470145 0.000000
vt 23.383000 -3.731025 0.000000
vt 6.733050 -4.478141 0.000000
vt 5.587846 -5.258703 0.000000
vt 8.160650 0.201590 0.000000
vt 23.383000 -1.998975 0.000000
vt 7.610045 1.370145 0.000000
vt 29.404300 8.985000 0.000000
vt 6.733050 2.378141 0.000000
vt 5.587846 3.158703 0.000000
vt 0.000000 8.985000 0.000000
vt 4.250411 3.660048 0.000000
vt 2.809473 3.848913 0.000000
vt 1.360629 3.712770 0.000000
vt -0.000000 3.260650 0.000000
vt 23.883000 -1.865000 0.000000
vt 24.383000 -1.998975 0.000000
vt 24.749025 -2.365000 0.000000
vt 29.404300 -8.985000 0.000000
vt 24.883000 -2.865000 0.000000
vt 24.749025 -3.365000 0.000000
vt 24.383000 -3.731025 0.000000
vt 23.883000 -3.865000 0.000000
vt 4.250411 -5.760048 0.000000
vt -0.000000 -8.985000 0.000000
vt 2.809473 -5.948913 0.000000
vt 1.360629 -5.812770 0.000000
vt 0.000000 -5.360650 0.000000
vt 6.387325 -3.365000 0.000000
vt 21.243650 -2.301590 0.000000
vt 6.521300 -2.865000 0.000000
vt 21.055964 -1.050000 0.000000
vt 6.387325 -2.365000 0.000000
vt 21.243650 0.201590 0.000000
vt 6.021300 -1.998975 0.000000
vt 21.794255 1.370145 0.000000
vt -0.000000 8.985000 0.000000
vt 22.671250 2.378141 0.000000
vt 23.816454 3.158703 0.000000
vt 21.794255 -3.470145 0.000000
vt 6.021300 -3.731025 0.000000
vt 22.671250 -4.478141 0.000000
vt 23.816454 -5.258703 0.000000
vt 0.000000 -8.985000 0.000000
vt 29.404300 -8.985000 0.000000
vt 5.521300 -3.865000 0.000000
vt 5.021300 -3.731025 0.000000
vt 4.655275 -3.365000 0.000000
vt 4.521300 -2.865000 0.000000
vt 4.655275 -2.365000 0.000000
vt 5.021300 -1.998975 0.000000
vt 5.521300 -1.865000 0.000000
vt 29.404300 -5.360650 0.000000
vt 28.043671 -5.812770 0.000000
vt 26.594827 -5.948913 0.000000
vt 25.153889 -5.760048 0.000000
vt 29.404300 8.985000 0.000000
vt 25.153889 3.660048 0.000000
vt 26.594827 3.848913 0.000000
vt 28.043671 3.712770 0.000000
vt 29.404300 3.260650 0.000000
vt 6.345700 8.985000 0.000000
vt -0.000000 8.985000 0.000000
vt 6.345700 -8.985000 0.000000
vt 0.000000 -8.985000 0.000000
vt -40.750199 2.704169 0.000000
vt -27.873140 6.621926 0.000000
vt -41.797800 2.900000 0.000000
vt -28.856442 7.534296 0.000000
vt -29.527132 8.695965 0.000000
vt -26.664598 6.039922 0.000000
vt -39.844083 2.143126 0.000000
vt -25.338200 5.840000 0.000000
vt -39.201826 1.292641 0.000000
vt -38.910171 0.267578 0.000000
vt -24.667510 -5.890261 0.000000
vt -39.008506 -0.793623 0.000000
vt -26.008890 -5.890261 0.000000
vt -39.483550 -1.747640 0.000000
vt -40.271147 -2.465630 0.000000
vt -27.290677 -6.285640 0.000000
vt -41.264926 -2.850622 0.000000
vt -28.398977 -7.041267 0.000000
vt -29.235314 -8.090000 0.000000
vt -42.330674 -2.850622 0.000000
vt -29.725376 -9.338656 0.000000
vt -59.959800 -3.172850 0.000000
vt -29.825617 -10.676285 0.000000
vt -29.527132 -11.984035 0.000000
vt -34.494929 -17.875000 0.000000
vt -28.856442 -13.145704 0.000000
vt -27.873140 -14.058074 0.000000
vt -26.664598 -14.640078 0.000000
vt -25.338200 -14.840000 0.000000
vt -24.011802 -14.640078 0.000000
vt 43.959800 -17.875000 0.000000
vt -22.803260 -14.058074 0.000000
vt -21.819958 -13.145704 0.000000
vt -21.149268 -11.984035 0.000000
vt -20.850783 -10.676285 0.000000
vt 38.838926 -2.850622 0.000000
vt -20.951024 -9.338656 0.000000
vt 37.845147 -2.465630 0.000000
vt -21.441086 -8.090000 0.000000
vt -22.277423 -7.041267 0.000000
vt 37.057550 -1.747640 0.000000
vt -23.385723 -6.285640 0.000000
vt 36.582506 -0.793623 0.000000
vt 36.484171 0.267578 0.000000
vt -43.324453 -2.465630 0.000000
vt -44.112050 -1.747640 0.000000
vt -44.587094 -0.793623 0.000000
vt -44.685429 0.267578 0.000000
vt -59.959800 3.172850 0.000000
vt -44.393774 1.292641 0.000000
vt -43.751517 2.143126 0.000000
vt -42.845401 2.704169 0.000000
vt 40.419401 2.704169 0.000000
vt 45.736023 3.298733 0.000000
vt 39.371800 2.900000 0.000000
vt 46.844323 4.054360 0.000000
vt 48.126110 4.449739 0.000000
vt 44.899686 2.250000 0.000000
vt 41.325517 2.143126 0.000000
vt 41.967774 1.292641 0.000000
vt 44.409624 1.001344 0.000000
vt 42.259429 0.267578 0.000000
vt 44.309383 -0.336285 0.000000
vt 42.161094 -0.793623 0.000000
vt 44.607868 -1.644035 0.000000
vt 41.686050 -1.747640 0.000000
vt 45.278558 -2.805704 0.000000
vt 40.898453 -2.465630 0.000000
vt 39.904674 -2.850622 0.000000
vt 47.470402 -4.300078 0.000000
vt 46.261860 -3.718074 0.000000
vt 36.775826 1.292641 0.000000
vt -22.803260 6.621926 0.000000
vt -24.011802 6.039922 0.000000
vt 37.418083 2.143126 0.000000
vt -21.819958 7.534296 0.000000
vt 38.324199 2.704169 0.000000
vt -21.149268 8.695965 0.000000
vt -20.850783 10.003715 0.000000
vt -20.951024 11.341344 0.000000
vt 43.959800 17.875000 0.000000
vt -21.441086 12.590000 0.000000
vt -22.277423 13.638733 0.000000
vt -23.385723 14.394360 0.000000
vt -24.667510 14.789739 0.000000
vt -34.494929 17.875000 0.000000
vt -26.008890 14.789739 0.000000
vt -27.290677 14.394360 0.000000
vt -28.398977 13.638733 0.000000
vt -29.235314 12.590000 0.000000
vt -29.725376 11.341344 0.000000
vt -29.825617 10.003715 0.000000
vt 51.415600 14.145013 0.000000
vt 50.025342 15.124705 0.000000
vt 48.577900 15.997179 0.000000
vt 56.207607 -9.419417 0.000000
vt 48.796800 -4.500000 0.000000
vt 57.157666 -8.106016 0.000000
vt 57.985626 -6.766887 0.000000
vt 49.467490 4.449739 0.000000
vt 57.157666 8.106016 0.000000
vt 56.207607 9.419417 0.000000
vt 55.146842 10.693894 0.000000
vt 50.749277 4.054360 0.000000
vt 58.680701 5.413982 0.000000
vt 57.985626 6.766887 0.000000
vt 59.233094 4.056837 0.000000
vt 51.857577 3.298733 0.000000
vt 59.634411 2.701353 0.000000
vt 52.693914 2.250000 0.000000
vt 59.878074 1.349421 0.000000
vt 53.183976 1.001344 0.000000
vt 59.959800 -0.000000 0.000000
vt 53.284217 -0.336285 0.000000
vt 59.878074 -1.349421 0.000000
vt 52.985732 -1.644035 0.000000
vt 59.634411 -2.701353 0.000000
vt 52.315042 -2.805704 0.000000
vt 59.233094 -4.056837 0.000000
vt 51.331740 -3.718074 0.000000
vt 58.680701 -5.413982 0.000000
vt 50.123198 -4.300078 0.000000
vt 45.540314 -17.379310 0.000000
vt 47.080934 -16.751537 0.000000
vt 48.577900 -15.997179 0.000000
vt 50.025342 -15.124705 0.000000
vt 51.415600 -14.145013 0.000000
vt 52.739564 -13.070768 0.000000
vt 55.146842 -10.693894 0.000000
vt 52.739564 13.070768 0.000000
vt 47.080934 16.751537 0.000000
vt 45.540314 17.379310 0.000000
vt -20.984036 1.673586 0.000000
vt -20.984036 0.000000 0.000000
vt -20.065984 1.338869 0.000000
vt -19.672534 0.000000 0.000000
vt -19.147933 1.338869 0.000000
vt -18.361031 0.000000 0.000000
vt -18.229881 1.338869 0.000000
vt -17.311830 1.338869 0.000000
vt -18.229881 2.677738 0.000000
vt -17.311830 2.677738 0.000000
vt -18.229881 4.016607 0.000000
vt -17.311830 4.016607 0.000000
vt -18.229881 5.355475 0.000000
vt -17.311830 5.355475 0.000000
vt -18.229881 6.694344 0.000000
vt -17.311830 6.694344 0.000000
vt -18.229881 8.033213 0.000000
vt -17.311830 8.033213 0.000000
vt -18.229881 9.372082 0.000000
vt -17.311830 9.372082 0.000000
vt -18.229881 10.710951 0.000000
vt -17.311830 10.710951 0.000000
vt -18.229881 12.317593 0.000000
vt -17.311830 12.317593 0.000000
vt -18.229881 13.924236 0.000000
vt -17.311830 13.924236 0.000000
vt -18.229881 15.530879 0.000000
vt -17.311830 15.530879 0.000000
vt -18.229881 17.137521 0.000000
vt -17.311830 17.137521 0.000000
vt -18.229881 18.744164 0.000000
vt -17.311830 18.744164 0.000000
vt -18.229881 20.350806 0.000000
vt -17.311830 20.350806 0.000000
vt -18.229881 21.957449 0.000000
vt -17.311830 21.957449 0.000000
vt -18.229881 23.564092 0.000000
vt -17.311830 23.564092 0.000000
vt -18.229881 25.170734 0.000000
vt -17.311830 25.170734 0.000000
vt -18.361031 26.777377 0.000000
vt -17.049529 26.777377 0.000000
vt -16.393778 25.170734 0.000000
vt -15.738027 26.777377 0.000000
vt -15.475727 25.170734 0.000000
vt -14.426525 26.777377 0.000000
vt -14.557675 25.170734 0.000000
vt -13.639623 25.170734 0.000000
vt -13.639623 23.564092 0.000000
vt -12.721572 23.564092 0.000000
vt -12.721572 21.957449 0.000000
vt -11.803520 21.957449 0.000000
vt -11.803520 20.350806 0.000000
vt -10.885469 20.350806 0.000000
vt -10.885469 18.744164 0.000000
vt -9.967417 18.744164 0.000000
vt -9.967417 17.137521 0.000000
vt -9.049366 17.137521 0.000000
vt -9.049366 15.530879 0.000000
vt -8.131314 15.530879 0.000000
vt -8.131314 13.924236 0.000000
vt -7.213262 13.924236 0.000000
vt -7.213262 12.317593 0.000000
vt -6.295211 12.317593 0.000000
vt -6.295211 10.710951 0.000000
vt -4.721408 10.710951 0.000000
vt -4.721408 9.372082 0.000000
vt -3.147605 9.372082 0.000000
vt -3.147605 8.033213 0.000000
vt -2.360704 8.033213 0.000000
vt -2.360704 6.694344 0.000000
vt -1.573803 6.694344 0.000000
vt -1.573803 5.355475 0.000000
vt -0.786901 5.355475 0.000000
vt -0.786901 4.016607 0.000000
vt 0.000000 5.020758 0.000000
vt 0.000000 3.347172 0.000000
vt -0.786901 2.677738 0.000000
vt 0.000000 1.673586 0.000000
vt -0.786901 1.338869 0.000000
vt 0.000000 0.000000 0.000000
vt -1.311502 0.000000 0.000000
vt -1.573803 1.338869 0.000000
vt -2.360704 1.338869 0.000000
vt -2.360704 2.677738 0.000000
vt -3.147605 2.677738 0.000000
vt -3.147605 4.016607 0.000000
vt -4.721408 4.016607 0.000000
vt -4.721408 5.355475 0.000000
vt -6.295211 5.355475 0.000000
vt -6.295211 6.694344 0.000000
vt -7.213262 6.694344 0.000000
vt -7.213262 8.033213 0.000000
vt -8.131314 8.033213 0.000000
vt -8.131314 9.372082 0.000000
vt -9.049366 9.372082 0.000000
vt -9.049366 10.710951 0.000000
vt -9.967417 10.710951 0.000000
vt -9.967417 12.317593 0.000000
vt -10.885469 12.317593 0.000000
vt -10.885469 13.924236 0.000000
vt -11.803520 13.924236 0.000000
vt -11.803520 15.530879 0.000000
vt -12.721572 15.530879 0.000000
vt -12.721572 17.137521 0.000000
vt -13.639623 17.137521 0.000000
vt -13.639623 18.744164 0.000000
vt -14.557675 18.744164 0.000000
vt -14.557675 20.350806 0.000000
vt -15.475727 20.350806 0.000000
vt -15.475727 21.957449 0.000000
vt -16.393778 21.957449 0.000000
vt -16.393778 23.564092 0.000000
vt -17.049529 0.000000 0.000000
vt -16.393778 1.338869 0.000000
vt -16.393778 2.677738 0.000000
vt -16.393778 4.016607 0.000000
vt -16.393778 5.355475 0.000000
vt -16.393778 6.694344 0.000000
vt -16.393778 8.033213 0.000000
vt -16.393778 9.372082 0.000000
vt -16.393778 10.710951 0.000000
vt -16.393778 12.317593 0.000000
vt -16.393778 13.924236 0.000000
vt -16.393778 15.530879 0.000000
vt -16.393778 17.137521 0.000000
vt -16.393778 18.744164 0.000000
vt -16.393778 20.350806 0.000000
vt -15.738027 0.000000 0.000000
vt -15.475727 1.338869 0.000000
vt -15.475727 2.677738 0.000000
vt -15.475727 4.016607 0.000000
vt -15.475727 5.355475 0.000000
vt -15.475727 6.694344 0.000000
vt -15.475727 8.033213 0.000000
vt -15.475727 9.372082 0.000000
vt -15.475727 10.710951 0.000000
vt -15.475727 12.317593 0.000000
vt -15.475727 13.924236 0.000000
vt -15.475727 15.530879 0.000000
vt -15.475727 17.137521 0.000000
vt -15.475727 18.744164 0.000000
vt -14.426525 0.000000 0.000000
vt -14.557675 1.338869 0.000000
vt -14.557675 2.677738 0.000000
vt -14.557675 4.016607 0.000000
vt -14.557675 5.355475 0.000000
vt -14.557675 6.694344 0.000000
vt -14.557675 8.033213 0.000000
vt -14.557675 9.372082 0.000000
vt -14.557675 10.710951 0.000000
vt -14.557675 12.317593 0.000000
vt -14.557675 13.924236 0.000000
vt -14.557675 15.530879 0.000000
vt -14.557675 17.137521 0.000000
vt -13.639623 1.338869 0.000000
vt -13.115022 0.000000 0.000000
vt -12.721572 1.338869 0.000000
vt -11.803520 0.000000 0.000000
vt -11.803520 1.338869 0.000000
vt -10.885469 1.338869 0.000000
vt -11.803520 2.677738 0.000000
vt -10.885469 2.677738 0.000000
vt -11.803520 4.016607 0.000000
vt -10.885469 4.016607 0.000000
vt -11.803520 5.355475 0.000000
vt -10.885469 5.355475 0.000000
vt -11.803520 6.694344 0.000000
vt -10.885469 6.694344 0.000000
vt -11.803520 8.033213 0.000000
vt -10.885469 8.033213 0.000000
vt -11.803520 9.372082 0.000000
vt -10.885469 9.372082 0.000000
vt -11.803520 10.710951 0.000000
vt -10.885469 10.710951 0.000000
vt -11.803520 12.317593 0.000000
vt -10.492018 0.000000 0.000000
vt -9.967417 1.338869 0.000000
vt -9.967417 2.677738 0.000000
vt -9.967417 4.016607 0.000000
vt -9.967417 5.355475 0.000000
vt -9.967417 6.694344 0.000000
vt -9.967417 8.033213 0.000000
vt -9.967417 9.372082 0.000000
vt -9.180516 0.000000 0.000000
vt -9.049366 1.338869 0.000000
vt -9.049366 2.677738 0.000000
vt -9.049366 4.016607 0.000000
vt -9.049366 5.355475 0.000000
vt -9.049366 6.694344 0.000000
vt -9.049366 8.033213 0.000000
vt -8.131314 1.338869 0.000000
vt -7.869013 0.000000 0.000000
vt -7.213262 1.338869 0.000000
vt -6.557511 0.000000 0.000000
vt -6.295211 1.338869 0.000000
vt -5.246009 0.000000 0.000000
vt -4.721408 1.338869 0.000000
vt -3.934507 0.000000 0.000000
vt -3.147605 1.338869 0.000000
vt -2.623004 0.000000 0.000000
vt 0.000000 6.694344 0.000000
vt -0.786901 6.694344 0.000000
vt -1.573803 8.033213 0.000000
vt -2.360704 9.372082 0.000000
vt -3.147605 10.710951 0.000000
vt -4.721408 12.317593 0.000000
vt -6.295211 13.924236 0.000000
vt -7.213262 15.530879 0.000000
vt -8.131314 17.137521 0.000000
vt -9.049366 18.744164 0.000000
vt -9.967417 20.350806 0.000000
vt -10.885469 21.957449 0.000000
vt -11.803520 23.564092 0.000000
vt -12.721572 25.170734 0.000000
vt -13.115022 26.777377 0.000000
vt -0.786901 8.033213 0.000000
vt 0.000000 8.367930 0.000000
vt -0.786901 9.372082 0.000000
vt 0.000000 10.041516 0.000000
vt -0.786901 10.710951 0.000000
vt 0.000000 11.715102 0.000000
vt -0.786901 12.317593 0.000000
vt 0.000000 13.388688 0.000000
vt -0.786901 13.924236 0.000000
vt -0.786901 15.530879 0.000000
vt -1.573803 15.530879 0.000000
vt -1.573803 17.137521 0.000000
vt -2.360704 17.137521 0.000000
vt -2.360704 18.744164 0.000000
vt -3.147605 18.744164 0.000000
vt -3.147605 20.350806 0.000000
vt -4.721408 20.350806 0.000000
vt -4.721408 21.957449 0.000000
vt -6.295211 21.957449 0.000000
vt -6.295211 23.564092 0.000000
vt -7.213262 23.564092 0.000000
vt -7.213262 25.170734 0.000000
vt -8.131314 25.170734 0.000000
vt -7.869013 26.777377 0.000000
vt -9.180516 26.777377 0.000000
vt 0.000000 16.735861 0.000000
vt -0.786901 17.137521 0.000000
vt -1.573803 18.744164 0.000000
vt -2.360704 20.350806 0.000000
vt -3.147605 21.957449 0.000000
vt -4.721408 23.564092 0.000000
vt -6.295211 25.170734 0.000000
vt -6.557511 26.777377 0.000000
vt 0.000000 18.409447 0.000000
vt -0.786901 18.744164 0.000000
vt -1.573803 20.350806 0.000000
vt -2.360704 21.957449 0.000000
vt -3.147605 23.564092 0.000000
vt -4.721408 25.170734 0.000000
vt -5.246009 26.777377 0.000000
vt 0.000000 20.083033 0.000000
vt -0.786901 20.350806 0.000000
vt -1.573803 21.957449 0.000000
vt -2.360704 23.564092 0.000000
vt -3.147605 25.170734 0.000000
vt -3.934507 26.777377 0.000000
vt 0.000000 21.756619 0.000000
vt -0.786901 21.957449 0.000000
vt -1.573803 23.564092 0.000000
vt -2.360704 25.170734 0.000000
vt -2.623004 26.777377 0.000000
vt 0.000000 23.430205 0.000000
vt -0.786901 23.564092 0.000000
vt -1.573803 25.170734 0.000000
vt 0.000000 25.103791 0.000000
vt -0.786901 25.170734 0.000000
vt -1.311502 26.777377 0.000000
vt 0.000000 26.777377 0.000000
vt -10.492018 26.777377 0.000000
vt -9.967417 25.170734 0.000000
vt -9.049366 25.170734 0.000000
vt -8.131314 23.564092 0.000000
vt -7.213262 21.957449 0.000000
vt -6.295211 20.350806 0.000000
vt -4.721408 18.744164 0.000000
vt -3.147605 17.137521 0.000000
vt -2.360704 15.530879 0.000000
vt -1.573803 13.924236 0.000000
vt -10.885469 25.170734 0.000000
vt -11.803520 26.777377 0.000000
vt -11.803520 25.170734 0.000000
vt -19.147933 25.170734 0.000000
vt -19.672534 26.777377 0.000000
vt -20.065984 25.170734 0.000000
vt -20.984036 26.777377 0.000000
vt -20.984036 25.103791 0.000000
vt -20.065984 23.564092 0.000000
vt -20.984036 23.430205 0.000000
vt -20.065984 21.957449 0.000000
vt -20.984036 21.756619 0.000000
vt -20.065984 20.350806 0.000000
vt -20.984036 20.083033 0.000000
vt -20.065984 18.744164 0.000000
vt -20.984036 18.409447 0.000000
vt -20.065984 17.137521 0.000000
vt -20.984036 16.735861 0.000000
vt -20.065984 15.530879 0.000000
vt -20.984036 13.388688 0.000000
vt -20.065984 13.924236 0.000000
vt -20.065984 12.317593 0.000000
vt -19.147933 12.317593 0.000000
vt -19.147933 10.710951 0.000000
vt -20.984036 11.715102 0.000000
vt -20.065984 10.710951 0.000000
vt -19.147933 9.372082 0.000000
vt -20.984036 10.041516 0.000000
vt -20.065984 9.372082 0.000000
vt -19.147933 8.033213 0.000000
vt -20.984036 8.367930 0.000000
vt -20.065984 8.033213 0.000000
vt -19.147933 6.694344 0.000000
vt -20.984036 6.694344 0.000000
vt -20.065984 6.694344 0.000000
vt -19.147933 5.355475 0.000000
vt -20.065984 5.355475 0.000000
vt -20.984036 5.020758 0.000000
vt -20.065984 4.016607 0.000000
vt -20.984036 3.347172 0.000000
vt -20.065984 2.677738 0.000000
vt -1.573803 2.677738 0.000000
vt -1.573803 4.016607 0.000000
vt -4.721408 2.677738 0.000000
vt -6.295211 2.677738 0.000000
vt -7.213262 2.677738 0.000000
vt -8.131314 2.677738 0.000000
vt -12.721572 2.677738 0.000000
vt -12.721572 4.016607 0.000000
vt -12.721572 5.355475 0.000000
vt -12.721572 6.694344 0.000000
vt -12.721572 8.033213 0.000000
vt -12.721572 9.372082 0.000000
vt -12.721572 10.710951 0.000000
vt -12.721572 12.317593 0.000000
vt -12.721572 13.924236 0.000000
vt -13.639623 2.677738 0.000000
vt -13.639623 4.016607 0.000000
vt -13.639623 5.355475 0.000000
vt -13.639623 6.694344 0.000000
vt -13.639623 8.033213 0.000000
vt -13.639623 9.372082 0.000000
vt -13.639623 10.710951 0.000000
vt -13.639623 12.317593 0.000000
vt -13.639623 13.924236 0.000000
vt -13.639623 15.530879 0.000000
vt -19.147933 2.677738 0.000000
vt -19.147933 4.016607 0.000000
vt -2.360704 4.016607 0.000000
vt -3.147605 5.355475 0.000000
vt -4.721408 6.694344 0.000000
vt -6.295211 8.033213 0.000000
vt -7.213262 9.372082 0.000000
vt -8.131314 10.710951 0.000000
vt -9.049366 12.317593 0.000000
vt -9.967417 13.924236 0.000000
vt -10.885469 15.530879 0.000000
vt -11.803520 17.137521 0.000000
vt -12.721572 18.744164 0.000000
vt -13.639623 20.350806 0.000000
vt -14.557675 21.957449 0.000000
vt -15.475727 23.564092 0.000000
vt -6.295211 4.016607 0.000000
vt -7.213262 4.016607 0.000000
vt -8.131314 4.016607 0.000000
vt -2.360704 5.355475 0.000000
vt -7.213262 5.355475 0.000000
vt -8.131314 5.355475 0.000000
vt -3.147605 6.694344 0.000000
vt -4.721408 8.033213 0.000000
vt -6.295211 9.372082 0.000000
vt -7.213262 10.710951 0.000000
vt -8.131314 12.317593 0.000000
vt -9.049366 13.924236 0.000000
vt -9.967417 15.530879 0.000000
vt -10.885469 17.137521 0.000000
vt -11.803520 18.744164 0.000000
vt -12.721572 20.350806 0.000000
vt -13.639623 21.957449 0.000000
vt -14.557675 23.564092 0.000000
vt -8.131314 6.694344 0.000000
vt -1.573803 9.372082 0.000000
vt -2.360704 10.710951 0.000000
vt -3.147605 12.317593 0.000000
vt -4.721408 13.924236 0.000000
vt -6.295211 15.530879 0.000000
vt -7.213262 17.137521 0.000000
vt -8.131314 18.744164 0.000000
vt -9.049366 20.350806 0.000000
vt -9.967417 21.957449 0.000000
vt -10.885469 23.564092 0.000000
vt -1.573803 10.710951 0.000000
vt -2.360704 12.317593 0.000000
vt -3.147605 13.924236 0.000000
vt -4.721408 15.530879 0.000000
vt -6.295211 17.137521 0.000000
vt -7.213262 18.744164 0.000000
vt -8.131314 20.350806 0.000000
vt -9.049366 21.957449 0.000000
vt -9.967417 23.564092 0.000000
vt -1.573803 12.317593 0.000000
vt -2.360704 13.924236 0.000000
vt -3.147605 15.530879 0.000000
vt -4.721408 17.137521 0.000000
vt -6.295211 18.744164 0.000000
vt -7.213262 20.350806 0.000000
vt -8.131314 21.957449 0.000000
vt -9.049366 23.564092 0.000000
vt -19.147933 13.924236 0.000000
vt -19.147933 15.530879 0.000000
vt -19.147933 17.137521 0.000000
vt -19.147933 18.744164 0.000000
vt -19.147933 20.350806 0.000000
vt -19.147933 21.957449 0.000000
vt -19.147933 23.564092 0.000000
vt 0.000000 28.450963 0.000000
vt 0.000000 26.777377 0.000000
vt 0.918052 28.116246 0.000000
vt 1.311502 26.777377 0.000000
vt 1.836103 28.116246 0.000000
vt 2.623004 26.777377 0.000000
vt 2.754155 28.116246 0.000000
vt 3.672206 28.116246 0.000000
vt 2.754155 29.455115 0.000000
vt 3.672206 29.455115 0.000000
vt 2.754155 30.793983 0.000000
vt 3.672206 30.793983 0.000000
vt 2.754155 32.132852 0.000000
vt 3.672206 32.132852 0.000000
vt 2.754155 33.471721 0.000000
vt 3.672206 33.471721 0.000000
vt 2.754155 34.810590 0.000000
vt 3.672206 34.810590 0.000000
vt 2.754155 36.149459 0.000000
vt 3.672206 36.149459 0.000000
vt 2.754155 37.488328 0.000000
vt 3.672206 37.488328 0.000000
vt 2.754155 39.094970 0.000000
vt 3.672206 39.094970 0.000000
vt 2.754155 40.701613 0.000000
vt 3.672206 40.701613 0.000000
vt 2.754155 42.308256 0.000000
vt 3.672206 42.308256 0.000000
vt 2.754155 43.914898 0.000000
vt 3.672206 43.914898 0.000000
vt 2.754155 45.521541 0.000000
vt 3.672206 45.521541 0.000000
vt 2.754155 47.128183 0.000000
vt 3.672206 47.128183 0.000000
vt 2.754155 48.734826 0.000000
vt 3.672206 48.734826 0.000000
vt 2.754155 50.341469 0.000000
vt 3.672206 50.341469 0.000000
vt 2.754155 51.948111 0.000000
vt 3.672206 51.948111 0.000000
vt 2.623004 53.554754 0.000000
vt 3.934507 53.554754 0.000000
vt 4.590258 51.948111 0.000000
vt 5.246009 53.554754 0.000000
vt 5.508309 51.948111 0.000000
vt 6.557511 53.554754 0.000000
vt 6.426361 51.948111 0.000000
vt 7.344413 51.948111 0.000000
vt 7.344413 50.341469 0.000000
vt 8.262464 50.341469 0.000000
vt 8.262464 48.734826 0.000000
vt 9.180516 48.734826 0.000000
vt 9.180516 47.128183 0.000000
vt 10.098567 47.128183 0.000000
vt 10.098567 45.521541 0.000000
vt 11.016619 45.521541 0.000000
vt 11.016619 43.914898 0.000000
vt 11.934670 43.914898 0.000000
vt 11.934670 42.308256 0.000000
vt 12.852722 42.308256 0.000000
vt 12.852722 40.701613 0.000000
vt 13.770774 40.701613 0.000000
vt 13.770774 39.094970 0.000000
vt 14.688825 39.094970 0.000000
vt 14.688825 37.488328 0.000000
vt 16.262628 37.488328 0.000000
vt 16.262628 36.149459 0.000000
vt 17.836431 36.149459 0.000000
vt 17.836431 34.810590 0.000000
vt 18.623332 34.810590 0.000000
vt 18.623332 33.471721 0.000000
vt 19.410233 33.471721 0.000000
vt 19.410233 32.132852 0.000000
vt 20.197135 32.132852 0.000000
vt 20.197135 30.793983 0.000000
vt 20.984036 31.798135 0.000000
vt 20.984036 30.124549 0.000000
vt 20.197135 29.455115 0.000000
vt 20.984036 28.450963 0.000000
vt 20.197135 28.116246 0.000000
vt 20.984036 26.777377 0.000000
vt 19.672534 26.777377 0.000000
vt 19.410233 28.116246 0.000000
vt 18.623332 28.116246 0.000000
vt 18.623332 29.455115 0.000000
vt 17.836431 29.455115 0.000000
vt 17.836431 30.793983 0.000000
vt 16.262628 30.793983 0.000000
vt 16.262628 32.132852 0.000000
vt 14.688825 32.132852 0.000000
vt 14.688825 33.471721 0.000000
vt 13.770774 33.471721 0.000000
vt 13.770774 34.810590 0.000000
vt 12.852722 34.810590 0.000000
vt 12.852722 36.149459 0.000000
vt 11.934670 36.149459 0.000000
vt 11.934670 37.488328 0.000000
vt 11.016619 37.488328 0.000000
vt 11.016619 39.094970 0.000000
vt 10.098567 39.094970 0.000000
vt 10.098567 40.701613 0.000000
vt 9.180516 40.701613 0.000000
vt 9.180516 42.308256 0.000000
vt 8.262464 42.308256 0.000000
vt 8.262464 43.914898 0.000000
vt 7.344413 43.914898 0.000000
vt 7.344413 45.521541 0.000000
vt 6.426361 45.521541 0.000000
vt 6.426361 47.128183 0.000000
vt 5.508309 47.128183 0.000000
vt 5.508309 48.734826 0.000000
vt 4.590258 48.734826 0.000000
vt 4.590258 50.341469 0.000000
vt 3.934507 26.777377 0.000000
vt 4.590258 28.116246 0.000000
vt 4.590258 29.455115 0.000000
vt 4.590258 30.793983 0.000000
vt 4.590258 32.132852 0.000000
vt 4.590258 33.471721 0.000000
vt 4.590258 34.810590 0.000000
vt 4.590258 36.149459 0.000000
vt 4.590258 37.488328 0.000000
vt 4.590258 39.094970 0.000000
vt 4.590258 40.701613 0.000000
vt 4.590258 42.308256 0.000000
vt 4.590258 43.914898 0.000000
vt 4.590258 45.521541 0.000000
vt 4.590258 47.128183 0.000000
vt 5.246009 26.777377 0.000000
vt 5.508309 28.116246 0.000000
vt 5.508309 29.455115 0.000000
vt 5.508309 30.793983 0.000000
vt 5.508309 32.132852 0.000000
vt 5.508309 33.471721 0.000000
vt 5.508309 34.810590 0.000000
vt 5.508309 36.149459 0.000000
vt 5.508309 37.488328 0.000000
vt 5.508309 39.094970 0.000000
vt 5.508309 40.701613 0.000000
vt 5.508309 42.308256 0.000000
vt 5.508309 43.914898 0.000000
vt 5.508309 45.521541 0.000000
vt 6.557511 26.777377 0.000000
vt 6.426361 28.116246 0.000000
vt 6.426361 29.455115 0.000000
vt 6.426361 30.793983 0.000000
vt 6.426361 32.132852 0.000000
vt 6.426361 33.471721 0.000000
vt 6.426361 34.810590 0.000000
vt 6.426361 36.149459 0.000000
vt 6.426361 37.488328 0.000000
vt 6.426361 39.094970 0.000000
vt 6.426361 40.701613 0.000000
vt 6.426361 42.308256 0.000000
vt 6.426361 43.914898 0.000000
vt 7.344413 28.116246 0.000000
vt 7.869013 26.777377 0.000000
vt 8.262464 28.116246 0.000000
vt 9.180516 26.777377 0.000000
vt 9.180516 28.116246 0.000000
vt 10.098567 28.116246 0.000000
vt 9.180516 29.455115 0.000000
vt 10.098567 29.455115 0.000000
vt 9.180516 30.793983 0.000000
vt 10.098567 30.793983 0.000000
vt 9.180516 32.132852 0.000000
vt 10.098567 32.132852 0.000000
vt 9.180516 33.471721 0.000000
vt 10.098567 33.471721 0.000000
vt 9.180516 34.810590 0.000000
vt 10.098567 34.810590 0.000000
vt 9.180516 36.149459 0.000000
vt 10.098567 36.149459 0.000000
vt 9.180516 37.488328 0.000000
vt 10.098567 37.488328 0.000000
vt 9.180516 39.094970 0.000000
vt 10.492018 26.777377 0.000000
vt 11.016619 28.116246 0.000000
vt 11.016619 29.455115 0.000000
vt 11.016619 30.793983 0.000000
vt 11.016619 32.132852 0.000000
vt 11.016619 33.471721 0.000000
vt 11.016619 34.810590 0.000000
vt 11.016619 36.149459 0.000000
vt 11.803520 26.777377 0.000000
vt 11.934670 28.116246 0.000000
vt 11.934670 29.455115 0.000000
vt 11.934670 30.793983 0.000000
vt 11.934670 32.132852 0.000000
vt 11.934670 33.471721 0.000000
vt 11.934670 34.810590 0.000000
vt 12.852722 28.116246 0.000000
vt 13.115022 26.777377 0.000000
vt 13.770774 28.116246 0.000000
vt 14.426525 26.777377 0.000000
vt 14.688825 28.116246 0.000000
vt 15.738027 26.777377 0.000000
vt 16.262628 28.116246 0.000000
vt 17.049529 26.777377 0.000000
vt 17.836431 28.116246 0.000000
vt 18.361031 26.777377 0.000000
vt 20.984036 33.471721 0.000000
vt 20.197135 33.471721 0.000000
vt 19.410233 34.810590 0.000000
vt 18.623332 36.149459 0.000000
vt 17.836431 37.488328 0.000000
vt 16.262628 39.094970 0.000000
vt 14.688825 40.701613 0.000000
vt 13.770774 42.308256 0.000000
vt 12.852722 43.914898 0.000000
vt 11.934670 45.521541 0.000000
vt 11.016619 47.128183 0.000000
vt 10.098567 48.734826 0.000000
vt 9.180516 50.341469 0.000000
vt 8.262464 51.948111 0.000000
vt 7.869013 53.554754 0.000000
vt 20.197135 34.810590 0.000000
vt 20.984036 35.145307 0.000000
vt 20.197135 36.149459 0.000000
vt 20.984036 36.818893 0.000000
vt 20.197135 37.488328 0.000000
vt 20.984036 38.492479 0.000000
vt 20.197135 39.094970 0.000000
vt 20.984036 40.166065 0.000000
vt 20.197135 40.701613 0.000000
vt 20.197135 42.308256 0.000000
vt 19.410233 42.308256 0.000000
vt 19.410233 43.914898 0.000000
vt 18.623332 43.914898 0.000000
vt 18.623332 45.521541 0.000000
vt 17.836431 45.521541 0.000000
vt 17.836431 47.128183 0.000000
vt 16.262628 47.128183 0.000000
vt 16.262628 48.734826 0.000000
vt 14.688825 48.734826 0.000000
vt 14.688825 50.341469 0.000000
vt 13.770774 50.341469 0.000000
vt 13.770774 51.948111 0.000000
vt 12.852722 51.948111 0.000000
vt 13.115022 53.554754 0.000000
vt 11.803520 53.554754 0.000000
vt 20.984036 43.513237 0.000000
vt 20.197135 43.914898 0.000000
vt 19.410233 45.521541 0.000000
vt 18.623332 47.128183 0.000000
vt 17.836431 48.734826 0.000000
vt 16.262628 50.341469 0.000000
vt 14.688825 51.948111 0.000000
vt 14.426525 53.554754 0.000000
vt 20.984036 45.186824 0.000000
vt 20.197135 45.521541 0.000000
vt 19.410233 47.128183 0.000000
vt 18.623332 48.734826 0.000000
vt 17.836431 50.341469 0.000000
vt 16.262628 51.948111 0.000000
vt 15.738027 53.554754 0.000000
vt 20.984036 46.860410 0.000000
vt 20.197135 47.128183 0.000000
vt 19.410233 48.734826 0.000000
vt 18.623332 50.341469 0.000000
vt 17.836431 51.948111 0.000000
vt 17.049529 53.554754 0.000000
vt 20.984036 48.533996 0.000000
vt 20.197135 48.734826 0.000000
vt 19.410233 50.341469 0.000000
vt 18.623332 51.948111 0.000000
vt 18.361031 53.554754 0.000000
vt 20.984036 50.207582 0.000000
vt 20.197135 50.341469 0.000000
vt 19.410233 51.948111 0.000000
vt 20.984036 51.881168 0.000000
vt 20.197135 51.948111 0.000000
vt 19.672534 53.554754 0.000000
vt 20.984036 53.554754 0.000000
vt 10.492018 53.554754 0.000000
vt 11.016619 51.948111 0.000000
vt 11.934670 51.948111 0.000000
vt 12.852722 50.341469 0.000000
vt 13.770774 48.734826 0.000000
vt 14.688825 47.128183 0.000000
vt 16.262628 45.521541 0.000000
vt 17.836431 43.914898 0.000000
vt 18.623332 42.308256 0.000000
vt 19.410233 40.701613 0.000000
vt 10.098567 51.948111 0.000000
vt 9.180516 53.554754 0.000000
vt 9.180516 51.948111 0.000000
vt 1.836103 51.948111 0.000000
vt 1.311502 53.554754 0.000000
vt 0.918052 51.948111 0.000000
vt 0.000000 53.554754 0.000000
vt 0.000000 51.881168 0.000000
vt 0.918052 50.341469 0.000000
vt 0.000000 50.207582 0.000000
vt 0.918052 48.734826 0.000000
vt 0.000000 48.533996 0.000000
vt 0.918052 47.128183 0.000000
vt 0.000000 46.860410 0.000000
vt 0.918052 45.521541 0.000000
vt 0.000000 45.186824 0.000000
vt 0.918052 43.914898 0.000000
vt 0.000000 43.513237 0.000000
vt 0.918052 42.308256 0.000000
vt 0.000000 40.166065 0.000000
vt 0.918052 40.701613 0.000000
vt 0.918052 39.094970 0.000000
vt 1.836103 39.094970 0.000000
vt 1.836103 37.488328 0.000000
vt 0.000000 38.492479 0.000000
vt 0.918052 37.488328 0.000000
vt 1.836103 36.149459 0.000000
vt 0.000000 36.818893 0.000000
vt 0.918052 36.149459 0.000000
vt 1.836103 34.810590 0.000000
vt 0.000000 35.145307 0.000000
vt 0.918052 34.810590 0.000000
vt 1.836103 33.471721 0.000000
vt 0.000000 33.471721 0.000000
vt 0.918052 33.471721 0.000000
vt 1.836103 32.132852 0.000000
vt 0.918052 32.132852 0.000000
vt 0.000000 31.798135 0.000000
vt 0.918052 30.793983 0.000000
vt 0.000000 30.124549 0.000000
vt 0.918052 29.455115 0.000000
vt 19.410233 29.455115 0.000000
vt 19.410233 30.793983 0.000000
vt 16.262628 29.455115 0.000000
vt 14.688825 29.455115 0.000000
vt 13.770774 29.455115 0.000000
vt 12.852722 29.455115 0.000000
vt 8.262464 29.455115 0.000000
vt 8.262464 30.793983 0.000000
vt 8.262464 32.132852 0.000000
vt 8.262464 33.471721 0.000000
vt 8.262464 34.810590 0.000000
vt 8.262464 36.149459 0.000000
vt 8.262464 37.488328 0.000000
vt 8.262464 39.094970 0.000000
vt 8.262464 40.701613 0.000000
vt 7.344413 29.455115 0.000000
vt 7.344413 30.793983 0.000000
vt 7.344413 32.132852 0.000000
vt 7.344413 33.471721 0.000000
vt 7.344413 34.810590 0.000000
vt 7.344413 36.149459 0.000000
vt 7.344413 37.488328 0.000000
vt 7.344413 39.094970 0.000000
vt 7.344413 40.701613 0.000000
vt 7.344413 42.308256 0.000000
vt 1.836103 29.455115 0.000000
vt 1.836103 30.793983 0.000000
vt 18.623332 30.793983 0.000000
vt 17.836431 32.132852 0.000000
vt 16.262628 33.471721 0.000000
vt 14.688825 34.810590 0.000000
vt 13.770774 36.149459 0.000000
vt 12.852722 37.488328 0.000000
vt 11.934670 39.094970 0.000000
vt 11.016619 40.701613 0.000000
vt 10.098567 42.308256 0.000000
vt 9.180516 43.914898 0.000000
vt 8.262464 45.521541 0.000000
vt 7.344413 47.128183 0.000000
vt 6.426361 48.734826 0.000000
vt 5.508309 50.341469 0.000000
vt 14.688825 30.793983 0.000000
vt 13.770774 30.793983 0.000000
vt 12.852722 30.793983 0.000000
vt 18.623332 32.132852 0.000000
vt 13.770774 32.132852 0.000000
vt 12.852722 32.132852 0.000000
vt 17.836431 33.471721 0.000000
vt 16.262628 34.810590 0.000000
vt 14.688825 36.149459 0.000000
vt 13.770774 37.488328 0.000000
vt 12.852722 39.094970 0.000000
vt 11.934670 40.701613 0.000000
vt 11.016619 42.308256 0.000000
vt 10.098567 43.914898 0.000000
vt 9.180516 45.521541 0.000000
vt 8.262464 47.128183 0.000000
vt 7.344413 48.734826 0.000000
vt 6.426361 50.341469 0.000000
vt 12.852722 33.471721 0.000000
vt 19.410233 36.149459 0.000000
vt 18.623332 37.488328 0.000000
vt 17.836431 39.094970 0.000000
vt 16.262628 40.701613 0.000000
vt 14.688825 42.308256 0.000000
vt 13.770774 43.914898 0.000000
vt 12.852722 45.521541 0.000000
vt 11.934670 47.128183 0.000000
vt 11.016619 48.734826 0.000000
vt 10.098567 50.341469 0.000000
vt 19.410233 37.488328 0.000000
vt 18.623332 39.094970 0.000000
vt 17.836431 40.701613 0.000000
vt 16.262628 42.308256 0.000000
vt 14.688825 43.914898 0.000000
vt 13.770774 45.521541 0.000000
vt 12.852722 47.128183 0.000000
vt 11.934670 48.734826 0.000000
vt 11.016619 50.341469 0.000000
vt 19.410233 39.094970 0.000000
vt 18.623332 40.701613 0.000000
vt 17.836431 42.308256 0.000000
vt 16.262628 43.914898 0.000000
vt 14.688825 45.521541 0.000000
vt 13.770774 47.128183 0.000000
vt 12.852722 48.734826 0.000000
vt 11.934670 50.341469 0.000000
vt 1.836103 40.701613 0.000000
vt 1.836103 42.308256 0.000000
vt 1.836103 43.914898 0.000000
vt 1.836103 45.521541 0.000000
vt 1.836103 47.128183 0.000000
vt 1.836103 48.734826 0.000000
vt 1.836103 50.341469 0.000000
vn 47.778640 82.755032 29.475517
vn 49.454462 85.657641 14.731758
vn 50.000000 86.602540 0.000000
vn 49.840406 86.326115 7.983477
vn 50.000000 86.602540 0.000000
vn 41.311939 71.554377 56.332006
vn 41.311939 71.554377 56.332006
vn 47.778640 82.755032 29.475517
vn 48.902894 84.702297 20.833333
vn 49.065518 84.983970 19.243172
vn 49.454462 85.657641 14.731758
vn 50.000000 86.602540 0.000000
vn 49.840406 86.326115 7.983477
vn 50.000000 86.602540 0.000000
vn 49.840406 86.326115 -7.983477
vn 47.778640 82.755032 -29.475517
vn 49.454462 85.657641 -14.731758
vn 49.065518 84.983970 -19.243172
vn 48.902894 84.702297 -20.833333
vn 47.778640 82.755032 -29.475517
vn 49.065518 84.983970 -19.243172
vn 49.454462 85.657641 -14.731758
vn 49.840406 86.326115 -7.983477
vn 31.174490 53.995801 78.183148
vn 31.174490 53.995801 78.183148
vn 18.267051 31.639461 93.087375
vn 18.267051 31.639461 93.087375
vn 3.736505 6.471816 99.720380
vn 3.736505 6.471816 99.720380
vn -11.126047 -19.270878 97.492791
vn -11.126047 -19.270878 97.492791
vn -25.000000 -43.301270 86.602540
vn -25.000000 -43.301270 86.602540
vn -36.652594 -63.484154 68.017274
vn -36.652594 -63.484154 68.017274
vn -45.048443 -78.026193 43.388374
vn -45.048443 -78.026193 43.388374
vn -49.441541 -85.635262 14.904227
vn -49.441541 -85.635262 14.904227
vn -49.441541 -85.635262 -14.904227
vn -49.441541 -85.635262 -14.904227
vn -45.048443 -78.026193 -43.388374
vn -45.048443 -78.026193 -43.388374
vn -36.652594 -63.484154 -68.017274
vn -36.652594 -63.484154 -68.017274
vn -25.000000 -43.301270 -86.602540
vn -25.000000 -43.301270 -86.602540
vn -11.126047 -19.270878 -97.492791
vn -11.126047 -19.270878 -97.492791
vn 3.736505 6.471816 -99.720380
vn 3.736505 6.471816 -99.720380
vn 18.267051 31.639461 -93.087375
vn 18.267051 31.639461 -93.087375
vn 31.174490 53.995801 -78.183148
vn 31.174490 53.995801 -78.183148
vn 41.311939 71.554377 -56.332006
vn 41.311939 71.554377 -56.332006
vn 49.065518 84.983970 19.243172
vn 86.602540 -50.000000 -0.000000
vn 86.602540 -50.000000 -0.000000
vn 86.602540 -50.000000 -0.000000
vn 86.602540 -50.000000 -0.000000
vn 86.602540 -50.000000 -0.000000
vn 86.602540 -50.000000 -0.000000
vn 86.602540 -50.000000 -0.000000
vn 86.602540 -50.000000 -0.000000
vn 86.602540 -50.000000 -0.000000
vn 86.602540 -50.000000 -0.000000
vn 86.602540 -50.000000 -0.000000
vn 86.602540 -50.000000 -0.000000
vn 86.602540 -50.000000 -0.000000
vn 86.602540 -50.000000 -0.000000
vn 86.602540 -50.000000 -0.000000
vn 86.602540 -50.000000 -0.000000
vn 86.602540 -50.000000 -0.000000
vn 86.602540 -50.000000 -0.000000
vn 86.602540 -50.000000 -0.000000
vn 86.602540 -50.000000 -0.000000
vn 86.602540 -50.000000 -0.000000
vn 86.602540 -50.000000 -0.000000
vn 86.602540 -50.000000 -0.000000
vn 86.602540 -50.000000 -0.000000
vn 86.602540 -50.000000 -0.000000
vn 86.602540 -50.000000 -0.000000
vn 86.602540 -50.000000 -0.000000
vn 86.602540 -50.000000 -0.000000
vn 86.602540 -50.000000 -0.000000
vn 86.602540 -50.000000 -0.000000
vn 86.602540 -50.000000 -0.000000
vn 86.602540 -50.000000 -0.000000
vn 86.602540 -50.000000 -0.000000
vn 86.602540 -50.000000 -0.000000
vn 86.602540 -50.000000 -0.000000
vn 86.602540 -50.000000 -0.000000
vn 86.602540 -50.000000 -0.000000
vn 86.602540 -50.000000 -0.000000
vn 86.602540 -50.000000 -0.000000
vn 86.602540 -50.000000 -0.000000
vn 86.602540 -50.000000 -0.000000
vn 86.602540 -50.000000 -0.000000
vn -47.778640 -82.755032 -29.475517
vn -47.778640 -82.755032 -29.475517
vn -50.000000 -86.602540 -0.000000
vn -50.000000 -86.602540 -0.000000
vn -47.778640 -82.755032 29.475517
vn -47.778640 -82.755032 29.475517
vn -41.311939 -71.554377 56.332006
vn -41.311939 -71.554377 -56.332006
vn -41.311939 -71.554377 -56.332006
vn -31.174490 -53.995801 -78.183148
vn -31.174490 -53.995801 -78.183148
vn -18.267051 -31.639461 -93.087375
vn -18.267051 -31.639461 -93.087375
vn -3.736505 -6.471816 -99.720380
vn -3.736505 -6.471816 -99.720380
vn 11.126047 19.270878 -97.492791
vn 11.126047 19.270878 -97.492791
vn 25.000000 43.301270 -86.602540
vn 25.000000 43.301270 -86.602540
vn 36.652594 63.484154 -68.017274
vn 36.652594 63.484154 -68.017274
vn 45.048443 78.026193 -43.388374
vn 45.048443 78.026193 -43.388374
vn 49.441541 85.635262 -14.904227
vn 49.441541 85.635262 -14.904227
vn 49.441541 85.635262 14.904227
vn 49.441541 85.635262 14.904227
vn 45.048443 78.026193 43.388374
vn 45.048443 78.026193 43.388374
vn 36.652594 63.484154 68.017274
vn 36.652594 63.484154 68.017274
vn 25.000000 43.301270 86.602540
vn 25.000000 43.301270 86.602540
vn 11.126047 19.270878 97.492791
vn 11.126047 19.270878 97.492791
vn -3.736505 -6.471816 99.720380
vn -3.736505 -6.471816 99.720380
vn -18.267051 -31.639461 93.087375
vn -18.267051 -31.639461 93.087375
vn -31.174490 -53.995801 78.183148
vn -31.174490 -53.995801 78.183148
vn -41.311939 -71.554377 56.332006
vn -86.602540 50.000000 0.000000
vn -86.602540 50.000000 0.000000
vn -86.602540 50.000000 0.000000
vn -86.602540 50.000000 0.000000
vn -86.602540 50.000000 0.000000
vn -86.602540 50.000000 0.000000
vn -86.602540 50.000000 0.000000
vn -86.602540 50.000000 0.000000
vn -86.602540 50.000000 0.000000
vn -86.602540 50.000000 0.000000
vn -86.602540 50.000000 0.000000
vn -86.602540 50.000000 0.000000
vn -86.602540 50.000000 0.000000
vn -86.602540 50.000000 0.000000
vn -86.602540 50.000000 0.000000
vn -86.602540 50.000000 0.000000
vn -86.602540 50.000000 0.000000
vn -86.602540 50.000000 0.000000
vn -86.602540 50.000000 0.000000
vn -86.602540 50.000000 0.000000
vn -86.602540 50.000000 0.000000
vn -86.602540 50.000000 0.000000
vn -86.602540 50.000000 0.000000
vn -86.602540 50.000000 0.000000
vn -86.602540 50.000000 0.000000
vn -86.602540 50.000000 0.000000
vn -86.602540 50.000000 0.000000
vn -86.602540 50.000000 0.000000
vn -86.602540 50.000000 0.000000
vn -86.602540 50.000000 0.000000
vn -86.602540 50.000000 0.000000
vn -86.602540 50.000000 0.000000
vn -86.602540 50.000000 0.000000
vn -86.602540 50.000000 0.000000
vn -86.602540 50.000000 0.000000
vn -86.602540 50.000000 0.000000
vn -86.602540 50.000000 0.000000
vn -86.602540 50.000000 0.000000
vn -86.602540 50.000000 0.000000
vn -86.602540 50.000000 0.000000
vn -86.602540 50.000000 0.000000
vn -86.602540 50.000000 0.000000
vn 43.388374 90.096887 0.000000
vn 43.388374 90.096887 0.000000
vn -0.000000 100.000000 0.000000
vn -0.000000 100.000000 0.000000
vn -43.388374 90.096887 0.000000
vn -43.388374 90.096887 0.000000
vn -78.183148 62.348980 0.000000
vn 78.183148 62.348980 0.000000
vn 78.183148 62.348980 0.000000
vn 97.492791 22.252093 0.000000
vn 97.492791 22.252093 0.000000
vn 97.492791 -22.252093 -0.000000
vn 97.492791 -22.252093 -0.000000
vn 78.183148 -62.348980 -0.000000
vn 78.183148 -62.348980 -0.000000
vn 43.388374 -90.096887 -0.000000
vn 43.388374 -90.096887 -0.000000
vn 0.000000 -100.000000 -0.000000
vn 0.000000 -100.000000 -0.000000
vn -43.388374 -90.096887 -0.000000
vn -43.388374 -90.096887 -0.000000
vn -78.183148 -62.348980 -0.000000
vn -78.183148 -62.348980 -0.000000
vn -97.492791 -22.252093 -0.000000
vn -97.492791 -22.252093 -0.000000
vn -97.492791 22.252093 0.000000
vn -97.492791 22.252093 0.000000
vn -78.183148 62.348980 0.000000
vn 0.000000 -0.000000 100.000000
vn 0.000000 -0.000000 100.000000
vn 0.000000 -0.000000 100.000000
vn 0.000000 -0.000000 100.000000
vn 0.000000 -0.000000 100.000000
vn 0.000000 -0.000000 100.000000
vn 0.000000 -0.000000 100.000000
vn 0.000000 -0.000000 100.000000
vn 0.000000 -0.000000 100.000000
vn 0.000000 -0.000000 100.000000
vn 0.000000 -0.000000 100.000000
vn 0.000000 -0.000000 100.000000
vn 0.000000 -0.000000 100.000000
vn 0.000000 -0.000000 100.000000
vn 43.388374 90.096887 0.000000
vn 43.388374 90.096887 0.000000
vn -0.000000 100.000000 0.000000
vn -0.000000 100.000000 0.000000
vn -43.388374 90.096887 0.000000
vn -43.388374 90.096887 0.000000
vn -78.183148 62.348980 0.000000
vn 78.183148 62.348980 0.000000
vn 78.183148 62.348980 0.000000
vn 97.492791 22.252093 0.000000
vn 97.492791 22.252093 0.000000
vn 97.492791 -22.252093 -0.000000
vn 97.492791 -22.252093 -0.000000
vn 78.183148 -62.348980 -0.000000
vn 78.183148 -62.348980 -0.000000
vn 43.388374 -90.096887 -0.000000
vn 43.388374 -90.096887 -0.000000
vn 0.000000 -100.000000 -0.000000
vn 0.000000 -100.000000 -0.000000
vn -43.388374 -90.096887 -0.000000
vn -43.388374 -90.096887 -0.000000
vn -78.183148 -62.348980 -0.000000
vn -78.183148 -62.348980 -0.000000
vn -97.492791 -22.252093 -0.000000
vn -97.492791 -22.252093 -0.000000
vn -97.492791 22.252093 0.000000
vn -97.492791 22.252093 0.000000
vn -78.183148 62.348980 0.000000
vn 0.000000 -0.000000 100.000000
vn 0.000000 -0.000000 100.000000
vn 0.000000 -0.000000 100.000000
vn 0.000000 -0.000000 100.000000
vn 0.000000 -0.000000 100.000000
vn 0.000000 -0.000000 100.000000
vn 0.000000 -0.000000 100.000000
vn 0.000000 -0.000000 100.000000
vn 0.000000 -0.000000 100.000000
vn 0.000000 -0.000000 100.000000
vn 0.000000 -0.000000 100.000000
vn 0.000000 -0.000000 100.000000
vn 0.000000 -0.000000 100.000000
vn 0.000000 -0.000000 100.000000
vn 36.124167 93.247223 0.000000
vn 36.124167 93.247223 0.000000
vn -0.000000 100.000000 0.000000
vn -0.000000 100.000000 0.000000
vn -36.124167 93.247223 0.000000
vn -36.124167 93.247223 0.000000
vn -67.369564 73.900892 0.000000
vn 67.369564 73.900892 0.000000
vn 67.369564 73.900892 0.000000
vn 89.516329 44.573836 0.000000
vn 89.516329 44.573836 0.000000
vn 99.573418 9.226836 0.000000
vn 99.573418 9.226836 0.000000
vn 96.182564 -27.366299 -0.000000
vn 96.182564 -27.366299 -0.000000
vn 79.801723 -60.263464 -0.000000
vn 79.801723 -60.263464 -0.000000
vn 52.643216 -85.021714 -0.000000
vn 52.643216 -85.021714 -0.000000
vn 18.374952 -98.297310 -0.000000
vn 18.374952 -98.297310 -0.000000
vn -18.374952 -98.297310 -0.000000
vn -18.374952 -98.297310 -0.000000
vn -52.643216 -85.021714 -0.000000
vn -52.643216 -85.021714 -0.000000
vn -79.801723 -60.263464 -0.000000
vn -79.801723 -60.263464 -0.000000
vn -96.182564 -27.366299 -0.000000
vn -96.182564 -27.366299 -0.000000
vn -99.573418 9.226836 0.000000
vn -99.573418 9.226836 0.000000
vn -89.516329 44.573836 0.000000
vn -89.516329 44.573836 0.000000
vn -67.369564 73.900892 0.000000
vn 0.000000 -0.000000 100.000000
vn 0.000000 -0.000000 100.000000
vn 0.000000 -0.000000 100.000000
vn 0.000000 -0.000000 100.000000
vn 0.000000 -0.000000 100.000000
vn 0.000000 -0.000000 100.000000
vn 0.000000 -0.000000 100.000000
vn 0.000000 -0.000000 100.000000
vn 0.000000 -0.000000 100.000000
vn 0.000000 -0.000000 100.000000
vn 0.000000 -0.000000 100.000000
vn 0.000000 -0.000000 100.000000
vn 0.000000 -0.000000 100.000000
vn 0.000000 -0.000000 100.000000
vn 0.000000 -0.000000 100.000000
vn 0.000000 -0.000000 100.000000
vn 0.000000 -0.000000 100.000000
vn 0.000000 -0.000000 100.000000
vn 0.000000 -0.000000 100.000000
vn 0.000000 -0.000000 100.000000
vn 0.000000 -0.000000 100.000000
vn 0.000000 -0.000000 100.000000
vn 0.000000 -0.000000 100.000000
vn 0.000000 -0.000000 100.000000
vn 0.000000 -0.000000 100.000000
vn 0.000000 -0.000000 100.000000
vn 0.000000 -0.000000 100.000000
vn 0.000000 -0.000000 100.000000
vn 0.000000 -0.000000 100.000000
vn 0.000000 -0.000000 100.000000
vn 0.000000 -0.000000 100.000000
vn 36.124167 93.247223 0.000000
vn 36.124167 93.247223 0.000000
vn -0.000000 100.000000 0.000000
vn -0.000000 100.000000 0.000000
vn -36.124167 93.247223 0.000000
vn -36.124167 93.247223 0.000000
vn -67.369564 73.900892 0.000000
vn 67.369564 73.900892 0.000000
vn 67.369564 73.900892 0.000000
vn 89.516329 44.573836 0.000000
vn 89.516329 44.573836 0.000000
vn 99.573418 9.226836 0.000000
vn 99.573418 9.226836 0.000000
vn 96.182564 -27.366299 -0.000000
vn 96.182564 -27.366299 -0.000000
vn 79.801723 -60.263464 -0.000000
vn 79.801723 -60.263464 -0.000000
vn 52.643216 -85.021714 -0.000000
vn 52.643216 -85.021714 -0.000000
vn 18.374952 -98.297310 -0.000000
vn 18.374952 -98.297310 -0.000000
vn -18.374952 -98.297310 -0.000000
vn -18.374952 -98.297310 -0.000000
vn -52.643216 -85.021714 -0.000000
vn -52.643216 -85.021714 -0.000000
vn -79.801723 -60.263464 -0.000000
vn -79.801723 -60.263464 -0.000000
vn -96.182564 -27.366299 -0.000000
vn -96.182564 -27.366299 -0.000000
vn -99.573418 9.226836 0.000000
vn -99.573418 9.226836 0.000000
vn -89.516329 44.573836 0.000000
vn -89.516329 44.573836 0.000000
vn -67.369564 73.900892 0.000000
vn 0.000000 -0.000000 100.000000
vn 0.000000 -0.000000 100.000000
vn 0.000000 -0.000000 100.000000
vn 0.000000 -0.000000 100.000000
vn 0.000000 -0.000000 100.000000
vn 0.000000 -0.000000 100.000000
vn 0.000000 -0.000000 100.000000
vn 0.000000 -0.000000 100.000000
vn 0.000000 -0.000000 100.000000
vn 0.000000 -0.000000 100.000000
vn 0.000000 -0.000000 100.000000
vn 0.000000 -0.000000 100.000000
vn 0.000000 -0.000000 100.000000
vn 0.000000 -0.000000 100.000000
vn 0.000000 -0.000000 100.000000
vn 0.000000 -0.000000 100.000000
vn 0.000000 -0.000000 100.000000
vn 0.000000 -0.000000 100.000000
vn 0.000000 -0.000000 100.000000
vn 0.000000 -0.000000 100.000000
vn 0.000000 -0.000000 100.000000
vn 0.000000 -0.000000 100.000000
vn 0.000000 -0.000000 100.000000
vn 0.000000 -0.000000 100.000000
vn 0.000000 -0.000000 100.000000
vn 0.000000 -0.000000 100.000000
vn 0.000000 -0.000000 100.000000
vn 0.000000 -0.000000 100.000000
vn 0.000000 -0.000000 100.000000
vn 0.000000 -0.000000 100.000000
vn 0.000000 -0.000000 100.000000
vn 0.000000 -100.000000 -0.000000
vn 0.000000 -100.000000 -0.000000
vn 0.000000 -100.000000 -0.000000
vn 0.000000 -100.000000 -0.000000
vn 100.000000 0.000000 0.000000
vn 100.000000 0.000000 0.000000
vn 100.000000 0.000000 0.000000
vn 100.000000 0.000000 0.000000
vn -0.000000 100.000000 0.000000
vn -0.000000 100.000000 0.000000
vn -0.000000 100.000000 0.000000
vn -0.000000 100.000000 0.000000
vn -100.000000 -0.000000 -0.000000
vn -100.000000 -0.000000 -0.000000
vn -100.000000 -0.000000 -0.000000
vn -100.000000 -0.000000 -0.000000
vn 0.000000 0.000000 -100.000000
vn 0.000000 0.000000 -100.000000
vn 0.000000 0.000000 -100.000000
vn 0.000000 0.000000 -100.000000
vn 75.000000 -43.301270 50.000000
vn 79.991521 -46.183126 38.320692
vn 86.602540 -50.000000 0.000000
vn 86.602540 -50.000000 0.000000
vn 79.991521 -46.183126 -38.320692
vn 61.235720 -35.354460 70.712437
vn 43.301270 -25.000000 86.602540
vn 33.184657 -19.159171 92.367228
vn 0.000000 -0.000000 100.000000
vn -0.000000 0.000000 100.000000
vn -33.184657 19.159171 92.367228
vn -43.301270 25.000000 86.602540
vn -61.235720 35.354460 70.712437
vn -75.000000 43.301270 50.000000
vn -79.991521 46.183126 38.320692
vn -86.602540 50.000000 -0.000000
vn -86.602540 50.000000 0.000000
vn -79.991521 46.183126 -38.320692
vn -75.000000 43.301270 -50.000000
vn -61.235720 35.354460 -70.712437
vn -43.301270 25.000000 -86.602540
vn -33.184657 19.159171 -92.367228
vn 0.000000 -0.000000 -100.000000
vn -0.000000 0.000000 -100.000000
vn 33.184657 -19.159171 -92.367228
vn 43.301270 -25.000000 -86.602540
vn 61.235720 -35.354460 -70.712437
vn 75.000000 -43.301270 -50.000000
vn 75.000000 43.301270 -50.000000
vn 79.991521 46.183126 -38.320692
vn 86.602540 50.000000 -0.000000
vn 86.602540 50.000000 -0.000000
vn 79.991521 46.183126 38.320692
vn 61.235720 35.354460 -70.712437
vn 43.301270 25.000000 -86.602540
vn 33.184657 19.159171 -92.367228
vn 0.000000 0.000000 -100.000000
vn -0.000000 -0.000000 -100.000000
vn -33.184657 -19.159171 -92.367228
vn -43.301270 -25.000000 -86.602540
vn -61.235720 -35.354460 -70.712437
vn -75.000000 -43.301270 -50.000000
vn -79.991521 -46.183126 -38.320692
vn -86.602540 -50.000000 -0.000000
vn -86.602540 -50.000000 0.000000
vn -79.991521 -46.183126 38.320692
vn -75.000000 -43.301270 50.000000
vn -61.235720 -35.354460 70.712437
vn -43.301270 -25.000000 86.602540
vn -33.184657 -19.159171 92.367228
vn 0.000000 0.000000 100.000000
vn -0.000000 -0.000000 100.000000
vn 33.184657 19.159171 92.367228
vn 43.301270 25.000000 86.602540
vn 61.235720 35.354460 70.712437
vn 75.000000 43.301270 50.000000
vn 86.602540 50.000000 0.000000
vn 86.602540 50.000000 0.000000
vn 86.602540 50.000000 0.000000
vn 86.602540 50.000000 0.000000
vn 86.602540 50.000000 0.000000
vn 86.602540 50.000000 0.000000
vn 86.602540 50.000000 0.000000
vn 86.602540 50.000000 0.000000
vn 86.602540 50.000000 0.000000
vn 86.602540 50.000000 0.000000
vn 86.602540 50.000000 0.000000
vn 86.602540 50.000000 0.000000
vn 86.602540 50.000000 0.000000
vn 86.602540 50.000000 0.000000
vn 86.602540 50.000000 0.000000
vn 86.602540 50.000000 0.000000
vn 86.602540 50.000000 0.000000
vn 86.602540 50.000000 0.000000
vn 86.602540 50.000000 0.000000
vn 86.602540 50.000000 0.000000
vn 86.602540 50.000000 0.000000
vn 86.602540 50.000000 0.000000
vn 86.602540 50.000000 0.000000
vn 86.602540 50.000000 0.000000
vn 86.602540 50.000000 0.000000
vn 86.602540 50.000000 0.000000
vn 86.602540 50.000000 0.000000
vn 86.602540 50.000000 0.000000
vn 86.602540 50.000000 0.000000
vn 86.602540 50.000000 0.000000
vn 86.602540 50.000000 0.000000
vn 86.602540 50.000000 0.000000
vn 86.602540 50.000000 0.000000
vn 86.602540 50.000000 0.000000
vn 86.602540 50.000000 0.000000
vn 86.602540 50.000000 0.000000
vn 86.602540 50.000000 0.000000
vn 86.602540 50.000000 0.000000
vn 86.602540 50.000000 0.000000
vn 86.602540 50.000000 0.000000
vn 86.602540 50.000000 0.000000
vn 86.602540 50.000000 0.000000
vn -47.778640 82.755032 29.475517
vn -47.778640 82.755032 29.475517
vn -50.000000 86.602540 0.000000
vn -50.000000 86.602540 0.000000
vn -47.778640 82.755032 -29.475517
vn -47.778640 82.755032 -29.475517
vn -41.311939 71.554377 -56.332006
vn -41.311939 71.554377 56.332006
vn -41.311939 71.554377 56.332006
vn -31.174490 53.995801 78.183148
vn -31.174490 53.995801 78.183148
vn -18.267051 31.639461 93.087375
vn -18.267051 31.639461 93.087375
vn -3.736505 6.471816 99.720380
vn -3.736505 6.471816 99.720380
vn 11.126047 -19.270878 97.492791
vn 11.126047 -19.270878 97.492791
vn 25.000000 -43.301270 86.602540
vn 25.000000 -43.301270 86.602540
vn 36.652594 -63.484154 68.017274
vn 36.652594 -63.484154 68.017274
vn 45.048443 -78.026193 43.388374
vn 45.048443 -78.026193 43.388374
vn 49.441541 -85.635262 14.904227
vn 49.441541 -85.635262 14.904227
vn 49.441541 -85.635262 -14.904227
vn 49.441541 -85.635262 -14.904227
vn 45.048443 -78.026193 -43.388374
vn 45.048443 -78.026193 -43.388374
vn 36.652594 -63.484154 -68.017274
vn 36.652594 -63.484154 -68.017274
vn 25.000000 -43.301270 -86.602540
vn 25.000000 -43.301270 -86.602540
vn 11.126047 -19.270878 -97.492791
vn 11.126047 -19.270878 -97.492791
vn -3.736505 6.471816 -99.720380
vn -3.736505 6.471816 -99.720380
vn -18.267051 31.639461 -93.087375
vn -18.267051 31.639461 -93.087375
vn -31.174490 53.995801 -78.183148
vn -31.174490 53.995801 -78.183148
vn -41.311939 71.554377 -56.332006
vn 49.065518 -84.983970 -19.243172
vn 47.778640 -82.755032 -29.475517
vn 48.902894 -84.702297 -20.833333
vn 47.778640 -82.755032 -29.475517
vn 49.065518 -84.983970 -19.243172
vn 49.454462 -85.657641 -14.731758
vn 49.840406 -86.326115 -7.983477
vn 50.000000 -86.602540 -0.000000
vn 50.000000 -86.602540 -0.000000
vn 49.840406 -86.326115 7.983477
vn 49.454462 -85.657641 14.731758
vn 47.778640 -82.755032 29.475517
vn 49.065518 -84.983970 19.243172
vn 48.902894 -84.702297 20.833333
vn 47.778640 -82.755032 29.475517
vn 49.065518 -84.983970 19.243172
vn 49.454462 -85.657641 14.731758
vn 50.000000 -86.602540 -0.000000
vn 49.840406 -86.326115 7.983477
vn 50.000000 -86.602540 -0.000000
vn 49.840406 -86.326115 -7.983477
vn 49.454462 -85.657641 -14.731758
vn 41.311939 -71.554377 56.332006
vn 41.311939 -71.554377 56.332006
vn 31.174490 -53.995801 78.183148
vn 31.174490 -53.995801 78.183148
vn 18.267051 -31.639461 93.087375
vn 18.267051 -31.639461 93.087375
vn 3.736505 -6.471816 99.720380
vn 3.736505 -6.471816 99.720380
vn -11.126047 19.270878 97.492791
vn -11.126047 19.270878 97.492791
vn -25.000000 43.301270 86.602540
vn -25.000000 43.301270 86.602540
vn -36.652594 63.484154 68.017274
vn -36.652594 63.484154 68.017274
vn -45.048443 78.026193 43.388374
vn -45.048443 78.026193 43.388374
vn -49.441541 85.635262 14.904227
vn -49.441541 85.635262 14.904227
vn -49.441541 85.635262 -14.904227
vn -49.441541 85.635262 -14.904227
vn -45.048443 78.026193 -43.388374
vn -45.048443 78.026193 -43.388374
vn -36.652594 63.484154 -68.017274
vn -36.652594 63.484154 -68.017274
vn -25.000000 43.301270 -86.602540
vn -25.000000 43.301270 -86.602540
vn -11.126047 19.270878 -97.492791
vn -11.126047 19.270878 -97.492791
vn 3.736505 -6.471816 -99.720380
vn 3.736505 -6.471816 -99.720380
vn 18.267051 -31.639461 -93.087375
vn 18.267051 -31.639461 -93.087375
vn 31.174490 -53.995801 -78.183148
vn 31.174490 -53.995801 -78.183148
vn 41.311939 -71.554377 -56.332006
vn 41.311939 -71.554377 -56.332006
vn -86.602540 -50.000000 -0.000000
vn -86.602540 -50.000000 -0.000000
vn -86.602540 -50.000000 -0.000000
vn -86.602540 -50.000000 -0.000000
vn -86.602540 -50.000000 -0.000000
vn -86.602540 -50.000000 -0.000000
vn -86.602540 -50.000000 -0.000000
vn -86.602540 -50.000000 -0.000000
vn -86.602540 -50.000000 -0.000000
vn -86.602540 -50.000000 -0.000000
vn -86.602540 -50.000000 -0.000000
vn -86.602540 -50.000000 -0.000000
vn -86.602540 -50.000000 -0.000000
vn -86.602540 -50.000000 -0.000000
vn -86.602540 -50.000000 -0.000000
vn -86.602540 -50.000000 -0.000000
vn -86.602540 -50.000000 -0.000000
vn -86.602540 -50.000000 -0.000000
vn -86.602540 -50.000000 -0.000000
vn -86.602540 -50.000000 -0.000000
vn -86.602540 -50.000000 -0.000000
vn -86.602540 -50.000000 -0.000000
vn -86.602540 -50.000000 -0.000000
vn -86.602540 -50.000000 -0.000000
vn -86.602540 -50.000000 -0.000000
vn -86.602540 -50.000000 -0.000000
vn -86.602540 -50.000000 -0.000000
vn -86.602540 -50.000000 -0.000000
vn -86.602540 -50.000000 -0.000000
vn -86.602540 -50.000000 -0.000000
vn -86.602540 -50.000000 -0.000000
vn -86.602540 -50.000000 -0.000000
vn -86.602540 -50.000000 -0.000000
vn -86.602540 -50.000000 -0.000000
vn -86.602540 -50.000000 -0.000000
vn -86.602540 -50.000000 -0.000000
vn -86.602540 -50.000000 -0.000000
vn -86.602540 -50.000000 -0.000000
vn -86.602540 -50.000000 -0.000000
vn -86.602540 -50.000000 -0.000000
vn -86.602540 -50.000000 -0.000000
vn -86.602540 -50.000000 -0.000000
vn -23.500640 0.000000 -97.199382
vn -36.534102 0.000000 -93.087375
vn -47.548383 0.000000 -87.972446
vn -62.348980 0.000000 -78.183148
vn -69.205679 0.000000 -72.184306
vn -82.623877 -0.000000 -56.332006
vn -85.891904 -0.000000 -51.211140
vn -95.557281 -0.000000 -29.475517
vn -96.408481 -0.000000 -26.559458
vn -100.000000 -0.000000 -0.000000
vn -100.000000 -0.000000 -0.000000
vn -96.408481 -0.000000 26.559458
vn -95.557281 -0.000000 29.475517
vn -85.891904 -0.000000 51.211140
vn -82.623877 -0.000000 56.332006
vn -69.205679 -0.000000 72.184306
vn -62.348980 -0.000000 78.183148
vn -47.548383 -0.000000 87.972446
vn -36.534102 -0.000000 93.087375
vn -23.500640 -0.000000 97.199382
vn -7.473009 -0.000000 99.720380
vn 2.106208 -0.000000 99.977817
vn 22.252093 -0.000000 97.492791
vn 27.573323 -0.000000 96.123420
vn 50.000000 -0.000000 86.602540
vn 51.211140 -0.000000 85.891904
vn 71.451455 0.000000 69.962058
vn 73.305187 0.000000 68.017274
vn 86.951463 0.000000 49.390718
vn 90.096887 0.000000 43.388374
vn 96.682848 0.000000 25.542647
vn 98.883083 0.000000 14.904227
vn 100.000000 0.000000 0.000000
vn 98.883083 0.000000 -14.904227
vn 96.682848 0.000000 -25.542647
vn 90.096887 0.000000 -43.388374
vn 86.951463 0.000000 -49.390718
vn 73.305187 0.000000 -68.017274
vn 71.451455 0.000000 -69.962058
vn 50.000000 0.000000 -86.602540
vn 51.211140 0.000000 -85.891904
vn 27.573323 0.000000 -96.123420
vn 22.252093 0.000000 -97.492791
vn 2.106208 0.000000 -99.977817
vn -7.473009 0.000000 -99.720380
vn -23.500640 -0.000000 97.199382
vn -47.548383 -0.000000 87.972446
vn -69.205679 -0.000000 72.184306
vn -85.891904 -0.000000 51.211140
vn -96.408481 -0.000000 26.559458
vn -100.000000 -0.000000 0.000000
vn -96.408481 -0.000000 -26.559458
vn -85.891904 -0.000000 -51.211140
vn -69.205679 0.000000 -72.184306
vn -47.548383 0.000000 -87.972446
vn -23.500640 0.000000 -97.199382
vn 2.106208 0.000000 -99.977817
vn 27.573323 0.000000 -96.123420
vn 51.211140 0.000000 -85.891904
vn 71.451455 0.000000 -69.962058
vn 86.951463 0.000000 -49.390718
vn 96.682848 0.000000 -25.542647
vn 100.000000 0.000000 -0.000000
vn 96.682848 0.000000 25.542647
vn 86.951463 0.000000 49.390718
vn 71.451455 0.000000 69.962058
vn 51.211140 -0.000000 85.891904
vn 27.573323 -0.000000 96.123420
vn 2.106208 -0.000000 99.977817
vn 0.000000 -100.000000 -0.000000
vn 0.000000 -100.000000 -0.000000
vn 0.000000 -100.000000 -0.000000
vn 0.000000 -100.000000 -0.000000
vn 0.000000 -100.000000 -0.000000
vn 0.000000 -100.000000 -0.000000
vn 0.000000 -100.000000 -0.000000
vn 0.000000 -100.000000 -0.000000
vn 0.000000 -100.000000 -0.000000
vn 0.000000 -100.000000 -0.000000
vn 0.000000 -100.000000 -0.000000
vn 0.000000 -100.000000 -0.000000
vn 0.000000 -100.000000 -0.000000
vn 0.000000 -100.000000 -0.000000
vn 0.000000 -100.000000 -0.000000
vn 0.000000 -100.000000 -0.000000
vn 0.000000 -100.000000 -0.000000
vn 0.000000 -100.000000 -0.000000
vn 0.000000 -100.000000 -0.000000
vn 0.000000 -100.000000 -0.000000
vn 0.000000 -100.000000 -0.000000
vn 0.000000 -100.000000 -0.000000
vn 0.000000 -100.000000 -0.000000
vn 0.000000 -100.000000 -0.000000
vn 0.000000 -100.000000 -0.000000
vn 0.000000 -100.000000 -0.000000
vn 0.000000 -100.000000 -0.000000
vn 0.000000 -100.000000 -0.000000
vn -0.000000 100.000000 0.000000
vn -0.000000 100.000000 0.000000
vn -0.000000 100.000000 0.000000
vn -0.000000 100.000000 0.000000
vn -0.000000 100.000000 0.000000
vn -0.000000 100.000000 0.000000
vn -0.000000 100.000000 0.000000
vn -0.000000 100.000000 0.000000
vn -0.000000 100.000000 0.000000
vn -0.000000 100.000000 0.000000
vn -0.000000 100.000000 0.000000
vn -0.000000 100.000000 0.000000
vn -0.000000 100.000000 0.000000
vn -0.000000 100.000000 0.000000
vn -0.000000 100.000000 0.000000
vn -0.000000 100.000000 0.000000
vn -0.000000 100.000000 0.000000
vn -0.000000 100.000000 0.000000
vn -0.000000 100.000000 0.000000
vn -0.000000 100.000000 0.000000
vn -0.000000 100.000000 0.000000
vn -0.000000 100.000000 0.000000
vn -0.000000 100.000000 0.000000
vn -0.000000 100.000000 0.000000
vn -0.000000 100.000000 0.000000
vn -0.000000 100.000000 0.000000
vn -0.000000 100.000000 0.000000
vn -0.000000 100.000000 0.000000
vn 29.475517 95.557281 0.000000
vn 29.475517 95.557281 0.000000
vn -0.000000 100.000000 0.000000
vn -0.000000 100.000000 0.000000
vn -29.475517 95.557281 0.000000
vn -29.475517 95.557281 0.000000
vn -56.332006 82.623877 0.000000
vn 56.332006 82.623877 0.000000
vn 56.332006 82.623877 0.000000
vn 78.183148 62.348980 0.000000
vn 78.183148 62.348980 0.000000
vn 93.087375 36.534102 0.000000
vn 93.087375 36.534102 0.000000
vn 99.720380 7.473009 0.000000
vn 99.720380 7.473009 0.000000
vn 97.492791 -22.252093 -0.000000
vn 97.492791 -22.252093 -0.000000
vn 86.602540 -50.000000 -0.000000
vn 86.602540 -50.000000 -0.000000
vn 68.017274 -73.305187 -0.000000
vn 68.017274 -73.305187 -0.000000
vn 43.388374 -90.096887 -0.000000
vn 43.388374 -90.096887 -0.000000
vn 14.904227 -98.883083 -0.000000
vn 14.904227 -98.883083 -0.000000
vn -14.904227 -98.883083 -0.000000
vn -14.904227 -98.883083 -0.000000
vn -43.388374 -90.096887 -0.000000
vn -43.388374 -90.096887 -0.000000
vn -68.017274 -73.305187 -0.000000
vn -68.017274 -73.305187 -0.000000
vn -86.602540 -50.000000 -0.000000
vn -86.602540 -50.000000 -0.000000
vn -97.492791 -22.252093 -0.000000
vn -97.492791 -22.252093 -0.000000
vn -99.720380 7.473009 0.000000
vn -99.720380 7.473009 0.000000
vn -93.087375 36.534102 0.000000
vn -93.087375 36.534102 0.000000
vn -78.183148 62.348980 0.000000
vn -78.183148 62.348980 0.000000
vn -56.332006 82.623877 0.000000
vn 29.475517 95.557281 0.000000
vn 29.475517 95.557281 0.000000
vn -0.000000 100.000000 0.000000
vn -0.000000 100.000000 0.000000
vn -29.475517 95.557281 0.000000
vn -29.475517 95.557281 0.000000
vn -56.332006 82.623877 0.000000
vn 56.332006 82.623877 0.000000
vn 56.332006 82.623877 0.000000
vn 78.183148 62.348980 0.000000
vn 78.183148 62.348980 0.000000
vn 93.087375 36.534102 0.000000
vn 93.087375 36.534102 0.000000
vn 99.720380 7.473009 0.000000
vn 99.720380 7.473009 0.000000
vn 97.492791 -22.252093 -0.000000
vn 97.492791 -22.252093 -0.000000
vn 86.602540 -50.000000 -0.000000
vn 86.602540 -50.000000 -0.000000
vn 68.017274 -73.305187 -0.000000
vn 68.017274 -73.305187 -0.000000
vn 43.388374 -90.096887 -0.000000
vn 43.388374 -90.096887 -0.000000
vn 14.904227 -98.883083 -0.000000
vn 14.904227 -98.883083 -0.000000
vn -14.904227 -98.883083 -0.000000
vn -14.904227 -98.883083 -0.000000
vn -43.388374 -90.096887 -0.000000
vn -43.388374 -90.096887 -0.000000
vn -68.017274 -73.305187 -0.000000
vn -68.017274 -73.305187 -0.000000
vn -86.602540 -50.000000 -0.000000
vn -86.602540 -50.000000 -0.000000
vn -97.492791 -22.252093 -0.000000
vn -97.492791 -22.252093 -0.000000
vn -99.720380 7.473009 0.000000
vn -99.720380 7.473009 0.000000
vn -93.087375 36.534102 0.000000
vn -93.087375 36.534102 0.000000
vn -78.183148 62.348980 0.000000
vn -78.183148 62.348980 0.000000
vn -56.332006 82.623877 0.000000
vn 29.475517 95.557281 0.000000
vn 29.475517 95.557281 0.000000
vn -0.000000 100.000000 0.000000
vn -0.000000 100.000000 0.000000
vn -29.475517 95.557281 0.000000
vn -29.475517 95.557281 0.000000
vn -56.332006 82.623877 0.000000
vn 56.332006 82.623877 0.000000
vn 56.332006 82.623877 0.000000
vn 78.183148 62.348980 0.000000
vn 78.183148 62.348980 0.000000
vn 93.087375 36.534102 0.000000
vn 93.087375 36.534102 0.000000
vn 99.720380 7.473009 0.000000
vn 99.720380 7.473009 0.000000
vn 97.492791 -22.252093 -0.000000
vn 97.492791 -22.252093 -0.000000
vn 86.602540 -50.000000 -0.000000
vn 86.602540 -50.000000 -0.000000
vn 68.017274 -73.305187 -0.000000
vn 68.017274 -73.305187 -0.000000
vn 43.388374 -90.096887 -0.000000
vn 43.388374 -90.096887 -0.000000
vn 14.904227 -98.883083 -0.000000
vn 14.904227 -98.883083 -0.000000
vn -14.904227 -98.883083 -0.000000
vn -14.904227 -98.883083 -0.000000
vn -43.388374 -90.096887 -0.000000
vn -43.388374 -90.096887 -0.000000
vn -68.017274 -73.305187 -0.000000
vn -68.017274 -73.305187 -0.000000
vn -86.602540 -50.000000 -0.000000
vn -86.602540 -50.000000 -0.000000
vn -97.492791 -22.252093 -0.000000
vn -97.492791 -22.252093 -0.000000
vn -99.720380 7.473009 0.000000
vn -99.720380 7.473009 0.000000
vn -93.087375 36.534102 0.000000
vn -93.087375 36.534102 0.000000
vn -78.183148 62.348980 0.000000
vn -78.183148 62.348980 0.000000
vn -56.332006 82.623877 0.000000
vn 0.000000 0.000000 -100.000000
vn 0.000000 0.000000 -100.000000
vn 0.000000 0.000000 -100.000000
vn 0.000000 0.000000 -100.000000
vn 0.000000 0.000000 -100.000000
vn 0.000000 0.000000 -100.000000
vn 0.000000 0.000000 -100.000000
vn 0.000000 0.000000 -100.000000
vn 0.000000 0.000000 -100.000000
vn 0.000000 0.000000 -100.000000
vn 0.000000 0.000000 -100.000000
vn 0.000000 0.000000 -100.000000
vn 0.000000 0.000000 -100.000000
vn 0.000000 0.000000 -100.000000
vn 0.000000 0.000000 -100.000000
vn 0.000000 0.000000 -100.000000
vn 0.000000 0.000000 -100.000000
vn 0.000000 0.000000 -100.000000
vn 0.000000 0.000000 -100.000000
vn 0.000000 0.000000 -100.000000
vn 0.000000 0.000000 -100.000000
vn 0.000000 0.000000 -100.000000
vn 0.000000 0.000000 -100.000000
vn 0.000000 0.000000 -100.000000
vn 0.000000 0.000000 -100.000000
vn 0.000000 0.000000 -100.000000
vn 0.000000 0.000000 -100.000000
vn 0.000000 0.000000 -100.000000
vn 0.000000 0.000000 -100.000000
vn 0.000000 0.000000 -100.000000
vn 0.000000 0.000000 -100.000000
vn 0.000000 0.000000 -100.000000
vn 0.000000 0.000000 -100.000000
vn 0.000000 0.000000 -100.000000
vn 0.000000 0.000000 -100.000000
vn 0.000000 0.000000 -100.000000
vn 0.000000 0.000000 -100.000000
vn 0.000000 0.000000 -100.000000
vn 0.000000 0.000000 -100.000000
vn 0.000000 0.000000 -100.000000
vn 0.000000 0.000000 -100.000000
vn 0.000000 0.000000 -100.000000
vn 0.000000 0.000000 -100.000000
vn 0.000000 0.000000 -100.000000
vn 0.000000 0.000000 -100.000000
vn 0.000000 0.000000 -100.000000
vn 0.000000 0.000000 -100.000000
vn 0.000000 0.000000 -100.000000
vn 0.000000 0.000000 -100.000000
vn 0.000000 0.000000 -100.000000
vn 0.000000 0.000000 -100.000000
vn 0.000000 0.000000 -100.000000
vn 0.000000 0.000000 -100.000000
vn 0.000000 0.000000 -100.000000
vn 0.000000 0.000000 -100.000000
vn 0.000000 0.000000 -100.000000
vn 0.000000 0.000000 -100.000000
vn 0.000000 0.000000 -100.000000
vn 0.000000 0.000000 -100.000000
vn 0.000000 0.000000 -100.000000
vn 0.000000 0.000000 -100.000000
vn 0.000000 0.000000 -100.000000
vn 0.000000 0.000000 -100.000000
vn 0.000000 0.000000 -100.000000
vn 0.000000 0.000000 -100.000000
vn 0.000000 0.000000 -100.000000
vn 0.000000 0.000000 -100.000000
vn 0.000000 0.000000 -100.000000
vn 0.000000 0.000000 -100.000000
vn 0.000000 0.000000 -100.000000
vn 0.000000 0.000000 -100.000000
vn 0.000000 0.000000 -100.000000
vn 0.000000 0.000000 -100.000000
vn 0.000000 0.000000 -100.000000
vn 0.000000 0.000000 -100.000000
vn 0.000000 0.000000 -100.000000
vn 0.000000 0.000000 -100.000000
vn 0.000000 0.000000 -100.000000
vn 0.000000 0.000000 -100.000000
vn 0.000000 0.000000 -100.000000
vn 0.000000 0.000000 -100.000000
vn 0.000000 0.000000 -100.000000
vn 0.000000 0.000000 -100.000000
vn 0.000000 0.000000 -100.000000
vn 0.000000 0.000000 -100.000000
vn 0.000000 0.000000 -100.000000
vn 0.000000 0.000000 -100.000000
vn 0.000000 0.000000 -100.000000
vn 0.000000 0.000000 -100.000000
vn 0.000000 0.000000 -100.000000
vn 0.000000 0.000000 -100.000000
vn 0.000000 0.000000 -100.000000
vn 0.000000 0.000000 -100.000000
vn 0.000000 0.000000 -100.000000
vn 0.000000 0.000000 -100.000000
vn 0.000000 0.000000 -100.000000
vn 0.000000 0.000000 -100.000000
vn 0.000000 0.000000 -100.000000
vn 0.000000 0.000000 -100.000000
vn 0.000000 0.000000 -100.000000
vn 0.000000 0.000000 -100.000000
vn 0.000000 0.000000 -100.000000
vn -50.000000 86.602540 0.000000
vn -50.000000 86.602540 0.000000
vn -50.000000 86.602540 0.000000
vn -50.000000 86.602540 0.000000
vn -50.000000 86.602540 0.000000
vn -50.000000 86.602540 0.000000
vn -50.000000 86.602540 0.000000
vn -50.000000 86.602540 0.000000
vn -50.000000 86.602540 0.000000
vn -50.000000 86.602540 0.000000
vn -50.000000 86.602540 0.000000
vn -50.000000 86.602540 0.000000
vn -50.000000 86.602540 0.000000
vn -50.000000 86.602540 0.000000
vn -50.000000 86.602540 0.000000
vn -50.000000 86.602540 0.000000
vn -50.000000 86.602540 0.000000
vn -50.000000 86.602540 0.000000
vn -50.000000 86.602540 0.000000
vn -50.000000 86.602540 0.000000
vn -50.000000 86.602540 0.000000
vn -50.000000 86.602540 0.000000
vn -50.000000 86.602540 0.000000
vn -50.000000 86.602540 0.000000
vn -50.000000 86.602540 0.000000
vn -50.000000 86.602540 0.000000
vn -50.000000 86.602540 0.000000
vn -50.000000 86.602540 0.000000
vn -50.000000 86.602540 0.000000
vn -50.000000 86.602540 0.000000
vn -50.000000 86.602540 0.000000
vn -50.000000 86.602540 0.000000
vn -50.000000 86.602540 0.000000
vn -50.000000 -86.602540 -0.000000
vn -50.000000 -86.602540 -0.000000
vn -50.000000 -86.602540 -0.000000
vn -50.000000 -86.602540 -0.000000
vn -50.000000 -86.602540 -0.000000
vn -50.000000 -86.602540 -0.000000
vn -50.000000 -86.602540 -0.000000
vn -50.000000 -86.602540 -0.000000
vn -50.000000 -86.602540 -0.000000
vn -50.000000 -86.602540 -0.000000
vn -50.000000 -86.602540 -0.000000
vn -50.000000 -86.602540 -0.000000
vn -50.000000 -86.602540 -0.000000
vn -50.000000 -86.602540 -0.000000
vn -50.000000 -86.602540 -0.000000
vn -50.000000 -86.602540 -0.000000
vn -50.000000 -86.602540 -0.000000
vn -50.000000 -86.602540 -0.000000
vn -50.000000 -86.602540 -0.000000
vn -50.000000 -86.602540 -0.000000
vn -50.000000 -86.602540 -0.000000
vn -50.000000 -86.602540 -0.000000
vn -50.000000 -86.602540 -0.000000
vn -50.000000 -86.602540 -0.000000
vn -50.000000 -86.602540 -0.000000
vn -50.000000 -86.602540 -0.000000
vn -50.000000 -86.602540 -0.000000
vn -50.000000 -86.602540 -0.000000
vn -50.000000 -86.602540 -0.000000
vn -50.000000 -86.602540 -0.000000
vn -50.000000 -86.602540 -0.000000
vn -50.000000 -86.602540 -0.000000
vn -50.000000 -86.602540 -0.000000
vn -100.000000 -0.000000 -0.000000
vn -100.000000 -0.000000 -0.000000
vn -100.000000 -0.000000 -0.000000
vn -100.000000 -0.000000 -0.000000
vn 0.000000 -0.000000 100.000000
vn 0.000000 -0.000000 100.000000
vn 0.000000 -0.000000 100.000000
vn 0.000000 -0.000000 100.000000
vn 0.000000 -0.000000 100.000000
vn 0.000000 -0.000000 100.000000
vn 0.000000 -0.000000 100.000000
vn 0.000000 -0.000000 100.000000
vn 0.000000 -0.000000 100.000000
vn 0.000000 -0.000000 100.000000
vn 0.000000 -0.000000 100.000000
vn 0.000000 -0.000000 100.000000
vn 0.000000 -0.000000 100.000000
vn 0.000000 -0.000000 100.000000
vn 0.000000 -0.000000 100.000000
vn 0.000000 -0.000000 100.000000
vn 0.000000 -0.000000 100.000000
vn 0.000000 -0.000000 100.000000
vn 0.000000 -0.000000 100.000000
vn 0.000000 -0.000000 100.000000
vn 0.000000 -0.000000 100.000000
vn 0.000000 -0.000000 100.000000
vn 0.000000 -0.000000 100.000000
vn 0.000000 -0.000000 100.000000
vn 0.000000 -0.000000 100.000000
vn 0.000000 -0.000000 100.000000
vn 0.000000 -0.000000 100.000000
vn 0.000000 -0.000000 100.000000
vn 0.000000 -0.000000 100.000000
vn 0.000000 -0.000000 100.000000
vn 0.000000 -0.000000 100.000000
vn 0.000000 -0.000000 100.000000
vn 0.000000 -0.000000 100.000000
vn 0.000000 -0.000000 100.000000
vn 0.000000 -0.000000 100.000000
vn 0.000000 -0.000000 100.000000
vn 0.000000 -0.000000 100.000000
vn 0.000000 -0.000000 100.000000
vn 0.000000 -0.000000 100.000000
vn 0.000000 -0.000000 100.000000
vn 0.000000 -0.000000 100.000000
vn 0.000000 -0.000000 100.000000
vn 0.000000 -0.000000 100.000000
vn 0.000000 -0.000000 100.000000
vn 0.000000 -0.000000 100.000000
vn 0.000000 -0.000000 100.000000
vn 0.000000 -0.000000 100.000000
vn 0.000000 -0.000000 100.000000
vn 0.000000 -0.000000 100.000000
vn 0.000000 -0.000000 100.000000
vn 0.000000 -0.000000 100.000000
vn 0.000000 -0.000000 100.000000
vn 0.000000 -0.000000 100.000000
vn 0.000000 -0.000000 100.000000
vn 0.000000 -0.000000 100.000000
vn 0.000000 -0.000000 100.000000
vn 0.000000 -0.000000 100.000000
vn 0.000000 -0.000000 100.000000
vn 0.000000 -0.000000 100.000000
vn 0.000000 -0.000000 100.000000
vn 0.000000 -0.000000 100.000000
vn 0.000000 -0.000000 100.000000
vn 0.000000 -0.000000 100.000000
vn 0.000000 -0.000000 100.000000
vn 0.000000 -0.000000 100.000000
vn 0.000000 -0.000000 100.000000
vn 0.000000 -0.000000 100.000000
vn 0.000000 -0.000000 100.000000
vn 0.000000 -0.000000 100.000000
vn 0.000000 -0.000000 100.000000
vn 0.000000 -0.000000 100.000000
vn 0.000000 -0.000000 100.000000
vn 0.000000 -0.000000 100.000000
vn 0.000000 -0.000000 100.000000
vn 0.000000 -0.000000 100.000000
vn 0.000000 -0.000000 100.000000
vn 0.000000 -0.000000 100.000000
vn 0.000000 -0.000000 100.000000
vn 0.000000 -0.000000 100.000000
vn 0.000000 -0.000000 100.000000
vn 0.000000 -0.000000 100.000000
vn 0.000000 -0.000000 100.000000
vn 0.000000 -0.000000 100.000000
vn 0.000000 -0.000000 100.000000
vn 0.000000 -0.000000 100.000000
vn 0.000000 -0.000000 100.000000
vn 0.000000 -0.000000 100.000000
vn 0.000000 -0.000000 100.000000
vn 0.000000 -0.000000 100.000000
vn 0.000000 -0.000000 100.000000
vn 0.000000 -0.000000 100.000000
vn 0.000000 -0.000000 100.000000
vn 0.000000 -0.000000 100.000000
vn 0.000000 -0.000000 100.000000
vn 0.000000 -0.000000 100.000000
vn 0.000000 -0.000000 100.000000
vn 0.000000 -0.000000 100.000000
vn 0.000000 -0.000000 100.000000
vn 0.000000 -0.000000 100.000000
vn 0.000000 -0.000000 100.000000
vn 0.000000 -0.000000 100.000000
vn 0.000000 -0.000000 100.000000
vn 0.000000 -0.000000 100.000000
vn 0.000000 -0.000000 100.000000
vn 0.000000 -0.000000 100.000000
vn 0.000000 -0.000000 100.000000
vn 0.000000 -0.000000 100.000000
vn 0.000000 -0.000000 100.000000
vn 0.000000 -0.000000 100.000000
vn 0.000000 -0.000000 100.000000
vn 0.000000 -0.000000 100.000000
vn 0.000000 -0.000000 100.000000
vn 0.000000 -0.000000 100.000000
vn 0.000000 -0.000000 100.000000
vn 0.000000 -0.000000 100.000000
vn 0.000000 -0.000000 100.000000
vn 0.000000 -0.000000 100.000000
vn 0.000000 -0.000000 100.000000
vn 0.000000 -0.000000 100.000000
vn 0.000000 -0.000000 100.000000
vn 0.000000 -0.000000 100.000000
vn 0.000000 -0.000000 100.000000
vn 0.000000 -0.000000 100.000000
vn 0.000000 -0.000000 100.000000
vn 0.000000 -0.000000 100.000000
vn 0.000000 -0.000000 100.000000
vn 0.000000 -0.000000 100.000000
vn 0.000000 -0.000000 100.000000
vn 0.000000 -0.000000 100.000000
vn 0.000000 -0.000000 100.000000
vn 0.000000 -0.000000 100.000000
vn 0.000000 -0.000000 100.000000
vn 25.869252 -3.126411 -96.545364
vn 25.881905 -0.000000 -96.592583
vn 36.789303 -3.562235 -92.918554
vn 41.557594 -0.000000 -90.955849
vn 47.734578 -4.622044 -87.749910
vn 56.662113 -0.000000 -82.397846
vn 57.976094 -5.613709 -81.285046
vn 67.058832 -6.493173 -73.898253
vn 57.709490 -11.089796 -80.911255
vn 66.647228 -12.807325 -73.444669
vn 57.289071 -16.320830 -80.321808
vn 66.002004 -18.803019 -72.733637
vn 56.741943 -21.246171 -79.554711
vn 65.169242 -24.401647 -71.815942
vn 56.092742 -25.858200 -78.644503
vn 64.191030 -29.591431 -70.737960
vn 55.358037 -30.190899 -77.614415
vn 63.096581 -34.411308 -69.531887
vn 54.545259 -34.298832 -76.474864
vn 61.900910 -38.924169 -68.214268
vn 53.653376 -38.244010 -75.224404
vn 60.606443 -43.200140 -66.787776
vn 52.466696 -42.849505 -73.560626
vn 58.911428 -48.112912 -64.919884
vn 51.126014 -47.412812 -71.680931
vn 57.032132 -52.889977 -62.848916
vn 49.584826 -52.041313 -69.520117
vn 54.915872 -57.636464 -60.516816
vn 47.773397 -56.844759 -66.980414
vn 52.484893 -62.450888 -57.837899
vn 45.593970 -61.925883 -63.924760
vn 49.634660 -67.413962 -54.696967
vn 42.919529 -67.356323 -60.175076
vn 46.238429 -72.564882 -50.954349
vn 39.596751 -73.143881 -55.516394
vn 42.157692 -77.874501 -46.457412
vn 35.461998 -79.186105 -49.719288
vn 37.266230 -83.214929 -41.067064
vn 30.381728 -85.220224 -42.596525
vn 31.493426 -88.338517 -34.705483
vn 24.223025 -90.401559 -35.225037
vn 25.004563 -93.318299 -25.816019
vn 32.201893 -90.325756 -28.360112
vn 25.404422 -94.810592 -19.119808
vn 32.674132 -91.650379 -23.078324
vn 25.632202 -95.660680 -13.857293
vn 33.002178 -92.570543 -18.481093
vn 33.236756 -93.228530 -14.274428
vn 40.256292 -89.891690 -17.289158
vn 40.556699 -90.562495 -12.393086
vn 47.111175 -87.024671 -14.395966
vn 47.430168 -87.613920 -8.612789
vn 53.483776 -83.935462 -9.712056
vn 53.714469 -84.297503 -2.947338
vn 59.258522 -80.485123 -3.251543
vn 59.234241 -80.452144 4.330959
vn 64.266931 -76.470136 4.698929
vn 63.814688 -75.932020 12.728472
vn 68.337508 -71.723023 13.630593
vn 67.328737 -70.664276 21.757787
vn 71.347645 -66.165777 23.056528
vn 69.668263 -64.608366 31.178393
vn 73.180535 -59.766478 32.750228
vn 70.657028 -57.705533 40.959197
vn 73.638548 -52.489397 42.687555
vn 66.868050 -47.663401 57.068942
vn 68.618901 -43.148537 58.563216
vn 57.876221 -36.393388 72.978520
vn 58.849935 -32.095293 74.206316
vn 51.608469 -28.145977 80.897280
vn 52.202213 -24.064705 81.827984
vn 43.773546 -20.179172 87.616652
vn 44.079987 -16.505091 88.230021
vn 34.926641 -13.077758 92.785246
vn 35.053102 -9.986123 93.121197
vn 25.774949 -9.081764 96.193418
vn 25.832569 -6.171482 96.408460
vn 35.148746 -6.754391 93.375285
vn 25.869252 -3.126411 96.545364
vn 35.208721 -3.409190 93.534611
vn 25.881905 -0.000000 96.592583
vn 41.557594 -0.000000 90.955849
vn 44.651158 -4.323482 89.373271
vn 53.709962 -5.200628 84.191410
vn 53.497779 -10.280449 83.858810
vn 61.699005 -11.856445 77.798827
vn 61.186027 -17.431017 77.151991
vn 74.338717 -21.178029 63.444828
vn 73.154851 -27.391739 62.434450
vn 82.304039 -30.817515 47.710857
vn 80.359457 -37.044916 46.583601
vn 84.131941 -38.783994 37.651272
vn 81.711946 -44.563665 36.568260
vn 84.459193 -46.061946 27.293623
vn 81.654066 -51.345234 26.387125
vn 83.472817 -52.488890 16.649480
vn 80.377309 -57.292771 16.032050
vn 81.286666 -57.940958 5.943340
vn 77.328088 -63.153782 5.653906
vn 77.382133 -63.197920 -4.245994
vn 73.263931 -67.942886 -4.020026
vn 72.681780 -67.403015 -13.198199
vn 68.446430 -71.837341 -12.429107
vn 67.498081 -70.842010 -20.625681
vn 63.129533 -75.116765 -19.290765
vn 62.014118 -73.789552 -26.633648
vn 57.456398 -78.037472 -24.676211
vn 56.269426 -76.425322 -31.510662
vn 51.458305 -80.756763 -28.816454
vn 50.240567 -78.845689 -35.485811
vn 45.124296 -83.354468 -31.872098
vn 43.904239 -81.100755 -38.666333
vn 38.456280 -85.872292 -33.868333
vn 69.572767 -0.000000 -71.830565
vn 74.848057 -7.247388 -65.918463
vn 74.277008 -14.273508 -65.415542
vn 73.386968 -20.906889 -64.631686
vn 72.247303 -27.051921 -63.627987
vn 70.921287 -32.694013 -62.460168
vn 69.453466 -37.878195 -61.167462
vn 67.868247 -42.676515 -59.771365
vn 66.172830 -47.167849 -58.278217
vn 63.984035 -52.255705 -56.350551
vn 61.596568 -57.122906 -54.247916
vn 58.954601 -61.875277 -51.921143
vn 55.976538 -66.605538 -49.298372
vn 52.556339 -71.382195 -46.286212
vn 48.572727 -76.228243 -42.777858
vn 79.899509 -0.000000 -60.133755
vn 81.425756 -7.884293 -57.512469
vn 80.692073 -15.506265 -56.994255
vn 79.554601 -22.663959 -56.190839
vn 78.108636 -29.246610 -55.169528
vn 76.440696 -35.238406 -53.991432
vn 74.611928 -40.691492 -52.699740
vn 72.656841 -45.687651 -51.318827
vn 70.587861 -50.314874 -49.857470
vn 67.948920 -55.493824 -47.993539
vn 65.109590 -60.380782 -45.988069
vn 62.012341 -65.084501 -43.800426
vn 58.573687 -69.695841 -41.371644
vn 54.688090 -74.277547 -38.627177
vn 87.967710 -0.000000 -47.557144
vn 86.941029 -8.418326 -48.686643
vn 86.049616 -16.535802 -48.187455
vn 84.674172 -24.122451 -47.417211
vn 82.936952 -31.054500 -46.444375
vn 80.948242 -37.316340 -45.330705
vn 78.785849 -42.967845 -44.119773
vn 76.494215 -48.100646 -42.836467
vn 74.090816 -52.811772 -41.490573
vn 71.056263 -58.031588 -39.791235
vn 67.827970 -62.901730 -37.983403
vn 64.347184 -67.535014 -36.034176
vn 60.529211 -72.022686 -33.896126
vn 91.522828 -8.861972 -39.306964
vn 94.137717 -0.000000 -33.735593
vn 95.227241 -9.220663 -29.099001
vn 98.390960 -0.000000 -17.866699
vn 97.947461 -9.484057 -17.786164
vn 99.386373 -9.623384 -5.453377
vn 96.678066 -18.578228 -17.555656
vn 98.060967 -18.843974 -5.380651
vn 94.739531 -26.989926 -17.203640
vn 96.039788 -27.360351 -5.269748
vn 92.324805 -34.569641 -16.765153
vn 93.526901 -35.019748 -5.131865
vn 89.604641 -41.306855 -16.271202
vn 90.702335 -41.812881 -4.976879
vn 86.697682 -47.282762 -15.743330
vn 87.690800 -47.824384 -4.811635
vn 83.671557 -52.613861 -15.193820
vn 84.563216 -53.174549 -4.640023
vn 80.554702 -57.419216 -14.627834
vn 81.349449 -57.985710 -4.463682
vn 76.697131 -62.638480 -13.927342
vn 100.000000 -0.000000 0.000000
vn 99.271950 -9.612304 7.258349
vn 97.951055 -18.822853 7.161771
vn 95.936527 -27.330933 7.014477
vn 93.431527 -34.984037 6.831322
vn 90.615336 -41.772775 6.625414
vn 87.612175 -47.781504 6.405835
vn 84.492701 -53.130207 6.177752
vn 98.390960 -0.000000 17.866699
vn 97.629071 -9.453228 19.473085
vn 96.371857 -18.519385 19.222321
vn 94.451320 -26.907819 18.839251
vn 92.058014 -34.469745 18.361883
vn 89.360683 -41.194392 17.823873
vn 86.476647 -47.162215 17.248624
vn 94.753473 -9.174789 30.620297
vn 94.137717 -0.000000 33.735593
vn 90.922030 -8.803799 40.690017
vn 87.967710 -0.000000 47.557144
vn 86.212773 -8.347811 49.976712
vn 79.899509 -0.000000 60.133755
vn 75.858586 -7.345235 64.741969
vn 69.572767 -0.000000 71.830565
vn 62.025136 -6.005770 78.210058
vn 56.662113 -0.000000 82.397846
vn 25.699626 -11.847274 95.912311
vn 34.773611 -16.030291 92.378708
vn 43.421690 -23.681111 86.912380
vn 50.948018 -32.036836 79.862010
vn 56.814020 -40.496910 71.639147
vn 64.611878 -52.768464 55.143398
vn 67.480456 -62.579455 39.117769
vn 65.912025 -69.177379 29.497377
vn 62.990922 -74.951834 20.355990
vn 58.879577 -79.970439 11.744115
vn 53.696383 -84.269120 3.926054
vn 47.590837 -87.910711 -2.611331
vn 40.759679 -91.015748 -7.401502
vn 33.405224 -93.701079 -10.207779
vn 25.771289 -96.179759 -9.235509
vn 34.596432 -18.868035 91.908020
vn 25.608330 -14.501209 95.571588
vn 34.395351 -21.628284 91.373832
vn 25.500617 -17.101648 95.169597
vn 34.168377 -24.355145 90.770860
vn 25.373708 -19.719240 94.695969
vn 33.855754 -27.649965 89.940354
vn 25.222180 -22.434320 94.130457
vn 33.487340 -31.055206 88.961633
vn 33.042864 -34.679844 87.780850
vn 40.462639 -42.467203 80.989577
vn 39.460151 -46.952967 78.983007
vn 45.300658 -53.902488 71.009663
vn 43.429712 -58.986381 68.076919
vn 47.486307 -64.496061 59.877448
vn 44.486761 -69.815879 56.095197
vn 48.845692 -76.656625 41.687651
vn 44.105508 -81.472544 37.642113
vn 45.891553 -84.771761 26.602890
vn 39.770746 -88.807476 23.054718
vn 40.204757 -89.776614 17.992694
vn 33.207735 -93.147125 14.861341
vn 33.384638 -93.643336 10.788497
vn 25.771289 -96.179759 9.235509
vn 25.853367 -96.486079 4.694683
vn 24.801799 -28.587164 92.561573
vn 32.490122 -38.659448 86.312450
vn 38.205038 -51.890210 76.470786
vn 41.099686 -64.500328 64.424557
vn 40.817373 -75.398638 51.468314
vn 38.591321 -86.173836 32.935996
vn 32.961914 -92.457601 19.107703
vn 25.632202 -95.660680 13.857293
vn 24.491624 -32.333762 91.403984
vn 31.778704 -43.161942 84.422513
vn 36.589901 -57.422839 73.237946
vn 38.154223 -70.479215 59.807487
vn 36.330756 -81.126030 45.810953
vn 32.281056 -90.547807 27.550463
vn 25.404422 -94.810592 19.119808
vn 24.063134 -36.824671 89.804840
vn 30.830893 -48.384865 81.904584
vn 34.465187 -63.664756 68.985141
vn 34.414613 -76.847311 53.945576
vn 30.922723 -86.737705 38.991739
vn 25.004563 -93.318299 25.816019
vn 23.443015 -42.377278 87.490522
vn 29.527431 -54.543640 78.441839
vn 31.634515 -70.639393 63.319299
vn 29.715293 -83.350886 46.579300
vn 24.223025 -90.401559 35.225037
vn 22.503457 -49.399135 83.984045
vn 27.688603 -61.828233 73.556855
vn 27.870092 -78.175128 55.784472
vn 21.019852 -58.345605 78.447156
vn 25.058549 -70.288799 66.569917
vn 22.519736 -84.044800 49.288265
vn 18.615679 -69.474659 69.474659
vn 25.881905 -96.592583 0.000000
vn 33.570518 -94.164726 2.454536
vn 33.505561 -93.982523 6.683016
vn 40.519875 -90.480268 13.094302
vn 46.562025 -86.010269 20.837740
vn 51.306065 -80.517843 29.741631
vn 52.902622 -71.852519 45.150063
vn 49.963821 -59.451107 63.001448
vn 46.836205 -49.156522 73.416662
vn 41.287161 -38.288539 82.639931
vn 33.574936 -94.177119 -1.842272
vn 25.853367 -96.486079 -4.694683
vn 33.518376 -94.018468 -6.086562
vn 28.574657 -80.151422 -52.528454
vn 22.519736 -84.044800 -49.288265
vn 25.609842 -71.835167 -64.682647
vn 18.615679 -69.474659 -69.474659
vn 21.019852 -58.345605 -78.447156
vn 28.437845 -63.501278 -71.825320
vn 22.503457 -49.399135 -83.984045
vn 30.441219 -56.231606 -76.885231
vn 23.443015 -42.377278 -87.490522
vn 31.875540 -50.024294 -80.507887
vn 24.063134 -36.824671 -89.804840
vn 32.926371 -44.720707 -83.161966
vn 24.491624 -32.333762 -91.403984
vn 33.719657 -40.122451 -85.165566
vn 24.801799 -28.587164 -92.561573
vn 34.338782 -36.039963 -86.729286
vn 25.222180 -22.434320 -94.130457
vn 34.838442 -32.308180 -87.991275
vn 35.253839 -28.791780 -89.040442
vn 44.515723 -36.355952 -81.832727
vn 45.233663 -32.242457 -83.152509
vn 25.373708 -19.719240 -94.695969
vn 35.607227 -25.380754 -89.932990
vn 45.764263 -28.777217 -84.127903
vn 25.500617 -17.101648 -95.169597
vn 35.864320 -22.551992 -90.582328
vn 46.241137 -25.218767 -85.004535
vn 25.608330 -14.501209 -95.571588
vn 36.092455 -19.683929 -91.158530
vn 46.666775 -21.512923 -85.786982
vn 25.699626 -11.847274 -95.912311
vn 36.293764 -16.731067 -91.666974
vn 47.038619 -17.612907 -86.470537
vn 36.467857 -13.654843 -92.106681
vn 25.774949 -9.081764 -96.193418
vn 36.611879 -10.430196 -92.470435
vn 25.832569 -6.171482 -96.408460
vn 36.720900 -7.056505 -92.745788
vn 44.529024 -8.556960 89.128808
vn 44.335029 -12.630410 88.740509
vn 75.264278 -14.463228 64.234753
vn 85.343351 -16.400082 49.472717
vn 89.903934 -17.276470 40.234392
vn 93.602826 -17.987271 30.248456
vn 94.059460 -18.075021 -28.742157
vn 92.271362 -26.286780 -28.195760
vn 90.036130 -33.712681 -27.512731
vn 87.507869 -40.340263 -26.740159
vn 84.794198 -46.244649 -25.910931
vn 81.956671 -51.535516 -25.043855
vn 79.020985 -56.325986 -24.146785
vn 75.369847 -61.554488 -23.031091
vn 71.549254 -66.352743 -21.863616
vn 90.484645 -17.388063 -38.861089
vn 88.889401 -25.323308 -38.175968
vn 86.885852 -32.533107 -37.315489
vn 84.607258 -39.003110 -36.336885
vn 82.147205 -44.801045 -35.280349
vn 79.559306 -50.028019 -34.168905
vn 76.865532 -54.789584 -33.011991
vn 73.492705 -60.021427 -31.563438
vn 69.937447 -64.857999 -30.036536
vn 66.139835 -69.416475 -28.405549
vn 47.585441 -9.144299 -87.475754
vn 47.348914 -13.489023 -87.040948
vn 53.162339 -15.145184 83.333001
vn 60.520817 -22.661114 76.313201
vn 71.779184 -33.089495 61.260379
vn 78.242687 -42.671618 45.356530
vn 79.163706 -49.779260 35.427855
vn 78.749642 -56.132573 25.448538
vn 76.543975 -62.513397 15.267454
vn 73.218059 -67.900346 5.353398
vn 68.931965 -72.346930 -3.782329
vn 63.903356 -76.037524 -11.604135
vn 58.340118 -79.237744 -17.827243
vn 52.361396 -82.174041 -22.488024
vn 46.000405 -84.972834 -25.760050
vn 39.268241 -87.685388 -27.735861
vn 84.000974 -23.930666 48.694554
vn 88.338680 -25.166416 39.533899
vn 91.840160 -26.163937 29.678838
vn 52.724265 -19.741812 82.646311
vn 86.371324 -32.340450 38.653456
vn 89.635378 -33.562626 28.966346
vn 59.734929 -27.537212 75.322242
vn 70.258591 -38.317290 59.962619
vn 75.996791 -47.787859 44.054606
vn 76.508593 -54.535158 34.239622
vn 75.134295 -61.362113 24.280212
vn 72.551400 -67.282105 14.471095
vn 68.893754 -72.306826 5.037222
vn 64.297945 -76.507039 -3.528058
vn 58.949202 -80.065004 -10.704516
vn 53.027636 -83.219613 -16.203885
vn 46.642128 -86.158237 -20.031729
vn 39.841532 -88.965538 -22.311105
vn 87.139801 -40.170588 28.159881
vn 43.026113 -27.055429 86.120598
vn 50.218942 -35.795953 78.719169
vn 55.410630 -45.253813 69.869554
vn 62.156116 -57.641814 53.047513
vn 64.050244 -67.223364 37.129308
vn 61.826218 -73.565973 27.668870
vn 58.230669 -79.089090 18.817678
vn 53.431760 -83.853830 10.657494
vn 47.578257 -87.887473 3.478723
vn 40.861511 -91.243136 -2.242090
vn 42.584280 -30.353982 85.236230
vn 49.241881 -40.215801 77.187606
vn 53.838260 -49.928071 67.886888
vn 59.444631 -62.389583 50.733380
vn 60.281856 -71.728363 34.944810
vn 57.306860 -77.834370 25.646338
vn 52.945406 -83.090565 17.109706
vn 47.393880 -87.546888 9.453179
vn 40.853548 -91.225354 2.987040
vn 41.983628 -34.287993 84.033972
vn 48.128483 -44.632986 75.442333
vn 52.047275 -54.625755 65.628561
vn 56.395480 -67.104029 48.131063
vn 56.070540 -76.155195 32.503551
vn 52.248142 -81.996303 23.382428
vn 47.053485 -86.918103 15.205687
vn 40.736642 -90.964306 8.125327
vn 43.688032 -40.515038 -80.311192
vn 42.714609 -44.830738 -78.521762
vn 41.540200 -49.427983 -76.362859
vn 40.083397 -54.441404 -73.684835
vn 38.229797 -59.996432 -70.277385
vn 35.825218 -66.177032 -65.857074
vn 32.676380 -72.965863 -60.068603
vn 25.869252 3.126411 96.545364
vn 25.881905 -0.000000 96.592583
vn 36.789303 3.562235 92.918554
vn 41.557594 -0.000000 90.955849
vn 47.734578 4.622044 87.749910
vn 56.662113 -0.000000 82.397846
vn 57.976094 5.613709 81.285046
vn 67.058832 6.493173 73.898253
vn 57.709490 11.089796 80.911255
vn 66.647228 12.807325 73.444669
vn 57.289071 16.320830 80.321808
vn 66.002004 18.803019 72.733637
vn 56.741943 21.246171 79.554711
vn 65.169242 24.401647 71.815942
vn 56.092742 25.858200 78.644503
vn 64.191030 29.591431 70.737960
vn 55.358037 30.190899 77.614415
vn 63.096581 34.411308 69.531887
vn 54.545259 34.298832 76.474864
vn 61.900910 38.924169 68.214268
vn 53.653376 38.244010 75.224404
vn 60.606443 43.200140 66.787776
vn 52.466696 42.849505 73.560626
vn 58.911428 48.112912 64.919884
vn 51.126014 47.412812 71.680931
vn 57.032132 52.889977 62.848916
vn 49.584826 52.041313 69.520117
vn 54.915872 57.636464 60.516816
vn 47.773397 56.844759 66.980414
vn 52.484893 62.450888 57.837899
vn 45.593970 61.925883 63.924760
vn 49.634660 67.413962 54.696967
vn 42.919529 67.356323 60.175076
vn 46.238429 72.564882 50.954349
vn 39.596751 73.143881 55.516394
vn 42.157692 77.874501 46.457412
vn 35.461998 79.186105 49.719288
vn 37.266230 83.214929 41.067064
vn 30.381728 85.220224 42.596525
vn 31.493426 88.338517 34.705483
vn 24.223025 90.401559 35.225037
vn 25.004563 93.318299 25.816019
vn 32.201893 90.325756 28.360112
vn 25.404422 94.810592 19.119808
vn 32.674132 91.650379 23.078324
vn 25.632202 95.660680 13.857293
vn 33.002178 92.570543 18.481093
vn 33.236756 93.228530 14.274428
vn 40.256292 89.891690 17.289158
vn 40.556699 90.562495 12.393086
vn 47.111175 87.024671 14.395966
vn 47.430168 87.613920 8.612789
vn 53.483776 83.935462 9.712056
vn 53.714469 84.297503 2.947338
vn 59.258522 80.485123 3.251543
vn 59.234241 80.452144 -4.330959
vn 64.266931 76.470136 -4.698929
vn 63.814688 75.932020 -12.728472
vn 68.337508 71.723023 -13.630593
vn 67.328737 70.664276 -21.757787
vn 71.347645 66.165777 -23.056528
vn 69.668263 64.608366 -31.178393
vn 73.180535 59.766478 -32.750228
vn 70.657028 57.705533 -40.959197
vn 73.638548 52.489397 -42.687555
vn 66.868050 47.663401 -57.068942
vn 68.618901 43.148537 -58.563216
vn 57.876221 36.393388 -72.978520
vn 58.849935 32.095293 -74.206316
vn 51.608469 28.145977 -80.897280
vn 52.202213 24.064705 -81.827984
vn 43.773546 20.179172 -87.616652
vn 44.079987 16.505091 -88.230021
vn 34.926641 13.077758 -92.785246
vn 35.053102 9.986123 -93.121197
vn 25.774949 9.081764 -96.193418
vn 25.832569 6.171482 -96.408460
vn 35.148746 6.754391 -93.375285
vn 25.869252 3.126411 -96.545364
vn 35.208721 3.409190 -93.534611
vn 25.881905 -0.000000 -96.592583
vn 41.557594 -0.000000 -90.955849
vn 44.651158 4.323482 -89.373271
vn 53.709962 5.200628 -84.191410
vn 53.497779 10.280449 -83.858810
vn 61.699005 11.856445 -77.798827
vn 61.186027 17.431017 -77.151991
vn 74.338717 21.178029 -63.444828
vn 73.154851 27.391739 -62.434450
vn 82.304039 30.817515 -47.710857
vn 80.359457 37.044916 -46.583601
vn 84.131941 38.783994 -37.651272
vn 81.711946 44.563665 -36.568260
vn 84.459193 46.061946 -27.293623
vn 81.654066 51.345234 -26.387125
vn 83.472817 52.488890 -16.649480
vn 80.377309 57.292771 -16.032050
vn 81.286666 57.940958 -5.943340
vn 77.328088 63.153782 -5.653906
vn 77.382133 63.197920 4.245994
vn 73.263931 67.942886 4.020026
vn 72.681780 67.403015 13.198199
vn 68.446430 71.837341 12.429107
vn 67.498081 70.842010 20.625681
vn 63.129533 75.116765 19.290765
vn 62.014118 73.789552 26.633648
vn 57.456398 78.037472 24.676211
vn 56.269426 76.425322 31.510662
vn 51.458305 80.756763 28.816454
vn 50.240567 78.845689 35.485811
vn 45.124296 83.354468 31.872098
vn 43.904239 81.100755 38.666333
vn 38.456280 85.872292 33.868333
vn 69.572767 -0.000000 71.830565
vn 74.848057 7.247388 65.918463
vn 74.277008 14.273508 65.415542
vn 73.386968 20.906889 64.631686
vn 72.247303 27.051921 63.627987
vn 70.921287 32.694013 62.460168
vn 69.453466 37.878195 61.167462
vn 67.868247 42.676515 59.771365
vn 66.172830 47.167849 58.278217
vn 63.984035 52.255705 56.350551
vn 61.596568 57.122906 54.247916
vn 58.954601 61.875277 51.921143
vn 55.976538 66.605538 49.298372
vn 52.556339 71.382195 46.286212
vn 48.572727 76.228243 42.777858
vn 79.899509 -0.000000 60.133755
vn 81.425756 7.884293 57.512469
vn 80.692073 15.506265 56.994255
vn 79.554601 22.663959 56.190839
vn 78.108636 29.246610 55.169528
vn 76.440696 35.238406 53.991432
vn 74.611928 40.691492 52.699740
vn 72.656841 45.687651 51.318827
vn 70.587861 50.314874 49.857470
vn 67.948920 55.493824 47.993539
vn 65.109590 60.380782 45.988069
vn 62.012341 65.084501 43.800426
vn 58.573687 69.695841 41.371644
vn 54.688090 74.277547 38.627177
vn 87.967710 -0.000000 47.557144
vn 86.941029 8.418326 48.686643
vn 86.049616 16.535802 48.187455
vn 84.674172 24.122451 47.417211
vn 82.936952 31.054500 46.444375
vn 80.948242 37.316340 45.330705
vn 78.785849 42.967845 44.119773
vn 76.494215 48.100646 42.836467
vn 74.090816 52.811772 41.490573
vn 71.056263 58.031588 39.791235
vn 67.827970 62.901730 37.983403
vn 64.347184 67.535014 36.034176
vn 60.529211 72.022686 33.896126
vn 91.522828 8.861972 39.306964
vn 94.137717 -0.000000 33.735593
vn 95.227241 9.220663 29.099001
vn 98.390960 -0.000000 17.866699
vn 97.947461 9.484057 17.786164
vn 99.386373 9.623384 5.453377
vn 96.678066 18.578228 17.555656
vn 98.060967 18.843974 5.380651
vn 94.739531 26.989926 17.203640
vn 96.039788 27.360351 5.269748
vn 92.324805 34.569641 16.765153
vn 93.526901 35.019748 5.131865
vn 89.604641 41.306855 16.271202
vn 90.702335 41.812881 4.976879
vn 86.697682 47.282762 15.743330
vn 87.690800 47.824384 4.811635
vn 83.671557 52.613861 15.193820
vn 84.563216 53.174549 4.640023
vn 80.554702 57.419216 14.627834
vn 81.349449 57.985710 4.463682
vn 76.697131 62.638480 13.927342
vn 100.000000 -0.000000 0.000000
vn 99.271950 9.612304 -7.258349
vn 97.951055 18.822853 -7.161771
vn 95.936527 27.330933 -7.014477
vn 93.431527 34.984037 -6.831322
vn 90.615336 41.772775 -6.625414
vn 87.612175 47.781504 -6.405835
vn 84.492701 53.130207 -6.177752
vn 98.390960 -0.000000 -17.866699
vn 97.629071 9.453228 -19.473085
vn 96.371857 18.519385 -19.222321
vn 94.451320 26.907819 -18.839251
vn 92.058014 34.469745 -18.361883
vn 89.360683 41.194392 -17.823873
vn 86.476647 47.162215 -17.248624
vn 94.753473 9.174789 -30.620297
vn 94.137717 -0.000000 -33.735593
vn 90.922030 8.803799 -40.690017
vn 87.967710 -0.000000 -47.557144
vn 86.212773 8.347811 -49.976712
vn 79.899509 -0.000000 -60.133755
vn 75.858586 7.345235 -64.741969
vn 69.572767 -0.000000 -71.830565
vn 62.025136 6.005770 -78.210058
vn 56.662113 -0.000000 -82.397846
vn 25.699626 11.847274 -95.912311
vn 34.773611 16.030291 -92.378708
vn 43.421690 23.681111 -86.912380
vn 50.948018 32.036836 -79.862010
vn 56.814020 40.496910 -71.639147
vn 64.611878 52.768464 -55.143398
vn 67.480456 62.579455 -39.117769
vn 65.912025 69.177379 -29.497377
vn 62.990922 74.951834 -20.355990
vn 58.879577 79.970439 -11.744115
vn 53.696383 84.269120 -3.926054
vn 47.590837 87.910711 2.611331
vn 40.759679 91.015748 7.401502
vn 33.405224 93.701079 10.207779
vn 25.771289 96.179759 9.235509
vn 34.596432 18.868035 -91.908020
vn 25.608330 14.501209 -95.571588
vn 34.395351 21.628284 -91.373832
vn 25.500617 17.101648 -95.169597
vn 34.168377 24.355145 -90.770860
vn 25.373708 19.719240 -94.695969
vn 33.855754 27.649965 -89.940354
vn 25.222180 22.434320 -94.130457
vn 33.487340 31.055206 -88.961633
vn 33.042864 34.679844 -87.780850
vn 40.462639 42.467203 -80.989577
vn 39.460151 46.952967 -78.983007
vn 45.300658 53.902488 -71.009663
vn 43.429712 58.986381 -68.076919
vn 47.486307 64.496061 -59.877448
vn 44.486761 69.815879 -56.095197
vn 48.845692 76.656625 -41.687651
vn 44.105508 81.472544 -37.642113
vn 45.891553 84.771761 -26.602890
vn 39.770746 88.807476 -23.054718
vn 40.204757 89.776614 -17.992694
vn 33.207735 93.147125 -14.861341
vn 33.384638 93.643336 -10.788497
vn 25.771289 96.179759 -9.235509
vn 25.853367 96.486079 -4.694683
vn 24.801799 28.587164 -92.561573
vn 32.490122 38.659448 -86.312450
vn 38.205038 51.890210 -76.470786
vn 41.099686 64.500328 -64.424557
vn 40.817373 75.398638 -51.468314
vn 38.591321 86.173836 -32.935996
vn 32.961914 92.457601 -19.107703
vn 25.632202 95.660680 -13.857293
vn 24.491624 32.333762 -91.403984
vn 31.778704 43.161942 -84.422513
vn 36.589901 57.422839 -73.237946
vn 38.154223 70.479215 -59.807487
vn 36.330756 81.126030 -45.810953
vn 32.281056 90.547807 -27.550463
vn 25.404422 94.810592 -19.119808
vn 24.063134 36.824671 -89.804840
vn 30.830893 48.384865 -81.904584
vn 34.465187 63.664756 -68.985141
vn 34.414613 76.847311 -53.945576
vn 30.922723 86.737705 -38.991739
vn 25.004563 93.318299 -25.816019
vn 23.443015 42.377278 -87.490522
vn 29.527431 54.543640 -78.441839
vn 31.634515 70.639393 -63.319299
vn 29.715293 83.350886 -46.579300
vn 24.223025 90.401559 -35.225037
vn 22.503457 49.399135 -83.984045
vn 27.688603 61.828233 -73.556855
vn 27.870092 78.175128 -55.784472
vn 21.019852 58.345605 -78.447156
vn 25.058549 70.288799 -66.569917
vn 22.519736 84.044800 -49.288265
vn 18.615679 69.474659 -69.474659
vn 25.881905 96.592583 0.000000
vn 33.570518 94.164726 -2.454536
vn 33.505561 93.982523 -6.683016
vn 40.519875 90.480268 -13.094302
vn 46.562025 86.010269 -20.837740
vn 51.306065 80.517843 -29.741631
vn 52.902622 71.852519 -45.150063
vn 49.963821 59.451107 -63.001448
vn 46.836205 49.156522 -73.416662
vn 41.287161 38.288539 -82.639931
vn 33.574936 94.177119 1.842272
vn 25.853367 96.486079 4.694683
vn 33.518376 94.018468 6.086562
vn 28.574657 80.151422 52.528454
vn 22.519736 84.044800 49.288265
vn 25.609842 71.835167 64.682647
vn 18.615679 69.474659 69.474659
vn 21.019852 58.345605 78.447156
vn 28.437845 63.501278 71.825320
vn 22.503457 49.399135 83.984045
vn 30.441219 56.231606 76.885231
vn 23.443015 42.377278 87.490522
vn 31.875540 50.024294 80.507887
vn 24.063134 36.824671 89.804840
vn 32.926371 44.720707 83.161966
vn 24.491624 32.333762 91.403984
vn 33.719657 40.122451 85.165566
vn 24.801799 28.587164 92.561573
vn 34.338782 36.039963 86.729286
vn 25.222180 22.434320 94.130457
vn 34.838442 32.308180 87.991275
vn 35.253839 28.791780 89.040442
vn 44.515723 36.355952 81.832727
vn 45.233663 32.242457 83.152509
vn 25.373708 19.719240 94.695969
vn 35.607227 25.380754 89.932990
vn 45.764263 28.777217 84.127903
vn 25.500617 17.101648 95.169597
vn 35.864320 22.551992 90.582328
vn 46.241137 25.218767 85.004535
vn 25.608330 14.501209 95.571588
vn 36.092455 19.683929 91.158530
vn 46.666775 21.512923 85.786982
vn 25.699626 11.847274 95.912311
vn 36.293764 16.731067 91.666974
vn 47.038619 17.612907 86.470537
vn 36.467857 13.654843 92.106681
vn 25.774949 9.081764 96.193418
vn 36.611879 10.430196 92.470435
vn 25.832569 6.171482 96.408460
vn 36.720900 7.056505 92.745788
vn 44.529024 8.556960 -89.128808
vn 44.335029 12.630410 -88.740509
vn 75.264278 14.463228 -64.234753
vn 85.343351 16.400082 -49.472717
vn 89.903934 17.276470 -40.234392
vn 93.602826 17.987271 -30.248456
vn 94.059460 18.075021 28.742157
vn 92.271362 26.286780 28.195760
vn 90.036130 33.712681 27.512731
vn 87.507869 40.340263 26.740159
vn 84.794198 46.244649 25.910931
vn 81.956671 51.535516 25.043855
vn 79.020985 56.325986 24.146785
vn 75.369847 61.554488 23.031091
vn 71.549254 66.352743 21.863616
vn 90.484645 17.388063 38.861089
vn 88.889401 25.323308 38.175968
vn 86.885852 32.533107 37.315489
vn 84.607258 39.003110 36.336885
vn 82.147205 44.801045 35.280349
vn 79.559306 50.028019 34.168905
vn 76.865532 54.789584 33.011991
vn 73.492705 60.021427 31.563438
vn 69.937447 64.857999 30.036536
vn 66.139835 69.416475 28.405549
vn 47.585441 9.144299 87.475754
vn 47.348914 13.489023 87.040948
vn 53.162339 15.145184 -83.333001
vn 60.520817 22.661114 -76.313201
vn 71.779184 33.089495 -61.260379
vn 78.242687 42.671618 -45.356530
vn 79.163706 49.779260 -35.427855
vn 78.749642 56.132573 -25.448538
vn 76.543975 62.513397 -15.267454
vn 73.218059 67.900346 -5.353398
vn 68.931965 72.346930 3.782329
vn 63.903356 76.037524 11.604135
vn 58.340118 79.237744 17.827243
vn 52.361396 82.174041 22.488024
vn 46.000405 84.972834 25.760050
vn 39.268241 87.685388 27.735861
vn 84.000974 23.930666 -48.694554
vn 88.338680 25.166416 -39.533899
vn 91.840160 26.163937 -29.678838
vn 52.724265 19.741812 -82.646311
vn 86.371324 32.340450 -38.653456
vn 89.635378 33.562626 -28.966346
vn 59.734929 27.537212 -75.322242
vn 70.258591 38.317290 -59.962619
vn 75.996791 47.787859 -44.054606
vn 76.508593 54.535158 -34.239622
vn 75.134295 61.362113 -24.280212
vn 72.551400 67.282105 -14.471095
vn 68.893754 72.306826 -5.037222
vn 64.297945 76.507039 3.528058
vn 58.949202 80.065004 10.704516
vn 53.027636 83.219613 16.203885
vn 46.642128 86.158237 20.031729
vn 39.841532 88.965538 22.311105
vn 87.139801 40.170588 -28.159881
vn 43.026113 27.055429 -86.120598
vn 50.218942 35.795953 -78.719169
vn 55.410630 45.253813 -69.869554
vn 62.156116 57.641814 -53.047513
vn 64.050244 67.223364 -37.129308
vn 61.826218 73.565973 -27.668870
vn 58.230669 79.089090 -18.817678
vn 53.431760 83.853830 -10.657494
vn 47.578257 87.887473 -3.478723
vn 40.861511 91.243136 2.242090
vn 42.584280 30.353982 -85.236230
vn 49.241881 40.215801 -77.187606
vn 53.838260 49.928071 -67.886888
vn 59.444631 62.389583 -50.733380
vn 60.281856 71.728363 -34.944810
vn 57.306860 77.834370 -25.646338
vn 52.945406 83.090565 -17.109706
vn 47.393880 87.546888 -9.453179
vn 40.853548 91.225354 -2.987040
vn 41.983628 34.287993 -84.033972
vn 48.128483 44.632986 -75.442333
vn 52.047275 54.625755 -65.628561
vn 56.395480 67.104029 -48.131063
vn 56.070540 76.155195 -32.503551
vn 52.248142 81.996303 -23.382428
vn 47.053485 86.918103 -15.205687
vn 40.736642 90.964306 -8.125327
vn 43.688032 40.515038 80.311192
vn 42.714609 44.830738 78.521762
vn 41.540200 49.427983 76.362859
vn 40.083397 54.441404 73.684835
vn 38.229797 59.996432 70.277385
vn 35.825218 66.177032 65.857074
vn 32.676380 72.965863 60.068603
usemtl Paint_-_Enamel_Glossy_(Yellow)
f 2/1/1 53/2/2 1/3/3
f 1/3/3 53/2/2 54/4/4
f 1/3/3 54/4/4 55/5/5
f 3/6/6 41/7/7 2/1/1
f 2/1/1 41/7/7 42/8/8
f 2/1/1 42/8/8 51/9/9
f 51/9/9 42/8/8 50/10/10
f 50/10/10 42/8/8 49/11/11
f 49/11/11 42/8/8 22/12/12
f 49/11/11 22/12/12 48/13/13
f 48/13/13 22/12/12 47/14/14
f 47/15/14 22/16/12 46/17/15
f 46/17/15 22/16/12 23/18/16
f 46/17/15 23/18/16 45/19/17
f 45/19/17 23/18/16 44/20/18
f 44/20/18 23/18/16 43/21/19
f 43/21/19 23/18/16 21/22/20
f 43/21/19 21/22/20 58/23/21
f 58/23/21 21/22/20 57/24/22
f 57/24/22 21/22/20 56/25/23
f 56/25/23 21/22/20 1/26/3
f 56/25/23 1/26/3 55/27/5
f 41/7/7 3/6/6 40/28/24
f 40/28/24 3/6/6 4/29/25
f 40/28/24 4/29/25 39/30/26
f 39/30/26 4/29/25 5/31/27
f 39/30/26 5/31/27 38/32/28
f 38/32/28 5/31/27 6/33/29
f 38/32/28 6/33/29 37/34/30
f 37/34/30 6/33/29 7/35/31
f 37/34/30 7/35/31 36/36/32
f 36/36/32 7/35/31 8/37/33
f 36/36/32 8/37/33 35/38/34
f 35/38/34 8/37/33 9/39/35
f 35/38/34 9/39/35 34/40/36
f 34/40/36 9/39/35 10/41/37
f 34/40/36 10/41/37 33/42/38
f 33/42/38 10/41/37 11/43/39
f 33/42/38 11/43/39 32/44/40
f 32/44/40 11/43/39 12/45/41
f 32/44/40 12/45/41 31/46/42
f 31/46/42 12/45/41 13/47/43
f 31/46/42 13/47/43 30/48/44
f 30/48/44 13/47/43 14/49/45
f 30/48/44 14/49/45 29/50/46
f 29/50/46 14/49/45 15/51/47
f 29/50/46 15/51/47 28/52/48
f 28/52/48 15/51/47 16/53/49
f 28/52/48 16/53/49 27/54/50
f 27/54/50 16/53/49 17/55/51
f 27/54/50 17/55/51 26/56/52
f 26/56/52 17/55/51 18/57/53
f 26/56/52 18/57/53 25/58/54
f 25/58/54 18/57/53 19/59/55
f 25/58/54 19/59/55 24/60/56
f 24/60/56 19/59/55 20/61/57
f 24/60/56 20/61/57 23/18/16
f 23/18/16 20/61/57 21/22/20
f 51/9/9 52/62/58 2/1/1
f 2/1/1 52/62/58 53/2/2
f 60/63/59 23/64/60 59/65/61
f 59/65/61 23/64/60 22/66/62
f 59/65/61 22/66/62 42/67/63
f 23/64/60 60/63/59 24/68/64
f 24/68/64 60/63/59 61/69/65
f 24/68/64 61/69/65 25/70/66
f 25/70/66 61/69/65 62/71/67
f 25/70/66 62/71/67 26/72/68
f 26/72/68 62/71/67 63/73/69
f 26/72/68 63/73/69 27/74/70
f 27/74/70 63/73/69 64/75/71
f 27/74/70 64/75/71 65/76/72
f 27/74/70 65/76/72 28/77/73
f 28/77/73 65/76/72 66/78/74
f 28/77/73 66/78/74 29/79/75
f 29/79/75 66/78/74 67/80/76
f 29/79/75 67/80/76 30/81/77
f 30/81/77 67/80/76 68/82/78
f 30/81/77 68/82/78 31/83/79
f 31/83/79 68/82/78 69/84/80
f 31/83/79 69/84/80 32/85/81
f 32/85/81 69/84/80 33/86/82
f 33/86/82 69/84/80 70/87/83
f 33/86/82 70/87/83 34/88/84
f 34/88/84 70/87/83 71/89/85
f 34/88/84 71/89/85 35/90/86
f 35/90/86 71/89/85 72/91/87
f 35/90/86 72/91/87 36/92/88
f 36/92/88 72/91/87 73/93/89
f 36/92/88 73/93/89 37/94/90
f 37/94/90 73/93/89 74/95/91
f 37/94/90 74/95/91 38/96/92
f 38/96/92 74/95/91 75/97/93
f 38/96/92 75/97/93 76/98/94
f 38/96/92 76/98/94 39/99/95
f 39/99/95 76/98/94 77/100/96
f 39/99/95 77/100/96 40/101/97
f 40/101/97 77/100/96 78/102/98
f 40/101/97 78/102/98 41/103/99
f 41/103/99 78/102/98 79/104/100
f 41/103/99 79/104/100 42/67/63
f 42/67/63 79/104/100 59/65/61
f 79/105/101 100/106/102 59/107/103
f 59/107/103 100/106/102 80/108/104
f 59/109/103 80/110/104 60/111/105
f 60/111/105 80/110/104 81/112/106
f 60/111/105 81/112/106 82/113/107
f 79/105/101 78/114/108 100/106/102
f 100/106/102 78/114/108 99/115/109
f 99/115/109 78/114/108 77/116/110
f 99/115/109 77/116/110 98/117/111
f 98/117/111 77/116/110 76/118/112
f 98/117/111 76/118/112 97/119/113
f 97/119/113 76/118/112 75/120/114
f 97/119/113 75/120/114 96/121/115
f 96/121/115 75/120/114 74/122/116
f 96/121/115 74/122/116 95/123/117
f 95/123/117 74/122/116 73/124/118
f 95/123/117 73/124/118 94/125/119
f 94/125/119 73/124/118 72/126/120
f 94/125/119 72/126/120 93/127/121
f 93/127/121 72/126/120 71/128/122
f 93/127/121 71/128/122 92/129/123
f 92/129/123 71/128/122 70/130/124
f 92/129/123 70/130/124 91/131/125
f 91/131/125 70/130/124 69/132/126
f 91/131/125 69/132/126 90/133/127
f 90/133/127 69/132/126 68/134/128
f 90/133/127 68/134/128 89/135/129
f 89/135/129 68/134/128 67/136/130
f 89/135/129 67/136/130 88/137/131
f 88/137/131 67/136/130 66/138/132
f 88/137/131 66/138/132 87/139/133
f 87/139/133 66/138/132 65/140/134
f 87/139/133 65/140/134 86/141/135
f 86/141/135 65/140/134 64/142/136
f 86/141/135 64/142/136 85/143/137
f 85/143/137 64/142/136 63/144/138
f 85/143/137 63/144/138 84/145/139
f 84/145/139 63/144/138 62/146/140
f 84/145/139 62/146/140 83/147/141
f 83/147/141 62/146/140 61/148/142
f 83/147/141 61/148/142 82/113/107
f 82/113/107 61/148/142 60/111/105
f 100/149/143 2/150/144 80/151/145
f 80/151/145 2/150/144 1/152/146
f 80/151/145 1/152/146 21/153/147
f 2/150/144 100/149/143 3/154/148
f 3/154/148 100/149/143 99/155/149
f 3/154/148 99/155/149 4/156/150
f 4/156/150 99/155/149 98/157/151
f 4/156/150 98/157/151 5/158/152
f 5/158/152 98/157/151 97/159/153
f 5/158/152 97/159/153 6/160/154
f 6/160/154 97/159/153 96/161/155
f 6/160/154 96/161/155 95/162/156
f 6/160/154 95/162/156 7/163/157
f 7/163/157 95/162/156 94/164/158
f 7/163/157 94/164/158 8/165/159
f 8/165/159 94/164/158 93/166/160
f 8/165/159 93/166/160 9/167/161
f 9/167/161 93/166/160 92/168/162
f 9/167/161 92/168/162 10/169/163
f 10/169/163 92/168/162 91/170/164
f 10/169/163 91/170/164 11/171/165
f 11/171/165 91/170/164 90/172/166
f 11/171/165 90/172/166 12/173/167
f 12/173/167 90/172/166 13/174/168
f 13/174/168 90/172/166 89/175/169
f 13/174/168 89/175/169 14/176/170
f 14/176/170 89/175/169 88/177/171
f 14/176/170 88/177/171 15/178/172
f 15/178/172 88/177/171 87/179/173
f 15/178/172 87/179/173 16/180/174
f 16/180/174 87/179/173 86/181/175
f 16/180/174 86/181/175 17/182/176
f 17/182/176 86/181/175 85/183/177
f 17/182/176 85/183/177 84/184/178
f 17/182/176 84/184/178 18/185/179
f 18/185/179 84/184/178 83/186/180
f 18/185/179 83/186/180 19/187/181
f 19/187/181 83/186/180 82/188/182
f 19/187/181 82/188/182 20/189/183
f 20/189/183 82/188/182 81/190/184
f 20/189/183 81/190/184 21/153/147
f 21/153/147 81/190/184 80/151/145
f 102/191/185 128/192/186 101/193/187
f 101/193/187 128/192/186 115/194/188
f 101/195/187 115/196/188 114/197/189
f 114/197/189 115/196/188 116/198/190
f 114/197/189 116/198/190 117/199/191
f 102/191/185 103/200/192 128/192/186
f 128/192/186 103/200/192 127/201/193
f 127/201/193 103/200/192 104/202/194
f 127/201/193 104/202/194 126/203/195
f 126/203/195 104/202/194 105/204/196
f 126/203/195 105/204/196 125/205/197
f 125/205/197 105/204/196 106/206/198
f 125/205/197 106/206/198 124/207/199
f 124/207/199 106/206/198 107/208/200
f 124/207/199 107/208/200 123/209/201
f 123/209/201 107/208/200 108/210/202
f 123/209/201 108/210/202 122/211/203
f 122/211/203 108/210/202 109/212/204
f 122/211/203 109/212/204 121/213/205
f 121/213/205 109/212/204 110/214/206
f 121/213/205 110/214/206 120/215/207
f 120/215/207 110/214/206 111/216/208
f 120/215/207 111/216/208 119/217/209
f 119/217/209 111/216/208 112/218/210
f 119/217/209 112/218/210 118/219/211
f 118/219/211 112/218/210 113/220/212
f 118/219/211 113/220/212 117/199/191
f 117/199/191 113/220/212 114/197/189
f 114/221/213 109/222/214 101/223/215
f 101/223/215 109/222/214 108/224/216
f 101/223/215 108/224/216 102/225/217
f 102/225/217 108/224/216 107/226/218
f 102/225/217 107/226/218 103/227/219
f 103/227/219 107/226/218 106/228/220
f 103/227/219 106/228/220 104/229/221
f 104/229/221 106/228/220 105/230/222
f 109/222/214 114/221/213 110/231/223
f 110/231/223 114/221/213 113/232/224
f 110/231/223 113/232/224 111/233/225
f 111/233/225 113/232/224 112/234/226
f 130/235/227 156/236/228 129/237/229
f 129/237/229 156/236/228 143/238/230
f 129/239/229 143/240/230 142/241/231
f 142/241/231 143/240/230 144/242/232
f 142/241/231 144/242/232 145/243/233
f 130/235/227 131/244/234 156/236/228
f 156/236/228 131/244/234 155/245/235
f 155/245/235 131/244/234 132/246/236
f 155/245/235 132/246/236 154/247/237
f 154/247/237 132/246/236 133/248/238
f 154/247/237 133/248/238 153/249/239
f 153/249/239 133/248/238 134/250/240
f 153/249/239 134/250/240 152/251/241
f 152/251/241 134/250/240 135/252/242
f 152/251/241 135/252/242 151/253/243
f 151/253/243 135/252/242 136/254/244
f 151/253/243 136/254/244 150/255/245
f 150/255/245 136/254/244 137/256/246
f 150/255/245 137/256/246 149/257/247
f 149/257/247 137/256/246 138/258/248
f 149/257/247 138/258/248 148/259/249
f 148/259/249 138/258/248 139/260/250
f 148/259/249 139/260/250 147/261/251
f 147/261/251 139/260/250 140/262/252
f 147/261/251 140/262/252 146/263/253
f 146/263/253 140/262/252 141/264/254
f 146/263/253 141/264/254 145/243/233
f 145/243/233 141/264/254 142/241/231
f 142/265/255 137/266/256 129/267/257
f 129/267/257 137/266/256 136/268/258
f 129/267/257 136/268/258 130/269/259
f 130/269/259 136/268/258 135/270/260
f 130/269/259 135/270/260 131/271/261
f 131/271/261 135/270/260 134/272/262
f 131/271/261 134/272/262 132/273/263
f 132/273/263 134/272/262 133/274/264
f 137/266/256 142/265/255 138/275/265
f 138/275/265 142/265/255 141/276/266
f 138/275/265 141/276/266 139/277/267
f 139/277/267 141/276/266 140/278/268
f 158/279/269 190/280/270 157/281/271
f 157/281/271 190/280/270 174/282/272
f 157/283/271 174/284/272 173/285/273
f 173/285/273 174/284/272 175/286/274
f 173/285/273 175/286/274 176/287/275
f 158/279/269 159/288/276 190/280/270
f 190/280/270 159/288/276 189/289/277
f 189/289/277 159/288/276 160/290/278
f 189/289/277 160/290/278 188/291/279
f 188/291/279 160/290/278 161/292/280
f 188/291/279 161/292/280 187/293/281
f 187/293/281 161/292/280 162/294/282
f 187/293/281 162/294/282 186/295/283
f 186/295/283 162/294/282 163/296/284
f 186/295/283 163/296/284 185/297/285
f 185/297/285 163/296/284 164/298/286
f 185/297/285 164/298/286 184/299/287
f 184/299/287 164/298/286 165/300/288
f 184/299/287 165/300/288 183/301/289
f 183/301/289 165/300/288 166/302/290
f 183/301/289 166/302/290 182/303/291
f 182/303/291 166/302/290 167/304/292
f 182/303/291 167/304/292 181/305/293
f 181/305/293 167/304/292 168/306/294
f 181/305/293 168/306/294 180/307/295
f 180/307/295 168/306/294 169/308/296
f 180/307/295 169/308/296 179/309/297
f 179/309/297 169/308/296 170/310/298
f 179/309/297 170/310/298 178/311/299
f 178/311/299 170/310/298 171/312/300
f 178/311/299 171/312/300 177/313/301
f 177/313/301 171/312/300 172/314/302
f 177/313/301 172/314/302 176/287/275
f 176/287/275 172/314/302 173/285/273
f 156/315/303 158/316/304 143/317/305
f 143/317/305 158/316/304 157/318/306
f 143/317/305 157/318/306 173/319/307
f 158/316/304 156/315/303 159/320/308
f 159/320/308 156/315/303 155/321/309
f 159/320/308 155/321/309 160/322/310
f 160/322/310 155/321/309 154/323/311
f 160/322/310 154/323/311 161/324/312
f 161/324/312 154/323/311 153/325/313
f 161/324/312 153/325/313 162/326/314
f 162/326/314 153/325/313 152/327/315
f 162/326/314 152/327/315 163/328/316
f 163/328/316 152/327/315 164/329/317
f 164/329/317 152/327/315 151/330/318
f 164/329/317 151/330/318 165/331/319
f 165/331/319 151/330/318 150/332/320
f 165/331/319 150/332/320 166/333/321
f 166/333/321 150/332/320 149/334/322
f 166/333/321 149/334/322 167/335/323
f 167/335/323 149/334/322 148/336/324
f 167/335/323 148/336/324 168/337/325
f 168/337/325 148/336/324 169/338/326
f 169/338/326 148/336/324 147/339/327
f 169/338/326 147/339/327 170/340/328
f 170/340/328 147/339/327 146/341/329
f 170/340/328 146/341/329 171/342/330
f 171/342/330 146/341/329 145/343/331
f 171/342/330 145/343/331 172/344/332
f 172/344/332 145/343/331 144/345/333
f 172/344/332 144/345/333 173/319/307
f 173/319/307 144/345/333 143/317/305
f 192/346/334 224/347/335 191/348/336
f 191/348/336 224/347/335 208/349/337
f 191/350/336 208/351/337 207/352/338
f 207/352/338 208/351/337 209/353/339
f 207/352/338 209/353/339 210/354/340
f 192/346/334 193/355/341 224/347/335
f 224/347/335 193/355/341 223/356/342
f 223/356/342 193/355/341 194/357/343
f 223/356/342 194/357/343 222/358/344
f 222/358/344 194/357/343 195/359/345
f 222/358/344 195/359/345 221/360/346
f 221/360/346 195/359/345 196/361/347
f 221/360/346 196/361/347 220/362/348
f 220/362/348 196/361/347 197/363/349
f 220/362/348 197/363/349 219/364/350
f 219/364/350 197/363/349 198/365/351
f 219/364/350 198/365/351 218/366/352
f 218/366/352 198/365/351 199/367/353
f 218/366/352 199/367/353 217/368/354
f 217/368/354 199/367/353 200/369/355
f 217/368/354 200/369/355 216/370/356
f 216/370/356 200/369/355 201/371/357
f 216/370/356 201/371/357 215/372/358
f 215/372/358 201/371/357 202/373/359
f 215/372/358 202/373/359 214/374/360
f 214/374/360 202/373/359 203/375/361
f 214/374/360 203/375/361 213/376/362
f 213/376/362 203/375/361 204/377/363
f 213/376/362 204/377/363 212/378/364
f 212/378/364 204/377/363 205/379/365
f 212/378/364 205/379/365 211/380/366
f 211/380/366 205/379/365 206/381/367
f 211/380/366 206/381/367 210/354/340
f 210/354/340 206/381/367 207/352/338
f 128/382/368 192/383/369 115/384/370
f 115/384/370 192/383/369 191/385/371
f 115/384/370 191/385/371 207/386/372
f 192/383/369 128/382/368 193/387/373
f 193/387/373 128/382/368 127/388/374
f 193/387/373 127/388/374 194/389/375
f 194/389/375 127/388/374 126/390/376
f 194/389/375 126/390/376 195/391/377
f 195/391/377 126/390/376 125/392/378
f 195/391/377 125/392/378 196/393/379
f 196/393/379 125/392/378 124/394/380
f 196/393/379 124/394/380 197/395/381
f 197/395/381 124/394/380 198/396/382
f 198/396/382 124/394/380 123/397/383
f 198/396/382 123/397/383 199/398/384
f 199/398/384 123/397/383 122/399/385
f 199/398/384 122/399/385 200/400/386
f 200/400/386 122/399/385 121/401/387
f 200/400/386 121/401/387 201/402/388
f 201/402/388 121/401/387 120/403/389
f 201/402/388 120/403/389 202/404/390
f 202/404/390 120/403/389 203/405/391
f 203/405/391 120/403/389 119/406/392
f 203/405/391 119/406/392 204/407/393
f 204/407/393 119/406/392 118/408/394
f 204/407/393 118/408/394 205/409/395
f 205/409/395 118/408/394 117/410/396
f 205/409/395 117/410/396 206/411/397
f 206/411/397 117/410/396 116/412/398
f 206/411/397 116/412/398 207/386/372
f 207/386/372 116/412/398 115/384/370
f 225/413/399 226/414/400 228/415/401
f 228/415/401 226/414/400 227/416/402
f 229/417/403 225/418/404 230/419/405
f 230/419/405 225/418/404 228/420/406
f 231/421/407 229/422/408 232/423/409
f 232/423/409 229/422/408 230/424/410
f 226/425/411 231/426/412 227/427/413
f 227/427/413 231/426/412 232/428/414
f 232/429/415 230/430/416 227/431/417
f 227/431/417 230/430/416 228/432/418
f 234/433/419 48/434/420 233/435/421
f 233/435/421 48/434/420 47/436/422
f 233/437/421 47/438/422 46/439/423
f 48/434/420 234/433/419 49/440/424
f 49/440/424 234/433/419 235/441/425
f 49/440/424 235/441/425 50/442/426
f 50/442/426 235/441/425 236/443/427
f 50/442/426 236/443/427 51/444/428
f 51/444/428 236/443/427 52/445/429
f 52/445/429 236/443/427 237/446/430
f 52/445/429 237/446/430 53/447/431
f 53/447/431 237/446/430 238/448/432
f 53/447/431 238/448/432 54/449/433
f 54/449/433 238/448/432 239/450/434
f 54/449/433 239/450/434 55/451/435
f 55/451/435 239/450/434 56/452/436
f 56/452/436 239/450/434 240/453/437
f 56/452/436 240/453/437 57/454/438
f 57/454/438 240/453/437 241/455/439
f 57/454/438 241/455/439 58/456/440
f 58/456/440 241/455/439 242/457/441
f 58/456/440 242/457/441 43/458/442
f 43/458/442 242/457/441 44/459/443
f 44/459/443 242/457/441 243/460/444
f 44/459/443 243/460/444 45/461/445
f 45/461/445 243/460/444 244/462/446
f 45/461/445 244/462/446 46/439/423
f 46/439/423 244/462/446 233/437/421
f 246/463/447 260/464/448 245/465/449
f 245/465/449 260/464/448 261/466/450
f 245/467/449 261/468/450 262/469/451
f 260/464/448 246/463/447 259/470/452
f 259/470/452 246/463/447 247/471/453
f 259/470/452 247/471/453 258/472/454
f 258/472/454 247/471/453 248/473/455
f 258/472/454 248/473/455 257/474/456
f 257/474/456 248/473/455 272/475/457
f 272/475/457 248/473/455 249/476/458
f 272/475/457 249/476/458 271/477/459
f 271/477/459 249/476/458 250/478/460
f 271/477/459 250/478/460 270/479/461
f 270/479/461 250/478/460 251/480/462
f 270/479/461 251/480/462 269/481/463
f 269/481/463 251/480/462 268/482/464
f 268/482/464 251/480/462 252/483/465
f 268/482/464 252/483/465 267/484/466
f 267/484/466 252/483/465 253/485/467
f 267/484/466 253/485/467 266/486/468
f 266/486/468 253/485/467 254/487/469
f 266/486/468 254/487/469 265/488/470
f 265/488/470 254/487/469 264/489/471
f 264/489/471 254/487/469 255/490/472
f 264/489/471 255/490/472 263/491/473
f 263/491/473 255/490/472 256/492/474
f 263/491/473 256/492/474 262/469/451
f 262/469/451 256/492/474 245/467/449
f 274/493/475 314/494/476 273/495/477
f 273/495/477 314/494/476 294/496/478
f 273/495/477 294/496/478 295/497/479
f 314/494/476 274/493/475 313/498/480
f 313/498/480 274/493/475 275/499/481
f 313/498/480 275/499/481 312/500/482
f 312/500/482 275/499/481 276/501/483
f 312/500/482 276/501/483 311/502/484
f 311/502/484 276/501/483 277/503/485
f 311/502/484 277/503/485 310/504/486
f 310/504/486 277/503/485 278/505/487
f 310/504/486 278/505/487 279/506/488
f 310/504/486 279/506/488 309/507/489
f 309/507/489 279/506/488 280/508/490
f 309/507/489 280/508/490 308/509/491
f 308/509/491 280/508/490 281/510/492
f 308/509/491 281/510/492 307/511/493
f 307/511/493 281/510/492 282/512/494
f 307/511/493 282/512/494 306/513/495
f 306/513/495 282/512/494 283/514/496
f 306/513/495 283/514/496 305/515/497
f 305/515/497 283/514/496 284/516/498
f 305/515/497 284/516/498 304/517/499
f 304/517/499 284/516/498 303/518/500
f 303/518/500 284/516/498 285/519/501
f 303/518/500 285/519/501 302/520/502
f 302/520/502 285/519/501 286/521/503
f 302/520/502 286/521/503 301/522/504
f 301/522/504 286/521/503 287/523/505
f 301/522/504 287/523/505 300/524/506
f 300/524/506 287/523/505 288/525/507
f 300/524/506 288/525/507 299/526/508
f 299/526/508 288/525/507 289/527/509
f 299/526/508 289/527/509 290/528/510
f 299/526/508 290/528/510 298/529/511
f 298/529/511 290/528/510 291/530/512
f 298/529/511 291/530/512 297/531/513
f 297/531/513 291/530/512 292/532/514
f 297/531/513 292/532/514 296/533/515
f 296/533/515 292/532/514 293/534/516
f 296/533/515 293/534/516 295/497/479
f 295/497/479 293/534/516 273/495/477
f 293/535/517 335/536/518 273/537/519
f 273/537/519 335/536/518 315/538/520
f 273/539/519 315/540/520 274/541/521
f 274/541/521 315/540/520 316/542/522
f 274/541/521 316/542/522 317/543/523
f 293/535/517 292/544/524 335/536/518
f 335/536/518 292/544/524 334/545/525
f 334/545/525 292/544/524 291/546/526
f 334/545/525 291/546/526 333/547/527
f 333/547/527 291/546/526 290/548/528
f 333/547/527 290/548/528 332/549/529
f 332/549/529 290/548/528 289/550/530
f 332/549/529 289/550/530 331/551/531
f 331/551/531 289/550/530 288/552/532
f 331/551/531 288/552/532 330/553/533
f 330/553/533 288/552/532 287/554/534
f 330/553/533 287/554/534 329/555/535
f 329/555/535 287/554/534 286/556/536
f 329/555/535 286/556/536 328/557/537
f 328/557/537 286/556/536 285/558/538
f 328/557/537 285/558/538 327/559/539
f 327/559/539 285/558/538 284/560/540
f 327/559/539 284/560/540 326/561/541
f 326/561/541 284/560/540 283/562/542
f 326/561/541 283/562/542 325/563/543
f 325/563/543 283/562/542 282/564/544
f 325/563/543 282/564/544 324/565/545
f 324/565/545 282/564/544 281/566/546
f 324/565/545 281/566/546 323/567/547
f 323/567/547 281/566/546 280/568/548
f 323/567/547 280/568/548 322/569/549
f 322/569/549 280/568/548 279/570/550
f 322/569/549 279/570/550 321/571/551
f 321/571/551 279/570/550 278/572/552
f 321/571/551 278/572/552 320/573/553
f 320/573/553 278/572/552 277/574/554
f 320/573/553 277/574/554 319/575/555
f 319/575/555 277/574/554 276/576/556
f 319/575/555 276/576/556 318/577/557
f 318/577/557 276/576/556 275/578/558
f 318/577/557 275/578/558 317/543/523
f 317/543/523 275/578/558 274/541/521
f 272/579/559 337/580/560 257/581/561
f 257/581/561 337/580/560 295/582/562
f 257/581/561 295/582/562 258/583/563
f 258/583/563 295/582/562 259/584/564
f 259/584/564 295/582/562 260/585/565
f 260/585/565 295/582/562 294/586/566
f 260/585/565 294/586/566 261/587/567
f 261/588/567 294/589/566 262/590/568
f 262/590/568 294/589/566 263/591/569
f 263/591/569 294/589/566 314/592/570
f 263/591/569 314/592/570 264/593/571
f 264/593/571 314/592/570 265/594/572
f 265/594/572 314/592/570 356/595/573
f 265/594/572 356/595/573 266/596/574
f 266/596/574 356/595/573 267/597/575
f 267/597/575 356/595/573 336/598/576
f 267/597/575 336/598/576 268/599/577
f 268/599/577 336/598/576 269/600/578
f 269/601/578 336/602/576 270/603/579
f 270/603/579 336/602/576 337/580/560
f 270/603/579 337/580/560 271/604/580
f 271/604/580 337/580/560 272/579/559
f 356/595/573 314/592/570 355/605/581
f 355/605/581 314/592/570 313/606/582
f 355/605/581 313/606/582 354/607/583
f 354/607/583 313/606/582 312/608/584
f 354/607/583 312/608/584 353/609/585
f 353/609/585 312/608/584 311/610/586
f 353/609/585 311/610/586 352/611/587
f 352/611/587 311/610/586 310/612/588
f 352/611/587 310/612/588 351/613/589
f 351/613/589 310/612/588 309/614/590
f 351/613/589 309/614/590 350/615/591
f 350/615/591 309/614/590 308/616/592
f 350/615/591 308/616/592 349/617/593
f 349/617/593 308/616/592 307/618/594
f 349/617/593 307/618/594 348/619/595
f 348/619/595 307/618/594 306/620/596
f 348/619/595 306/620/596 347/621/597
f 347/621/597 306/620/596 305/622/598
f 347/621/597 305/622/598 346/623/599
f 346/623/599 305/622/598 304/624/600
f 346/623/599 304/624/600 345/625/601
f 345/625/601 304/624/600 303/626/602
f 345/625/601 303/626/602 344/627/603
f 344/627/603 303/626/602 302/628/604
f 344/627/603 302/628/604 343/629/605
f 343/629/605 302/628/604 301/630/606
f 343/629/605 301/630/606 342/631/607
f 342/631/607 301/630/606 300/632/608
f 342/631/607 300/632/608 341/633/609
f 341/633/609 300/632/608 299/634/610
f 341/633/609 299/634/610 340/635/611
f 340/635/611 299/634/610 298/636/612
f 340/635/611 298/636/612 339/637/613
f 339/637/613 298/636/612 297/638/614
f 339/637/613 297/638/614 338/639/615
f 338/639/615 297/638/614 296/640/616
f 338/639/615 296/640/616 337/580/560
f 337/580/560 296/640/616 295/582/562
f 335/641/617 337/642/618 315/643/619
f 315/643/619 337/642/618 336/644/620
f 315/643/619 336/644/620 356/645/621
f 337/642/618 335/641/617 338/646/622
f 338/646/622 335/641/617 334/647/623
f 338/646/622 334/647/623 339/648/624
f 339/648/624 334/647/623 333/649/625
f 339/648/624 333/649/625 340/650/626
f 340/650/626 333/649/625 332/651/627
f 340/650/626 332/651/627 341/652/628
f 341/652/628 332/651/627 331/653/629
f 341/652/628 331/653/629 330/654/630
f 341/652/628 330/654/630 342/655/631
f 342/655/631 330/654/630 329/656/632
f 342/655/631 329/656/632 343/657/633
f 343/657/633 329/656/632 328/658/634
f 343/657/633 328/658/634 344/659/635
f 344/659/635 328/658/634 327/660/636
f 344/659/635 327/660/636 345/661/637
f 345/661/637 327/660/636 326/662/638
f 345/661/637 326/662/638 346/663/639
f 346/663/639 326/662/638 347/664/640
f 347/664/640 326/662/638 325/665/641
f 347/664/640 325/665/641 348/666/642
f 348/666/642 325/665/641 324/667/643
f 348/666/642 324/667/643 349/668/644
f 349/668/644 324/667/643 323/669/645
f 349/668/644 323/669/645 350/670/646
f 350/670/646 323/669/645 322/671/647
f 350/670/646 322/671/647 351/672/648
f 351/672/648 322/671/647 321/673/649
f 351/672/648 321/673/649 352/674/650
f 352/674/650 321/673/649 320/675/651
f 352/674/650 320/675/651 319/676/652
f 352/674/650 319/676/652 353/677/653
f 353/677/653 319/676/652 318/678/654
f 353/677/653 318/678/654 354/679/655
f 354/679/655 318/678/654 317/680/656
f 354/679/655 317/680/656 355/681/657
f 355/681/657 317/680/656 316/682/658
f 355/681/657 316/682/658 356/645/621
f 356/645/621 316/682/658 315/643/619
f 358/683/659 407/684/660 357/685/661
f 357/685/661 407/684/660 406/686/662
f 357/685/661 406/686/662 380/687/663
f 380/687/663 406/686/662 425/688/664
f 380/687/663 425/688/664 379/689/665
f 379/689/665 425/688/664 424/690/666
f 379/689/665 424/690/666 378/691/667
f 378/691/667 424/690/666 405/692/668
f 378/691/667 405/692/668 377/693/669
f 377/694/669 405/695/668 376/696/670
f 376/696/670 405/695/668 423/697/671
f 376/696/670 423/697/671 375/698/672
f 375/698/672 423/697/671 422/699/673
f 375/698/672 422/699/673 374/700/674
f 374/700/674 422/699/673 421/701/675
f 374/700/674 421/701/675 373/702/676
f 373/702/676 421/701/675 420/703/677
f 373/702/676 420/703/677 372/704/678
f 372/704/678 420/703/677 419/705/679
f 372/704/678 419/705/679 371/706/680
f 371/706/680 419/705/679 418/707/681
f 371/706/680 418/707/681 370/708/682
f 370/708/682 418/707/681 417/709/683
f 370/708/682 417/709/683 369/710/684
f 369/710/684 417/709/683 368/711/685
f 368/711/685 417/709/683 416/712/686
f 368/711/685 416/712/686 367/713/687
f 367/713/687 416/712/686 415/714/688
f 367/713/687 415/714/688 366/715/689
f 366/715/689 415/714/688 414/716/690
f 366/715/689 414/716/690 365/717/691
f 365/717/691 414/716/690 413/718/692
f 365/717/691 413/718/692 364/719/693
f 364/719/693 413/718/692 412/720/694
f 364/719/693 412/720/694 363/721/695
f 363/721/695 412/720/694 411/722/696
f 363/721/695 411/722/696 362/723/697
f 362/723/697 411/722/696 410/724/698
f 362/723/697 410/724/698 361/725/699
f 361/725/699 410/724/698 360/726/700
f 360/726/700 410/724/698 409/727/701
f 360/726/700 409/727/701 359/728/702
f 359/728/702 409/727/701 408/729/703
f 359/728/702 408/729/703 358/683/659
f 358/683/659 408/729/703 407/684/660
f 382/730/704 420/703/677 381/731/705
f 381/731/705 420/703/677 421/701/675
f 381/731/705 421/701/675 404/732/706
f 404/732/706 421/701/675 422/699/673
f 404/732/706 422/699/673 403/733/707
f 403/733/707 422/699/673 423/697/671
f 403/733/707 423/697/671 402/734/708
f 402/734/708 423/697/671 405/695/668
f 402/734/708 405/695/668 401/735/709
f 401/736/709 405/692/668 400/737/710
f 400/737/710 405/692/668 424/690/666
f 400/737/710 424/690/666 399/738/711
f 399/738/711 424/690/666 425/688/664
f 399/738/711 425/688/664 398/739/712
f 398/739/712 425/688/664 406/686/662
f 398/739/712 406/686/662 397/740/713
f 397/740/713 406/686/662 407/684/660
f 397/740/713 407/684/660 396/741/714
f 396/741/714 407/684/660 408/729/703
f 396/741/714 408/729/703 395/742/715
f 395/742/715 408/729/703 409/727/701
f 395/742/715 409/727/701 394/743/716
f 394/743/716 409/727/701 410/724/698
f 394/743/716 410/724/698 393/744/717
f 393/744/717 410/724/698 392/745/718
f 392/745/718 410/724/698 411/722/696
f 392/745/718 411/722/696 391/746/719
f 391/746/719 411/722/696 412/720/694
f 391/746/719 412/720/694 390/747/720
f 390/747/720 412/720/694 413/718/692
f 390/747/720 413/718/692 389/748/721
f 389/748/721 413/718/692 414/716/690
f 389/748/721 414/716/690 388/749/722
f 388/749/722 414/716/690 415/714/688
f 388/749/722 415/714/688 387/750/723
f 387/750/723 415/714/688 416/712/686
f 387/750/723 416/712/686 386/751/724
f 386/751/724 416/712/686 417/709/683
f 386/751/724 417/709/683 385/752/725
f 385/752/725 417/709/683 384/753/726
f 384/753/726 417/709/683 418/707/681
f 384/753/726 418/707/681 383/754/727
f 383/754/727 418/707/681 419/705/679
f 383/754/727 419/705/679 382/730/704
f 382/730/704 419/705/679 420/703/677
f 444/755/728 357/756/729 443/757/730
f 443/757/730 357/756/729 380/758/731
f 443/757/730 380/758/731 441/759/732
f 441/759/732 380/758/731 440/760/733
f 440/760/733 380/758/731 439/761/734
f 439/761/734 380/758/731 438/762/735
f 438/762/735 380/758/731 379/763/736
f 438/762/735 379/763/736 437/764/737
f 437/764/737 379/763/736 378/765/738
f 437/764/737 378/765/738 436/766/739
f 436/766/739 378/765/738 435/767/740
f 435/767/740 378/765/738 377/768/741
f 435/767/740 377/768/741 434/769/742
f 434/769/742 377/768/741 433/770/743
f 433/770/743 377/768/741 376/771/744
f 433/770/743 376/771/744 432/772/745
f 432/772/745 376/771/744 431/773/746
f 431/773/746 376/771/744 375/774/747
f 431/773/746 375/774/747 430/775/748
f 430/775/748 375/774/747 429/776/749
f 429/776/749 375/774/747 427/777/750
f 429/776/749 427/777/750 428/778/751
f 375/774/747 374/779/752 427/777/750
f 427/777/750 374/779/752 426/780/753
f 426/780/753 374/779/752 373/781/754
f 441/759/732 442/782/755 443/757/730
f 381/783/756 404/784/757 463/785/758
f 463/785/758 404/784/757 462/786/759
f 462/786/759 404/784/757 403/787/760
f 462/786/759 403/787/760 460/788/761
f 460/788/761 403/787/760 459/789/762
f 459/789/762 403/787/760 458/790/763
f 458/790/763 403/787/760 402/791/764
f 458/790/763 402/791/764 457/792/765
f 457/792/765 402/791/764 456/793/766
f 456/793/766 402/791/764 401/794/767
f 456/793/766 401/794/767 455/795/768
f 455/795/768 401/794/767 454/796/769
f 454/796/769 401/794/767 400/797/770
f 454/796/769 400/797/770 453/798/771
f 453/798/771 400/797/770 452/799/772
f 452/799/772 400/797/770 399/800/773
f 452/799/772 399/800/773 451/801/774
f 451/801/774 399/800/773 398/802/775
f 451/801/774 398/802/775 450/803/776
f 450/803/776 398/802/775 449/804/777
f 449/804/777 398/802/775 448/805/778
f 448/805/778 398/802/775 446/806/779
f 448/805/778 446/806/779 447/807/780
f 398/802/775 397/808/781 446/806/779
f 446/806/779 397/808/781 445/809/782
f 460/788/761 461/810/783 462/786/759
f 465/811/784 505/812/785 464/813/786
f 464/813/786 505/812/785 485/814/787
f 464/815/786 485/816/787 484/817/788
f 484/817/788 485/816/787 486/818/789
f 484/817/788 486/818/789 487/819/790
f 465/811/784 466/820/791 505/812/785
f 505/812/785 466/820/791 504/821/792
f 504/821/792 466/820/791 467/822/793
f 504/821/792 467/822/793 503/823/794
f 503/823/794 467/822/793 468/824/795
f 503/823/794 468/824/795 502/825/796
f 502/825/796 468/824/795 469/826/797
f 502/825/796 469/826/797 501/827/798
f 501/827/798 469/826/797 470/828/799
f 501/827/798 470/828/799 500/829/800
f 500/829/800 470/828/799 471/830/801
f 500/829/800 471/830/801 499/831/802
f 499/831/802 471/830/801 472/832/803
f 499/831/802 472/832/803 498/833/804
f 498/833/804 472/832/803 473/834/805
f 498/833/804 473/834/805 497/835/806
f 497/835/806 473/834/805 474/836/807
f 497/835/806 474/836/807 496/837/808
f 496/837/808 474/836/807 475/838/809
f 496/837/808 475/838/809 495/839/810
f 495/839/810 475/838/809 476/840/811
f 495/839/810 476/840/811 494/841/812
f 494/841/812 476/840/811 477/842/813
f 494/841/812 477/842/813 493/843/814
f 493/843/814 477/842/813 478/844/815
f 493/843/814 478/844/815 492/845/816
f 492/845/816 478/844/815 479/846/817
f 492/845/816 479/846/817 491/847/818
f 491/847/818 479/846/817 480/848/819
f 491/847/818 480/848/819 490/849/820
f 490/849/820 480/848/819 481/850/821
f 490/849/820 481/850/821 489/851/822
f 489/851/822 481/850/821 482/852/823
f 489/851/822 482/852/823 488/853/824
f 488/853/824 482/852/823 483/854/825
f 488/853/824 483/854/825 487/819/790
f 487/819/790 483/854/825 484/817/788
f 507/855/826 547/856/827 506/857/828
f 506/857/828 547/856/827 527/858/829
f 506/859/828 527/860/829 526/861/830
f 526/861/830 527/860/829 528/862/831
f 526/861/830 528/862/831 529/863/832
f 507/855/826 508/864/833 547/856/827
f 547/856/827 508/864/833 546/865/834
f 546/865/834 508/864/833 509/866/835
f 546/865/834 509/866/835 545/867/836
f 545/867/836 509/866/835 510/868/837
f 545/867/836 510/868/837 544/869/838
f 544/869/838 510/868/837 511/870/839
f 544/869/838 511/870/839 543/871/840
f 543/871/840 511/870/839 512/872/841
f 543/871/840 512/872/841 542/873/842
f 542/873/842 512/872/841 513/874/843
f 542/873/842 513/874/843 541/875/844
f 541/875/844 513/874/843 514/876/845
f 541/875/844 514/876/845 540/877/846
f 540/877/846 514/876/845 515/878/847
f 540/877/846 515/878/847 539/879/848
f 539/879/848 515/878/847 516/880/849
f 539/879/848 516/880/849 538/881/850
f 538/881/850 516/880/849 517/882/851
f 538/881/850 517/882/851 537/883/852
f 537/883/852 517/882/851 518/884/853
f 537/883/852 518/884/853 536/885/854
f 536/885/854 518/884/853 519/886/855
f 536/885/854 519/886/855 535/887/856
f 535/887/856 519/886/855 520/888/857
f 535/887/856 520/888/857 534/889/858
f 534/889/858 520/888/857 521/890/859
f 534/889/858 521/890/859 533/891/860
f 533/891/860 521/890/859 522/892/861
f 533/891/860 522/892/861 532/893/862
f 532/893/862 522/892/861 523/894/863
f 532/893/862 523/894/863 531/895/864
f 531/895/864 523/894/863 524/896/865
f 531/895/864 524/896/865 530/897/866
f 530/897/866 524/896/865 525/898/867
f 530/897/866 525/898/867 529/863/832
f 529/863/832 525/898/867 526/861/830
f 549/899/868 589/900/869 548/901/870
f 548/901/870 589/900/869 569/902/871
f 548/903/870 569/904/871 568/905/872
f 568/905/872 569/904/871 570/906/873
f 568/905/872 570/906/873 571/907/874
f 549/899/868 550/908/875 589/900/869
f 589/900/869 550/908/875 588/909/876
f 588/909/876 550/908/875 551/910/877
f 588/909/876 551/910/877 587/911/878
f 587/911/878 551/910/877 552/912/879
f 587/911/878 552/912/879 586/913/880
f 586/913/880 552/912/879 553/914/881
f 586/913/880 553/914/881 585/915/882
f 585/915/882 553/914/881 554/916/883
f 585/915/882 554/916/883 584/917/884
f 584/917/884 554/916/883 555/918/885
f 584/917/884 555/918/885 583/919/886
f 583/919/886 555/918/885 556/920/887
f 583/919/886 556/920/887 582/921/888
f 582/921/888 556/920/887 557/922/889
f 582/921/888 557/922/889 581/923/890
f 581/923/890 557/922/889 558/924/891
f 581/923/890 558/924/891 580/925/892
f 580/925/892 558/924/891 559/926/893
f 580/925/892 559/926/893 579/927/894
f 579/927/894 559/926/893 560/928/895
f 579/927/894 560/928/895 578/929/896
f 578/929/896 560/928/895 561/930/897
f 578/929/896 561/930/897 577/931/898
f 577/931/898 561/930/897 562/932/899
f 577/931/898 562/932/899 576/933/900
f 576/933/900 562/932/899 563/934/901
f 576/933/900 563/934/901 575/935/902
f 575/935/902 563/934/901 564/936/903
f 575/935/902 564/936/903 574/937/904
f 574/937/904 564/936/903 565/938/905
f 574/937/904 565/938/905 573/939/906
f 573/939/906 565/938/905 566/940/907
f 573/939/906 566/940/907 572/941/908
f 572/941/908 566/940/907 567/942/909
f 572/941/908 567/942/909 571/907/874
f 571/907/874 567/942/909 568/905/872
f 225/943/910 615/944/911 226/945/912
f 226/945/912 615/944/911 616/946/913
f 226/945/912 616/946/913 617/947/914
f 229/948/915 469/949/916 225/943/910
f 225/943/910 469/949/916 468/950/917
f 225/943/910 468/950/917 467/951/918
f 231/952/919 593/953/920 229/948/915
f 229/948/915 593/953/920 594/954/921
f 229/948/915 594/954/921 595/955/922
f 226/945/912 560/956/923 231/952/919
f 231/952/919 560/956/923 526/957/924
f 231/952/919 526/957/924 525/958/925
f 484/959/926 609/960/927 464/961/928
f 464/961/928 609/960/927 610/962/929
f 464/961/928 610/962/929 225/943/910
f 225/943/910 610/962/929 611/963/930
f 225/943/910 611/963/930 612/964/931
f 609/960/927 484/959/926 608/965/932
f 608/965/932 484/959/926 483/966/933
f 608/965/932 483/966/933 607/967/934
f 607/967/934 483/966/933 482/968/935
f 607/967/934 482/968/935 606/969/936
f 606/969/936 482/968/935 481/970/937
f 606/969/936 481/970/937 605/971/938
f 605/971/938 481/970/937 480/972/939
f 605/971/938 480/972/939 604/973/940
f 604/973/940 480/972/939 479/974/941
f 604/973/940 479/974/941 603/975/942
f 603/975/942 479/974/941 478/976/943
f 603/975/942 478/976/943 602/977/944
f 602/977/944 478/976/943 477/978/945
f 602/977/944 477/978/945 601/979/946
f 601/979/946 477/978/945 476/980/947
f 601/979/946 476/980/947 600/981/948
f 600/981/948 476/980/947 475/982/949
f 600/981/948 475/982/949 599/983/950
f 599/983/950 475/982/949 598/984/951
f 598/984/951 475/982/949 474/985/952
f 598/984/951 474/985/952 229/948/915
f 229/948/915 474/985/952 473/986/953
f 229/948/915 473/986/953 472/987/954
f 472/987/954 471/988/955 229/948/915
f 229/948/915 471/988/955 470/989/956
f 229/948/915 470/989/956 469/949/916
f 467/951/918 466/990/957 225/943/910
f 225/943/910 466/990/957 465/991/958
f 225/943/910 465/991/958 464/961/928
f 526/957/924 559/992/959 506/993/960
f 506/993/960 559/992/959 558/994/961
f 506/993/960 558/994/961 507/995/962
f 507/995/962 558/994/961 620/996/963
f 507/995/962 620/996/963 508/997/964
f 508/997/964 620/996/963 509/998/965
f 509/998/965 620/996/963 510/999/966
f 510/999/966 620/996/963 511/1000/967
f 511/1000/967 620/996/963 512/1001/968
f 512/1001/968 620/996/963 463/1002/969
f 512/1001/968 463/1002/969 513/1003/970
f 513/1003/970 463/1002/969 514/1004/971
f 514/1004/971 463/1002/969 515/1005/972
f 515/1005/972 463/1002/969 516/1006/973
f 516/1006/973 463/1002/969 517/1007/974
f 517/1007/974 463/1002/969 462/1008/975
f 517/1007/974 462/1008/975 518/1009/976
f 518/1009/976 462/1008/975 519/1010/977
f 519/1010/977 462/1008/975 231/952/919
f 519/1010/977 231/952/919 520/1011/978
f 520/1011/978 231/952/919 521/1012/979
f 521/1012/979 231/952/919 522/1013/980
f 522/1013/980 231/952/919 523/1014/981
f 523/1014/981 231/952/919 524/1015/982
f 524/1015/982 231/952/919 525/958/925
f 549/1016/983 548/1017/984 426/1018/985
f 426/1018/985 548/1017/984 568/1019/986
f 426/1018/985 568/1019/986 427/1020/987
f 427/1020/987 568/1019/986 567/1021/988
f 427/1020/987 567/1021/988 566/1022/989
f 427/1020/987 566/1022/989 226/945/912
f 226/945/912 566/1022/989 565/1023/990
f 226/945/912 565/1023/990 564/1024/991
f 564/1024/991 563/1025/992 226/945/912
f 226/945/912 563/1025/992 562/1026/993
f 226/945/912 562/1026/993 561/1027/994
f 561/1027/994 560/956/923 226/945/912
f 560/956/923 559/992/959 526/957/924
f 620/996/963 558/994/961 619/1028/995
f 619/1028/995 558/994/961 557/1029/996
f 619/1028/995 557/1029/996 556/1030/997
f 556/1030/997 555/1031/998 619/1028/995
f 619/1028/995 555/1031/998 554/1032/999
f 619/1028/995 554/1032/999 553/1033/1000
f 553/1033/1000 552/1034/1001 619/1028/995
f 619/1028/995 552/1034/1001 426/1018/985
f 426/1018/985 552/1034/1001 551/1035/1002
f 426/1018/985 551/1035/1002 550/1036/1003
f 550/1036/1003 549/1016/983 426/1018/985
f 462/1008/975 590/1037/1004 231/952/919
f 231/952/919 590/1037/1004 591/1038/1005
f 231/952/919 591/1038/1005 592/1039/1006
f 592/1039/1006 593/953/920 231/952/919
f 595/955/922 596/1040/1007 229/948/915
f 229/948/915 596/1040/1007 597/1041/1008
f 229/948/915 597/1041/1008 598/984/951
f 612/964/931 613/1042/1009 225/943/910
f 225/943/910 613/1042/1009 614/1043/1010
f 225/943/910 614/1043/1010 615/944/911
f 617/947/914 618/1044/1011 226/945/912
f 226/945/912 618/1044/1011 427/1020/987
f 256/1045/1012 389/1046/1013 245/1047/1014
f 245/1047/1014 389/1046/1013 388/1048/1015
f 245/1047/1014 388/1048/1015 246/1049/1016
f 246/1049/1016 388/1048/1015 387/1050/1017
f 246/1049/1016 387/1050/1017 247/1051/1018
f 247/1051/1018 387/1050/1017 386/1052/1019
f 247/1051/1018 386/1052/1019 385/1053/1020
f 389/1046/1013 256/1045/1012 390/1054/1021
f 390/1054/1021 256/1045/1012 255/1055/1022
f 390/1054/1021 255/1055/1022 391/1056/1023
f 391/1056/1023 255/1055/1022 621/1057/1024
f 391/1056/1023 621/1057/1024 392/1058/1025
f 392/1058/1025 621/1057/1024 393/1059/1026
f 393/1059/1026 621/1057/1024 445/1060/1027
f 393/1059/1026 445/1060/1027 394/1061/1028
f 394/1061/1028 445/1060/1027 395/1062/1029
f 395/1062/1029 445/1060/1027 396/1063/1030
f 396/1063/1030 445/1060/1027 397/1064/1031
f 255/1055/1022 254/1065/1032 621/1057/1024
f 621/1057/1024 254/1065/1032 253/1066/1033
f 621/1057/1024 253/1066/1033 252/1067/1034
f 621/1057/1024 252/1067/1034 620/1068/1035
f 620/1068/1035 252/1067/1034 251/1069/1036
f 620/1068/1035 251/1069/1036 250/1070/1037
f 250/1070/1037 249/1071/1038 620/1068/1035
f 620/1068/1035 249/1071/1038 248/1072/1039
f 620/1068/1035 248/1072/1039 247/1051/1018
f 384/1073/1040 463/1074/1041 385/1053/1020
f 385/1053/1020 463/1074/1041 620/1068/1035
f 385/1053/1020 620/1068/1035 247/1051/1018
f 384/1073/1040 383/1075/1042 463/1074/1041
f 463/1074/1041 383/1075/1042 382/1076/1043
f 463/1074/1041 382/1076/1043 381/1077/1044
f 244/1078/1045 366/1079/1046 233/1080/1047
f 233/1080/1047 366/1079/1046 365/1081/1048
f 233/1080/1047 365/1081/1048 234/1082/1049
f 234/1082/1049 365/1081/1048 364/1083/1050
f 234/1082/1049 364/1083/1050 235/1084/1051
f 235/1084/1051 364/1083/1050 363/1085/1052
f 235/1084/1051 363/1085/1052 622/1086/1053
f 622/1086/1053 363/1085/1052 362/1087/1054
f 622/1086/1053 362/1087/1054 361/1088/1055
f 366/1079/1046 244/1078/1045 367/1089/1056
f 367/1089/1056 244/1078/1045 243/1090/1057
f 367/1089/1056 243/1090/1057 368/1091/1058
f 368/1091/1058 243/1090/1057 369/1092/1059
f 369/1092/1059 243/1090/1057 619/1093/1060
f 369/1092/1059 619/1093/1060 426/1094/1061
f 243/1090/1057 242/1095/1062 619/1093/1060
f 619/1093/1060 242/1095/1062 241/1096/1063
f 619/1093/1060 241/1096/1063 240/1097/1064
f 240/1097/1064 239/1098/1065 619/1093/1060
f 619/1093/1060 239/1098/1065 238/1099/1066
f 619/1093/1060 238/1099/1066 622/1086/1053
f 622/1086/1053 238/1099/1066 237/1100/1067
f 622/1086/1053 237/1100/1067 236/1101/1068
f 236/1101/1068 235/1084/1051 622/1086/1053
f 373/1102/1069 372/1103/1070 426/1094/1061
f 426/1094/1061 372/1103/1070 371/1104/1071
f 426/1094/1061 371/1104/1071 370/1105/1072
f 370/1105/1072 369/1092/1059 426/1094/1061
f 622/1086/1053 361/1088/1055 444/1106/1073
f 444/1106/1073 361/1088/1055 360/1107/1074
f 444/1106/1073 360/1107/1074 359/1108/1075
f 359/1108/1075 358/1109/1076 444/1106/1073
f 444/1106/1073 358/1109/1076 357/1110/1077
f 622/1111/1078 621/1112/1079 619/1113/1080
f 619/1113/1080 621/1112/1079 620/1114/1081
f 190/1115/1082 546/1116/1083 174/1117/1084
f 174/1117/1084 546/1116/1083 545/1118/1085
f 174/1117/1084 545/1118/1085 544/1119/1086
f 546/1116/1083 190/1115/1082 547/1120/1087
f 547/1120/1087 190/1115/1082 189/1121/1088
f 547/1120/1087 189/1121/1088 527/1122/1089
f 527/1122/1089 189/1121/1088 188/1123/1090
f 527/1122/1089 188/1123/1090 187/1124/1091
f 527/1122/1089 187/1124/1091 579/1125/1092
f 579/1125/1092 187/1124/1091 186/1126/1093
f 579/1125/1092 186/1126/1093 580/1127/1094
f 580/1127/1094 186/1126/1093 185/1128/1095
f 580/1127/1094 185/1128/1095 184/1129/1096
f 580/1127/1094 184/1129/1096 581/1130/1097
f 581/1130/1097 184/1129/1096 183/1131/1098
f 581/1130/1097 183/1131/1098 582/1132/1099
f 582/1132/1099 183/1131/1098 583/1133/1100
f 583/1133/1100 183/1131/1098 182/1134/1101
f 583/1133/1100 182/1134/1101 584/1135/1102
f 584/1135/1102 182/1134/1101 622/1136/1103
f 584/1135/1102 622/1136/1103 585/1137/1104
f 585/1137/1104 622/1136/1103 586/1138/1105
f 586/1138/1105 622/1136/1103 444/1139/1106
f 586/1138/1105 444/1139/1106 587/1140/1107
f 587/1140/1107 444/1139/1106 588/1141/1108
f 588/1141/1108 444/1139/1106 589/1142/1109
f 589/1142/1109 444/1139/1106 569/1143/1110
f 569/1143/1110 444/1139/1106 570/1144/1111
f 570/1144/1111 444/1139/1106 443/1145/1112
f 570/1144/1111 443/1145/1112 571/1146/1113
f 571/1146/1113 443/1145/1112 572/1147/1114
f 572/1147/1114 443/1145/1112 573/1148/1115
f 573/1148/1115 443/1145/1112 574/1149/1116
f 574/1149/1116 443/1145/1112 216/1150/1117
f 574/1149/1116 216/1150/1117 575/1151/1118
f 575/1151/1118 216/1150/1117 215/1152/1119
f 575/1151/1118 215/1152/1119 576/1153/1120
f 576/1153/1120 215/1152/1119 577/1154/1121
f 577/1154/1121 215/1152/1119 214/1155/1122
f 577/1154/1121 214/1155/1122 578/1156/1123
f 578/1156/1123 214/1155/1122 213/1157/1124
f 578/1156/1123 213/1157/1124 212/1158/1125
f 182/1134/1101 181/1159/1126 622/1136/1103
f 622/1136/1103 181/1159/1126 180/1160/1127
f 622/1136/1103 180/1160/1127 179/1161/1128
f 179/1161/1128 178/1162/1129 622/1136/1103
f 622/1136/1103 178/1162/1129 621/1163/1130
f 621/1163/1130 178/1162/1129 177/1164/1131
f 621/1163/1130 177/1164/1131 176/1165/1132
f 176/1165/1132 175/1166/1133 621/1163/1130
f 621/1163/1130 175/1166/1133 174/1117/1084
f 621/1163/1130 174/1117/1084 544/1119/1086
f 224/1167/1134 498/1168/1135 208/1169/1136
f 208/1169/1136 498/1168/1135 497/1170/1137
f 208/1169/1136 497/1170/1137 496/1171/1138
f 498/1168/1135 224/1167/1134 499/1172/1139
f 499/1172/1139 224/1167/1134 223/1173/1140
f 499/1172/1139 223/1173/1140 222/1174/1141
f 499/1172/1139 222/1174/1141 500/1175/1142
f 500/1175/1142 222/1174/1141 221/1176/1143
f 500/1175/1142 221/1176/1143 501/1177/1144
f 501/1177/1144 221/1176/1143 220/1178/1145
f 501/1177/1144 220/1178/1145 502/1179/1146
f 502/1179/1146 220/1178/1145 219/1180/1147
f 502/1179/1146 219/1180/1147 503/1181/1148
f 503/1181/1148 219/1180/1147 218/1182/1149
f 503/1181/1148 218/1182/1149 217/1183/1150
f 216/1150/1117 505/1184/1151 217/1183/1150
f 217/1183/1150 505/1184/1151 504/1185/1152
f 217/1183/1150 504/1185/1152 503/1181/1148
f 211/1186/1153 529/1187/1154 212/1158/1125
f 212/1158/1125 529/1187/1154 528/1188/1155
f 212/1158/1125 528/1188/1155 578/1156/1123
f 578/1156/1123 528/1188/1155 579/1125/1092
f 579/1125/1092 528/1188/1155 527/1122/1089
f 211/1186/1153 210/1189/1156 529/1187/1154
f 529/1187/1154 210/1189/1156 530/1190/1157
f 530/1190/1157 210/1189/1156 209/1191/1158
f 530/1190/1157 209/1191/1158 531/1192/1159
f 531/1192/1159 209/1191/1158 532/1193/1160
f 532/1193/1160 209/1191/1158 533/1194/1161
f 533/1194/1161 209/1191/1158 446/1195/1162
f 533/1194/1161 446/1195/1162 534/1196/1163
f 534/1196/1163 446/1195/1162 535/1197/1164
f 535/1197/1164 446/1195/1162 536/1198/1165
f 536/1198/1165 446/1195/1162 537/1199/1166
f 537/1199/1166 446/1195/1162 445/1200/1167
f 537/1199/1166 445/1200/1167 538/1201/1168
f 538/1201/1168 445/1200/1167 539/1202/1169
f 539/1202/1169 445/1200/1167 540/1203/1170
f 540/1203/1170 445/1200/1167 541/1204/1171
f 541/1204/1171 445/1200/1167 542/1205/1172
f 542/1205/1172 445/1200/1167 621/1163/1130
f 542/1205/1172 621/1163/1130 543/1206/1173
f 543/1206/1173 621/1163/1130 544/1119/1086
f 208/1169/1136 647/1207/1174 209/1191/1158
f 209/1191/1158 647/1207/1174 648/1208/1175
f 209/1191/1158 648/1208/1175 649/1209/1176
f 505/1184/1151 630/1210/1177 485/1211/1178
f 485/1211/1178 630/1210/1177 631/1212/1179
f 485/1211/1178 631/1212/1179 632/1213/1180
f 495/1214/1181 643/1215/1182 496/1171/1138
f 496/1171/1138 643/1215/1182 644/1216/1183
f 496/1171/1138 644/1216/1183 645/1217/1184
f 494/1218/1185 641/1219/1186 495/1214/1181
f 495/1214/1181 641/1219/1186 642/1220/1187
f 495/1214/1181 642/1220/1187 643/1215/1182
f 641/1219/1186 494/1218/1185 640/1221/1188
f 640/1221/1188 494/1218/1185 493/1222/1189
f 640/1221/1188 493/1222/1189 639/1223/1190
f 639/1223/1190 493/1222/1189 492/1224/1191
f 639/1223/1190 492/1224/1191 638/1225/1192
f 638/1225/1192 492/1224/1191 491/1226/1193
f 638/1225/1192 491/1226/1193 637/1227/1194
f 637/1227/1194 491/1226/1193 490/1228/1195
f 637/1227/1194 490/1228/1195 636/1229/1196
f 636/1229/1196 490/1228/1195 489/1230/1197
f 636/1229/1196 489/1230/1197 635/1231/1198
f 635/1231/1198 489/1230/1197 488/1232/1199
f 635/1231/1198 488/1232/1199 634/1233/1200
f 634/1233/1200 488/1232/1199 487/1234/1201
f 634/1233/1200 487/1234/1201 633/1235/1202
f 633/1235/1202 487/1234/1201 486/1236/1203
f 633/1235/1202 486/1236/1203 632/1213/1180
f 632/1213/1180 486/1236/1203 485/1211/1178
f 623/1237/1204 624/1238/1205 443/1145/1112
f 443/1145/1112 624/1238/1205 625/1239/1206
f 443/1145/1112 625/1239/1206 216/1150/1117
f 216/1150/1117 625/1239/1206 626/1240/1207
f 216/1150/1117 626/1240/1207 627/1241/1208
f 627/1241/1208 628/1242/1209 216/1150/1117
f 216/1150/1117 628/1242/1209 629/1243/1210
f 216/1150/1117 629/1243/1210 505/1184/1151
f 505/1184/1151 629/1243/1210 630/1210/1177
f 496/1171/1138 645/1217/1184 208/1169/1136
f 208/1169/1136 645/1217/1184 646/1244/1211
f 208/1169/1136 646/1244/1211 647/1207/1174
f 209/1191/1158 649/1209/1176 446/1195/1162
f 446/1195/1162 649/1209/1176 650/1245/1212
f 446/1195/1162 650/1245/1212 651/1246/1213
f 605/1247/1214 604/1248/1215 689/1249/1216
f 689/1249/1216 604/1248/1215 652/1250/1217
f 689/1249/1216 652/1250/1217 688/1251/1218
f 688/1251/1218 652/1250/1217 653/1252/1219
f 688/1251/1218 653/1252/1219 687/1253/1220
f 687/1253/1220 653/1252/1219 686/1254/1221
f 687/1253/1220 686/1254/1221 708/1255/1222
f 708/1255/1222 686/1254/1221 707/1256/1223
f 708/1255/1222 707/1256/1223 729/1257/1224
f 729/1257/1224 707/1256/1223 728/1258/1225
f 729/1257/1224 728/1258/1225 750/1259/1226
f 750/1259/1226 728/1258/1225 749/1260/1227
f 750/1259/1226 749/1260/1227 776/1261/1228
f 776/1261/1228 749/1260/1227 777/1262/1229
f 776/1261/1228 777/1262/1229 771/1263/1230
f 771/1263/1230 777/1262/1229 770/1264/1231
f 771/1263/1230 770/1264/1231 813/1265/1232
f 813/1265/1232 770/1264/1231 812/1266/1233
f 813/1265/1232 812/1266/1233 834/1267/1234
f 834/1267/1234 812/1266/1233 833/1268/1235
f 834/1267/1234 833/1268/1235 855/1269/1236
f 855/1269/1236 833/1268/1235 854/1270/1237
f 855/1269/1236 854/1270/1237 876/1271/1238
f 876/1271/1238 854/1270/1237 875/1272/1239
f 876/1271/1238 875/1272/1239 901/1273/1240
f 901/1273/1240 875/1272/1239 902/1274/1241
f 901/1273/1240 902/1274/1241 897/1275/1242
f 897/1275/1242 902/1274/1241 896/1276/1243
f 897/1275/1242 896/1276/1243 937/1277/1244
f 937/1277/1244 896/1276/1243 936/1278/1245
f 937/1277/1244 936/1278/1245 958/1279/1246
f 958/1279/1246 936/1278/1245 957/1280/1247
f 958/1279/1246 957/1280/1247 979/1281/1248
f 979/1281/1248 957/1280/1247 978/1282/1249
f 979/1281/1248 978/1282/1249 1000/1283/1250
f 1000/1283/1250 978/1282/1249 999/1284/1251
f 1000/1283/1250 999/1284/1251 1021/1285/1252
f 1021/1285/1252 999/1284/1251 1020/1286/1253
f 1021/1285/1252 1020/1286/1253 429/1287/1254
f 429/1287/1254 1020/1286/1253 430/1288/1255
f 430/1288/1255 1020/1286/1253 1019/1289/1256
f 430/1288/1255 1019/1289/1256 431/1290/1257
f 431/1290/1257 1019/1289/1256 1018/1291/1258
f 431/1290/1257 1018/1291/1258 432/1292/1259
f 432/1292/1259 1018/1291/1258 1017/1293/1260
f 432/1292/1259 1017/1293/1260 1016/1294/1261
f 1016/1294/1261 1017/1293/1260 995/1295/1262
f 1016/1294/1261 995/1295/1262 994/1296/1263
f 994/1296/1263 995/1295/1262 973/1297/1264
f 994/1296/1263 973/1297/1264 972/1298/1265
f 972/1298/1265 973/1297/1264 951/1299/1266
f 972/1298/1265 951/1299/1266 950/1300/1267
f 950/1300/1267 951/1299/1266 929/1301/1268
f 950/1300/1267 929/1301/1268 928/1302/1269
f 928/1302/1269 929/1301/1268 888/1303/1270
f 928/1302/1269 888/1303/1270 887/1304/1271
f 887/1304/1271 888/1303/1270 911/1305/1272
f 887/1304/1271 911/1305/1272 912/1306/1273
f 912/1306/1273 911/1305/1272 865/1307/1274
f 912/1306/1273 865/1307/1274 864/1308/1275
f 864/1308/1275 865/1307/1274 843/1309/1276
f 864/1308/1275 843/1309/1276 842/1310/1277
f 842/1310/1277 843/1309/1276 821/1311/1278
f 842/1310/1277 821/1311/1278 820/1312/1279
f 820/1312/1279 821/1311/1278 799/1313/1280
f 820/1312/1279 799/1313/1280 798/1314/1281
f 798/1314/1281 799/1313/1280 756/1315/1282
f 798/1314/1281 756/1315/1282 755/1316/1283
f 755/1316/1283 756/1315/1282 792/1317/1284
f 755/1316/1283 792/1317/1284 793/1318/1285
f 793/1318/1285 792/1317/1284 733/1319/1286
f 793/1318/1285 733/1319/1286 732/1320/1287
f 732/1320/1287 733/1319/1286 711/1321/1288
f 732/1320/1287 711/1321/1288 634/1322/1289
f 634/1322/1289 711/1321/1288 635/1323/1290
f 635/1323/1290 711/1321/1288 690/1324/1291
f 635/1323/1290 690/1324/1291 636/1325/1292
f 636/1325/1292 690/1324/1291 669/1326/1293
f 636/1325/1292 669/1326/1293 637/1327/1294
f 637/1327/1294 669/1326/1293 666/1328/1295
f 666/1328/1295 669/1326/1293 670/1329/1296
f 666/1328/1295 670/1329/1296 671/1330/1297
f 671/1330/1297 670/1329/1296 692/1331/1298
f 671/1330/1297 692/1331/1298 693/1332/1299
f 693/1332/1299 692/1331/1298 714/1333/1300
f 693/1332/1299 714/1333/1300 715/1334/1301
f 715/1334/1301 714/1333/1300 736/1335/1302
f 715/1334/1301 736/1335/1302 737/1336/1303
f 737/1336/1303 736/1335/1302 789/1337/1304
f 737/1336/1303 789/1337/1304 788/1338/1305
f 788/1338/1305 789/1337/1304 759/1339/1306
f 788/1338/1305 759/1339/1306 760/1340/1307
f 760/1340/1307 759/1339/1306 802/1341/1308
f 760/1340/1307 802/1341/1308 803/1342/1309
f 803/1342/1309 802/1341/1308 824/1343/1310
f 803/1342/1309 824/1343/1310 825/1344/1311
f 825/1344/1311 824/1343/1310 846/1345/1312
f 825/1344/1311 846/1345/1312 847/1346/1313
f 847/1346/1313 846/1345/1312 868/1347/1314
f 847/1346/1313 868/1347/1314 869/1348/1315
f 869/1348/1315 868/1347/1314 908/1349/1316
f 869/1348/1315 908/1349/1316 907/1350/1317
f 907/1350/1317 908/1349/1316 891/1351/1318
f 907/1350/1317 891/1351/1318 892/1352/1319
f 892/1352/1319 891/1351/1318 932/1353/1320
f 892/1352/1319 932/1353/1320 933/1354/1321
f 933/1354/1321 932/1353/1320 954/1355/1322
f 933/1354/1321 954/1355/1322 955/1356/1323
f 955/1356/1323 954/1355/1322 976/1357/1324
f 955/1356/1323 976/1357/1324 977/1358/1325
f 977/1358/1325 976/1357/1324 998/1359/1326
f 977/1358/1325 998/1359/1326 999/1284/1251
f 999/1284/1251 998/1359/1326 1020/1286/1253
f 653/1252/1219 654/1360/1327 686/1254/1221
f 686/1254/1221 654/1360/1327 685/1361/1328
f 686/1254/1221 685/1361/1328 707/1256/1223
f 707/1256/1223 685/1361/1328 706/1362/1329
f 707/1256/1223 706/1362/1329 728/1258/1225
f 728/1258/1225 706/1362/1329 727/1363/1330
f 728/1258/1225 727/1363/1330 749/1260/1227
f 749/1260/1227 727/1363/1330 748/1364/1331
f 749/1260/1227 748/1364/1331 777/1262/1229
f 777/1262/1229 748/1364/1331 778/1365/1332
f 777/1262/1229 778/1365/1332 770/1264/1231
f 770/1264/1231 778/1365/1332 769/1366/1333
f 770/1264/1231 769/1366/1333 812/1266/1233
f 812/1266/1233 769/1366/1333 811/1367/1334
f 812/1266/1233 811/1367/1334 833/1268/1235
f 833/1268/1235 811/1367/1334 832/1368/1335
f 833/1268/1235 832/1368/1335 854/1270/1237
f 854/1270/1237 832/1368/1335 853/1369/1336
f 854/1270/1237 853/1369/1336 875/1272/1239
f 875/1272/1239 853/1369/1336 874/1370/1337
f 875/1272/1239 874/1370/1337 902/1274/1241
f 902/1274/1241 874/1370/1337 903/1371/1338
f 902/1274/1241 903/1371/1338 896/1276/1243
f 896/1276/1243 903/1371/1338 895/1372/1339
f 896/1276/1243 895/1372/1339 936/1278/1245
f 936/1278/1245 895/1372/1339 935/1373/1340
f 936/1278/1245 935/1373/1340 957/1280/1247
f 957/1280/1247 935/1373/1340 956/1374/1341
f 957/1280/1247 956/1374/1341 978/1282/1249
f 978/1282/1249 956/1374/1341 977/1358/1325
f 978/1282/1249 977/1358/1325 999/1284/1251
f 654/1360/1327 655/1375/1342 685/1361/1328
f 685/1361/1328 655/1375/1342 684/1376/1343
f 685/1361/1328 684/1376/1343 706/1362/1329
f 706/1362/1329 684/1376/1343 705/1377/1344
f 706/1362/1329 705/1377/1344 727/1363/1330
f 727/1363/1330 705/1377/1344 726/1378/1345
f 727/1363/1330 726/1378/1345 748/1364/1331
f 748/1364/1331 726/1378/1345 747/1379/1346
f 748/1364/1331 747/1379/1346 778/1365/1332
f 778/1365/1332 747/1379/1346 779/1380/1347
f 778/1365/1332 779/1380/1347 769/1366/1333
f 769/1366/1333 779/1380/1347 768/1381/1348
f 769/1366/1333 768/1381/1348 811/1367/1334
f 811/1367/1334 768/1381/1348 810/1382/1349
f 811/1367/1334 810/1382/1349 832/1368/1335
f 832/1368/1335 810/1382/1349 831/1383/1350
f 832/1368/1335 831/1383/1350 853/1369/1336
f 853/1369/1336 831/1383/1350 852/1384/1351
f 853/1369/1336 852/1384/1351 874/1370/1337
f 874/1370/1337 852/1384/1351 873/1385/1352
f 874/1370/1337 873/1385/1352 903/1371/1338
f 903/1371/1338 873/1385/1352 904/1386/1353
f 903/1371/1338 904/1386/1353 895/1372/1339
f 895/1372/1339 904/1386/1353 894/1387/1354
f 895/1372/1339 894/1387/1354 935/1373/1340
f 935/1373/1340 894/1387/1354 934/1388/1355
f 935/1373/1340 934/1388/1355 956/1374/1341
f 956/1374/1341 934/1388/1355 955/1356/1323
f 956/1374/1341 955/1356/1323 977/1358/1325
f 655/1375/1342 656/1389/1356 684/1376/1343
f 684/1376/1343 656/1389/1356 683/1390/1357
f 684/1376/1343 683/1390/1357 705/1377/1344
f 705/1377/1344 683/1390/1357 704/1391/1358
f 705/1377/1344 704/1391/1358 726/1378/1345
f 726/1378/1345 704/1391/1358 725/1392/1359
f 726/1378/1345 725/1392/1359 747/1379/1346
f 747/1379/1346 725/1392/1359 746/1393/1360
f 747/1379/1346 746/1393/1360 779/1380/1347
f 779/1380/1347 746/1393/1360 780/1394/1361
f 779/1380/1347 780/1394/1361 768/1381/1348
f 768/1381/1348 780/1394/1361 767/1395/1362
f 768/1381/1348 767/1395/1362 810/1382/1349
f 810/1382/1349 767/1395/1362 809/1396/1363
f 810/1382/1349 809/1396/1363 831/1383/1350
f 831/1383/1350 809/1396/1363 830/1397/1364
f 831/1383/1350 830/1397/1364 852/1384/1351
f 852/1384/1351 830/1397/1364 851/1398/1365
f 852/1384/1351 851/1398/1365 873/1385/1352
f 873/1385/1352 851/1398/1365 872/1399/1366
f 873/1385/1352 872/1399/1366 904/1386/1353
f 904/1386/1353 872/1399/1366 905/1400/1367
f 904/1386/1353 905/1400/1367 894/1387/1354
f 894/1387/1354 905/1400/1367 893/1401/1368
f 894/1387/1354 893/1401/1368 934/1388/1355
f 934/1388/1355 893/1401/1368 933/1354/1321
f 934/1388/1355 933/1354/1321 955/1356/1323
f 683/1390/1357 656/1389/1356 682/1402/1369
f 682/1402/1369 656/1389/1356 657/1403/1370
f 682/1402/1369 657/1403/1370 681/1404/1371
f 681/1404/1371 657/1403/1370 658/1405/1372
f 681/1404/1371 658/1405/1372 680/1406/1373
f 680/1406/1373 658/1405/1372 679/1407/1374
f 680/1406/1373 679/1407/1374 701/1408/1375
f 701/1408/1375 679/1407/1374 700/1409/1376
f 701/1408/1375 700/1409/1376 722/1410/1377
f 722/1410/1377 700/1409/1376 721/1411/1378
f 722/1410/1377 721/1411/1378 743/1412/1379
f 743/1412/1379 721/1411/1378 742/1413/1380
f 743/1412/1379 742/1413/1380 783/1414/1381
f 783/1414/1381 742/1413/1380 784/1415/1382
f 783/1414/1381 784/1415/1382 764/1416/1383
f 764/1416/1383 784/1415/1382 763/1417/1384
f 764/1416/1383 763/1417/1384 806/1418/1385
f 806/1418/1385 763/1417/1384 805/1419/1386
f 806/1418/1385 805/1419/1386 827/1420/1387
f 827/1420/1387 805/1419/1386 826/1421/1388
f 827/1420/1387 826/1421/1388 848/1422/1389
f 848/1422/1389 826/1421/1388 847/1346/1313
f 848/1422/1389 847/1346/1313 869/1348/1315
f 658/1405/1372 659/1423/1390 679/1407/1374
f 679/1407/1374 659/1423/1390 678/1424/1391
f 679/1407/1374 678/1424/1391 700/1409/1376
f 700/1409/1376 678/1424/1391 699/1425/1392
f 700/1409/1376 699/1425/1392 721/1411/1378
f 721/1411/1378 699/1425/1392 720/1426/1393
f 721/1411/1378 720/1426/1393 742/1413/1380
f 742/1413/1380 720/1426/1393 741/1427/1394
f 742/1413/1380 741/1427/1394 784/1415/1382
f 784/1415/1382 741/1427/1394 785/1428/1395
f 784/1415/1382 785/1428/1395 763/1417/1384
f 763/1417/1384 785/1428/1395 762/1429/1396
f 763/1417/1384 762/1429/1396 805/1419/1386
f 805/1419/1386 762/1429/1396 804/1430/1397
f 805/1419/1386 804/1430/1397 826/1421/1388
f 826/1421/1388 804/1430/1397 825/1344/1311
f 826/1421/1388 825/1344/1311 847/1346/1313
f 659/1423/1390 660/1431/1398 678/1424/1391
f 678/1424/1391 660/1431/1398 677/1432/1399
f 678/1424/1391 677/1432/1399 699/1425/1392
f 699/1425/1392 677/1432/1399 698/1433/1400
f 699/1425/1392 698/1433/1400 720/1426/1393
f 720/1426/1393 698/1433/1400 719/1434/1401
f 720/1426/1393 719/1434/1401 741/1427/1394
f 741/1427/1394 719/1434/1401 740/1435/1402
f 741/1427/1394 740/1435/1402 785/1428/1395
f 785/1428/1395 740/1435/1402 786/1436/1403
f 785/1428/1395 786/1436/1403 762/1429/1396
f 762/1429/1396 786/1436/1403 761/1437/1404
f 762/1429/1396 761/1437/1404 804/1430/1397
f 804/1430/1397 761/1437/1404 803/1342/1309
f 804/1430/1397 803/1342/1309 825/1344/1311
f 677/1432/1399 660/1431/1398 676/1438/1405
f 676/1438/1405 660/1431/1398 661/1439/1406
f 676/1438/1405 661/1439/1406 675/1440/1407
f 675/1440/1407 661/1439/1406 662/1441/1408
f 675/1440/1407 662/1441/1408 674/1442/1409
f 674/1442/1409 662/1441/1408 663/1443/1410
f 674/1442/1409 663/1443/1410 673/1444/1411
f 673/1444/1411 663/1443/1410 664/1445/1412
f 673/1444/1411 664/1445/1412 672/1446/1413
f 672/1446/1413 664/1445/1412 665/1447/1414
f 672/1446/1413 665/1447/1414 671/1330/1297
f 671/1330/1297 665/1447/1414 666/1328/1295
f 634/1322/1289 633/1448/1415 732/1320/1287
f 732/1320/1287 633/1448/1415 794/1449/1416
f 732/1320/1287 794/1449/1416 793/1318/1285
f 793/1318/1285 794/1449/1416 754/1450/1417
f 793/1318/1285 754/1450/1417 755/1316/1283
f 755/1316/1283 754/1450/1417 797/1451/1418
f 755/1316/1283 797/1451/1418 798/1314/1281
f 798/1314/1281 797/1451/1418 819/1452/1419
f 798/1314/1281 819/1452/1419 820/1312/1279
f 820/1312/1279 819/1452/1419 841/1453/1420
f 820/1312/1279 841/1453/1420 842/1310/1277
f 842/1310/1277 841/1453/1420 863/1454/1421
f 842/1310/1277 863/1454/1421 864/1308/1275
f 864/1308/1275 863/1454/1421 913/1455/1422
f 864/1308/1275 913/1455/1422 912/1306/1273
f 912/1306/1273 913/1455/1422 886/1456/1423
f 912/1306/1273 886/1456/1423 887/1304/1271
f 887/1304/1271 886/1456/1423 927/1457/1424
f 887/1304/1271 927/1457/1424 928/1302/1269
f 928/1302/1269 927/1457/1424 949/1458/1425
f 928/1302/1269 949/1458/1425 950/1300/1267
f 950/1300/1267 949/1458/1425 971/1459/1426
f 950/1300/1267 971/1459/1426 972/1298/1265
f 972/1298/1265 971/1459/1426 993/1460/1427
f 972/1298/1265 993/1460/1427 994/1296/1263
f 994/1296/1263 993/1460/1427 1015/1461/1428
f 994/1296/1263 1015/1461/1428 1016/1294/1261
f 1016/1294/1261 1015/1461/1428 433/1462/1429
f 1016/1294/1261 433/1462/1429 432/1292/1259
f 794/1449/1416 633/1448/1415 753/1463/1430
f 753/1463/1430 633/1448/1415 632/1464/1431
f 753/1463/1430 632/1464/1431 795/1465/1432
f 795/1465/1432 632/1464/1431 631/1466/1433
f 795/1465/1432 631/1466/1433 816/1467/1434
f 816/1467/1434 631/1466/1433 630/1468/1435
f 816/1467/1434 630/1468/1435 837/1469/1436
f 837/1469/1436 630/1468/1435 629/1470/1437
f 837/1469/1436 629/1470/1437 858/1471/1438
f 858/1471/1438 629/1470/1437 668/1472/1439
f 858/1471/1438 668/1472/1439 918/1473/1440
f 918/1473/1440 668/1472/1439 880/1474/1441
f 918/1473/1440 880/1474/1441 881/1475/1442
f 881/1475/1442 880/1474/1441 921/1476/1443
f 881/1475/1442 921/1476/1443 922/1477/1444
f 922/1477/1444 921/1476/1443 943/1478/1445
f 922/1477/1444 943/1478/1445 944/1479/1446
f 944/1479/1446 943/1478/1445 965/1480/1447
f 944/1479/1446 965/1480/1447 966/1481/1448
f 966/1481/1448 965/1480/1447 987/1482/1449
f 966/1481/1448 987/1482/1449 988/1483/1450
f 988/1483/1450 987/1482/1449 1009/1484/1451
f 988/1483/1450 1009/1484/1451 1010/1485/1452
f 1010/1485/1452 1009/1484/1451 437/1486/1453
f 1010/1485/1452 437/1486/1453 436/1487/1454
f 629/1470/1437 628/1488/1455 668/1472/1439
f 668/1472/1439 628/1488/1455 879/1489/1456
f 668/1472/1439 879/1489/1456 880/1474/1441
f 880/1474/1441 879/1489/1456 920/1490/1457
f 880/1474/1441 920/1490/1457 921/1476/1443
f 921/1476/1443 920/1490/1457 942/1491/1458
f 921/1476/1443 942/1491/1458 943/1478/1445
f 943/1478/1445 942/1491/1458 964/1492/1459
f 943/1478/1445 964/1492/1459 965/1480/1447
f 965/1480/1447 964/1492/1459 986/1493/1460
f 965/1480/1447 986/1493/1460 987/1482/1449
f 987/1482/1449 986/1493/1460 1008/1494/1461
f 987/1482/1449 1008/1494/1461 1009/1484/1451
f 1009/1484/1451 1008/1494/1461 438/1495/1462
f 1009/1484/1451 438/1495/1462 437/1486/1453
f 628/1488/1455 627/1496/1463 879/1489/1456
f 879/1489/1456 627/1496/1463 919/1497/1464
f 879/1489/1456 919/1497/1464 920/1490/1457
f 920/1490/1457 919/1497/1464 941/1498/1465
f 920/1490/1457 941/1498/1465 942/1491/1458
f 942/1491/1458 941/1498/1465 963/1499/1466
f 942/1491/1458 963/1499/1466 964/1492/1459
f 964/1492/1459 963/1499/1466 985/1500/1467
f 964/1492/1459 985/1500/1467 986/1493/1460
f 986/1493/1460 985/1500/1467 1007/1501/1468
f 986/1493/1460 1007/1501/1468 1008/1494/1461
f 1008/1494/1461 1007/1501/1468 439/1502/1469
f 1008/1494/1461 439/1502/1469 438/1495/1462
f 627/1496/1463 626/1503/1470 919/1497/1464
f 919/1497/1464 626/1503/1470 940/1504/1471
f 919/1497/1464 940/1504/1471 941/1498/1465
f 941/1498/1465 940/1504/1471 962/1505/1472
f 941/1498/1465 962/1505/1472 963/1499/1466
f 963/1499/1466 962/1505/1472 984/1506/1473
f 963/1499/1466 984/1506/1473 985/1500/1467
f 985/1500/1467 984/1506/1473 1006/1507/1474
f 985/1500/1467 1006/1507/1474 1007/1501/1468
f 1007/1501/1468 1006/1507/1474 440/1508/1475
f 1007/1501/1468 440/1508/1475 439/1502/1469
f 626/1503/1470 625/1509/1476 940/1504/1471
f 940/1504/1471 625/1509/1476 961/1510/1477
f 940/1504/1471 961/1510/1477 962/1505/1472
f 962/1505/1472 961/1510/1477 983/1511/1478
f 962/1505/1472 983/1511/1478 984/1506/1473
f 984/1506/1473 983/1511/1478 1005/1512/1479
f 984/1506/1473 1005/1512/1479 1006/1507/1474
f 1006/1507/1474 1005/1512/1479 441/1513/1480
f 1006/1507/1474 441/1513/1480 440/1508/1475
f 625/1509/1476 624/1514/1481 961/1510/1477
f 961/1510/1477 624/1514/1481 982/1515/1482
f 961/1510/1477 982/1515/1482 983/1511/1478
f 983/1511/1478 982/1515/1482 1004/1516/1483
f 983/1511/1478 1004/1516/1483 1005/1512/1479
f 1005/1512/1479 1004/1516/1483 441/1513/1480
f 624/1514/1481 623/1517/1484 982/1515/1482
f 982/1515/1482 623/1517/1484 1003/1518/1485
f 982/1515/1482 1003/1518/1485 1004/1516/1483
f 1004/1516/1483 1003/1518/1485 442/1519/1486
f 1004/1516/1483 442/1519/1486 441/1513/1480
f 623/1517/1484 443/1520/1487 1003/1518/1485
f 1003/1518/1485 443/1520/1487 442/1519/1486
f 435/1521/1488 1012/1522/1489 436/1487/1454
f 436/1487/1454 1012/1522/1489 1011/1523/1490
f 436/1487/1454 1011/1523/1490 1010/1485/1452
f 1010/1485/1452 1011/1523/1490 989/1524/1491
f 1010/1485/1452 989/1524/1491 988/1483/1450
f 988/1483/1450 989/1524/1491 967/1525/1492
f 988/1483/1450 967/1525/1492 966/1481/1448
f 966/1481/1448 967/1525/1492 945/1526/1493
f 966/1481/1448 945/1526/1493 944/1479/1446
f 944/1479/1446 945/1526/1493 923/1527/1494
f 944/1479/1446 923/1527/1494 922/1477/1444
f 922/1477/1444 923/1527/1494 882/1528/1495
f 922/1477/1444 882/1528/1495 881/1475/1442
f 881/1475/1442 882/1528/1495 917/1529/1496
f 881/1475/1442 917/1529/1496 918/1473/1440
f 918/1473/1440 917/1529/1496 859/1530/1497
f 918/1473/1440 859/1530/1497 858/1471/1438
f 858/1471/1438 859/1530/1497 837/1469/1436
f 1012/1522/1489 435/1521/1488 1013/1531/1498
f 1013/1531/1498 435/1521/1488 434/1532/1499
f 1013/1531/1498 434/1532/1499 1014/1533/1500
f 1014/1533/1500 434/1532/1499 1015/1461/1428
f 1014/1533/1500 1015/1461/1428 993/1460/1427
f 434/1532/1499 433/1462/1429 1015/1461/1428
f 1021/1285/1252 429/1287/1254 1022/1534/1501
f 1022/1534/1501 429/1287/1254 428/1535/1502
f 1022/1534/1501 428/1535/1502 1023/1536/1503
f 1023/1536/1503 428/1535/1502 427/1537/1504
f 1023/1536/1503 427/1537/1504 618/1538/1505
f 1023/1536/1503 618/1538/1505 1002/1539/1506
f 1002/1539/1506 618/1538/1505 617/1540/1507
f 1002/1539/1506 617/1540/1507 981/1541/1508
f 981/1541/1508 617/1540/1507 616/1542/1509
f 981/1541/1508 616/1542/1509 960/1543/1510
f 960/1543/1510 616/1542/1509 615/1544/1511
f 960/1543/1510 615/1544/1511 939/1545/1512
f 939/1545/1512 615/1544/1511 614/1546/1513
f 939/1545/1512 614/1546/1513 899/1547/1514
f 899/1547/1514 614/1546/1513 613/1548/1515
f 899/1547/1514 613/1548/1515 667/1549/1516
f 667/1549/1516 613/1548/1515 612/1550/1517
f 667/1549/1516 612/1550/1517 878/1551/1518
f 878/1551/1518 612/1550/1517 857/1552/1519
f 878/1551/1518 857/1552/1519 856/1553/1520
f 856/1553/1520 857/1552/1519 835/1554/1521
f 856/1553/1520 835/1554/1521 834/1267/1234
f 834/1267/1234 835/1554/1521 813/1265/1232
f 612/1550/1517 611/1555/1522 857/1552/1519
f 857/1552/1519 611/1555/1522 836/1556/1523
f 857/1552/1519 836/1556/1523 835/1554/1521
f 835/1554/1521 836/1556/1523 814/1557/1524
f 835/1554/1521 814/1557/1524 813/1265/1232
f 813/1265/1232 814/1557/1524 771/1263/1230
f 611/1555/1522 610/1558/1525 836/1556/1523
f 836/1556/1523 610/1558/1525 815/1559/1526
f 836/1556/1523 815/1559/1526 814/1557/1524
f 814/1557/1524 815/1559/1526 772/1560/1527
f 814/1557/1524 772/1560/1527 771/1263/1230
f 771/1263/1230 772/1560/1527 776/1261/1228
f 610/1558/1525 609/1561/1528 815/1559/1526
f 815/1559/1526 609/1561/1528 773/1562/1529
f 815/1559/1526 773/1562/1529 772/1560/1527
f 772/1560/1527 773/1562/1529 775/1563/1530
f 772/1560/1527 775/1563/1530 776/1261/1228
f 776/1261/1228 775/1563/1530 750/1259/1226
f 609/1561/1528 608/1564/1531 773/1562/1529
f 773/1562/1529 608/1564/1531 774/1565/1532
f 773/1562/1529 774/1565/1532 775/1563/1530
f 775/1563/1530 774/1565/1532 751/1566/1533
f 775/1563/1530 751/1566/1533 750/1259/1226
f 750/1259/1226 751/1566/1533 729/1257/1224
f 774/1565/1532 608/1564/1531 752/1567/1534
f 752/1567/1534 608/1564/1531 607/1568/1535
f 752/1567/1534 607/1568/1535 731/1569/1536
f 731/1569/1536 607/1568/1535 606/1570/1537
f 731/1569/1536 606/1570/1537 710/1571/1538
f 710/1571/1538 606/1570/1537 605/1247/1214
f 710/1571/1538 605/1247/1214 689/1249/1216
f 670/1329/1296 669/1326/1293 691/1572/1539
f 691/1572/1539 669/1326/1293 690/1324/1291
f 691/1572/1539 690/1324/1291 712/1573/1540
f 712/1573/1540 690/1324/1291 711/1321/1288
f 712/1573/1540 711/1321/1288 733/1319/1286
f 671/1330/1297 693/1332/1299 672/1446/1413
f 672/1446/1413 693/1332/1299 694/1574/1541
f 672/1446/1413 694/1574/1541 673/1444/1411
f 673/1444/1411 694/1574/1541 695/1575/1542
f 673/1444/1411 695/1575/1542 674/1442/1409
f 674/1442/1409 695/1575/1542 696/1576/1543
f 674/1442/1409 696/1576/1543 675/1440/1407
f 675/1440/1407 696/1576/1543 697/1577/1544
f 675/1440/1407 697/1577/1544 676/1438/1405
f 676/1438/1405 697/1577/1544 698/1433/1400
f 676/1438/1405 698/1433/1400 677/1432/1399
f 681/1404/1371 680/1406/1373 702/1578/1545
f 702/1578/1545 680/1406/1373 701/1408/1375
f 702/1578/1545 701/1408/1375 723/1579/1546
f 723/1579/1546 701/1408/1375 722/1410/1377
f 723/1579/1546 722/1410/1377 744/1580/1547
f 744/1580/1547 722/1410/1377 743/1412/1379
f 744/1580/1547 743/1412/1379 782/1581/1548
f 782/1581/1548 743/1412/1379 783/1414/1381
f 782/1581/1548 783/1414/1381 765/1582/1549
f 765/1582/1549 783/1414/1381 764/1416/1383
f 765/1582/1549 764/1416/1383 807/1583/1550
f 807/1583/1550 764/1416/1383 806/1418/1385
f 807/1583/1550 806/1418/1385 828/1584/1551
f 828/1584/1551 806/1418/1385 827/1420/1387
f 828/1584/1551 827/1420/1387 849/1585/1552
f 849/1585/1552 827/1420/1387 848/1422/1389
f 849/1585/1552 848/1422/1389 870/1586/1553
f 870/1586/1553 848/1422/1389 869/1348/1315
f 870/1586/1553 869/1348/1315 907/1350/1317
f 704/1391/1358 683/1390/1357 682/1402/1369
f 682/1402/1369 681/1404/1371 703/1587/1554
f 703/1587/1554 681/1404/1371 702/1578/1545
f 703/1587/1554 702/1578/1545 724/1588/1555
f 724/1588/1555 702/1578/1545 723/1579/1546
f 724/1588/1555 723/1579/1546 745/1589/1556
f 745/1589/1556 723/1579/1546 744/1580/1547
f 745/1589/1556 744/1580/1547 781/1590/1557
f 781/1590/1557 744/1580/1547 782/1581/1548
f 781/1590/1557 782/1581/1548 766/1591/1558
f 766/1591/1558 782/1581/1548 765/1582/1549
f 766/1591/1558 765/1582/1549 808/1592/1559
f 808/1592/1559 765/1582/1549 807/1583/1550
f 808/1592/1559 807/1583/1550 829/1593/1560
f 829/1593/1560 807/1583/1550 828/1584/1551
f 829/1593/1560 828/1584/1551 850/1594/1561
f 850/1594/1561 828/1584/1551 849/1585/1552
f 850/1594/1561 849/1585/1552 871/1595/1562
f 871/1595/1562 849/1585/1552 870/1586/1553
f 871/1595/1562 870/1586/1553 906/1596/1563
f 906/1596/1563 870/1586/1553 907/1350/1317
f 906/1596/1563 907/1350/1317 892/1352/1319
f 710/1571/1538 689/1249/1216 688/1251/1218
f 688/1251/1218 687/1253/1220 709/1597/1564
f 709/1597/1564 687/1253/1220 708/1255/1222
f 709/1597/1564 708/1255/1222 730/1598/1565
f 730/1598/1565 708/1255/1222 729/1257/1224
f 730/1598/1565 729/1257/1224 751/1566/1533
f 670/1329/1296 691/1572/1539 692/1331/1298
f 692/1331/1298 691/1572/1539 713/1599/1566
f 692/1331/1298 713/1599/1566 714/1333/1300
f 714/1333/1300 713/1599/1566 735/1600/1567
f 714/1333/1300 735/1600/1567 736/1335/1302
f 736/1335/1302 735/1600/1567 790/1601/1568
f 736/1335/1302 790/1601/1568 789/1337/1304
f 789/1337/1304 790/1601/1568 758/1602/1569
f 789/1337/1304 758/1602/1569 759/1339/1306
f 759/1339/1306 758/1602/1569 801/1603/1570
f 759/1339/1306 801/1603/1570 802/1341/1308
f 802/1341/1308 801/1603/1570 823/1604/1571
f 802/1341/1308 823/1604/1571 824/1343/1310
f 824/1343/1310 823/1604/1571 845/1605/1572
f 824/1343/1310 845/1605/1572 846/1345/1312
f 846/1345/1312 845/1605/1572 867/1606/1573
f 846/1345/1312 867/1606/1573 868/1347/1314
f 868/1347/1314 867/1606/1573 909/1607/1574
f 868/1347/1314 909/1607/1574 908/1349/1316
f 908/1349/1316 909/1607/1574 890/1608/1575
f 908/1349/1316 890/1608/1575 891/1351/1318
f 891/1351/1318 890/1608/1575 931/1609/1576
f 891/1351/1318 931/1609/1576 932/1353/1320
f 932/1353/1320 931/1609/1576 953/1610/1577
f 932/1353/1320 953/1610/1577 954/1355/1322
f 954/1355/1322 953/1610/1577 975/1611/1578
f 954/1355/1322 975/1611/1578 976/1357/1324
f 976/1357/1324 975/1611/1578 997/1612/1579
f 976/1357/1324 997/1612/1579 998/1359/1326
f 998/1359/1326 997/1612/1579 1019/1289/1256
f 998/1359/1326 1019/1289/1256 1020/1286/1253
f 713/1599/1566 691/1572/1539 712/1573/1540
f 693/1332/1299 715/1334/1301 694/1574/1541
f 694/1574/1541 715/1334/1301 716/1613/1580
f 694/1574/1541 716/1613/1580 695/1575/1542
f 695/1575/1542 716/1613/1580 717/1614/1581
f 695/1575/1542 717/1614/1581 696/1576/1543
f 696/1576/1543 717/1614/1581 718/1615/1582
f 696/1576/1543 718/1615/1582 697/1577/1544
f 697/1577/1544 718/1615/1582 719/1434/1401
f 697/1577/1544 719/1434/1401 698/1433/1400
f 725/1392/1359 704/1391/1358 703/1587/1554
f 703/1587/1554 704/1391/1358 682/1402/1369
f 725/1392/1359 703/1587/1554 724/1588/1555
f 731/1569/1536 710/1571/1538 709/1597/1564
f 709/1597/1564 710/1571/1538 688/1251/1218
f 731/1569/1536 709/1597/1564 730/1598/1565
f 713/1599/1566 712/1573/1540 734/1616/1583
f 734/1616/1583 712/1573/1540 733/1319/1286
f 734/1616/1583 733/1319/1286 792/1317/1284
f 715/1334/1301 737/1336/1303 716/1613/1580
f 716/1613/1580 737/1336/1303 738/1617/1584
f 716/1613/1580 738/1617/1584 717/1614/1581
f 717/1614/1581 738/1617/1584 739/1618/1585
f 717/1614/1581 739/1618/1585 718/1615/1582
f 718/1615/1582 739/1618/1585 740/1435/1402
f 718/1615/1582 740/1435/1402 719/1434/1401
f 746/1393/1360 725/1392/1359 724/1588/1555
f 746/1393/1360 724/1588/1555 745/1589/1556
f 752/1567/1534 731/1569/1536 730/1598/1565
f 752/1567/1534 730/1598/1565 751/1566/1533
f 713/1599/1566 734/1616/1583 735/1600/1567
f 735/1600/1567 734/1616/1583 791/1619/1586
f 735/1600/1567 791/1619/1586 790/1601/1568
f 790/1601/1568 791/1619/1586 757/1620/1587
f 790/1601/1568 757/1620/1587 758/1602/1569
f 758/1602/1569 757/1620/1587 800/1621/1588
f 758/1602/1569 800/1621/1588 801/1603/1570
f 801/1603/1570 800/1621/1588 822/1622/1589
f 801/1603/1570 822/1622/1589 823/1604/1571
f 823/1604/1571 822/1622/1589 844/1623/1590
f 823/1604/1571 844/1623/1590 845/1605/1572
f 845/1605/1572 844/1623/1590 866/1624/1591
f 845/1605/1572 866/1624/1591 867/1606/1573
f 867/1606/1573 866/1624/1591 910/1625/1592
f 867/1606/1573 910/1625/1592 909/1607/1574
f 909/1607/1574 910/1625/1592 889/1626/1593
f 909/1607/1574 889/1626/1593 890/1608/1575
f 890/1608/1575 889/1626/1593 930/1627/1594
f 890/1608/1575 930/1627/1594 931/1609/1576
f 931/1609/1576 930/1627/1594 952/1628/1595
f 931/1609/1576 952/1628/1595 953/1610/1577
f 953/1610/1577 952/1628/1595 974/1629/1596
f 953/1610/1577 974/1629/1596 975/1611/1578
f 975/1611/1578 974/1629/1596 996/1630/1597
f 975/1611/1578 996/1630/1597 997/1612/1579
f 997/1612/1579 996/1630/1597 1018/1291/1258
f 997/1612/1579 1018/1291/1258 1019/1289/1256
f 791/1619/1586 734/1616/1583 792/1317/1284
f 737/1336/1303 788/1338/1305 738/1617/1584
f 738/1617/1584 788/1338/1305 787/1631/1598
f 738/1617/1584 787/1631/1598 739/1618/1585
f 739/1618/1585 787/1631/1598 786/1436/1403
f 739/1618/1585 786/1436/1403 740/1435/1402
f 780/1394/1361 746/1393/1360 745/1589/1556
f 780/1394/1361 745/1589/1556 781/1590/1557
f 774/1565/1532 752/1567/1534 751/1566/1533
f 794/1449/1416 753/1463/1430 754/1450/1417
f 754/1450/1417 753/1463/1430 796/1632/1599
f 754/1450/1417 796/1632/1599 797/1451/1418
f 797/1451/1418 796/1632/1599 818/1633/1600
f 797/1451/1418 818/1633/1600 819/1452/1419
f 819/1452/1419 818/1633/1600 840/1634/1601
f 819/1452/1419 840/1634/1601 841/1453/1420
f 841/1453/1420 840/1634/1601 862/1635/1602
f 841/1453/1420 862/1635/1602 863/1454/1421
f 863/1454/1421 862/1635/1602 914/1636/1603
f 863/1454/1421 914/1636/1603 913/1455/1422
f 913/1455/1422 914/1636/1603 885/1637/1604
f 913/1455/1422 885/1637/1604 886/1456/1423
f 886/1456/1423 885/1637/1604 926/1638/1605
f 886/1456/1423 926/1638/1605 927/1457/1424
f 927/1457/1424 926/1638/1605 948/1639/1606
f 927/1457/1424 948/1639/1606 949/1458/1425
f 949/1458/1425 948/1639/1606 970/1640/1607
f 949/1458/1425 970/1640/1607 971/1459/1426
f 971/1459/1426 970/1640/1607 992/1641/1608
f 971/1459/1426 992/1641/1608 993/1460/1427
f 993/1460/1427 992/1641/1608 1014/1533/1500
f 791/1619/1586 792/1317/1284 756/1315/1282
f 791/1619/1586 756/1315/1282 757/1620/1587
f 757/1620/1587 756/1315/1282 799/1313/1280
f 757/1620/1587 799/1313/1280 800/1621/1588
f 800/1621/1588 799/1313/1280 821/1311/1278
f 800/1621/1588 821/1311/1278 822/1622/1589
f 822/1622/1589 821/1311/1278 843/1309/1276
f 822/1622/1589 843/1309/1276 844/1623/1590
f 844/1623/1590 843/1309/1276 865/1307/1274
f 844/1623/1590 865/1307/1274 866/1624/1591
f 866/1624/1591 865/1307/1274 911/1305/1272
f 866/1624/1591 911/1305/1272 910/1625/1592
f 910/1625/1592 911/1305/1272 888/1303/1270
f 910/1625/1592 888/1303/1270 889/1626/1593
f 889/1626/1593 888/1303/1270 929/1301/1268
f 889/1626/1593 929/1301/1268 930/1627/1594
f 930/1627/1594 929/1301/1268 951/1299/1266
f 930/1627/1594 951/1299/1266 952/1628/1595
f 952/1628/1595 951/1299/1266 973/1297/1264
f 952/1628/1595 973/1297/1264 974/1629/1596
f 974/1629/1596 973/1297/1264 995/1295/1262
f 974/1629/1596 995/1295/1262 996/1630/1597
f 996/1630/1597 995/1295/1262 1017/1293/1260
f 996/1630/1597 1017/1293/1260 1018/1291/1258
f 787/1631/1598 788/1338/1305 760/1340/1307
f 786/1436/1403 787/1631/1598 761/1437/1404
f 761/1437/1404 787/1631/1598 760/1340/1307
f 761/1437/1404 760/1340/1307 803/1342/1309
f 780/1394/1361 781/1590/1557 767/1395/1362
f 767/1395/1362 781/1590/1557 766/1591/1558
f 767/1395/1362 766/1591/1558 809/1396/1363
f 809/1396/1363 766/1591/1558 808/1592/1559
f 809/1396/1363 808/1592/1559 830/1397/1364
f 830/1397/1364 808/1592/1559 829/1593/1560
f 830/1397/1364 829/1593/1560 851/1398/1365
f 851/1398/1365 829/1593/1560 850/1594/1561
f 851/1398/1365 850/1594/1561 872/1399/1366
f 872/1399/1366 850/1594/1561 871/1595/1562
f 872/1399/1366 871/1595/1562 905/1400/1367
f 905/1400/1367 871/1595/1562 906/1596/1563
f 905/1400/1367 906/1596/1563 893/1401/1368
f 893/1401/1368 906/1596/1563 892/1352/1319
f 893/1401/1368 892/1352/1319 933/1354/1321
f 753/1463/1430 795/1465/1432 796/1632/1599
f 796/1632/1599 795/1465/1432 817/1642/1609
f 796/1632/1599 817/1642/1609 818/1633/1600
f 818/1633/1600 817/1642/1609 839/1643/1610
f 818/1633/1600 839/1643/1610 840/1634/1601
f 840/1634/1601 839/1643/1610 861/1644/1611
f 840/1634/1601 861/1644/1611 862/1635/1602
f 862/1635/1602 861/1644/1611 915/1645/1612
f 862/1635/1602 915/1645/1612 914/1636/1603
f 914/1636/1603 915/1645/1612 884/1646/1613
f 914/1636/1603 884/1646/1613 885/1637/1604
f 885/1637/1604 884/1646/1613 925/1647/1614
f 885/1637/1604 925/1647/1614 926/1638/1605
f 926/1638/1605 925/1647/1614 947/1648/1615
f 926/1638/1605 947/1648/1615 948/1639/1606
f 948/1639/1606 947/1648/1615 969/1649/1616
f 948/1639/1606 969/1649/1616 970/1640/1607
f 970/1640/1607 969/1649/1616 991/1650/1617
f 970/1640/1607 991/1650/1617 992/1641/1608
f 992/1641/1608 991/1650/1617 1013/1531/1498
f 992/1641/1608 1013/1531/1498 1014/1533/1500
f 795/1465/1432 816/1467/1434 817/1642/1609
f 817/1642/1609 816/1467/1434 838/1651/1618
f 817/1642/1609 838/1651/1618 839/1643/1610
f 839/1643/1610 838/1651/1618 860/1652/1619
f 839/1643/1610 860/1652/1619 861/1644/1611
f 861/1644/1611 860/1652/1619 916/1653/1620
f 861/1644/1611 916/1653/1620 915/1645/1612
f 915/1645/1612 916/1653/1620 883/1654/1621
f 915/1645/1612 883/1654/1621 884/1646/1613
f 884/1646/1613 883/1654/1621 924/1655/1622
f 884/1646/1613 924/1655/1622 925/1647/1614
f 925/1647/1614 924/1655/1622 946/1656/1623
f 925/1647/1614 946/1656/1623 947/1648/1615
f 947/1648/1615 946/1656/1623 968/1657/1624
f 947/1648/1615 968/1657/1624 969/1649/1616
f 969/1649/1616 968/1657/1624 990/1658/1625
f 969/1649/1616 990/1658/1625 991/1650/1617
f 991/1650/1617 990/1658/1625 1012/1522/1489
f 991/1650/1617 1012/1522/1489 1013/1531/1498
f 856/1553/1520 834/1267/1234 855/1269/1236
f 816/1467/1434 837/1469/1436 838/1651/1618
f 838/1651/1618 837/1469/1436 859/1530/1497
f 838/1651/1618 859/1530/1497 860/1652/1619
f 860/1652/1619 859/1530/1497 917/1529/1496
f 860/1652/1619 917/1529/1496 916/1653/1620
f 916/1653/1620 917/1529/1496 882/1528/1495
f 916/1653/1620 882/1528/1495 883/1654/1621
f 883/1654/1621 882/1528/1495 923/1527/1494
f 883/1654/1621 923/1527/1494 924/1655/1622
f 924/1655/1622 923/1527/1494 945/1526/1493
f 924/1655/1622 945/1526/1493 946/1656/1623
f 946/1656/1623 945/1526/1493 967/1525/1492
f 946/1656/1623 967/1525/1492 968/1657/1624
f 968/1657/1624 967/1525/1492 989/1524/1491
f 968/1657/1624 989/1524/1491 990/1658/1625
f 990/1658/1625 989/1524/1491 1011/1523/1490
f 990/1658/1625 1011/1523/1490 1012/1522/1489
f 856/1553/1520 855/1269/1236 877/1659/1626
f 877/1659/1626 855/1269/1236 876/1271/1238
f 877/1659/1626 876/1271/1238 900/1660/1627
f 900/1660/1627 876/1271/1238 901/1273/1240
f 900/1660/1627 901/1273/1240 898/1661/1628
f 898/1661/1628 901/1273/1240 897/1275/1242
f 898/1661/1628 897/1275/1242 938/1662/1629
f 938/1662/1629 897/1275/1242 937/1277/1244
f 938/1662/1629 937/1277/1244 959/1663/1630
f 959/1663/1630 937/1277/1244 958/1279/1246
f 959/1663/1630 958/1279/1246 980/1664/1631
f 980/1664/1631 958/1279/1246 979/1281/1248
f 980/1664/1631 979/1281/1248 1001/1665/1632
f 1001/1665/1632 979/1281/1248 1000/1283/1250
f 1001/1665/1632 1000/1283/1250 1022/1534/1501
f 1022/1534/1501 1000/1283/1250 1021/1285/1252
f 667/1549/1516 878/1551/1518 877/1659/1626
f 877/1659/1626 878/1551/1518 856/1553/1520
f 667/1549/1516 877/1659/1626 900/1660/1627
f 667/1549/1516 900/1660/1627 899/1547/1514
f 899/1547/1514 900/1660/1627 898/1661/1628
f 899/1547/1514 898/1661/1628 939/1545/1512
f 939/1545/1512 898/1661/1628 938/1662/1629
f 939/1545/1512 938/1662/1629 960/1543/1510
f 960/1543/1510 938/1662/1629 959/1663/1630
f 960/1543/1510 959/1663/1630 981/1541/1508
f 981/1541/1508 959/1663/1630 980/1664/1631
f 981/1541/1508 980/1664/1631 1002/1539/1506
f 1002/1539/1506 980/1664/1631 1001/1665/1632
f 1002/1539/1506 1001/1665/1632 1023/1536/1503
f 1023/1536/1503 1001/1665/1632 1022/1534/1501
f 638/1666/1633 637/1667/1634 1046/1668/1635
f 1046/1668/1635 637/1667/1634 666/1669/1636
f 1046/1668/1635 666/1669/1636 1045/1670/1637
f 1045/1670/1637 666/1669/1636 665/1671/1638
f 1045/1670/1637 665/1671/1638 1044/1672/1639
f 1044/1672/1639 665/1671/1638 1043/1673/1640
f 1044/1672/1639 1043/1673/1640 1065/1674/1641
f 1065/1674/1641 1043/1673/1640 1064/1675/1642
f 1065/1674/1641 1064/1675/1642 1086/1676/1643
f 1086/1676/1643 1064/1675/1642 1085/1677/1644
f 1086/1676/1643 1085/1677/1644 1107/1678/1645
f 1107/1678/1645 1085/1677/1644 1106/1679/1646
f 1107/1678/1645 1106/1679/1646 1133/1680/1647
f 1133/1680/1647 1106/1679/1646 1134/1681/1648
f 1133/1680/1647 1134/1681/1648 1128/1682/1649
f 1128/1682/1649 1134/1681/1648 1127/1683/1650
f 1128/1682/1649 1127/1683/1650 1170/1684/1651
f 1170/1684/1651 1127/1683/1650 1169/1685/1652
f 1170/1684/1651 1169/1685/1652 1191/1686/1653
f 1191/1686/1653 1169/1685/1652 1190/1687/1654
f 1191/1686/1653 1190/1687/1654 1212/1688/1655
f 1212/1688/1655 1190/1687/1654 1211/1689/1656
f 1212/1688/1655 1211/1689/1656 1233/1690/1657
f 1233/1690/1657 1211/1689/1656 1232/1691/1658
f 1233/1690/1657 1232/1691/1658 1258/1692/1659
f 1258/1692/1659 1232/1691/1658 1259/1693/1660
f 1258/1692/1659 1259/1693/1660 1254/1694/1661
f 1254/1694/1661 1259/1693/1660 1253/1695/1662
f 1254/1694/1661 1253/1695/1662 1294/1696/1663
f 1294/1696/1663 1253/1695/1662 1293/1697/1664
f 1294/1696/1663 1293/1697/1664 1315/1698/1665
f 1315/1698/1665 1293/1697/1664 1314/1699/1666
f 1315/1698/1665 1314/1699/1666 1336/1700/1667
f 1336/1700/1667 1314/1699/1666 1335/1701/1668
f 1336/1700/1667 1335/1701/1668 1357/1702/1669
f 1357/1702/1669 1335/1701/1668 1356/1703/1670
f 1357/1702/1669 1356/1703/1670 1378/1704/1671
f 1378/1704/1671 1356/1703/1670 1377/1705/1672
f 1378/1704/1671 1377/1705/1672 448/1706/1673
f 448/1706/1673 1377/1705/1672 449/1707/1674
f 449/1707/1674 1377/1705/1672 1376/1708/1675
f 449/1707/1674 1376/1708/1675 450/1709/1676
f 450/1709/1676 1376/1708/1675 1375/1710/1677
f 450/1709/1676 1375/1710/1677 451/1711/1678
f 451/1711/1678 1375/1710/1677 1374/1712/1679
f 451/1711/1678 1374/1712/1679 1373/1713/1680
f 1373/1713/1680 1374/1712/1679 1352/1714/1681
f 1373/1713/1680 1352/1714/1681 1351/1715/1682
f 1351/1715/1682 1352/1714/1681 1330/1716/1683
f 1351/1715/1682 1330/1716/1683 1329/1717/1684
f 1329/1717/1684 1330/1716/1683 1308/1718/1685
f 1329/1717/1684 1308/1718/1685 1307/1719/1686
f 1307/1719/1686 1308/1718/1685 1286/1720/1687
f 1307/1719/1686 1286/1720/1687 1285/1721/1688
f 1285/1721/1688 1286/1720/1687 1245/1722/1689
f 1285/1721/1688 1245/1722/1689 1244/1723/1690
f 1244/1723/1690 1245/1722/1689 1268/1724/1691
f 1244/1723/1690 1268/1724/1691 1269/1725/1692
f 1269/1725/1692 1268/1724/1691 1222/1726/1693
f 1269/1725/1692 1222/1726/1693 1221/1727/1694
f 1221/1727/1694 1222/1726/1693 1200/1728/1695
f 1221/1727/1694 1200/1728/1695 1199/1729/1696
f 1199/1729/1696 1200/1728/1695 1178/1730/1697
f 1199/1729/1696 1178/1730/1697 1177/1731/1698
f 1177/1731/1698 1178/1730/1697 1156/1732/1699
f 1177/1731/1698 1156/1732/1699 1155/1733/1700
f 1155/1733/1700 1156/1732/1699 1113/1734/1701
f 1155/1733/1700 1113/1734/1701 1112/1735/1702
f 1112/1735/1702 1113/1734/1701 1149/1736/1703
f 1112/1735/1702 1149/1736/1703 1150/1737/1704
f 1150/1737/1704 1149/1736/1703 1090/1738/1705
f 1150/1737/1704 1090/1738/1705 1089/1739/1706
f 1089/1739/1706 1090/1738/1705 1068/1740/1707
f 1089/1739/1706 1068/1740/1707 601/1741/1708
f 601/1741/1708 1068/1740/1707 602/1742/1709
f 602/1742/1709 1068/1740/1707 1047/1743/1710
f 602/1742/1709 1047/1743/1710 603/1744/1711
f 603/1744/1711 1047/1743/1710 1026/1745/1712
f 603/1744/1711 1026/1745/1712 604/1746/1713
f 604/1746/1713 1026/1745/1712 652/1747/1714
f 652/1747/1714 1026/1745/1712 1027/1748/1715
f 652/1747/1714 1027/1748/1715 1028/1749/1716
f 1028/1749/1716 1027/1748/1715 1049/1750/1717
f 1028/1749/1716 1049/1750/1717 1050/1751/1718
f 1050/1751/1718 1049/1750/1717 1071/1752/1719
f 1050/1751/1718 1071/1752/1719 1072/1753/1720
f 1072/1753/1720 1071/1752/1719 1093/1754/1721
f 1072/1753/1720 1093/1754/1721 1094/1755/1722
f 1094/1755/1722 1093/1754/1721 1146/1756/1723
f 1094/1755/1722 1146/1756/1723 1145/1757/1724
f 1145/1757/1724 1146/1756/1723 1116/1758/1725
f 1145/1757/1724 1116/1758/1725 1117/1759/1726
f 1117/1759/1726 1116/1758/1725 1159/1760/1727
f 1117/1759/1726 1159/1760/1727 1160/1761/1728
f 1160/1761/1728 1159/1760/1727 1181/1762/1729
f 1160/1761/1728 1181/1762/1729 1182/1763/1730
f 1182/1763/1730 1181/1762/1729 1203/1764/1731
f 1182/1763/1730 1203/1764/1731 1204/1765/1732
f 1204/1765/1732 1203/1764/1731 1225/1766/1733
f 1204/1765/1732 1225/1766/1733 1226/1767/1734
f 1226/1767/1734 1225/1766/1733 1265/1768/1735
f 1226/1767/1734 1265/1768/1735 1264/1769/1736
f 1264/1769/1736 1265/1768/1735 1248/1770/1737
f 1264/1769/1736 1248/1770/1737 1249/1771/1738
f 1249/1771/1738 1248/1770/1737 1289/1772/1739
f 1249/1771/1738 1289/1772/1739 1290/1773/1740
f 1290/1773/1740 1289/1772/1739 1311/1774/1741
f 1290/1773/1740 1311/1774/1741 1312/1775/1742
f 1312/1775/1742 1311/1774/1741 1333/1776/1743
f 1312/1775/1742 1333/1776/1743 1334/1777/1744
f 1334/1777/1744 1333/1776/1743 1355/1778/1745
f 1334/1777/1744 1355/1778/1745 1356/1703/1670
f 1356/1703/1670 1355/1778/1745 1377/1705/1672
f 665/1671/1638 664/1779/1746 1043/1673/1640
f 1043/1673/1640 664/1779/1746 1042/1780/1747
f 1043/1673/1640 1042/1780/1747 1064/1675/1642
f 1064/1675/1642 1042/1780/1747 1063/1781/1748
f 1064/1675/1642 1063/1781/1748 1085/1677/1644
f 1085/1677/1644 1063/1781/1748 1084/1782/1749
f 1085/1677/1644 1084/1782/1749 1106/1679/1646
f 1106/1679/1646 1084/1782/1749 1105/1783/1750
f 1106/1679/1646 1105/1783/1750 1134/1681/1648
f 1134/1681/1648 1105/1783/1750 1135/1784/1751
f 1134/1681/1648 1135/1784/1751 1127/1683/1650
f 1127/1683/1650 1135/1784/1751 1126/1785/1752
f 1127/1683/1650 1126/1785/1752 1169/1685/1652
f 1169/1685/1652 1126/1785/1752 1168/1786/1753
f 1169/1685/1652 1168/1786/1753 1190/1687/1654
f 1190/1687/1654 1168/1786/1753 1189/1787/1754
f 1190/1687/1654 1189/1787/1754 1211/1689/1656
f 1211/1689/1656 1189/1787/1754 1210/1788/1755
f 1211/1689/1656 1210/1788/1755 1232/1691/1658
f 1232/1691/1658 1210/1788/1755 1231/1789/1756
f 1232/1691/1658 1231/1789/1756 1259/1693/1660
f 1259/1693/1660 1231/1789/1756 1260/1790/1757
f 1259/1693/1660 1260/1790/1757 1253/1695/1662
f 1253/1695/1662 1260/1790/1757 1252/1791/1758
f 1253/1695/1662 1252/1791/1758 1293/1697/1664
f 1293/1697/1664 1252/1791/1758 1292/1792/1759
f 1293/1697/1664 1292/1792/1759 1314/1699/1666
f 1314/1699/1666 1292/1792/1759 1313/1793/1760
f 1314/1699/1666 1313/1793/1760 1335/1701/1668
f 1335/1701/1668 1313/1793/1760 1334/1777/1744
f 1335/1701/1668 1334/1777/1744 1356/1703/1670
f 664/1779/1746 663/1794/1761 1042/1780/1747
f 1042/1780/1747 663/1794/1761 1041/1795/1762
f 1042/1780/1747 1041/1795/1762 1063/1781/1748
f 1063/1781/1748 1041/1795/1762 1062/1796/1763
f 1063/1781/1748 1062/1796/1763 1084/1782/1749
f 1084/1782/1749 1062/1796/1763 1083/1797/1764
f 1084/1782/1749 1083/1797/1764 1105/1783/1750
f 1105/1783/1750 1083/1797/1764 1104/1798/1765
f 1105/1783/1750 1104/1798/1765 1135/1784/1751
f 1135/1784/1751 1104/1798/1765 1136/1799/1766
f 1135/1784/1751 1136/1799/1766 1126/1785/1752
f 1126/1785/1752 1136/1799/1766 1125/1800/1767
f 1126/1785/1752 1125/1800/1767 1168/1786/1753
f 1168/1786/1753 1125/1800/1767 1167/1801/1768
f 1168/1786/1753 1167/1801/1768 1189/1787/1754
f 1189/1787/1754 1167/1801/1768 1188/1802/1769
f 1189/1787/1754 1188/1802/1769 1210/1788/1755
f 1210/1788/1755 1188/1802/1769 1209/1803/1770
f 1210/1788/1755 1209/1803/1770 1231/1789/1756
f 1231/1789/1756 1209/1803/1770 1230/1804/1771
f 1231/1789/1756 1230/1804/1771 1260/1790/1757
f 1260/1790/1757 1230/1804/1771 1261/1805/1772
f 1260/1790/1757 1261/1805/1772 1252/1791/1758
f 1252/1791/1758 1261/1805/1772 1251/1806/1773
f 1252/1791/1758 1251/1806/1773 1292/1792/1759
f 1292/1792/1759 1251/1806/1773 1291/1807/1774
f 1292/1792/1759 1291/1807/1774 1313/1793/1760
f 1313/1793/1760 1291/1807/1774 1312/1775/1742
f 1313/1793/1760 1312/1775/1742 1334/1777/1744
f 663/1794/1761 662/1808/1775 1041/1795/1762
f 1041/1795/1762 662/1808/1775 1040/1809/1776
f 1041/1795/1762 1040/1809/1776 1062/1796/1763
f 1062/1796/1763 1040/1809/1776 1061/1810/1777
f 1062/1796/1763 1061/1810/1777 1083/1797/1764
f 1083/1797/1764 1061/1810/1777 1082/1811/1778
f 1083/1797/1764 1082/1811/1778 1104/1798/1765
f 1104/1798/1765 1082/1811/1778 1103/1812/1779
f 1104/1798/1765 1103/1812/1779 1136/1799/1766
f 1136/1799/1766 1103/1812/1779 1137/1813/1780
f 1136/1799/1766 1137/1813/1780 1125/1800/1767
f 1125/1800/1767 1137/1813/1780 1124/1814/1781
f 1125/1800/1767 1124/1814/1781 1167/1801/1768
f 1167/1801/1768 1124/1814/1781 1166/1815/1782
f 1167/1801/1768 1166/1815/1782 1188/1802/1769
f 1188/1802/1769 1166/1815/1782 1187/1816/1783
f 1188/1802/1769 1187/1816/1783 1209/1803/1770
f 1209/1803/1770 1187/1816/1783 1208/1817/1784
f 1209/1803/1770 1208/1817/1784 1230/1804/1771
f 1230/1804/1771 1208/1817/1784 1229/1818/1785
f 1230/1804/1771 1229/1818/1785 1261/1805/1772
f 1261/1805/1772 1229/1818/1785 1262/1819/1786
f 1261/1805/1772 1262/1819/1786 1251/1806/1773
f 1251/1806/1773 1262/1819/1786 1250/1820/1787
f 1251/1806/1773 1250/1820/1787 1291/1807/1774
f 1291/1807/1774 1250/1820/1787 1290/1773/1740
f 1291/1807/1774 1290/1773/1740 1312/1775/1742
f 1040/1809/1776 662/1808/1775 1039/1821/1788
f 1039/1821/1788 662/1808/1775 661/1822/1789
f 1039/1821/1788 661/1822/1789 1038/1823/1790
f 1038/1823/1790 661/1822/1789 660/1824/1791
f 1038/1823/1790 660/1824/1791 1037/1825/1792
f 1037/1825/1792 660/1824/1791 1036/1826/1793
f 1037/1825/1792 1036/1826/1793 1058/1827/1794
f 1058/1827/1794 1036/1826/1793 1057/1828/1795
f 1058/1827/1794 1057/1828/1795 1079/1829/1796
f 1079/1829/1796 1057/1828/1795 1078/1830/1797
f 1079/1829/1796 1078/1830/1797 1100/1831/1798
f 1100/1831/1798 1078/1830/1797 1099/1832/1799
f 1100/1831/1798 1099/1832/1799 1140/1833/1800
f 1140/1833/1800 1099/1832/1799 1141/1834/1801
f 1140/1833/1800 1141/1834/1801 1121/1835/1802
f 1121/1835/1802 1141/1834/1801 1120/1836/1803
f 1121/1835/1802 1120/1836/1803 1163/1837/1804
f 1163/1837/1804 1120/1836/1803 1162/1838/1805
f 1163/1837/1804 1162/1838/1805 1184/1839/1806
f 1184/1839/1806 1162/1838/1805 1183/1840/1807
f 1184/1839/1806 1183/1840/1807 1205/1841/1808
f 1205/1841/1808 1183/1840/1807 1204/1765/1732
f 1205/1841/1808 1204/1765/1732 1226/1767/1734
f 660/1824/1791 659/1842/1809 1036/1826/1793
f 1036/1826/1793 659/1842/1809 1035/1843/1810
f 1036/1826/1793 1035/1843/1810 1057/1828/1795
f 1057/1828/1795 1035/1843/1810 1056/1844/1811
f 1057/1828/1795 1056/1844/1811 1078/1830/1797
f 1078/1830/1797 1056/1844/1811 1077/1845/1812
f 1078/1830/1797 1077/1845/1812 1099/1832/1799
f 1099/1832/1799 1077/1845/1812 1098/1846/1813
f 1099/1832/1799 1098/1846/1813 1141/1834/1801
f 1141/1834/1801 1098/1846/1813 1142/1847/1814
f 1141/1834/1801 1142/1847/1814 1120/1836/1803
f 1120/1836/1803 1142/1847/1814 1119/1848/1815
f 1120/1836/1803 1119/1848/1815 1162/1838/1805
f 1162/1838/1805 1119/1848/1815 1161/1849/1816
f 1162/1838/1805 1161/1849/1816 1183/1840/1807
f 1183/1840/1807 1161/1849/1816 1182/1763/1730
f 1183/1840/1807 1182/1763/1730 1204/1765/1732
f 659/1842/1809 658/1850/1817 1035/1843/1810
f 1035/1843/1810 658/1850/1817 1034/1851/1818
f 1035/1843/1810 1034/1851/1818 1056/1844/1811
f 1056/1844/1811 1034/1851/1818 1055/1852/1819
f 1056/1844/1811 1055/1852/1819 1077/1845/1812
f 1077/1845/1812 1055/1852/1819 1076/1853/1820
f 1077/1845/1812 1076/1853/1820 1098/1846/1813
f 1098/1846/1813 1076/1853/1820 1097/1854/1821
f 1098/1846/1813 1097/1854/1821 1142/1847/1814
f 1142/1847/1814 1097/1854/1821 1143/1855/1822
f 1142/1847/1814 1143/1855/1822 1119/1848/1815
f 1119/1848/1815 1143/1855/1822 1118/1856/1823
f 1119/1848/1815 1118/1856/1823 1161/1849/1816
f 1161/1849/1816 1118/1856/1823 1160/1761/1728
f 1161/1849/1816 1160/1761/1728 1182/1763/1730
f 1034/1851/1818 658/1850/1817 1033/1857/1824
f 1033/1857/1824 658/1850/1817 657/1858/1825
f 1033/1857/1824 657/1858/1825 1032/1859/1826
f 1032/1859/1826 657/1858/1825 656/1860/1827
f 1032/1859/1826 656/1860/1827 1031/1861/1828
f 1031/1861/1828 656/1860/1827 655/1862/1829
f 1031/1861/1828 655/1862/1829 1030/1863/1830
f 1030/1863/1830 655/1862/1829 654/1864/1831
f 1030/1863/1830 654/1864/1831 1029/1865/1832
f 1029/1865/1832 654/1864/1831 653/1866/1833
f 1029/1865/1832 653/1866/1833 1028/1749/1716
f 1028/1749/1716 653/1866/1833 652/1747/1714
f 601/1741/1708 600/1867/1834 1089/1739/1706
f 1089/1739/1706 600/1867/1834 1151/1868/1835
f 1089/1739/1706 1151/1868/1835 1150/1737/1704
f 1150/1737/1704 1151/1868/1835 1111/1869/1836
f 1150/1737/1704 1111/1869/1836 1112/1735/1702
f 1112/1735/1702 1111/1869/1836 1154/1870/1837
f 1112/1735/1702 1154/1870/1837 1155/1733/1700
f 1155/1733/1700 1154/1870/1837 1176/1871/1838
f 1155/1733/1700 1176/1871/1838 1177/1731/1698
f 1177/1731/1698 1176/1871/1838 1198/1872/1839
f 1177/1731/1698 1198/1872/1839 1199/1729/1696
f 1199/1729/1696 1198/1872/1839 1220/1873/1840
f 1199/1729/1696 1220/1873/1840 1221/1727/1694
f 1221/1727/1694 1220/1873/1840 1270/1874/1841
f 1221/1727/1694 1270/1874/1841 1269/1725/1692
f 1269/1725/1692 1270/1874/1841 1243/1875/1842
f 1269/1725/1692 1243/1875/1842 1244/1723/1690
f 1244/1723/1690 1243/1875/1842 1284/1876/1843
f 1244/1723/1690 1284/1876/1843 1285/1721/1688
f 1285/1721/1688 1284/1876/1843 1306/1877/1844
f 1285/1721/1688 1306/1877/1844 1307/1719/1686
f 1307/1719/1686 1306/1877/1844 1328/1878/1845
f 1307/1719/1686 1328/1878/1845 1329/1717/1684
f 1329/1717/1684 1328/1878/1845 1350/1879/1846
f 1329/1717/1684 1350/1879/1846 1351/1715/1682
f 1351/1715/1682 1350/1879/1846 1372/1880/1847
f 1351/1715/1682 1372/1880/1847 1373/1713/1680
f 1373/1713/1680 1372/1880/1847 452/1881/1848
f 1373/1713/1680 452/1881/1848 451/1711/1678
f 1151/1868/1835 600/1867/1834 1110/1882/1849
f 1110/1882/1849 600/1867/1834 599/1883/1850
f 1110/1882/1849 599/1883/1850 1152/1884/1851
f 1152/1884/1851 599/1883/1850 598/1885/1852
f 1152/1884/1851 598/1885/1852 1173/1886/1853
f 1173/1886/1853 598/1885/1852 597/1887/1854
f 1173/1886/1853 597/1887/1854 1194/1888/1855
f 1194/1888/1855 597/1887/1854 596/1889/1856
f 1194/1888/1855 596/1889/1856 1215/1890/1857
f 1215/1890/1857 596/1889/1856 1025/1891/1858
f 1215/1890/1857 1025/1891/1858 1275/1892/1859
f 1275/1892/1859 1025/1891/1858 1237/1893/1860
f 1275/1892/1859 1237/1893/1860 1238/1894/1861
f 1238/1894/1861 1237/1893/1860 1278/1895/1862
f 1238/1894/1861 1278/1895/1862 1279/1896/1863
f 1279/1896/1863 1278/1895/1862 1300/1897/1864
f 1279/1896/1863 1300/1897/1864 1301/1898/1865
f 1301/1898/1865 1300/1897/1864 1322/1899/1866
f 1301/1898/1865 1322/1899/1866 1323/1900/1867
f 1323/1900/1867 1322/1899/1866 1344/1901/1868
f 1323/1900/1867 1344/1901/1868 1345/1902/1869
f 1345/1902/1869 1344/1901/1868 1366/1903/1870
f 1345/1902/1869 1366/1903/1870 1367/1904/1871
f 1367/1904/1871 1366/1903/1870 456/1905/1872
f 1367/1904/1871 456/1905/1872 455/1906/1873
f 596/1889/1856 595/1907/1874 1025/1891/1858
f 1025/1891/1858 595/1907/1874 1236/1908/1875
f 1025/1891/1858 1236/1908/1875 1237/1893/1860
f 1237/1893/1860 1236/1908/1875 1277/1909/1876
f 1237/1893/1860 1277/1909/1876 1278/1895/1862
f 1278/1895/1862 1277/1909/1876 1299/1910/1877
f 1278/1895/1862 1299/1910/1877 1300/1897/1864
f 1300/1897/1864 1299/1910/1877 1321/1911/1878
f 1300/1897/1864 1321/1911/1878 1322/1899/1866
f 1322/1899/1866 1321/1911/1878 1343/1912/1879
f 1322/1899/1866 1343/1912/1879 1344/1901/1868
f 1344/1901/1868 1343/1912/1879 1365/1913/1880
f 1344/1901/1868 1365/1913/1880 1366/1903/1870
f 1366/1903/1870 1365/1913/1880 457/1914/1881
f 1366/1903/1870 457/1914/1881 456/1905/1872
f 595/1907/1874 594/1915/1882 1236/1908/1875
f 1236/1908/1875 594/1915/1882 1276/1916/1883
f 1236/1908/1875 1276/1916/1883 1277/1909/1876
f 1277/1909/1876 1276/1916/1883 1298/1917/1884
f 1277/1909/1876 1298/1917/1884 1299/1910/1877
f 1299/1910/1877 1298/1917/1884 1320/1918/1885
f 1299/1910/1877 1320/1918/1885 1321/1911/1878
f 1321/1911/1878 1320/1918/1885 1342/1919/1886
f 1321/1911/1878 1342/1919/1886 1343/1912/1879
f 1343/1912/1879 1342/1919/1886 1364/1920/1887
f 1343/1912/1879 1364/1920/1887 1365/1913/1880
f 1365/1913/1880 1364/1920/1887 458/1921/1888
f 1365/1913/1880 458/1921/1888 457/1914/1881
f 594/1915/1882 593/1922/1889 1276/1916/1883
f 1276/1916/1883 593/1922/1889 1297/1923/1890
f 1276/1916/1883 1297/1923/1890 1298/1917/1884
f 1298/1917/1884 1297/1923/1890 1319/1924/1891
f 1298/1917/1884 1319/1924/1891 1320/1918/1885
f 1320/1918/1885 1319/1924/1891 1341/1925/1892
f 1320/1918/1885 1341/1925/1892 1342/1919/1886
f 1342/1919/1886 1341/1925/1892 1363/1926/1893
f 1342/1919/1886 1363/1926/1893 1364/1920/1887
f 1364/1920/1887 1363/1926/1893 459/1927/1894
f 1364/1920/1887 459/1927/1894 458/1921/1888
f 593/1922/1889 592/1928/1895 1297/1923/1890
f 1297/1923/1890 592/1928/1895 1318/1929/1896
f 1297/1923/1890 1318/1929/1896 1319/1924/1891
f 1319/1924/1891 1318/1929/1896 1340/1930/1897
f 1319/1924/1891 1340/1930/1897 1341/1925/1892
f 1341/1925/1892 1340/1930/1897 1362/1931/1898
f 1341/1925/1892 1362/1931/1898 1363/1926/1893
f 1363/1926/1893 1362/1931/1898 460/1932/1899
f 1363/1926/1893 460/1932/1899 459/1927/1894
f 592/1928/1895 591/1933/1900 1318/1929/1896
f 1318/1929/1896 591/1933/1900 1339/1934/1901
f 1318/1929/1896 1339/1934/1901 1340/1930/1897
f 1340/1930/1897 1339/1934/1901 1361/1935/1902
f 1340/1930/1897 1361/1935/1902 1362/1931/1898
f 1362/1931/1898 1361/1935/1902 460/1932/1899
f 591/1933/1900 590/1936/1903 1339/1934/1901
f 1339/1934/1901 590/1936/1903 1360/1937/1904
f 1339/1934/1901 1360/1937/1904 1361/1935/1902
f 1361/1935/1902 1360/1937/1904 461/1938/1905
f 1361/1935/1902 461/1938/1905 460/1932/1899
f 590/1936/1903 462/1939/1906 1360/1937/1904
f 1360/1937/1904 462/1939/1906 461/1938/1905
f 454/1940/1907 1369/1941/1908 455/1906/1873
f 455/1906/1873 1369/1941/1908 1368/1942/1909
f 455/1906/1873 1368/1942/1909 1367/1904/1871
f 1367/1904/1871 1368/1942/1909 1346/1943/1910
f 1367/1904/1871 1346/1943/1910 1345/1902/1869
f 1345/1902/1869 1346/1943/1910 1324/1944/1911
f 1345/1902/1869 1324/1944/1911 1323/1900/1867
f 1323/1900/1867 1324/1944/1911 1302/1945/1912
f 1323/1900/1867 1302/1945/1912 1301/1898/1865
f 1301/1898/1865 1302/1945/1912 1280/1946/1913
f 1301/1898/1865 1280/1946/1913 1279/1896/1863
f 1279/1896/1863 1280/1946/1913 1239/1947/1914
f 1279/1896/1863 1239/1947/1914 1238/1894/1861
f 1238/1894/1861 1239/1947/1914 1274/1948/1915
f 1238/1894/1861 1274/1948/1915 1275/1892/1859
f 1275/1892/1859 1274/1948/1915 1216/1949/1916
f 1275/1892/1859 1216/1949/1916 1215/1890/1857
f 1215/1890/1857 1216/1949/1916 1194/1888/1855
f 1369/1941/1908 454/1940/1907 1370/1950/1917
f 1370/1950/1917 454/1940/1907 453/1951/1918
f 1370/1950/1917 453/1951/1918 1371/1952/1919
f 1371/1952/1919 453/1951/1918 1372/1880/1847
f 1371/1952/1919 1372/1880/1847 1350/1879/1846
f 453/1951/1918 452/1881/1848 1372/1880/1847
f 1378/1704/1671 448/1706/1673 1379/1953/1920
f 1379/1953/1920 448/1706/1673 447/1954/1921
f 1379/1953/1920 447/1954/1921 1380/1955/1922
f 1380/1955/1922 447/1954/1921 446/1956/1923
f 1380/1955/1922 446/1956/1923 651/1957/1924
f 1380/1955/1922 651/1957/1924 1359/1958/1925
f 1359/1958/1925 651/1957/1924 650/1959/1926
f 1359/1958/1925 650/1959/1926 1338/1960/1927
f 1338/1960/1927 650/1959/1926 649/1961/1928
f 1338/1960/1927 649/1961/1928 1317/1962/1929
f 1317/1962/1929 649/1961/1928 648/1963/1930
f 1317/1962/1929 648/1963/1930 1296/1964/1931
f 1296/1964/1931 648/1963/1930 647/1965/1932
f 1296/1964/1931 647/1965/1932 1256/1966/1933
f 1256/1966/1933 647/1965/1932 646/1967/1934
f 1256/1966/1933 646/1967/1934 1024/1968/1935
f 1024/1968/1935 646/1967/1934 645/1969/1936
f 1024/1968/1935 645/1969/1936 1235/1970/1937
f 1235/1970/1937 645/1969/1936 1214/1971/1938
f 1235/1970/1937 1214/1971/1938 1213/1972/1939
f 1213/1972/1939 1214/1971/1938 1192/1973/1940
f 1213/1972/1939 1192/1973/1940 1191/1686/1653
f 1191/1686/1653 1192/1973/1940 1170/1684/1651
f 645/1969/1936 644/1974/1941 1214/1971/1938
f 1214/1971/1938 644/1974/1941 1193/1975/1942
f 1214/1971/1938 1193/1975/1942 1192/1973/1940
f 1192/1973/1940 1193/1975/1942 1171/1976/1943
f 1192/1973/1940 1171/1976/1943 1170/1684/1651
f 1170/1684/1651 1171/1976/1943 1128/1682/1649
f 644/1974/1941 643/1977/1944 1193/1975/1942
f 1193/1975/1942 643/1977/1944 1172/1978/1945
f 1193/1975/1942 1172/1978/1945 1171/1976/1943
f 1171/1976/1943 1172/1978/1945 1129/1979/1946
f 1171/1976/1943 1129/1979/1946 1128/1682/1649
f 1128/1682/1649 1129/1979/1946 1133/1680/1647
f 643/1977/1944 642/1980/1947 1172/1978/1945
f 1172/1978/1945 642/1980/1947 1130/1981/1948
f 1172/1978/1945 1130/1981/1948 1129/1979/1946
f 1129/1979/1946 1130/1981/1948 1132/1982/1949
f 1129/1979/1946 1132/1982/1949 1133/1680/1647
f 1133/1680/1647 1132/1982/1949 1107/1678/1645
f 642/1980/1947 641/1983/1950 1130/1981/1948
f 1130/1981/1948 641/1983/1950 1131/1984/1951
f 1130/1981/1948 1131/1984/1951 1132/1982/1949
f 1132/1982/1949 1131/1984/1951 1108/1985/1952
f 1132/1982/1949 1108/1985/1952 1107/1678/1645
f 1107/1678/1645 1108/1985/1952 1086/1676/1643
f 1131/1984/1951 641/1983/1950 1109/1986/1953
f 1109/1986/1953 641/1983/1950 640/1987/1954
f 1109/1986/1953 640/1987/1954 1088/1988/1955
f 1088/1988/1955 640/1987/1954 639/1989/1956
f 1088/1988/1955 639/1989/1956 1067/1990/1957
f 1067/1990/1957 639/1989/1956 638/1666/1633
f 1067/1990/1957 638/1666/1633 1046/1668/1635
f 1027/1748/1715 1026/1745/1712 1048/1991/1958
f 1048/1991/1958 1026/1745/1712 1047/1743/1710
f 1048/1991/1958 1047/1743/1710 1069/1992/1959
f 1069/1992/1959 1047/1743/1710 1068/1740/1707
f 1069/1992/1959 1068/1740/1707 1090/1738/1705
f 1028/1749/1716 1050/1751/1718 1029/1865/1832
f 1029/1865/1832 1050/1751/1718 1051/1993/1960
f 1029/1865/1832 1051/1993/1960 1030/1863/1830
f 1030/1863/1830 1051/1993/1960 1052/1994/1961
f 1030/1863/1830 1052/1994/1961 1031/1861/1828
f 1031/1861/1828 1052/1994/1961 1053/1995/1962
f 1031/1861/1828 1053/1995/1962 1032/1859/1826
f 1032/1859/1826 1053/1995/1962 1054/1996/1963
f 1032/1859/1826 1054/1996/1963 1033/1857/1824
f 1033/1857/1824 1054/1996/1963 1055/1852/1819
f 1033/1857/1824 1055/1852/1819 1034/1851/1818
f 1038/1823/1790 1037/1825/1792 1059/1997/1964
f 1059/1997/1964 1037/1825/1792 1058/1827/1794
f 1059/1997/1964 1058/1827/1794 1080/1998/1965
f 1080/1998/1965 1058/1827/1794 1079/1829/1796
f 1080/1998/1965 1079/1829/1796 1101/1999/1966
f 1101/1999/1966 1079/1829/1796 1100/1831/1798
f 1101/1999/1966 1100/1831/1798 1139/2000/1967
f 1139/2000/1967 1100/1831/1798 1140/1833/1800
f 1139/2000/1967 1140/1833/1800 1122/2001/1968
f 1122/2001/1968 1140/1833/1800 1121/1835/1802
f 1122/2001/1968 1121/1835/1802 1164/2002/1969
f 1164/2002/1969 1121/1835/1802 1163/1837/1804
f 1164/2002/1969 1163/1837/1804 1185/2003/1970
f 1185/2003/1970 1163/1837/1804 1184/1839/1806
f 1185/2003/1970 1184/1839/1806 1206/2004/1971
f 1206/2004/1971 1184/1839/1806 1205/1841/1808
f 1206/2004/1971 1205/1841/1808 1227/2005/1972
f 1227/2005/1972 1205/1841/1808 1226/1767/1734
f 1227/2005/1972 1226/1767/1734 1264/1769/1736
f 1061/1810/1777 1040/1809/1776 1039/1821/1788
f 1039/1821/1788 1038/1823/1790 1060/2006/1973
f 1060/2006/1973 1038/1823/1790 1059/1997/1964
f 1060/2006/1973 1059/1997/1964 1081/2007/1974
f 1081/2007/1974 1059/1997/1964 1080/1998/1965
f 1081/2007/1974 1080/1998/1965 1102/2008/1975
f 1102/2008/1975 1080/1998/1965 1101/1999/1966
f 1102/2008/1975 1101/1999/1966 1138/2009/1976
f 1138/2009/1976 1101/1999/1966 1139/2000/1967
f 1138/2009/1976 1139/2000/1967 1123/2010/1977
f 1123/2010/1977 1139/2000/1967 1122/2001/1968
f 1123/2010/1977 1122/2001/1968 1165/2011/1978
f 1165/2011/1978 1122/2001/1968 1164/2002/1969
f 1165/2011/1978 1164/2002/1969 1186/2012/1979
f 1186/2012/1979 1164/2002/1969 1185/2003/1970
f 1186/2012/1979 1185/2003/1970 1207/2013/1980
f 1207/2013/1980 1185/2003/1970 1206/2004/1971
f 1207/2013/1980 1206/2004/1971 1228/2014/1981
f 1228/2014/1981 1206/2004/1971 1227/2005/1972
f 1228/2014/1981 1227/2005/1972 1263/2015/1982
f 1263/2015/1982 1227/2005/1972 1264/1769/1736
f 1263/2015/1982 1264/1769/1736 1249/1771/1738
f 1067/1990/1957 1046/1668/1635 1045/1670/1637
f 1045/1670/1637 1044/1672/1639 1066/2016/1983
f 1066/2016/1983 1044/1672/1639 1065/1674/1641
f 1066/2016/1983 1065/1674/1641 1087/2017/1984
f 1087/2017/1984 1065/1674/1641 1086/1676/1643
f 1087/2017/1984 1086/1676/1643 1108/1985/1952
f 1027/1748/1715 1048/1991/1958 1049/1750/1717
f 1049/1750/1717 1048/1991/1958 1070/2018/1985
f 1049/1750/1717 1070/2018/1985 1071/1752/1719
f 1071/1752/1719 1070/2018/1985 1092/2019/1986
f 1071/1752/1719 1092/2019/1986 1093/1754/1721
f 1093/1754/1721 1092/2019/1986 1147/2020/1987
f 1093/1754/1721 1147/2020/1987 1146/1756/1723
f 1146/1756/1723 1147/2020/1987 1115/2021/1988
f 1146/1756/1723 1115/2021/1988 1116/1758/1725
f 1116/1758/1725 1115/2021/1988 1158/2022/1989
f 1116/1758/1725 1158/2022/1989 1159/1760/1727
f 1159/1760/1727 1158/2022/1989 1180/2023/1990
f 1159/1760/1727 1180/2023/1990 1181/1762/1729
f 1181/1762/1729 1180/2023/1990 1202/2024/1991
f 1181/1762/1729 1202/2024/1991 1203/1764/1731
f 1203/1764/1731 1202/2024/1991 1224/2025/1992
f 1203/1764/1731 1224/2025/1992 1225/1766/1733
f 1225/1766/1733 1224/2025/1992 1266/2026/1993
f 1225/1766/1733 1266/2026/1993 1265/1768/1735
f 1265/1768/1735 1266/2026/1993 1247/2027/1994
f 1265/1768/1735 1247/2027/1994 1248/1770/1737
f 1248/1770/1737 1247/2027/1994 1288/2028/1995
f 1248/1770/1737 1288/2028/1995 1289/1772/1739
f 1289/1772/1739 1288/2028/1995 1310/2029/1996
f 1289/1772/1739 1310/2029/1996 1311/1774/1741
f 1311/1774/1741 1310/2029/1996 1332/2030/1997
f 1311/1774/1741 1332/2030/1997 1333/1776/1743
f 1333/1776/1743 1332/2030/1997 1354/2031/1998
f 1333/1776/1743 1354/2031/1998 1355/1778/1745
f 1355/1778/1745 1354/2031/1998 1376/1708/1675
f 1355/1778/1745 1376/1708/1675 1377/1705/1672
f 1070/2018/1985 1048/1991/1958 1069/1992/1959
f 1050/1751/1718 1072/1753/1720 1051/1993/1960
f 1051/1993/1960 1072/1753/1720 1073/2032/1999
f 1051/1993/1960 1073/2032/1999 1052/1994/1961
f 1052/1994/1961 1073/2032/1999 1074/2033/2000
f 1052/1994/1961 1074/2033/2000 1053/1995/1962
f 1053/1995/1962 1074/2033/2000 1075/2034/2001
f 1053/1995/1962 1075/2034/2001 1054/1996/1963
f 1054/1996/1963 1075/2034/2001 1076/1853/1820
f 1054/1996/1963 1076/1853/1820 1055/1852/1819
f 1082/1811/1778 1061/1810/1777 1060/2006/1973
f 1060/2006/1973 1061/1810/1777 1039/1821/1788
f 1082/1811/1778 1060/2006/1973 1081/2007/1974
f 1088/1988/1955 1067/1990/1957 1066/2016/1983
f 1066/2016/1983 1067/1990/1957 1045/1670/1637
f 1088/1988/1955 1066/2016/1983 1087/2017/1984
f 1070/2018/1985 1069/1992/1959 1091/2035/2002
f 1091/2035/2002 1069/1992/1959 1090/1738/1705
f 1091/2035/2002 1090/1738/1705 1149/1736/1703
f 1072/1753/1720 1094/1755/1722 1073/2032/1999
f 1073/2032/1999 1094/1755/1722 1095/2036/2003
f 1073/2032/1999 1095/2036/2003 1074/2033/2000
f 1074/2033/2000 1095/2036/2003 1096/2037/2004
f 1074/2033/2000 1096/2037/2004 1075/2034/2001
f 1075/2034/2001 1096/2037/2004 1097/1854/1821
f 1075/2034/2001 1097/1854/1821 1076/1853/1820
f 1103/1812/1779 1082/1811/1778 1081/2007/1974
f 1103/1812/1779 1081/2007/1974 1102/2008/1975
f 1109/1986/1953 1088/1988/1955 1087/2017/1984
f 1109/1986/1953 1087/2017/1984 1108/1985/1952
f 1070/2018/1985 1091/2035/2002 1092/2019/1986
f 1092/2019/1986 1091/2035/2002 1148/2038/2005
f 1092/2019/1986 1148/2038/2005 1147/2020/1987
f 1147/2020/1987 1148/2038/2005 1114/2039/2006
f 1147/2020/1987 1114/2039/2006 1115/2021/1988
f 1115/2021/1988 1114/2039/2006 1157/2040/2007
f 1115/2021/1988 1157/2040/2007 1158/2022/1989
f 1158/2022/1989 1157/2040/2007 1179/2041/2008
f 1158/2022/1989 1179/2041/2008 1180/2023/1990
f 1180/2023/1990 1179/2041/2008 1201/2042/2009
f 1180/2023/1990 1201/2042/2009 1202/2024/1991
f 1202/2024/1991 1201/2042/2009 1223/2043/2010
f 1202/2024/1991 1223/2043/2010 1224/2025/1992
f 1224/2025/1992 1223/2043/2010 1267/2044/2011
f 1224/2025/1992 1267/2044/2011 1266/2026/1993
f 1266/2026/1993 1267/2044/2011 1246/2045/2012
f 1266/2026/1993 1246/2045/2012 1247/2027/1994
f 1247/2027/1994 1246/2045/2012 1287/2046/2013
f 1247/2027/1994 1287/2046/2013 1288/2028/1995
f 1288/2028/1995 1287/2046/2013 1309/2047/2014
f 1288/2028/1995 1309/2047/2014 1310/2029/1996
f 1310/2029/1996 1309/2047/2014 1331/2048/2015
f 1310/2029/1996 1331/2048/2015 1332/2030/1997
f 1332/2030/1997 1331/2048/2015 1353/2049/2016
f 1332/2030/1997 1353/2049/2016 1354/2031/1998
f 1354/2031/1998 1353/2049/2016 1375/1710/1677
f 1354/2031/1998 1375/1710/1677 1376/1708/1675
f 1148/2038/2005 1091/2035/2002 1149/1736/1703
f 1094/1755/1722 1145/1757/1724 1095/2036/2003
f 1095/2036/2003 1145/1757/1724 1144/2050/2017
f 1095/2036/2003 1144/2050/2017 1096/2037/2004
f 1096/2037/2004 1144/2050/2017 1143/1855/1822
f 1096/2037/2004 1143/1855/1822 1097/1854/1821
f 1137/1813/1780 1103/1812/1779 1102/2008/1975
f 1137/1813/1780 1102/2008/1975 1138/2009/1976
f 1131/1984/1951 1109/1986/1953 1108/1985/1952
f 1151/1868/1835 1110/1882/1849 1111/1869/1836
f 1111/1869/1836 1110/1882/1849 1153/2051/2018
f 1111/1869/1836 1153/2051/2018 1154/1870/1837
f 1154/1870/1837 1153/2051/2018 1175/2052/2019
f 1154/1870/1837 1175/2052/2019 1176/1871/1838
f 1176/1871/1838 1175/2052/2019 1197/2053/2020
f 1176/1871/1838 1197/2053/2020 1198/1872/1839
f 1198/1872/1839 1197/2053/2020 1219/2054/2021
f 1198/1872/1839 1219/2054/2021 1220/1873/1840
f 1220/1873/1840 1219/2054/2021 1271/2055/2022
f 1220/1873/1840 1271/2055/2022 1270/1874/1841
f 1270/1874/1841 1271/2055/2022 1242/2056/2023
f 1270/1874/1841 1242/2056/2023 1243/1875/1842
f 1243/1875/1842 1242/2056/2023 1283/2057/2024
f 1243/1875/1842 1283/2057/2024 1284/1876/1843
f 1284/1876/1843 1283/2057/2024 1305/2058/2025
f 1284/1876/1843 1305/2058/2025 1306/1877/1844
f 1306/1877/1844 1305/2058/2025 1327/2059/2026
f 1306/1877/1844 1327/2059/2026 1328/1878/1845
f 1328/1878/1845 1327/2059/2026 1349/2060/2027
f 1328/1878/1845 1349/2060/2027 1350/1879/1846
f 1350/1879/1846 1349/2060/2027 1371/1952/1919
f 1148/2038/2005 1149/1736/1703 1113/1734/1701
f 1148/2038/2005 1113/1734/1701 1114/2039/2006
f 1114/2039/2006 1113/1734/1701 1156/1732/1699
f 1114/2039/2006 1156/1732/1699 1157/2040/2007
f 1157/2040/2007 1156/1732/1699 1178/1730/1697
f 1157/2040/2007 1178/1730/1697 1179/2041/2008
f 1179/2041/2008 1178/1730/1697 1200/1728/1695
f 1179/2041/2008 1200/1728/1695 1201/2042/2009
f 1201/2042/2009 1200/1728/1695 1222/1726/1693
f 1201/2042/2009 1222/1726/1693 1223/2043/2010
f 1223/2043/2010 1222/1726/1693 1268/1724/1691
f 1223/2043/2010 1268/1724/1691 1267/2044/2011
f 1267/2044/2011 1268/1724/1691 1245/1722/1689
f 1267/2044/2011 1245/1722/1689 1246/2045/2012
f 1246/2045/2012 1245/1722/1689 1286/1720/1687
f 1246/2045/2012 1286/1720/1687 1287/2046/2013
f 1287/2046/2013 1286/1720/1687 1308/1718/1685
f 1287/2046/2013 1308/1718/1685 1309/2047/2014
f 1309/2047/2014 1308/1718/1685 1330/1716/1683
f 1309/2047/2014 1330/1716/1683 1331/2048/2015
f 1331/2048/2015 1330/1716/1683 1352/1714/1681
f 1331/2048/2015 1352/1714/1681 1353/2049/2016
f 1353/2049/2016 1352/1714/1681 1374/1712/1679
f 1353/2049/2016 1374/1712/1679 1375/1710/1677
f 1144/2050/2017 1145/1757/1724 1117/1759/1726
f 1143/1855/1822 1144/2050/2017 1118/1856/1823
f 1118/1856/1823 1144/2050/2017 1117/1759/1726
f 1118/1856/1823 1117/1759/1726 1160/1761/1728
f 1137/1813/1780 1138/2009/1976 1124/1814/1781
f 1124/1814/1781 1138/2009/1976 1123/2010/1977
f 1124/1814/1781 1123/2010/1977 1166/1815/1782
f 1166/1815/1782 1123/2010/1977 1165/2011/1978
f 1166/1815/1782 1165/2011/1978 1187/1816/1783
f 1187/1816/1783 1165/2011/1978 1186/2012/1979
f 1187/1816/1783 1186/2012/1979 1208/1817/1784
f 1208/1817/1784 1186/2012/1979 1207/2013/1980
f 1208/1817/1784 1207/2013/1980 1229/1818/1785
f 1229/1818/1785 1207/2013/1980 1228/2014/1981
f 1229/1818/1785 1228/2014/1981 1262/1819/1786
f 1262/1819/1786 1228/2014/1981 1263/2015/1982
f 1262/1819/1786 1263/2015/1982 1250/1820/1787
f 1250/1820/1787 1263/2015/1982 1249/1771/1738
f 1250/1820/1787 1249/1771/1738 1290/1773/1740
f 1110/1882/1849 1152/1884/1851 1153/2051/2018
f 1153/2051/2018 1152/1884/1851 1174/2061/2028
f 1153/2051/2018 1174/2061/2028 1175/2052/2019
f 1175/2052/2019 1174/2061/2028 1196/2062/2029
f 1175/2052/2019 1196/2062/2029 1197/2053/2020
f 1197/2053/2020 1196/2062/2029 1218/2063/2030
f 1197/2053/2020 1218/2063/2030 1219/2054/2021
f 1219/2054/2021 1218/2063/2030 1272/2064/2031
f 1219/2054/2021 1272/2064/2031 1271/2055/2022
f 1271/2055/2022 1272/2064/2031 1241/2065/2032
f 1271/2055/2022 1241/2065/2032 1242/2056/2023
f 1242/2056/2023 1241/2065/2032 1282/2066/2033
f 1242/2056/2023 1282/2066/2033 1283/2057/2024
f 1283/2057/2024 1282/2066/2033 1304/2067/2034
f 1283/2057/2024 1304/2067/2034 1305/2058/2025
f 1305/2058/2025 1304/2067/2034 1326/2068/2035
f 1305/2058/2025 1326/2068/2035 1327/2059/2026
f 1327/2059/2026 1326/2068/2035 1348/2069/2036
f 1327/2059/2026 1348/2069/2036 1349/2060/2027
f 1349/2060/2027 1348/2069/2036 1370/1950/1917
f 1349/2060/2027 1370/1950/1917 1371/1952/1919
f 1152/1884/1851 1173/1886/1853 1174/2061/2028
f 1174/2061/2028 1173/1886/1853 1195/2070/2037
f 1174/2061/2028 1195/2070/2037 1196/2062/2029
f 1196/2062/2029 1195/2070/2037 1217/2071/2038
f 1196/2062/2029 1217/2071/2038 1218/2063/2030
f 1218/2063/2030 1217/2071/2038 1273/2072/2039
f 1218/2063/2030 1273/2072/2039 1272/2064/2031
f 1272/2064/2031 1273/2072/2039 1240/2073/2040
f 1272/2064/2031 1240/2073/2040 1241/2065/2032
f 1241/2065/2032 1240/2073/2040 1281/2074/2041
f 1241/2065/2032 1281/2074/2041 1282/2066/2033
f 1282/2066/2033 1281/2074/2041 1303/2075/2042
f 1282/2066/2033 1303/2075/2042 1304/2067/2034
f 1304/2067/2034 1303/2075/2042 1325/2076/2043
f 1304/2067/2034 1325/2076/2043 1326/2068/2035
f 1326/2068/2035 1325/2076/2043 1347/2077/2044
f 1326/2068/2035 1347/2077/2044 1348/2069/2036
f 1348/2069/2036 1347/2077/2044 1369/1941/1908
f 1348/2069/2036 1369/1941/1908 1370/1950/1917
f 1213/1972/1939 1191/1686/1653 1212/1688/1655
f 1173/1886/1853 1194/1888/1855 1195/2070/2037
f 1195/2070/2037 1194/1888/1855 1216/1949/1916
f 1195/2070/2037 1216/1949/1916 1217/2071/2038
f 1217/2071/2038 1216/1949/1916 1274/1948/1915
f 1217/2071/2038 1274/1948/1915 1273/2072/2039
f 1273/2072/2039 1274/1948/1915 1239/1947/1914
f 1273/2072/2039 1239/1947/1914 1240/2073/2040
f 1240/2073/2040 1239/1947/1914 1280/1946/1913
f 1240/2073/2040 1280/1946/1913 1281/2074/2041
f 1281/2074/2041 1280/1946/1913 1302/1945/1912
f 1281/2074/2041 1302/1945/1912 1303/2075/2042
f 1303/2075/2042 1302/1945/1912 1324/1944/1911
f 1303/2075/2042 1324/1944/1911 1325/2076/2043
f 1325/2076/2043 1324/1944/1911 1346/1943/1910
f 1325/2076/2043 1346/1943/1910 1347/2077/2044
f 1347/2077/2044 1346/1943/1910 1368/1942/1909
f 1347/2077/2044 1368/1942/1909 1369/1941/1908
f 1213/1972/1939 1212/1688/1655 1234/2078/2045
f 1234/2078/2045 1212/1688/1655 1233/1690/1657
f 1234/2078/2045 1233/1690/1657 1257/2079/2046
f 1257/2079/2046 1233/1690/1657 1258/1692/1659
f 1257/2079/2046 1258/1692/1659 1255/2080/2047
f 1255/2080/2047 1258/1692/1659 1254/1694/1661
f 1255/2080/2047 1254/1694/1661 1295/2081/2048
f 1295/2081/2048 1254/1694/1661 1294/1696/1663
f 1295/2081/2048 1294/1696/1663 1316/2082/2049
f 1316/2082/2049 1294/1696/1663 1315/1698/1665
f 1316/2082/2049 1315/1698/1665 1337/2083/2050
f 1337/2083/2050 1315/1698/1665 1336/1700/1667
f 1337/2083/2050 1336/1700/1667 1358/2084/2051
f 1358/2084/2051 1336/1700/1667 1357/1702/1669
f 1358/2084/2051 1357/1702/1669 1379/1953/1920
f 1379/1953/1920 1357/1702/1669 1378/1704/1671
f 1024/1968/1935 1235/1970/1937 1234/2078/2045
f 1234/2078/2045 1235/1970/1937 1213/1972/1939
f 1024/1968/1935 1234/2078/2045 1257/2079/2046
f 1024/1968/1935 1257/2079/2046 1256/1966/1933
f 1256/1966/1933 1257/2079/2046 1255/2080/2047
f 1256/1966/1933 1255/2080/2047 1296/1964/1931
f 1296/1964/1931 1255/2080/2047 1295/2081/2048
f 1296/1964/1931 1295/2081/2048 1317/1962/1929
f 1317/1962/1929 1295/2081/2048 1316/2082/2049
f 1317/1962/1929 1316/2082/2049 1338/1960/1927
f 1338/1960/1927 1316/2082/2049 1337/2083/2050
f 1338/1960/1927 1337/2083/2050 1359/1958/1925
f 1359/1958/1925 1337/2083/2050 1358/2084/2051
f 1359/1958/1925 1358/2084/2051 1380/1955/1922
f 1380/1955/1922 1358/2084/2051 1379/1953/1920
# 1380 vertices
# 2084 texture params
# 2051 normals
# 2780 facets

# 1 groups
