# WaveFront *.obj file (generated by Autodesk ATF)

mtllib RACE_sim_Body.mtl

g Body4

v -1.246073 -0.049444 -0.028650
v -1.247139 -0.051291 -0.014502
v -1.250243 -0.056667 -0.001611
v -1.255109 -0.065096 0.008878
v -1.261305 -0.075827 0.016032
v -1.268280 -0.087907 0.019216
v -1.275414 -0.100264 0.018147
v -1.282073 -0.111798 0.012919
v -1.287666 -0.121486 0.003998
v -1.291696 -0.128466 -0.007824
v -1.293805 -0.132119 -0.021496
v -1.293805 -0.132119 -0.035804
v -1.291696 -0.128466 -0.049476
v -1.287666 -0.121486 -0.061298
v -1.282073 -0.111798 -0.070219
v -1.275414 -0.100264 -0.075447
v -1.268280 -0.087907 -0.076516
v -1.261305 -0.075827 -0.073332
v -1.255109 -0.065096 -0.066178
v -1.250243 -0.056667 -0.055689
v -1.247139 -0.051291 -0.042798
v -1.207968 -0.071444 -0.028650
v -1.209034 -0.073291 -0.042798
v -1.212138 -0.078667 -0.055689
v -1.217004 -0.087096 -0.066178
v -1.223200 -0.097827 -0.073332
v -1.230175 -0.109907 -0.076516
v -1.237309 -0.122264 -0.075447
v -1.243968 -0.133798 -0.070219
v -1.249561 -0.143486 -0.061298
v -1.253591 -0.150466 -0.049476
v -1.255700 -0.154119 -0.035804
v -1.255700 -0.154119 -0.021496
v -1.253591 -0.150466 -0.007824
v -1.249561 -0.143486 0.003998
v -1.243968 -0.133798 0.012919
v -1.237309 -0.122264 0.018147
v -1.230175 -0.109907 0.019216
v -1.223200 -0.097827 0.016032
v -1.217004 -0.087096 0.008878
v -1.212138 -0.078667 -0.001611
v -1.209034 -0.073291 -0.014502
v -1.227547 -0.061356 -0.038650
v -1.224151 -0.063137 -0.037887
v -1.221159 -0.064433 -0.035721
v -1.219098 -0.065195 -0.032482
v -1.218360 -0.065444 -0.028650
v -1.219098 -0.065195 -0.024818
v -1.221159 -0.064433 -0.021579
v -1.224151 -0.063137 -0.019413
v -1.227547 -0.061356 -0.018650
v -1.230788 -0.059305 -0.019413
v -1.233406 -0.057362 -0.021579
v -1.235096 -0.055959 -0.024818
v -1.235681 -0.055444 -0.028650
v -1.235096 -0.055959 -0.032482
v -1.233406 -0.057362 -0.035721
v -1.230788 -0.059305 -0.037887
v -1.209468 -0.074042 -0.028650
v -1.210468 -0.075774 -0.041914
v -1.213378 -0.080814 -0.053999
v -1.217940 -0.088715 -0.063832
v -1.223748 -0.098776 -0.070539
v -1.230287 -0.110101 -0.073524
v -1.236975 -0.121685 -0.072522
v -1.243218 -0.132499 -0.067621
v -1.248462 -0.141581 -0.059258
v -1.252240 -0.148125 -0.048175
v -1.254217 -0.151549 -0.035357
v -1.254217 -0.151549 -0.021943
v -1.252240 -0.148125 -0.009125
v -1.248462 -0.141581 0.001958
v -1.243218 -0.132499 0.010321
v -1.236975 -0.121685 0.015222
v -1.230287 -0.110101 0.016224
v -1.223748 -0.098776 0.013239
v -1.217940 -0.088715 0.006532
v -1.213378 -0.080814 -0.003301
v -1.210468 -0.075774 -0.015386
v -1.247573 -0.052042 -0.028650
v -1.248573 -0.053774 -0.041914
v -1.251483 -0.058814 -0.053999
v -1.256045 -0.066715 -0.063832
v -1.261853 -0.076776 -0.070539
v -1.268392 -0.088101 -0.073524
v -1.275080 -0.099685 -0.072522
v -1.281323 -0.110499 -0.067621
v -1.286567 -0.119581 -0.059258
v -1.290345 -0.126125 -0.048175
v -1.292322 -0.129549 -0.035357
v -1.292322 -0.129549 -0.021943
v -1.290345 -0.126125 -0.009125
v -1.286567 -0.119581 0.001958
v -1.281323 -0.110499 0.010321
v -1.275080 -0.099685 0.015222
v -1.268392 -0.088101 0.016224
v -1.261853 -0.076776 0.013239
v -1.256045 -0.066715 0.006532
v -1.251483 -0.058814 -0.003301
v -1.248573 -0.053774 -0.015386
v -1.217720 -0.064335 -0.028650
v -1.218880 -0.063665 -0.023650
v -1.222050 -0.061835 -0.019990
v -1.226380 -0.059335 -0.018650
v -1.230710 -0.056835 -0.019990
v -1.233880 -0.055005 -0.023650
v -1.235040 -0.054335 -0.028650
v -1.233880 -0.055005 -0.033650
v -1.230710 -0.056835 -0.037310
v -1.226380 -0.059335 -0.038650
v -1.222050 -0.061835 -0.037310
v -1.218880 -0.063665 -0.033650
v -1.217720 0.064335 -0.028650
v -1.218880 0.063665 -0.033650
v -1.222050 0.061835 -0.037310
v -1.226380 0.059335 -0.038650
v -1.230710 0.056835 -0.037310
v -1.233880 0.055005 -0.033650
v -1.235040 0.054335 -0.028650
v -1.233880 0.055005 -0.023650
v -1.230710 0.056835 -0.019990
v -1.226380 0.059335 -0.018650
v -1.222050 0.061835 -0.019990
v -1.218880 0.063665 -0.023650
v -1.227547 0.061356 -0.038650
v -1.224151 0.063137 -0.037887
v -1.221159 0.064433 -0.035721
v -1.219098 0.065195 -0.032482
v -1.218360 0.065444 -0.028650
v -1.219098 0.065195 -0.024818
v -1.221159 0.064433 -0.021579
v -1.224151 0.063137 -0.019413
v -1.227547 0.061356 -0.018650
v -1.230788 0.059305 -0.019413
v -1.233406 0.057362 -0.021579
v -1.235096 0.055959 -0.024818
v -1.235681 0.055444 -0.028650
v -1.235096 0.055959 -0.032482
v -1.233406 0.057362 -0.035721
v -1.230788 0.059305 -0.037887
v -1.209468 0.074042 -0.028650
v -1.210468 0.075774 -0.015386
v -1.213378 0.080814 -0.003301
v -1.217940 0.088715 0.006532
v -1.223748 0.098776 0.013239
v -1.230287 0.110101 0.016224
v -1.236975 0.121685 0.015222
v -1.243218 0.132499 0.010321
v -1.248462 0.141581 0.001958
v -1.252240 0.148125 -0.009125
v -1.254217 0.151549 -0.021943
v -1.254217 0.151549 -0.035357
v -1.252240 0.148125 -0.048175
v -1.248462 0.141581 -0.059258
v -1.243218 0.132499 -0.067621
v -1.236975 0.121685 -0.072522
v -1.230287 0.110101 -0.073524
v -1.223748 0.098776 -0.070539
v -1.217940 0.088715 -0.063832
v -1.213378 0.080814 -0.053999
v -1.210468 0.075774 -0.041914
v -1.207968 0.071444 -0.028650
v -1.209034 0.073291 -0.042798
v -1.212138 0.078667 -0.055689
v -1.217004 0.087096 -0.066178
v -1.223200 0.097827 -0.073332
v -1.230175 0.109907 -0.076516
v -1.237309 0.122264 -0.075447
v -1.243968 0.133798 -0.070219
v -1.249561 0.143486 -0.061298
v -1.253591 0.150466 -0.049476
v -1.255700 0.154119 -0.035804
v -1.255700 0.154119 -0.021496
v -1.253591 0.150466 -0.007824
v -1.249561 0.143486 0.003998
v -1.243968 0.133798 0.012919
v -1.237309 0.122264 0.018147
v -1.230175 0.109907 0.019216
v -1.223200 0.097827 0.016032
v -1.217004 0.087096 0.008878
v -1.212138 0.078667 -0.001611
v -1.209034 0.073291 -0.014502
v -1.247573 0.052042 -0.028650
v -1.248573 0.053774 -0.015386
v -1.251483 0.058814 -0.003301
v -1.256045 0.066715 0.006532
v -1.261853 0.076776 0.013239
v -1.268392 0.088101 0.016224
v -1.275080 0.099685 0.015222
v -1.281323 0.110499 0.010321
v -1.286567 0.119581 0.001958
v -1.290345 0.126125 -0.009125
v -1.292322 0.129549 -0.021943
v -1.292322 0.129549 -0.035357
v -1.290345 0.126125 -0.048175
v -1.286567 0.119581 -0.059258
v -1.281323 0.110499 -0.067621
v -1.275080 0.099685 -0.072522
v -1.268392 0.088101 -0.073524
v -1.261853 0.076776 -0.070539
v -1.256045 0.066715 -0.063832
v -1.251483 0.058814 -0.053999
v -1.248573 0.053774 -0.041914
v -1.246073 0.049444 -0.028650
v -1.247139 0.051291 -0.042798
v -1.250243 0.056667 -0.055689
v -1.255109 0.065096 -0.066178
v -1.261305 0.075827 -0.073332
v -1.268280 0.087907 -0.076516
v -1.275414 0.100264 -0.075447
v -1.282073 0.111798 -0.070219
v -1.287666 0.121486 -0.061298
v -1.291696 0.128466 -0.049476
v -1.293805 0.132119 -0.035804
v -1.293805 0.132119 -0.021496
v -1.291696 0.128466 -0.007824
v -1.287666 0.121486 0.003998
v -1.282073 0.111798 0.012919
v -1.275414 0.100264 0.018147
v -1.268280 0.087907 0.019216
v -1.261305 0.075827 0.016032
v -1.255109 0.065096 0.008878
v -1.250243 0.056667 -0.001611
v -1.247139 0.051291 -0.014502
v -1.019547 -0.178750 0.032606
v -1.031331 -0.171947 0.037128
v -1.043878 -0.164703 0.038489
v -1.056357 -0.157498 0.036600
v -1.067939 -0.150811 0.031587
v -1.077857 -0.145085 0.023781
v -1.085452 -0.140700 0.013701
v -1.090221 -0.137947 0.002016
v -1.091846 -0.137008 -0.010500
v -1.090221 -0.137947 -0.023016
v -1.085452 -0.140700 -0.034701
v -1.077857 -0.145085 -0.044781
v -1.067939 -0.150811 -0.052587
v -1.056357 -0.157498 -0.057600
v -1.043878 -0.164703 -0.059489
v -1.031331 -0.171947 -0.058128
v -1.019547 -0.178750 -0.053606
v -1.008935 -0.178750 -0.045870
v -1.000759 -0.178750 -0.035593
v -0.995606 -0.178750 -0.023514
v -0.993846 -0.178750 -0.010500
v -0.995606 -0.178750 0.002514
v -1.000759 -0.178750 0.014593
v -1.008935 -0.178750 0.024870
v -1.019547 0.178750 -0.053606
v -1.031331 0.171947 -0.058128
v -1.043878 0.164703 -0.059489
v -1.056357 0.157498 -0.057600
v -1.067939 0.150811 -0.052587
v -1.077857 0.145085 -0.044781
v -1.085452 0.140700 -0.034701
v -1.090221 0.137947 -0.023016
v -1.091846 0.137008 -0.010500
v -1.090221 0.137947 0.002016
v -1.085452 0.140700 0.013701
v -1.077857 0.145085 0.023781
v -1.067939 0.150811 0.031587
v -1.056357 0.157498 0.036600
v -1.043878 0.164703 0.038489
v -1.031331 0.171947 0.037128
v -1.019547 0.178750 0.032606
v -1.008935 0.178750 0.024870
v -1.000759 0.178750 0.014593
v -0.995606 0.178750 0.002514
v -0.993846 0.178750 -0.010500
v -0.995606 0.178750 -0.023514
v -1.000759 0.178750 -0.035593
v -1.008935 0.178750 -0.045870
v -0.993846 0.000000 -0.010500
v -1.010758 0.000000 0.026532
v -1.022491 0.000000 0.034072
v -1.035873 0.000000 0.038001
v -1.049819 0.000000 0.038001
v -1.063201 0.000000 0.034072
v -1.074934 0.000000 0.026532
v -1.084067 0.000000 0.015991
v -1.089861 0.000000 0.003305
v -1.091846 0.000000 -0.010500
v -1.089861 0.000000 -0.024305
v -1.084067 0.000000 -0.036991
v -1.074934 0.000000 -0.047532
v -1.063201 0.000000 -0.055072
v -1.049819 0.000000 -0.059001
v -1.035873 0.000000 -0.059001
v -1.022491 0.000000 -0.055072
v -1.010758 0.000000 -0.047532
v -1.001625 0.000000 -0.036991
v -0.995831 0.000000 -0.024305
v -0.995831 0.000000 0.003305
v -1.001625 0.000000 0.015991
v -1.019547 -0.178750 -0.089850
v -0.235000 -0.178750 -0.089850
v -0.217569 -0.178750 -0.083628
v -0.202426 -0.178750 -0.075061
v -0.189567 -0.178750 -0.064529
v -0.178996 -0.178750 -0.052548
v -0.170727 -0.178750 -0.039668
v -0.164784 -0.178750 -0.026403
v -0.161199 -0.178750 -0.013143
v -0.160000 -0.178750 -0.000000
v -0.161199 -0.178750 0.013143
v -0.164784 -0.178750 0.026403
v -0.170727 -0.178750 0.039668
v -0.178996 -0.178750 0.052548
v -0.189567 -0.178750 0.064529
v -0.202426 -0.178750 0.075061
v -0.217569 -0.178750 0.083628
v -0.235000 -0.178750 0.089850
v -1.019547 -0.178750 0.089850
v -1.019547 0.178750 0.089850
v -0.235000 0.178750 0.089850
v -0.217569 0.178750 0.083628
v -0.202426 0.178750 0.075061
v -0.189567 0.178750 0.064529
v -0.178996 0.178750 0.052548
v -0.170727 0.178750 0.039668
v -0.164784 0.178750 0.026403
v -0.161199 0.178750 0.013143
v -0.160000 0.178750 0.000000
v -0.161199 0.178750 -0.013143
v -0.164784 0.178750 -0.026403
v -0.170727 0.178750 -0.039668
v -0.178996 0.178750 -0.052548
v -0.189567 0.178750 -0.064529
v -0.202426 0.178750 -0.075061
v -0.217569 0.178750 -0.083628
v -0.235000 0.178750 -0.089850
v -1.019547 0.178750 -0.089850
v -0.186630 -0.045000 -0.089850
v -0.199894 -0.043001 -0.089850
v -0.211979 -0.037181 -0.089850
v -0.221812 -0.028057 -0.089850
v -0.228519 -0.016440 -0.089850
v -0.231504 -0.003363 -0.089850
v -0.230502 0.010013 -0.089850
v -0.225601 0.022500 -0.089850
v -0.217238 0.032987 -0.089850
v -0.206155 0.040544 -0.089850
v -0.193337 0.044497 -0.089850
v -0.179923 0.044497 -0.089850
v -0.167105 0.040544 -0.089850
v -0.156022 0.032987 -0.089850
v -0.147659 0.022500 -0.089850
v -0.142758 0.010013 -0.089850
v -0.141756 -0.003363 -0.089850
v -0.144741 -0.016440 -0.089850
v -0.151448 -0.028057 -0.089850
v -0.161281 -0.037181 -0.089850
v -0.173366 -0.043001 -0.089850
v -0.186630 -0.045000 0.089850
v -0.173366 -0.043001 0.089850
v -0.161281 -0.037181 0.089850
v -0.151448 -0.028057 0.089850
v -0.144741 -0.016440 0.089850
v -0.141756 -0.003363 0.089850
v -0.142758 0.010013 0.089850
v -0.147659 0.022500 0.089850
v -0.156022 0.032987 0.089850
v -0.167105 0.040544 0.089850
v -0.179923 0.044497 0.089850
v -0.193337 0.044497 0.089850
v -0.206155 0.040544 0.089850
v -0.217238 0.032987 0.089850
v -0.225601 0.022500 0.089850
v -0.230502 0.010013 0.089850
v -0.231504 -0.003363 0.089850
v -0.228519 -0.016440 0.089850
v -0.221812 -0.028057 0.089850
v -0.211979 -0.037181 0.089850
v -0.199894 -0.043001 0.089850
v -0.927980 0.058400 -0.089850
v -0.941244 0.060399 -0.089850
v -0.953329 0.066219 -0.089850
v -0.963162 0.075343 -0.089850
v -0.969869 0.086960 -0.089850
v -0.972854 0.100037 -0.089850
v -0.971852 0.113413 -0.089850
v -0.966951 0.125900 -0.089850
v -0.958588 0.136387 -0.089850
v -0.947505 0.143944 -0.089850
v -0.934687 0.147897 -0.089850
v -0.921273 0.147897 -0.089850
v -0.908455 0.143944 -0.089850
v -0.897372 0.136387 -0.089850
v -0.889009 0.125900 -0.089850
v -0.884108 0.113413 -0.089850
v -0.883106 0.100037 -0.089850
v -0.886091 0.086960 -0.089850
v -0.892798 0.075343 -0.089850
v -0.902631 0.066219 -0.089850
v -0.914716 0.060399 -0.089850
v -0.927980 0.058400 0.089850
v -0.914716 0.060399 0.089850
v -0.902631 0.066219 0.089850
v -0.892798 0.075343 0.089850
v -0.886091 0.086960 0.089850
v -0.883106 0.100037 0.089850
v -0.884108 0.113413 0.089850
v -0.889009 0.125900 0.089850
v -0.897372 0.136387 0.089850
v -0.908455 0.143944 0.089850
v -0.921273 0.147897 0.089850
v -0.934687 0.147897 0.089850
v -0.947505 0.143944 0.089850
v -0.958588 0.136387 0.089850
v -0.966951 0.125900 0.089850
v -0.971852 0.113413 0.089850
v -0.972854 0.100037 0.089850
v -0.969869 0.086960 0.089850
v -0.963162 0.075343 0.089850
v -0.953329 0.066219 0.089850
v -0.941244 0.060399 0.089850
v -0.927980 -0.148400 -0.089850
v -0.941244 -0.146401 -0.089850
v -0.953329 -0.140581 -0.089850
v -0.963162 -0.131457 -0.089850
v -0.969869 -0.119840 -0.089850
v -0.972854 -0.106763 -0.089850
v -0.971852 -0.093387 -0.089850
v -0.966951 -0.080900 -0.089850
v -0.958588 -0.070413 -0.089850
v -0.947505 -0.062856 -0.089850
v -0.934687 -0.058903 -0.089850
v -0.921273 -0.058903 -0.089850
v -0.908455 -0.062856 -0.089850
v -0.897372 -0.070413 -0.089850
v -0.889009 -0.080900 -0.089850
v -0.884108 -0.093387 -0.089850
v -0.883106 -0.106763 -0.089850
v -0.886091 -0.119840 -0.089850
v -0.892798 -0.131457 -0.089850
v -0.902631 -0.140581 -0.089850
v -0.914716 -0.146401 -0.089850
v -0.927980 -0.148400 0.089850
v -0.914716 -0.146401 0.089850
v -0.902631 -0.140581 0.089850
v -0.892798 -0.131457 0.089850
v -0.886091 -0.119840 0.089850
v -0.883106 -0.106763 0.089850
v -0.884108 -0.093387 0.089850
v -0.889009 -0.080900 0.089850
v -0.897372 -0.070413 0.089850
v -0.908455 -0.062856 0.089850
v -0.921273 -0.058903 0.089850
v -0.934687 -0.058903 0.089850
v -0.947505 -0.062856 0.089850
v -0.958588 -0.070413 0.089850
v -0.966951 -0.080900 0.089850
v -0.971852 -0.093387 0.089850
v -0.972854 -0.106763 0.089850
v -0.969869 -0.119840 0.089850
v -0.963162 -0.131457 0.089850
v -0.953329 -0.140581 0.089850
v -0.941244 -0.146401 0.089850
v -0.219195 0.173793 -0.089850
v -0.203789 0.167515 -0.089850
v -0.188819 0.159972 -0.089850
v -0.174345 0.151247 -0.089850
v -0.160442 0.141450 -0.089850
v -0.147202 0.130708 -0.089850
v -0.134728 0.119157 -0.089850
v -0.123130 0.106939 -0.089850
v -0.112522 0.094194 -0.089850
v -0.103021 0.081060 -0.089850
v -0.094742 0.067669 -0.089850
v -0.087791 0.054140 -0.089850
v -0.082267 0.040568 -0.089850
v -0.078254 0.027014 -0.089850
v -0.075817 0.013494 -0.089850
v -0.075000 -0.000000 -0.089850
v -0.075817 -0.013494 -0.089850
v -0.078254 -0.027014 -0.089850
v -0.082267 -0.040568 -0.089850
v -0.087791 -0.054140 -0.089850
v -0.094742 -0.067669 -0.089850
v -0.103021 -0.081060 -0.089850
v -0.112522 -0.094194 -0.089850
v -0.123130 -0.106939 -0.089850
v -0.134728 -0.119157 -0.089850
v -0.147202 -0.130708 -0.089850
v -0.160442 -0.141450 -0.089850
v -0.174345 -0.151247 -0.089850
v -0.188819 -0.159972 -0.089850
v -0.203789 -0.167515 -0.089850
v -0.219195 -0.173793 -0.089850
v -1.274196 -0.031728 -0.089850
v -1.274196 0.031729 -0.089850
v -1.274196 0.031729 0.089850
v -1.274196 -0.031728 0.089850
v -0.219195 -0.173793 0.089850
v -0.203789 -0.167515 0.089850
v -0.188819 -0.159972 0.089850
v -0.174345 -0.151247 0.089850
v -0.160442 -0.141450 0.089850
v -0.147202 -0.130708 0.089850
v -0.134728 -0.119157 0.089850
v -0.123130 -0.106939 0.089850
v -0.112522 -0.094194 0.089850
v -0.103021 -0.081060 0.089850
v -0.094742 -0.067669 0.089850
v -0.087791 -0.054140 0.089850
v -0.082267 -0.040568 0.089850
v -0.078254 -0.027014 0.089850
v -0.075817 -0.013494 0.089850
v -0.075000 -0.000000 0.089850
v -0.075817 0.013494 0.089850
v -0.078254 0.027014 0.089850
v -0.082267 0.040568 0.089850
v -0.087791 0.054140 0.089850
v -0.094742 0.067669 0.089850
v -0.103021 0.081060 0.089850
v -0.112522 0.094194 0.089850
v -0.123130 0.106939 0.089850
v -0.134728 0.119157 0.089850
v -0.147202 0.130708 0.089850
v -0.160442 0.141450 0.089850
v -0.174345 0.151247 0.089850
v -0.188819 0.159972 0.089850
v -0.203789 0.167515 0.089850
v -0.219195 0.173793 0.089850
v -0.057569 -0.000000 -0.083628
v -0.042426 -0.000000 -0.075061
v -0.029567 -0.000000 -0.064529
v -0.018996 -0.000000 -0.052548
v -0.010727 -0.000000 -0.039668
v -0.004784 -0.000000 -0.026403
v -0.001199 -0.000000 -0.013143
v -0.000000 -0.000000 -0.000000
v -0.001199 -0.000000 0.013143
v -0.004784 -0.000000 0.026403
v -0.010727 -0.000000 0.039668
v -0.018996 -0.000000 0.052548
v -0.029567 -0.000000 0.064529
v -0.042426 -0.000000 0.075061
v -0.057569 -0.000000 0.083628
v -0.064790 -0.010794 0.086412
v -0.054881 -0.010794 0.082093
v -0.045795 -0.010794 0.076946
v -0.037532 -0.010794 0.071057
v -0.023473 -0.010794 0.057479
v -0.017681 -0.010794 0.050027
v -0.012719 -0.010794 0.042290
v -0.007986 -0.010794 0.033054
v -0.004401 -0.010794 0.023742
v -0.001974 -0.010794 0.014463
v -0.000715 -0.010794 0.005248
v -0.000631 -0.010794 -0.003935
v -0.001722 -0.010794 -0.013143
v -0.003983 -0.010794 -0.022413
v -0.007403 -0.010794 -0.031725
v -0.011973 -0.010794 -0.040981
v -0.017681 -0.010794 -0.050027
v -0.024519 -0.010794 -0.058685
v -0.032480 -0.010794 -0.066769
v -0.041561 -0.010794 -0.074088
v -0.051761 -0.010794 -0.080466
v -0.063081 -0.010794 -0.085753
v -0.066354 -0.021602 0.086412
v -0.056445 -0.021602 0.082093
v -0.047359 -0.021602 0.076946
v -0.039096 -0.021602 0.071057
v -0.025037 -0.021602 0.057479
v -0.019245 -0.021602 0.050027
v -0.014283 -0.021602 0.042290
v -0.009550 -0.021602 0.033054
v -0.005965 -0.021602 0.023742
v -0.003538 -0.021602 0.014463
v -0.002279 -0.021602 0.005248
v -0.002195 -0.021602 -0.003935
v -0.003286 -0.021602 -0.013143
v -0.005547 -0.021602 -0.022413
v -0.008967 -0.021602 -0.031725
v -0.013537 -0.021602 -0.040981
v -0.019245 -0.021602 -0.050027
v -0.026082 -0.021602 -0.058685
v -0.034043 -0.021602 -0.066769
v -0.043124 -0.021602 -0.074088
v -0.053325 -0.021602 -0.080466
v -0.064645 -0.021602 -0.085753
v -0.068940 -0.032431 0.086412
v -0.059031 -0.032431 0.082093
v -0.049945 -0.032431 0.076946
v -0.041682 -0.032431 0.071057
v -0.027623 -0.032431 0.057479
v -0.021831 -0.032431 0.050027
v -0.016869 -0.032431 0.042290
v -0.012136 -0.032431 0.033054
v -0.008551 -0.032431 0.023742
v -0.006124 -0.032431 0.014463
v -0.004865 -0.032431 0.005248
v -0.004781 -0.032431 -0.003935
v -0.005872 -0.032431 -0.013143
v -0.008133 -0.032431 -0.022413
v -0.011553 -0.032431 -0.031725
v -0.016123 -0.032431 -0.040981
v -0.021831 -0.032431 -0.050027
v -0.028668 -0.032431 -0.058685
v -0.036629 -0.032431 -0.066769
v -0.045711 -0.032431 -0.074088
v -0.055911 -0.032431 -0.080466
v -0.067231 -0.032431 -0.085753
v -0.072520 -0.043283 0.086412
v -0.062611 -0.043283 0.082093
v -0.053525 -0.043283 0.076946
v -0.045262 -0.043283 0.071057
v -0.031203 -0.043283 0.057479
v -0.025411 -0.043283 0.050027
v -0.020449 -0.043283 0.042290
v -0.015716 -0.043283 0.033054
v -0.012131 -0.043283 0.023742
v -0.009704 -0.043283 0.014463
v -0.008445 -0.043283 0.005248
v -0.008361 -0.043283 -0.003935
v -0.009453 -0.043283 -0.013143
v -0.011713 -0.043283 -0.022413
v -0.015134 -0.043283 -0.031725
v -0.019703 -0.043283 -0.040981
v -0.025411 -0.043283 -0.050027
v -0.032249 -0.043283 -0.058685
v -0.040210 -0.043283 -0.066769
v -0.049291 -0.043283 -0.074088
v -0.059491 -0.043283 -0.080466
v -0.070811 -0.043283 -0.085753
v -0.082508 -0.064971 0.086412
v -0.072599 -0.064971 0.082093
v -0.063514 -0.064971 0.076946
v -0.055250 -0.064971 0.071057
v -0.041191 -0.064971 0.057479
v -0.035399 -0.064971 0.050027
v -0.030437 -0.064971 0.042290
v -0.025705 -0.064971 0.033054
v -0.022119 -0.064971 0.023742
v -0.019693 -0.064971 0.014463
v -0.018434 -0.064971 0.005248
v -0.018350 -0.064971 -0.003935
v -0.019441 -0.064971 -0.013143
v -0.021702 -0.064971 -0.022413
v -0.025122 -0.064971 -0.031725
v -0.029692 -0.064971 -0.040981
v -0.035399 -0.064971 -0.050027
v -0.042237 -0.064971 -0.058685
v -0.050198 -0.064971 -0.066769
v -0.059279 -0.064971 -0.074088
v -0.069479 -0.064971 -0.080466
v -0.080800 -0.064971 -0.085753
v -0.075349 -0.054140 -0.085753
v -0.064028 -0.054140 -0.080466
v -0.053828 -0.054140 -0.074088
v -0.044747 -0.054140 -0.066769
v -0.036786 -0.054140 -0.058685
v -0.029949 -0.054140 -0.050027
v -0.024241 -0.054140 -0.040981
v -0.019671 -0.054140 -0.031725
v -0.016251 -0.054140 -0.022413
v -0.013990 -0.054140 -0.013143
v -0.012899 -0.054140 -0.003935
v -0.012983 -0.054140 0.005248
v -0.014242 -0.054140 0.014463
v -0.016669 -0.054140 0.023742
v -0.020254 -0.054140 0.033054
v -0.024986 -0.054140 0.042290
v -0.029949 -0.054140 0.050027
v -0.035740 -0.054140 0.057479
v -0.049799 -0.054140 0.071057
v -0.058063 -0.054140 0.076946
v -0.067148 -0.054140 0.082093
v -0.077057 -0.054140 0.086412
v -0.088823 -0.075727 0.086412
v -0.078914 -0.075727 0.082093
v -0.069829 -0.075727 0.076946
v -0.061565 -0.075727 0.071057
v -0.047506 -0.075727 0.057479
v -0.041714 -0.075727 0.050027
v -0.036752 -0.075727 0.042290
v -0.032020 -0.075727 0.033054
v -0.028434 -0.075727 0.023742
v -0.026007 -0.075727 0.014463
v -0.024749 -0.075727 0.005248
v -0.024665 -0.075727 -0.003935
v -0.025756 -0.075727 -0.013143
v -0.028016 -0.075727 -0.022413
v -0.031437 -0.075727 -0.031725
v -0.036006 -0.075727 -0.040981
v -0.041714 -0.075727 -0.050027
v -0.048552 -0.075727 -0.058685
v -0.056513 -0.075727 -0.066769
v -0.065594 -0.075727 -0.074088
v -0.075794 -0.075727 -0.080466
v -0.087115 -0.075727 -0.085753
v -0.095948 -0.086352 0.086412
v -0.086039 -0.086352 0.082093
v -0.076953 -0.086352 0.076946
v -0.068690 -0.086352 0.071057
v -0.054631 -0.086352 0.057479
v -0.048839 -0.086352 0.050027
v -0.043877 -0.086352 0.042290
v -0.039144 -0.086352 0.033054
v -0.035559 -0.086352 0.023742
v -0.033132 -0.086352 0.014463
v -0.031873 -0.086352 0.005248
v -0.031789 -0.086352 -0.003935
v -0.032880 -0.086352 -0.013143
v -0.035141 -0.086352 -0.022413
v -0.038561 -0.086352 -0.031725
v -0.043131 -0.086352 -0.040981
v -0.048839 -0.086352 -0.050027
v -0.055677 -0.086352 -0.058685
v -0.063638 -0.086352 -0.066769
v -0.072719 -0.086352 -0.074088
v -0.082919 -0.086352 -0.080466
v -0.094239 -0.086352 -0.085753
v -0.105486 -0.098834 0.086412
v -0.095577 -0.098834 0.082093
v -0.086491 -0.098834 0.076946
v -0.078228 -0.098834 0.071057
v -0.064169 -0.098834 0.057479
v -0.058377 -0.098834 0.050027
v -0.053415 -0.098834 0.042290
v -0.048682 -0.098834 0.033054
v -0.045097 -0.098834 0.023742
v -0.042670 -0.098834 0.014463
v -0.041411 -0.098834 0.005248
v -0.041327 -0.098834 -0.003935
v -0.042418 -0.098834 -0.013143
v -0.044679 -0.098834 -0.022413
v -0.048099 -0.098834 -0.031725
v -0.052669 -0.098834 -0.040981
v -0.058377 -0.098834 -0.050027
v -0.065214 -0.098834 -0.058685
v -0.073176 -0.098834 -0.066769
v -0.082257 -0.098834 -0.074088
v -0.092457 -0.098834 -0.080466
v -0.103777 -0.098834 -0.085753
v -0.116005 -0.110913 0.086412
v -0.106096 -0.110913 0.082093
v -0.097011 -0.110913 0.076946
v -0.088747 -0.110913 0.071057
v -0.074688 -0.110913 0.057479
v -0.068896 -0.110913 0.050027
v -0.063934 -0.110913 0.042290
v -0.059202 -0.110913 0.033054
v -0.055616 -0.110913 0.023742
v -0.053190 -0.110913 0.014463
v -0.051931 -0.110913 0.005248
v -0.051847 -0.110913 -0.003935
v -0.052938 -0.110913 -0.013143
v -0.055199 -0.110913 -0.022413
v -0.058619 -0.110913 -0.031725
v -0.063188 -0.110913 -0.040981
v -0.068896 -0.110913 -0.050027
v -0.075734 -0.110913 -0.058685
v -0.083695 -0.110913 -0.066769
v -0.092776 -0.110913 -0.074088
v -0.102976 -0.110913 -0.080466
v -0.114297 -0.110913 -0.085753
v -0.127404 -0.122464 0.086412
v -0.117495 -0.122464 0.082093
v -0.108409 -0.122464 0.076946
v -0.100146 -0.122464 0.071057
v -0.086087 -0.122464 0.057479
v -0.080295 -0.122464 0.050027
v -0.075333 -0.122464 0.042290
v -0.070600 -0.122464 0.033054
v -0.067015 -0.122464 0.023742
v -0.064588 -0.122464 0.014463
v -0.063329 -0.122464 0.005248
v -0.063245 -0.122464 -0.003935
v -0.064337 -0.122464 -0.013143
v -0.066597 -0.122464 -0.022413
v -0.070018 -0.122464 -0.031725
v -0.074587 -0.122464 -0.040981
v -0.080295 -0.122464 -0.050027
v -0.087133 -0.122464 -0.058685
v -0.095094 -0.122464 -0.066769
v -0.104175 -0.122464 -0.074088
v -0.114375 -0.122464 -0.080466
v -0.125695 -0.122464 -0.085753
v -0.139581 -0.133365 0.086412
v -0.129672 -0.133365 0.082093
v -0.120586 -0.133365 0.076946
v -0.112323 -0.133365 0.071057
v -0.098264 -0.133365 0.057479
v -0.092472 -0.133365 0.050027
v -0.087510 -0.133365 0.042290
v -0.082777 -0.133365 0.033054
v -0.079192 -0.133365 0.023742
v -0.076765 -0.133365 0.014463
v -0.075506 -0.133365 0.005248
v -0.075422 -0.133365 -0.003935
v -0.076513 -0.133365 -0.013143
v -0.078774 -0.133365 -0.022413
v -0.082194 -0.133365 -0.031725
v -0.086764 -0.133365 -0.040981
v -0.092472 -0.133365 -0.050027
v -0.099309 -0.133365 -0.058685
v -0.107270 -0.133365 -0.066769
v -0.116351 -0.133365 -0.074088
v -0.126552 -0.133365 -0.080466
v -0.137872 -0.133365 -0.085753
v -0.152439 -0.143489 0.086412
v -0.142530 -0.143489 0.082093
v -0.133444 -0.143489 0.076946
v -0.125181 -0.143489 0.071057
v -0.111122 -0.143489 0.057479
v -0.105330 -0.143489 0.050027
v -0.100368 -0.143489 0.042290
v -0.095635 -0.143489 0.033054
v -0.092050 -0.143489 0.023742
v -0.089623 -0.143489 0.014463
v -0.088365 -0.143489 0.005248
v -0.088281 -0.143489 -0.003935
v -0.089372 -0.143489 -0.013143
v -0.091632 -0.143489 -0.022413
v -0.095053 -0.143489 -0.031725
v -0.099622 -0.143489 -0.040981
v -0.105330 -0.143489 -0.050027
v -0.112168 -0.143489 -0.058685
v -0.120129 -0.143489 -0.066769
v -0.129210 -0.143489 -0.074088
v -0.139410 -0.143489 -0.080466
v -0.150730 -0.143489 -0.085753
v -0.165891 -0.152718 0.086412
v -0.155982 -0.152718 0.082093
v -0.146896 -0.152718 0.076946
v -0.138633 -0.152718 0.071057
v -0.124574 -0.152718 0.057479
v -0.118782 -0.152718 0.050027
v -0.113820 -0.152718 0.042290
v -0.109087 -0.152718 0.033054
v -0.105502 -0.152718 0.023742
v -0.103075 -0.152718 0.014463
v -0.101816 -0.152718 0.005248
v -0.101732 -0.152718 -0.003935
v -0.102823 -0.152718 -0.013143
v -0.105084 -0.152718 -0.022413
v -0.108504 -0.152718 -0.031725
v -0.113074 -0.152718 -0.040981
v -0.118782 -0.152718 -0.050027
v -0.125619 -0.152718 -0.058685
v -0.133581 -0.152718 -0.066769
v -0.142662 -0.152718 -0.074088
v -0.152862 -0.152718 -0.080466
v -0.164182 -0.152718 -0.085753
v -0.179857 -0.160941 0.086412
v -0.169948 -0.160941 0.082093
v -0.160862 -0.160941 0.076946
v -0.152599 -0.160941 0.071057
v -0.138540 -0.160941 0.057479
v -0.132748 -0.160941 0.050027
v -0.127786 -0.160941 0.042290
v -0.123053 -0.160941 0.033054
v -0.119468 -0.160941 0.023742
v -0.117041 -0.160941 0.014463
v -0.115783 -0.160941 0.005248
v -0.115699 -0.160941 -0.003935
v -0.116790 -0.160941 -0.013143
v -0.119050 -0.160941 -0.022413
v -0.122471 -0.160941 -0.031725
v -0.127040 -0.160941 -0.040981
v -0.132748 -0.160941 -0.050027
v -0.139586 -0.160941 -0.058685
v -0.147547 -0.160941 -0.066769
v -0.156628 -0.160941 -0.074088
v -0.166828 -0.160941 -0.080466
v -0.178148 -0.160941 -0.085753
v -0.194272 -0.168065 0.086412
v -0.184363 -0.168065 0.082093
v -0.175278 -0.168065 0.076946
v -0.167014 -0.168065 0.071057
v -0.152955 -0.168065 0.057479
v -0.147163 -0.168065 0.050027
v -0.142201 -0.168065 0.042290
v -0.137469 -0.168065 0.033054
v -0.133883 -0.168065 0.023742
v -0.131456 -0.168065 0.014463
v -0.130198 -0.168065 0.005248
v -0.130114 -0.168065 -0.003935
v -0.131205 -0.168065 -0.013143
v -0.133465 -0.168065 -0.022413
v -0.136886 -0.168065 -0.031725
v -0.141455 -0.168065 -0.040981
v -0.147163 -0.168065 -0.050027
v -0.154001 -0.168065 -0.058685
v -0.161962 -0.168065 -0.066769
v -0.171043 -0.168065 -0.074088
v -0.181243 -0.168065 -0.080466
v -0.192563 -0.168065 -0.085753
v -0.209086 -0.174017 0.086412
v -0.199177 -0.174017 0.082093
v -0.190091 -0.174017 0.076946
v -0.181828 -0.174017 0.071057
v -0.167769 -0.174017 0.057479
v -0.161977 -0.174017 0.050027
v -0.157015 -0.174017 0.042290
v -0.152282 -0.174017 0.033054
v -0.148697 -0.174017 0.023742
v -0.146270 -0.174017 0.014463
v -0.145012 -0.174017 0.005248
v -0.144928 -0.174017 -0.003935
v -0.146019 -0.174017 -0.013143
v -0.148279 -0.174017 -0.022413
v -0.151700 -0.174017 -0.031725
v -0.156269 -0.174017 -0.040981
v -0.161977 -0.174017 -0.050027
v -0.168815 -0.174017 -0.058685
v -0.176776 -0.174017 -0.066769
v -0.185857 -0.174017 -0.074088
v -0.196057 -0.174017 -0.080466
v -0.207377 -0.174017 -0.085753
v -0.064790 0.010794 -0.086412
v -0.054881 0.010794 -0.082093
v -0.045795 0.010794 -0.076946
v -0.037532 0.010794 -0.071057
v -0.023473 0.010794 -0.057479
v -0.017681 0.010794 -0.050027
v -0.012719 0.010794 -0.042290
v -0.007986 0.010794 -0.033054
v -0.004401 0.010794 -0.023742
v -0.001974 0.010794 -0.014463
v -0.000715 0.010794 -0.005248
v -0.000631 0.010794 0.003935
v -0.001722 0.010794 0.013143
v -0.003983 0.010794 0.022413
v -0.007403 0.010794 0.031725
v -0.011973 0.010794 0.040981
v -0.017681 0.010794 0.050027
v -0.024519 0.010794 0.058685
v -0.032480 0.010794 0.066769
v -0.041561 0.010794 0.074088
v -0.051761 0.010794 0.080466
v -0.063081 0.010794 0.085753
v -0.066354 0.021602 -0.086412
v -0.056445 0.021602 -0.082093
v -0.047359 0.021602 -0.076946
v -0.039096 0.021602 -0.071057
v -0.025037 0.021602 -0.057479
v -0.019245 0.021602 -0.050027
v -0.014283 0.021602 -0.042290
v -0.009550 0.021602 -0.033054
v -0.005965 0.021602 -0.023742
v -0.003538 0.021602 -0.014463
v -0.002279 0.021602 -0.005248
v -0.002195 0.021602 0.003935
v -0.003286 0.021602 0.013143
v -0.005547 0.021602 0.022413
v -0.008967 0.021602 0.031725
v -0.013537 0.021602 0.040981
v -0.019245 0.021602 0.050027
v -0.026082 0.021602 0.058685
v -0.034043 0.021602 0.066769
v -0.043124 0.021602 0.074088
v -0.053325 0.021602 0.080466
v -0.064645 0.021602 0.085753
v -0.068940 0.032431 -0.086412
v -0.059031 0.032431 -0.082093
v -0.049945 0.032431 -0.076946
v -0.041682 0.032431 -0.071057
v -0.027623 0.032431 -0.057479
v -0.021831 0.032431 -0.050027
v -0.016869 0.032431 -0.042290
v -0.012136 0.032431 -0.033054
v -0.008551 0.032431 -0.023742
v -0.006124 0.032431 -0.014463
v -0.004865 0.032431 -0.005248
v -0.004781 0.032431 0.003935
v -0.005872 0.032431 0.013143
v -0.008133 0.032431 0.022413
v -0.011553 0.032431 0.031725
v -0.016123 0.032431 0.040981
v -0.021831 0.032431 0.050027
v -0.028668 0.032431 0.058685
v -0.036629 0.032431 0.066769
v -0.045711 0.032431 0.074088
v -0.055911 0.032431 0.080466
v -0.067231 0.032431 0.085753
v -0.072520 0.043283 -0.086412
v -0.062611 0.043283 -0.082093
v -0.053525 0.043283 -0.076946
v -0.045262 0.043283 -0.071057
v -0.031203 0.043283 -0.057479
v -0.025411 0.043283 -0.050027
v -0.020449 0.043283 -0.042290
v -0.015716 0.043283 -0.033054
v -0.012131 0.043283 -0.023742
v -0.009704 0.043283 -0.014463
v -0.008445 0.043283 -0.005248
v -0.008361 0.043283 0.003935
v -0.009453 0.043283 0.013143
v -0.011713 0.043283 0.022413
v -0.015134 0.043283 0.031725
v -0.019703 0.043283 0.040981
v -0.025411 0.043283 0.050027
v -0.032249 0.043283 0.058685
v -0.040210 0.043283 0.066769
v -0.049291 0.043283 0.074088
v -0.059491 0.043283 0.080466
v -0.070811 0.043283 0.085753
v -0.082508 0.064971 -0.086412
v -0.072599 0.064971 -0.082093
v -0.063514 0.064971 -0.076946
v -0.055250 0.064971 -0.071057
v -0.041191 0.064971 -0.057479
v -0.035399 0.064971 -0.050027
v -0.030437 0.064971 -0.042290
v -0.025705 0.064971 -0.033054
v -0.022119 0.064971 -0.023742
v -0.019693 0.064971 -0.014463
v -0.018434 0.064971 -0.005248
v -0.018350 0.064971 0.003935
v -0.019441 0.064971 0.013143
v -0.021702 0.064971 0.022413
v -0.025122 0.064971 0.031725
v -0.029692 0.064971 0.040981
v -0.035399 0.064971 0.050027
v -0.042237 0.064971 0.058685
v -0.050198 0.064971 0.066769
v -0.059279 0.064971 0.074088
v -0.069479 0.064971 0.080466
v -0.080800 0.064971 0.085753
v -0.075349 0.054140 0.085753
v -0.064028 0.054140 0.080466
v -0.053828 0.054140 0.074088
v -0.044747 0.054140 0.066769
v -0.036786 0.054140 0.058685
v -0.029949 0.054140 0.050027
v -0.024241 0.054140 0.040981
v -0.019671 0.054140 0.031725
v -0.016251 0.054140 0.022413
v -0.013990 0.054140 0.013143
v -0.012899 0.054140 0.003935
v -0.012983 0.054140 -0.005248
v -0.014242 0.054140 -0.014463
v -0.016669 0.054140 -0.023742
v -0.020254 0.054140 -0.033054
v -0.024986 0.054140 -0.042290
v -0.029949 0.054140 -0.050027
v -0.035740 0.054140 -0.057479
v -0.049799 0.054140 -0.071057
v -0.058063 0.054140 -0.076946
v -0.067148 0.054140 -0.082093
v -0.077057 0.054140 -0.086412
v -0.088823 0.075727 -0.086412
v -0.078914 0.075727 -0.082093
v -0.069829 0.075727 -0.076946
v -0.061565 0.075727 -0.071057
v -0.047506 0.075727 -0.057479
v -0.041714 0.075727 -0.050027
v -0.036752 0.075727 -0.042290
v -0.032020 0.075727 -0.033054
v -0.028434 0.075727 -0.023742
v -0.026007 0.075727 -0.014463
v -0.024749 0.075727 -0.005248
v -0.024665 0.075727 0.003935
v -0.025756 0.075727 0.013143
v -0.028016 0.075727 0.022413
v -0.031437 0.075727 0.031725
v -0.036006 0.075727 0.040981
v -0.041714 0.075727 0.050027
v -0.048552 0.075727 0.058685
v -0.056513 0.075727 0.066769
v -0.065594 0.075727 0.074088
v -0.075794 0.075727 0.080466
v -0.087115 0.075727 0.085753
v -0.095948 0.086352 -0.086412
v -0.086039 0.086352 -0.082093
v -0.076953 0.086352 -0.076946
v -0.068690 0.086352 -0.071057
v -0.054631 0.086352 -0.057479
v -0.048839 0.086352 -0.050027
v -0.043877 0.086352 -0.042290
v -0.039144 0.086352 -0.033054
v -0.035559 0.086352 -0.023742
v -0.033132 0.086352 -0.014463
v -0.031873 0.086352 -0.005248
v -0.031789 0.086352 0.003935
v -0.032880 0.086352 0.013143
v -0.035141 0.086352 0.022413
v -0.038561 0.086352 0.031725
v -0.043131 0.086352 0.040981
v -0.048839 0.086352 0.050027
v -0.055677 0.086352 0.058685
v -0.063638 0.086352 0.066769
v -0.072719 0.086352 0.074088
v -0.082919 0.086352 0.080466
v -0.094239 0.086352 0.085753
v -0.105486 0.098834 -0.086412
v -0.095577 0.098834 -0.082093
v -0.086491 0.098834 -0.076946
v -0.078228 0.098834 -0.071057
v -0.064169 0.098834 -0.057479
v -0.058377 0.098834 -0.050027
v -0.053415 0.098834 -0.042290
v -0.048682 0.098834 -0.033054
v -0.045097 0.098834 -0.023742
v -0.042670 0.098834 -0.014463
v -0.041411 0.098834 -0.005248
v -0.041327 0.098834 0.003935
v -0.042418 0.098834 0.013143
v -0.044679 0.098834 0.022413
v -0.048099 0.098834 0.031725
v -0.052669 0.098834 0.040981
v -0.058377 0.098834 0.050027
v -0.065214 0.098834 0.058685
v -0.073176 0.098834 0.066769
v -0.082257 0.098834 0.074088
v -0.092457 0.098834 0.080466
v -0.103777 0.098834 0.085753
v -0.116005 0.110913 -0.086412
v -0.106096 0.110913 -0.082093
v -0.097011 0.110913 -0.076946
v -0.088747 0.110913 -0.071057
v -0.074688 0.110913 -0.057479
v -0.068896 0.110913 -0.050027
v -0.063934 0.110913 -0.042290
v -0.059202 0.110913 -0.033054
v -0.055616 0.110913 -0.023742
v -0.053190 0.110913 -0.014463
v -0.051931 0.110913 -0.005248
v -0.051847 0.110913 0.003935
v -0.052938 0.110913 0.013143
v -0.055199 0.110913 0.022413
v -0.058619 0.110913 0.031725
v -0.063188 0.110913 0.040981
v -0.068896 0.110913 0.050027
v -0.075734 0.110913 0.058685
v -0.083695 0.110913 0.066769
v -0.092776 0.110913 0.074088
v -0.102976 0.110913 0.080466
v -0.114297 0.110913 0.085753
v -0.127404 0.122464 -0.086412
v -0.117495 0.122464 -0.082093
v -0.108409 0.122464 -0.076946
v -0.100146 0.122464 -0.071057
v -0.086087 0.122464 -0.057479
v -0.080295 0.122464 -0.050027
v -0.075333 0.122464 -0.042290
v -0.070600 0.122464 -0.033054
v -0.067015 0.122464 -0.023742
v -0.064588 0.122464 -0.014463
v -0.063329 0.122464 -0.005248
v -0.063245 0.122464 0.003935
v -0.064337 0.122464 0.013143
v -0.066597 0.122464 0.022413
v -0.070018 0.122464 0.031725
v -0.074587 0.122464 0.040981
v -0.080295 0.122464 0.050027
v -0.087133 0.122464 0.058685
v -0.095094 0.122464 0.066769
v -0.104175 0.122464 0.074088
v -0.114375 0.122464 0.080466
v -0.125695 0.122464 0.085753
v -0.139581 0.133365 -0.086412
v -0.129672 0.133365 -0.082093
v -0.120586 0.133365 -0.076946
v -0.112323 0.133365 -0.071057
v -0.098264 0.133365 -0.057479
v -0.092472 0.133365 -0.050027
v -0.087510 0.133365 -0.042290
v -0.082777 0.133365 -0.033054
v -0.079192 0.133365 -0.023742
v -0.076765 0.133365 -0.014463
v -0.075506 0.133365 -0.005248
v -0.075422 0.133365 0.003935
v -0.076513 0.133365 0.013143
v -0.078774 0.133365 0.022413
v -0.082194 0.133365 0.031725
v -0.086764 0.133365 0.040981
v -0.092472 0.133365 0.050027
v -0.099309 0.133365 0.058685
v -0.107270 0.133365 0.066769
v -0.116351 0.133365 0.074088
v -0.126552 0.133365 0.080466
v -0.137872 0.133365 0.085753
v -0.152439 0.143489 -0.086412
v -0.142530 0.143489 -0.082093
v -0.133444 0.143489 -0.076946
v -0.125181 0.143489 -0.071057
v -0.111122 0.143489 -0.057479
v -0.105330 0.143489 -0.050027
v -0.100368 0.143489 -0.042290
v -0.095635 0.143489 -0.033054
v -0.092050 0.143489 -0.023742
v -0.089623 0.143489 -0.014463
v -0.088365 0.143489 -0.005248
v -0.088281 0.143489 0.003935
v -0.089372 0.143489 0.013143
v -0.091632 0.143489 0.022413
v -0.095053 0.143489 0.031725
v -0.099622 0.143489 0.040981
v -0.105330 0.143489 0.050027
v -0.112168 0.143489 0.058685
v -0.120129 0.143489 0.066769
v -0.129210 0.143489 0.074088
v -0.139410 0.143489 0.080466
v -0.150730 0.143489 0.085753
v -0.165891 0.152718 -0.086412
v -0.155982 0.152718 -0.082093
v -0.146896 0.152718 -0.076946
v -0.138633 0.152718 -0.071057
v -0.124574 0.152718 -0.057479
v -0.118782 0.152718 -0.050027
v -0.113820 0.152718 -0.042290
v -0.109087 0.152718 -0.033054
v -0.105502 0.152718 -0.023742
v -0.103075 0.152718 -0.014463
v -0.101816 0.152718 -0.005248
v -0.101732 0.152718 0.003935
v -0.102823 0.152718 0.013143
v -0.105084 0.152718 0.022413
v -0.108504 0.152718 0.031725
v -0.113074 0.152718 0.040981
v -0.118782 0.152718 0.050027
v -0.125619 0.152718 0.058685
v -0.133581 0.152718 0.066769
v -0.142662 0.152718 0.074088
v -0.152862 0.152718 0.080466
v -0.164182 0.152718 0.085753
v -0.179857 0.160941 -0.086412
v -0.169948 0.160941 -0.082093
v -0.160862 0.160941 -0.076946
v -0.152599 0.160941 -0.071057
v -0.138540 0.160941 -0.057479
v -0.132748 0.160941 -0.050027
v -0.127786 0.160941 -0.042290
v -0.123053 0.160941 -0.033054
v -0.119468 0.160941 -0.023742
v -0.117041 0.160941 -0.014463
v -0.115783 0.160941 -0.005248
v -0.115699 0.160941 0.003935
v -0.116790 0.160941 0.013143
v -0.119050 0.160941 0.022413
v -0.122471 0.160941 0.031725
v -0.127040 0.160941 0.040981
v -0.132748 0.160941 0.050027
v -0.139586 0.160941 0.058685
v -0.147547 0.160941 0.066769
v -0.156628 0.160941 0.074088
v -0.166828 0.160941 0.080466
v -0.178148 0.160941 0.085753
v -0.194272 0.168065 -0.086412
v -0.184363 0.168065 -0.082093
v -0.175278 0.168065 -0.076946
v -0.167014 0.168065 -0.071057
v -0.152955 0.168065 -0.057479
v -0.147163 0.168065 -0.050027
v -0.142201 0.168065 -0.042290
v -0.137469 0.168065 -0.033054
v -0.133883 0.168065 -0.023742
v -0.131456 0.168065 -0.014463
v -0.130198 0.168065 -0.005248
v -0.130114 0.168065 0.003935
v -0.131205 0.168065 0.013143
v -0.133465 0.168065 0.022413
v -0.136886 0.168065 0.031725
v -0.141455 0.168065 0.040981
v -0.147163 0.168065 0.050027
v -0.154001 0.168065 0.058685
v -0.161962 0.168065 0.066769
v -0.171043 0.168065 0.074088
v -0.181243 0.168065 0.080466
v -0.192563 0.168065 0.085753
v -0.209086 0.174017 -0.086412
v -0.199177 0.174017 -0.082093
v -0.190091 0.174017 -0.076946
v -0.181828 0.174017 -0.071057
v -0.167769 0.174017 -0.057479
v -0.161977 0.174017 -0.050027
v -0.157015 0.174017 -0.042290
v -0.152282 0.174017 -0.033054
v -0.148697 0.174017 -0.023742
v -0.146270 0.174017 -0.014463
v -0.145012 0.174017 -0.005248
v -0.144928 0.174017 0.003935
v -0.146019 0.174017 0.013143
v -0.148279 0.174017 0.022413
v -0.151700 0.174017 0.031725
v -0.156269 0.174017 0.040981
v -0.161977 0.174017 0.050027
v -0.168815 0.174017 0.058685
v -0.176776 0.174017 0.066769
v -0.185857 0.174017 0.074088
v -0.196057 0.174017 0.080466
v -0.207377 0.174017 0.085753
vt 2.200000 -13.643488 0.000000
vt 0.707089 -14.369937 0.000000
vt 2.200000 -15.079645 0.000000
vt 0.923663 -14.696030 0.000000
vt 1.000000 -15.079645 0.000000
vt 2.200000 -12.207331 0.000000
vt -2.200000 -12.207331 0.000000
vt -2.200000 -13.643488 0.000000
vt -0.000000 -14.072266 0.000000
vt -0.383183 -14.150175 0.000000
vt -0.707089 -14.369937 0.000000
vt -2.200000 -15.079645 0.000000
vt -0.923663 -14.696030 0.000000
vt -1.000000 -15.079645 0.000000
vt -1.000000 15.079645 0.000000
vt -2.200000 15.079645 0.000000
vt -0.923663 14.696030 0.000000
vt -2.200000 13.643488 0.000000
vt -0.707089 14.369937 0.000000
vt -0.383183 14.150175 0.000000
vt -0.000000 14.072266 0.000000
vt 2.200000 13.643488 0.000000
vt 0.383183 14.150175 0.000000
vt 0.707089 14.369937 0.000000
vt 0.923663 14.696030 0.000000
vt 2.200000 15.079645 0.000000
vt 1.000000 15.079645 0.000000
vt -2.200000 -10.771175 0.000000
vt 2.200000 -10.771175 0.000000
vt -2.200000 -9.335018 0.000000
vt 2.200000 -9.335018 0.000000
vt -2.200000 -7.898862 0.000000
vt 2.200000 -7.898862 0.000000
vt -2.200000 -6.462705 0.000000
vt 2.200000 -6.462705 0.000000
vt -2.200000 -5.026548 0.000000
vt 2.200000 -5.026548 0.000000
vt -2.200000 -3.590392 0.000000
vt 2.200000 -3.590392 0.000000
vt -2.200000 -2.154235 0.000000
vt 2.200000 -2.154235 0.000000
vt -2.200000 -0.718078 0.000000
vt 2.200000 -0.718078 0.000000
vt -2.200000 0.718078 0.000000
vt 2.200000 0.718078 0.000000
vt -2.200000 2.154235 0.000000
vt 2.200000 2.154235 0.000000
vt -2.200000 3.590392 0.000000
vt 2.200000 3.590392 0.000000
vt -2.200000 5.026548 0.000000
vt 2.200000 5.026548 0.000000
vt -2.200000 6.462705 0.000000
vt 2.200000 6.462705 0.000000
vt -2.200000 7.898862 0.000000
vt 2.200000 7.898862 0.000000
vt -2.200000 9.335018 0.000000
vt 2.200000 9.335018 0.000000
vt -2.200000 10.771175 0.000000
vt 2.200000 10.771175 0.000000
vt -2.200000 12.207331 0.000000
vt 2.200000 12.207331 0.000000
vt 0.383183 -14.150175 0.000000
vt -4.300078 1.326398 0.000000
vt -4.586749 1.414825 0.000000
vt -4.500000 -0.000000 0.000000
vt -4.800000 -0.000000 0.000000
vt -4.586749 -1.414825 0.000000
vt -3.965946 2.703936 0.000000
vt -3.718074 2.534940 0.000000
vt -2.992751 3.752791 0.000000
vt -2.805704 3.518242 0.000000
vt -1.753637 4.468194 0.000000
vt -1.644035 4.188932 0.000000
vt -0.358704 4.786578 0.000000
vt -0.336285 4.487417 0.000000
vt 1.001344 4.387176 0.000000
vt 1.068100 4.679654 0.000000
vt 2.250000 3.897114 0.000000
vt 2.400000 4.156922 0.000000
vt 3.298733 3.060777 0.000000
vt 3.518649 3.264829 0.000000
vt 4.054360 1.952477 0.000000
vt 4.324651 2.082642 0.000000
vt 4.449739 0.670690 0.000000
vt 4.746388 0.715403 0.000000
vt 4.746388 -0.715403 0.000000
vt 4.449739 -0.670690 0.000000
vt 4.324651 -2.082642 0.000000
vt 4.054360 -1.952477 0.000000
vt 3.518649 -3.264829 0.000000
vt 3.298733 -3.060777 0.000000
vt 2.400000 -4.156922 0.000000
vt 2.250000 -3.897114 0.000000
vt 1.068100 -4.679654 0.000000
vt 1.001344 -4.387176 0.000000
vt -0.358704 -4.786578 0.000000
vt -0.336285 -4.487417 0.000000
vt -1.644035 -4.188932 0.000000
vt -1.753637 -4.468194 0.000000
vt -2.805704 -3.518242 0.000000
vt -2.992751 -3.752791 0.000000
vt -3.718074 -2.534940 0.000000
vt -3.965946 -2.703936 0.000000
vt -4.300078 -1.326398 0.000000
vt 2.200000 -12.790770 0.000000
vt -2.200000 -12.790770 0.000000
vt 2.200000 -14.137167 0.000000
vt -2.200000 -14.137167 0.000000
vt 2.200000 14.137167 0.000000
vt -2.200000 14.137167 0.000000
vt 2.200000 12.790770 0.000000
vt -2.200000 12.790770 0.000000
vt 2.200000 11.444373 0.000000
vt -2.200000 11.444373 0.000000
vt 2.200000 10.097976 0.000000
vt -2.200000 10.097976 0.000000
vt 2.200000 8.751580 0.000000
vt -2.200000 8.751580 0.000000
vt 2.200000 7.405183 0.000000
vt -2.200000 7.405183 0.000000
vt 2.200000 6.058786 0.000000
vt -2.200000 6.058786 0.000000
vt 2.200000 4.712389 0.000000
vt -2.200000 4.712389 0.000000
vt 2.200000 3.365992 0.000000
vt -2.200000 3.365992 0.000000
vt 2.200000 2.019595 0.000000
vt -2.200000 2.019595 0.000000
vt 2.200000 0.673198 0.000000
vt -2.200000 0.673198 0.000000
vt 2.200000 -0.673198 0.000000
vt -2.200000 -0.673198 0.000000
vt 2.200000 -2.019595 0.000000
vt -2.200000 -2.019595 0.000000
vt 2.200000 -3.365992 0.000000
vt -2.200000 -3.365992 0.000000
vt 2.200000 -4.712389 0.000000
vt -2.200000 -4.712389 0.000000
vt 2.200000 -6.058786 0.000000
vt -2.200000 -6.058786 0.000000
vt 2.200000 -7.405183 0.000000
vt -2.200000 -7.405183 0.000000
vt 2.200000 -8.751580 0.000000
vt -2.200000 -8.751580 0.000000
vt 2.200000 -10.097976 0.000000
vt -2.200000 -10.097976 0.000000
vt 2.200000 -11.444373 0.000000
vt -2.200000 -11.444373 0.000000
vt 4.300078 -1.326398 0.000000
vt 4.586749 -1.414825 0.000000
vt 4.500000 -0.000000 0.000000
vt 4.800000 -0.000000 0.000000
vt 4.586749 1.414825 0.000000
vt 3.965946 -2.703936 0.000000
vt 3.718074 -2.534940 0.000000
vt 2.992751 -3.752791 0.000000
vt 2.805704 -3.518242 0.000000
vt 1.753637 -4.468194 0.000000
vt 1.644035 -4.188932 0.000000
vt 0.358704 -4.786578 0.000000
vt 0.336285 -4.487417 0.000000
vt -1.001344 -4.387176 0.000000
vt -1.068100 -4.679654 0.000000
vt -2.250000 -3.897114 0.000000
vt -2.400000 -4.156922 0.000000
vt -3.298733 -3.060777 0.000000
vt -3.518649 -3.264829 0.000000
vt -4.054360 -1.952477 0.000000
vt -4.324651 -2.082642 0.000000
vt -4.449739 -0.670690 0.000000
vt -4.746388 -0.715403 0.000000
vt -4.449739 0.670690 0.000000
vt -4.746388 0.715403 0.000000
vt -4.324651 2.082642 0.000000
vt -4.054360 1.952477 0.000000
vt -3.518649 3.264829 0.000000
vt -3.298733 3.060777 0.000000
vt -2.400000 4.156922 0.000000
vt -2.250000 3.897114 0.000000
vt -1.068100 4.679654 0.000000
vt -1.001344 4.387176 0.000000
vt 0.358704 4.786578 0.000000
vt 0.336285 4.487417 0.000000
vt 1.644035 4.188932 0.000000
vt 1.753637 4.468194 0.000000
vt 2.805704 3.518242 0.000000
vt 2.992751 3.752791 0.000000
vt 3.718074 2.534940 0.000000
vt 3.965946 2.703936 0.000000
vt 4.300078 1.326398 0.000000
vt -0.000000 2.617994 0.000000
vt 0.143421 2.748327 0.000000
vt 0.000000 3.141593 0.000000
vt 0.128100 3.141593 0.000000
vt 0.000000 -3.141593 0.000000
vt 0.128100 -3.141593 0.000000
vt 0.143421 -2.748327 0.000000
vt 0.180472 2.356170 0.000000
vt -0.000000 2.094395 0.000000
vt 0.217810 1.964037 0.000000
vt -0.000000 1.570796 0.000000
vt 0.233422 1.570796 0.000000
vt 0.217810 1.177556 0.000000
vt -0.000000 1.047198 0.000000
vt 0.180472 0.785423 0.000000
vt -0.000000 0.523599 0.000000
vt 0.143421 0.393266 0.000000
vt -0.000000 -0.000000 0.000000
vt 0.128100 0.000000 0.000000
vt 0.143421 -0.393266 0.000000
vt -0.000000 -0.523599 0.000000
vt 0.180472 -0.785423 0.000000
vt -0.000000 -1.047198 0.000000
vt 0.217810 -1.177556 0.000000
vt -0.000000 -1.570796 0.000000
vt 0.233422 -1.570796 0.000000
vt 0.217810 -1.964037 0.000000
vt -0.000000 -2.094395 0.000000
vt 0.180472 -2.356170 0.000000
vt -0.000000 -2.617994 0.000000
vt -0.000000 -2.617994 0.000000
vt -0.143421 -2.748327 0.000000
vt -0.000000 -3.141593 0.000000
vt -0.128100 -3.141593 0.000000
vt -0.000000 3.141593 0.000000
vt -0.128100 3.141593 0.000000
vt -0.143421 2.748327 0.000000
vt -0.180472 -2.356170 0.000000
vt -0.000000 -2.094395 0.000000
vt -0.217810 -1.964037 0.000000
vt -0.000000 -1.570796 0.000000
vt -0.233422 -1.570796 0.000000
vt -0.217810 -1.177556 0.000000
vt -0.000000 -1.047198 0.000000
vt -0.180472 -0.785423 0.000000
vt -0.000000 -0.523599 0.000000
vt -0.143421 -0.393266 0.000000
vt -0.000000 0.000000 0.000000
vt -0.128100 0.000000 0.000000
vt -0.143421 0.393266 0.000000
vt -0.000000 0.523599 0.000000
vt -0.180472 0.785423 0.000000
vt -0.000000 1.047198 0.000000
vt -0.217810 1.177556 0.000000
vt -0.000000 1.570796 0.000000
vt -0.233422 1.570796 0.000000
vt -0.217810 1.964037 0.000000
vt -0.000000 2.094395 0.000000
vt -0.180472 2.356170 0.000000
vt -0.000000 2.617994 0.000000
vt 4.300078 -1.326398 0.000000
vt 4.586749 -1.414825 0.000000
vt 4.500000 -0.000000 0.000000
vt 4.800000 -0.000000 0.000000
vt 4.586749 1.414825 0.000000
vt 3.965946 -2.703936 0.000000
vt 3.718074 -2.534940 0.000000
vt 2.992751 -3.752791 0.000000
vt 2.805704 -3.518242 0.000000
vt 1.753637 -4.468194 0.000000
vt 1.644035 -4.188932 0.000000
vt 0.358704 -4.786578 0.000000
vt 0.336285 -4.487417 0.000000
vt -1.001344 -4.387176 0.000000
vt -1.068100 -4.679654 0.000000
vt -2.250000 -3.897114 0.000000
vt -2.400000 -4.156922 0.000000
vt -3.298733 -3.060777 0.000000
vt -3.518649 -3.264829 0.000000
vt -4.054360 -1.952477 0.000000
vt -4.324651 -2.082642 0.000000
vt -4.449739 -0.670690 0.000000
vt -4.746388 -0.715403 0.000000
vt -4.449739 0.670690 0.000000
vt -4.746388 0.715403 0.000000
vt -4.324651 2.082642 0.000000
vt -4.054360 1.952477 0.000000
vt -3.518649 3.264829 0.000000
vt -3.298733 3.060777 0.000000
vt -2.400000 4.156922 0.000000
vt -2.250000 3.897114 0.000000
vt -1.068100 4.679654 0.000000
vt -1.001344 4.387176 0.000000
vt 0.358704 4.786578 0.000000
vt 0.336285 4.487417 0.000000
vt 1.644035 4.188932 0.000000
vt 1.753637 4.468194 0.000000
vt 2.805704 3.518242 0.000000
vt 2.992751 3.752791 0.000000
vt 3.718074 2.534940 0.000000
vt 3.965946 2.703936 0.000000
vt 4.300078 1.326398 0.000000
vt -2.200000 12.790770 0.000000
vt 2.200000 12.790770 0.000000
vt -2.200000 14.137167 0.000000
vt 2.200000 14.137167 0.000000
vt -2.200000 -14.137167 0.000000
vt 2.200000 -14.137167 0.000000
vt -2.200000 -12.790770 0.000000
vt 2.200000 -12.790770 0.000000
vt -2.200000 -11.444373 0.000000
vt 2.200000 -11.444373 0.000000
vt -2.200000 -10.097976 0.000000
vt 2.200000 -10.097976 0.000000
vt -2.200000 -8.751580 0.000000
vt 2.200000 -8.751580 0.000000
vt -2.200000 -7.405183 0.000000
vt 2.200000 -7.405183 0.000000
vt -2.200000 -6.058786 0.000000
vt 2.200000 -6.058786 0.000000
vt -2.200000 -4.712389 0.000000
vt 2.200000 -4.712389 0.000000
vt -2.200000 -3.365992 0.000000
vt 2.200000 -3.365992 0.000000
vt -2.200000 -2.019595 0.000000
vt 2.200000 -2.019595 0.000000
vt -2.200000 -0.673198 0.000000
vt 2.200000 -0.673198 0.000000
vt -2.200000 0.673198 0.000000
vt 2.200000 0.673198 0.000000
vt -2.200000 2.019595 0.000000
vt 2.200000 2.019595 0.000000
vt -2.200000 3.365992 0.000000
vt 2.200000 3.365992 0.000000
vt -2.200000 4.712389 0.000000
vt 2.200000 4.712389 0.000000
vt -2.200000 6.058786 0.000000
vt 2.200000 6.058786 0.000000
vt -2.200000 7.405183 0.000000
vt 2.200000 7.405183 0.000000
vt -2.200000 8.751580 0.000000
vt 2.200000 8.751580 0.000000
vt -2.200000 10.097976 0.000000
vt 2.200000 10.097976 0.000000
vt -2.200000 11.444373 0.000000
vt 2.200000 11.444373 0.000000
vt -0.383183 14.150175 0.000000
vt -2.200000 13.643488 0.000000
vt 0.000000 14.072266 0.000000
vt 2.200000 13.643488 0.000000
vt 0.383183 14.150175 0.000000
vt 0.707089 14.369937 0.000000
vt 0.923663 14.696030 0.000000
vt 2.200000 15.079645 0.000000
vt 1.000000 15.079645 0.000000
vt 1.000000 -15.079645 0.000000
vt 2.200000 -15.079645 0.000000
vt 0.923663 -14.696030 0.000000
vt 0.707089 -14.369937 0.000000
vt 2.200000 -13.643488 0.000000
vt 0.383183 -14.150175 0.000000
vt 0.000000 -14.072266 0.000000
vt -2.200000 -13.643488 0.000000
vt -0.383183 -14.150175 0.000000
vt -0.707089 -14.369937 0.000000
vt -2.200000 -15.079645 0.000000
vt -0.923663 -14.696030 0.000000
vt -1.000000 -15.079645 0.000000
vt -1.000000 15.079645 0.000000
vt -2.200000 15.079645 0.000000
vt -0.923663 14.696030 0.000000
vt -0.707089 14.369937 0.000000
vt -2.200000 -12.207331 0.000000
vt 2.200000 -12.207331 0.000000
vt -2.200000 -10.771175 0.000000
vt 2.200000 -10.771175 0.000000
vt -2.200000 -9.335018 0.000000
vt 2.200000 -9.335018 0.000000
vt -2.200000 -7.898862 0.000000
vt 2.200000 -7.898862 0.000000
vt -2.200000 -6.462705 0.000000
vt 2.200000 -6.462705 0.000000
vt -2.200000 -5.026548 0.000000
vt 2.200000 -5.026548 0.000000
vt -2.200000 -3.590392 0.000000
vt 2.200000 -3.590392 0.000000
vt -2.200000 -2.154235 0.000000
vt 2.200000 -2.154235 0.000000
vt -2.200000 -0.718078 0.000000
vt 2.200000 -0.718078 0.000000
vt -2.200000 0.718078 0.000000
vt 2.200000 0.718078 0.000000
vt -2.200000 2.154235 0.000000
vt 2.200000 2.154235 0.000000
vt -2.200000 3.590392 0.000000
vt 2.200000 3.590392 0.000000
vt -2.200000 5.026548 0.000000
vt 2.200000 5.026548 0.000000
vt -2.200000 6.462705 0.000000
vt 2.200000 6.462705 0.000000
vt -2.200000 7.898862 0.000000
vt 2.200000 7.898862 0.000000
vt -2.200000 9.335018 0.000000
vt 2.200000 9.335018 0.000000
vt -2.200000 10.771175 0.000000
vt 2.200000 10.771175 0.000000
vt -2.200000 12.207331 0.000000
vt 2.200000 12.207331 0.000000
vt -4.300078 1.326398 0.000000
vt -4.586749 1.414825 0.000000
vt -4.500000 -0.000000 0.000000
vt -4.800000 -0.000000 0.000000
vt -4.586749 -1.414825 0.000000
vt -3.965946 2.703936 0.000000
vt -3.718074 2.534940 0.000000
vt -2.992751 3.752791 0.000000
vt -2.805704 3.518242 0.000000
vt -1.753637 4.468194 0.000000
vt -1.644035 4.188932 0.000000
vt -0.358704 4.786578 0.000000
vt -0.336285 4.487417 0.000000
vt 1.001344 4.387176 0.000000
vt 1.068100 4.679654 0.000000
vt 2.250000 3.897114 0.000000
vt 2.400000 4.156922 0.000000
vt 3.298733 3.060777 0.000000
vt 3.518649 3.264829 0.000000
vt 4.054360 1.952477 0.000000
vt 4.324651 2.082642 0.000000
vt 4.449739 0.670690 0.000000
vt 4.746388 0.715403 0.000000
vt 4.746388 -0.715403 0.000000
vt 4.449739 -0.670690 0.000000
vt 4.324651 -2.082642 0.000000
vt 4.054360 -1.952477 0.000000
vt 3.518649 -3.264829 0.000000
vt 3.298733 -3.060777 0.000000
vt 2.400000 -4.156922 0.000000
vt 2.250000 -3.897114 0.000000
vt 1.068100 -4.679654 0.000000
vt 1.001344 -4.387176 0.000000
vt -0.358704 -4.786578 0.000000
vt -0.336285 -4.487417 0.000000
vt -1.644035 -4.188932 0.000000
vt -1.753637 -4.468194 0.000000
vt -2.805704 -3.518242 0.000000
vt -2.992751 -3.752791 0.000000
vt -3.718074 -2.534940 0.000000
vt -3.965946 -2.703936 0.000000
vt -4.300078 -1.326398 0.000000
vt -17.194685 8.859305 0.000000
vt 0.000000 9.796057 0.000000
vt -17.875000 10.124920 0.000000
vt 0.000000 11.195494 0.000000
vt -17.875000 11.442141 0.000000
vt 0.000000 12.594931 0.000000
vt -17.875000 12.759362 0.000000
vt 0.000000 13.994367 0.000000
vt -17.875000 14.076583 0.000000
vt 0.000000 15.393804 0.000000
vt -17.875000 15.393804 0.000000
vt -17.875000 -15.393804 0.000000
vt 0.000000 -15.393804 0.000000
vt -17.875000 -14.076583 0.000000
vt 0.000000 -13.994367 0.000000
vt -17.875000 -12.759362 0.000000
vt 0.000000 -12.594931 0.000000
vt -17.875000 -11.442141 0.000000
vt 0.000000 -11.195494 0.000000
vt -17.875000 -10.124920 0.000000
vt 0.000000 -9.796057 0.000000
vt -17.194685 -8.859305 0.000000
vt 0.000000 -8.396620 0.000000
vt -16.470264 -7.593690 0.000000
vt 0.000000 -6.997184 0.000000
vt -15.749795 -6.328075 0.000000
vt 0.000000 -5.597747 0.000000
vt -15.081077 -5.062460 0.000000
vt 0.000000 -4.198310 0.000000
vt -14.508475 -3.796845 0.000000
vt 0.000000 -2.798873 0.000000
vt -14.069977 -2.531230 0.000000
vt 0.000000 -1.399437 0.000000
vt -13.794675 -1.265615 0.000000
vt 0.000000 -0.000000 0.000000
vt -13.700832 -0.000000 0.000000
vt -13.794675 1.265615 0.000000
vt 0.000000 1.399437 0.000000
vt -14.069977 2.531230 0.000000
vt 0.000000 2.798873 0.000000
vt -14.508475 3.796845 0.000000
vt 0.000000 4.198310 0.000000
vt -15.081077 5.062460 0.000000
vt 0.000000 5.597747 0.000000
vt -15.749795 6.328075 0.000000
vt 0.000000 6.997184 0.000000
vt -16.470264 7.593690 0.000000
vt 0.000000 8.396620 0.000000
vt 17.194685 -8.859305 0.000000
vt 17.875000 -10.124920 0.000000
vt 17.875000 -11.442141 0.000000
vt 17.875000 -12.759362 0.000000
vt 17.875000 -14.076583 0.000000
vt 17.875000 -15.393804 0.000000
vt 17.875000 15.393804 0.000000
vt 17.875000 14.076583 0.000000
vt 17.875000 12.759362 0.000000
vt 17.875000 11.442141 0.000000
vt 17.875000 10.124920 0.000000
vt 17.194685 8.859305 0.000000
vt 16.470264 7.593690 0.000000
vt 15.749795 6.328075 0.000000
vt 15.081077 5.062460 0.000000
vt 14.508475 3.796845 0.000000
vt 14.069977 2.531230 0.000000
vt 13.794675 1.265615 0.000000
vt 13.700832 0.000000 0.000000
vt 13.794675 -1.265615 0.000000
vt 14.069977 -2.531230 0.000000
vt 14.508475 -3.796845 0.000000
vt 15.081077 -5.062460 0.000000
vt 15.749795 -6.328075 0.000000
vt 16.470264 -7.593690 0.000000
vt -82.281907 8.985000 0.000000
vt -82.281907 3.260650 0.000000
vt -3.827177 8.985000 0.000000
vt -81.220699 2.487031 0.000000
vt -0.569776 7.506105 0.000000
vt 0.716090 6.452922 0.000000
vt 1.773204 5.254850 0.000000
vt 2.600139 3.966775 0.000000
vt -80.403074 1.459346 0.000000
vt 3.194407 2.640298 0.000000
vt -79.887762 0.251413 0.000000
vt 3.552910 1.314289 0.000000
vt 3.672823 -0.000000 0.000000
vt -79.711777 -1.050000 0.000000
vt 3.552910 -1.314289 0.000000
vt 3.194407 -2.640298 0.000000
vt -79.887762 -2.351413 0.000000
vt 2.600139 -3.966775 0.000000
vt 1.773204 -5.254850 0.000000
vt -80.403074 -3.559346 0.000000
vt 0.716090 -6.452922 0.000000
vt -0.569776 -7.506105 0.000000
vt -3.827177 -8.985000 0.000000
vt -2.084069 -8.362791 0.000000
vt -81.220699 -4.587031 0.000000
vt -82.281907 -8.985000 0.000000
vt -82.281907 -5.360650 0.000000
vt -2.084069 8.362791 0.000000
vt 82.281907 -5.360650 0.000000
vt 81.220699 -4.587031 0.000000
vt 82.281907 -8.985000 0.000000
vt 3.827177 -8.985000 0.000000
vt 80.403074 -3.559346 0.000000
vt 0.569776 -7.506105 0.000000
vt -0.716090 -6.452922 0.000000
vt -1.773204 -5.254850 0.000000
vt 79.887762 -2.351413 0.000000
vt -2.600139 -3.966775 0.000000
vt -3.194407 -2.640298 0.000000
vt 79.711777 -1.050000 0.000000
vt -3.552910 -1.314289 0.000000
vt -3.672823 -0.000000 0.000000
vt 79.887762 0.251413 0.000000
vt -3.552910 1.314289 0.000000
vt -3.194407 2.640298 0.000000
vt 80.403074 1.459346 0.000000
vt -2.600139 3.966775 0.000000
vt 81.220699 2.487031 0.000000
vt -1.773204 5.254850 0.000000
vt -0.716090 6.452922 0.000000
vt 0.569776 7.506105 0.000000
vt 3.827177 8.985000 0.000000
vt 2.084069 8.362791 0.000000
vt 82.281907 3.260650 0.000000
vt 82.281907 8.985000 0.000000
vt 2.084069 -8.362791 0.000000
vt -8.985000 12.790770 0.000000
vt 8.985000 12.790770 0.000000
vt -8.985000 14.137167 0.000000
vt 8.985000 14.137167 0.000000
vt -8.985000 -14.137167 0.000000
vt 8.985000 -14.137167 0.000000
vt -8.985000 -12.790770 0.000000
vt 8.985000 -12.790770 0.000000
vt -8.985000 -11.444373 0.000000
vt 8.985000 -11.444373 0.000000
vt -8.985000 -10.097976 0.000000
vt 8.985000 -10.097976 0.000000
vt -8.985000 -8.751580 0.000000
vt 8.985000 -8.751580 0.000000
vt -8.985000 -7.405183 0.000000
vt 8.985000 -7.405183 0.000000
vt -8.985000 -6.058786 0.000000
vt 8.985000 -6.058786 0.000000
vt -8.985000 -4.712389 0.000000
vt 8.985000 -4.712389 0.000000
vt -8.985000 -3.365992 0.000000
vt 8.985000 -3.365992 0.000000
vt -8.985000 -2.019595 0.000000
vt 8.985000 -2.019595 0.000000
vt -8.985000 -0.673198 0.000000
vt 8.985000 -0.673198 0.000000
vt -8.985000 0.673198 0.000000
vt 8.985000 0.673198 0.000000
vt -8.985000 2.019595 0.000000
vt 8.985000 2.019595 0.000000
vt -8.985000 3.365992 0.000000
vt 8.985000 3.365992 0.000000
vt -8.985000 4.712389 0.000000
vt 8.985000 4.712389 0.000000
vt -8.985000 6.058786 0.000000
vt 8.985000 6.058786 0.000000
vt -8.985000 7.405183 0.000000
vt 8.985000 7.405183 0.000000
vt -8.985000 8.751580 0.000000
vt 8.985000 8.751580 0.000000
vt -8.985000 10.097976 0.000000
vt 8.985000 10.097976 0.000000
vt -8.985000 11.444373 0.000000
vt 8.985000 11.444373 0.000000
vt -8.985000 12.790770 0.000000
vt 8.985000 12.790770 0.000000
vt -8.985000 14.137167 0.000000
vt 8.985000 14.137167 0.000000
vt -8.985000 -14.137167 0.000000
vt 8.985000 -14.137167 0.000000
vt -8.985000 -12.790770 0.000000
vt 8.985000 -12.790770 0.000000
vt -8.985000 -11.444373 0.000000
vt 8.985000 -11.444373 0.000000
vt -8.985000 -10.097976 0.000000
vt 8.985000 -10.097976 0.000000
vt -8.985000 -8.751580 0.000000
vt 8.985000 -8.751580 0.000000
vt -8.985000 -7.405183 0.000000
vt 8.985000 -7.405183 0.000000
vt -8.985000 -6.058786 0.000000
vt 8.985000 -6.058786 0.000000
vt -8.985000 -4.712389 0.000000
vt 8.985000 -4.712389 0.000000
vt -8.985000 -3.365992 0.000000
vt 8.985000 -3.365992 0.000000
vt -8.985000 -2.019595 0.000000
vt 8.985000 -2.019595 0.000000
vt -8.985000 -0.673198 0.000000
vt 8.985000 -0.673198 0.000000
vt -8.985000 0.673198 0.000000
vt 8.985000 0.673198 0.000000
vt -8.985000 2.019595 0.000000
vt 8.985000 2.019595 0.000000
vt -8.985000 3.365992 0.000000
vt 8.985000 3.365992 0.000000
vt -8.985000 4.712389 0.000000
vt 8.985000 4.712389 0.000000
vt -8.985000 6.058786 0.000000
vt 8.985000 6.058786 0.000000
vt -8.985000 7.405183 0.000000
vt 8.985000 7.405183 0.000000
vt -8.985000 8.751580 0.000000
vt 8.985000 8.751580 0.000000
vt -8.985000 10.097976 0.000000
vt 8.985000 10.097976 0.000000
vt -8.985000 11.444373 0.000000
vt 8.985000 11.444373 0.000000
vt -8.985000 12.790770 0.000000
vt 8.985000 12.790770 0.000000
vt -8.985000 14.137167 0.000000
vt 8.985000 14.137167 0.000000
vt -8.985000 -14.137167 0.000000
vt 8.985000 -14.137167 0.000000
vt -8.985000 -12.790770 0.000000
vt 8.985000 -12.790770 0.000000
vt -8.985000 -11.444373 0.000000
vt 8.985000 -11.444373 0.000000
vt -8.985000 -10.097976 0.000000
vt 8.985000 -10.097976 0.000000
vt -8.985000 -8.751580 0.000000
vt 8.985000 -8.751580 0.000000
vt -8.985000 -7.405183 0.000000
vt 8.985000 -7.405183 0.000000
vt -8.985000 -6.058786 0.000000
vt 8.985000 -6.058786 0.000000
vt -8.985000 -4.712389 0.000000
vt 8.985000 -4.712389 0.000000
vt -8.985000 -3.365992 0.000000
vt 8.985000 -3.365992 0.000000
vt -8.985000 -2.019595 0.000000
vt 8.985000 -2.019595 0.000000
vt -8.985000 -0.673198 0.000000
vt 8.985000 -0.673198 0.000000
vt -8.985000 0.673198 0.000000
vt 8.985000 0.673198 0.000000
vt -8.985000 2.019595 0.000000
vt 8.985000 2.019595 0.000000
vt -8.985000 3.365992 0.000000
vt 8.985000 3.365992 0.000000
vt -8.985000 4.712389 0.000000
vt 8.985000 4.712389 0.000000
vt -8.985000 6.058786 0.000000
vt 8.985000 6.058786 0.000000
vt -8.985000 7.405183 0.000000
vt 8.985000 7.405183 0.000000
vt -8.985000 8.751580 0.000000
vt 8.985000 8.751580 0.000000
vt -8.985000 10.097976 0.000000
vt 8.985000 10.097976 0.000000
vt -8.985000 11.444373 0.000000
vt 8.985000 11.444373 0.000000
vt -50.123198 -4.300078 0.000000
vt -57.985626 -6.766887 0.000000
vt -48.796800 -4.500000 0.000000
vt -57.157666 -8.106016 0.000000
vt -56.207607 -9.419417 0.000000
vt -58.680701 -5.413982 0.000000
vt -51.331740 -3.718074 0.000000
vt -59.233094 -4.056837 0.000000
vt -52.315042 -2.805704 0.000000
vt -59.634411 -2.701353 0.000000
vt -52.985732 -1.644035 0.000000
vt -59.878074 -1.349421 0.000000
vt -53.284217 -0.336285 0.000000
vt -59.959800 -0.000000 0.000000
vt -53.183976 1.001344 0.000000
vt -59.878074 1.349421 0.000000
vt -52.693914 2.250000 0.000000
vt -59.634411 2.701353 0.000000
vt -51.857577 3.298733 0.000000
vt -59.233094 4.056837 0.000000
vt -50.749277 4.054360 0.000000
vt -58.680701 5.413982 0.000000
vt -49.467490 4.449739 0.000000
vt -57.985626 6.766887 0.000000
vt -57.157666 8.106016 0.000000
vt -48.126110 4.449739 0.000000
vt -56.207607 9.419417 0.000000
vt -55.146842 10.693894 0.000000
vt -53.986992 11.915694 0.000000
vt -46.844323 4.054360 0.000000
vt -52.739564 13.070768 0.000000
vt -51.415600 14.145013 0.000000
vt -50.025342 15.124705 0.000000
vt 20.850783 10.003715 0.000000
vt -43.959800 17.875000 0.000000
vt 20.951024 11.341344 0.000000
vt 21.441086 12.590000 0.000000
vt 21.149268 8.695965 0.000000
vt -45.736023 3.298733 0.000000
vt 21.819958 7.534296 0.000000
vt -44.899686 2.250000 0.000000
vt 22.803260 6.621926 0.000000
vt -44.409624 1.001344 0.000000
vt -44.309383 -0.336285 0.000000
vt -44.607868 -1.644035 0.000000
vt 23.385723 -6.285640 0.000000
vt 24.011802 6.039922 0.000000
vt 22.277423 -7.041267 0.000000
vt -45.278558 -2.805704 0.000000
vt 21.441086 -8.090000 0.000000
vt -46.261860 -3.718074 0.000000
vt 20.951024 -9.338656 0.000000
vt 20.850783 -10.676285 0.000000
vt -47.470402 -4.300078 0.000000
vt -50.025342 -15.124705 0.000000
vt -51.415600 -14.145013 0.000000
vt -52.739564 -13.070768 0.000000
vt -53.986992 -11.915694 0.000000
vt -55.146842 -10.693894 0.000000
vt 24.667510 -5.890261 0.000000
vt 25.338200 5.840000 0.000000
vt 26.008890 -5.890261 0.000000
vt 26.664598 6.039922 0.000000
vt 59.959800 3.172850 0.000000
vt 27.873140 6.621926 0.000000
vt 28.856442 7.534296 0.000000
vt 29.527132 8.695965 0.000000
vt 29.825617 10.003715 0.000000
vt 29.725376 11.341344 0.000000
vt 34.494929 17.875000 0.000000
vt 29.235314 12.590000 0.000000
vt 28.398977 13.638733 0.000000
vt 27.290677 14.394360 0.000000
vt 26.008890 14.789739 0.000000
vt 24.667510 14.789739 0.000000
vt 23.385723 14.394360 0.000000
vt 22.277423 13.638733 0.000000
vt 26.664598 -14.640078 0.000000
vt 25.338200 -14.840000 0.000000
vt 34.494929 -17.875000 0.000000
vt 24.011802 -14.640078 0.000000
vt -43.959800 -17.875000 0.000000
vt 22.803260 -14.058074 0.000000
vt 21.819958 -13.145704 0.000000
vt 21.149268 -11.984035 0.000000
vt 59.959800 -3.172850 0.000000
vt 27.290677 -6.285640 0.000000
vt 28.398977 -7.041267 0.000000
vt 29.235314 -8.090000 0.000000
vt 29.725376 -9.338656 0.000000
vt 29.825617 -10.676285 0.000000
vt 29.527132 -11.984035 0.000000
vt 28.856442 -13.145704 0.000000
vt 27.873140 -14.058074 0.000000
vt -45.540314 17.379310 0.000000
vt -47.080934 16.751537 0.000000
vt -48.577900 15.997179 0.000000
vt -48.577900 -15.997179 0.000000
vt -47.080934 -16.751537 0.000000
vt -45.540314 -17.379310 0.000000
vt 23.016975 -2.365000 0.000000
vt 8.348336 -1.050000 0.000000
vt 22.883000 -2.865000 0.000000
vt 8.160650 -2.301590 0.000000
vt 23.016975 -3.365000 0.000000
vt 7.610045 -3.470145 0.000000
vt 23.383000 -3.731025 0.000000
vt 6.733050 -4.478141 0.000000
vt 5.587846 -5.258703 0.000000
vt 8.160650 0.201590 0.000000
vt 23.383000 -1.998975 0.000000
vt 7.610045 1.370145 0.000000
vt 29.404300 8.985000 0.000000
vt 6.733050 2.378141 0.000000
vt 5.587846 3.158703 0.000000
vt 0.000000 8.985000 0.000000
vt 4.250411 3.660048 0.000000
vt 2.809473 3.848913 0.000000
vt 1.360629 3.712770 0.000000
vt -0.000000 3.260650 0.000000
vt 23.883000 -1.865000 0.000000
vt 24.383000 -1.998975 0.000000
vt 24.749025 -2.365000 0.000000
vt 29.404300 -8.985000 0.000000
vt 24.883000 -2.865000 0.000000
vt 24.749025 -3.365000 0.000000
vt 24.383000 -3.731025 0.000000
vt 23.883000 -3.865000 0.000000
vt 4.250411 -5.760048 0.000000
vt -0.000000 -8.985000 0.000000
vt 2.809473 -5.948913 0.000000
vt 1.360629 -5.812770 0.000000
vt 0.000000 -5.360650 0.000000
vt 6.387325 -3.365000 0.000000
vt 21.243650 -2.301590 0.000000
vt 6.521300 -2.865000 0.000000
vt 21.055964 -1.050000 0.000000
vt 6.387325 -2.365000 0.000000
vt 21.243650 0.201590 0.000000
vt 6.021300 -1.998975 0.000000
vt 21.794255 1.370145 0.000000
vt -0.000000 8.985000 0.000000
vt 22.671250 2.378141 0.000000
vt 23.816454 3.158703 0.000000
vt 21.794255 -3.470145 0.000000
vt 6.021300 -3.731025 0.000000
vt 22.671250 -4.478141 0.000000
vt 23.816454 -5.258703 0.000000
vt 0.000000 -8.985000 0.000000
vt 29.404300 -8.985000 0.000000
vt 5.521300 -3.865000 0.000000
vt 5.021300 -3.731025 0.000000
vt 4.655275 -3.365000 0.000000
vt 4.521300 -2.865000 0.000000
vt 4.655275 -2.365000 0.000000
vt 5.021300 -1.998975 0.000000
vt 5.521300 -1.865000 0.000000
vt 29.404300 -5.360650 0.000000
vt 28.043671 -5.812770 0.000000
vt 26.594827 -5.948913 0.000000
vt 25.153889 -5.760048 0.000000
vt 29.404300 8.985000 0.000000
vt 25.153889 3.660048 0.000000
vt 26.594827 3.848913 0.000000
vt 28.043671 3.712770 0.000000
vt 29.404300 3.260650 0.000000
vt 6.345700 8.985000 0.000000
vt -0.000000 8.985000 0.000000
vt 6.345700 -8.985000 0.000000
vt 0.000000 -8.985000 0.000000
vt 47.470402 -4.300078 0.000000
vt 56.207607 -9.419417 0.000000
vt 48.796800 -4.500000 0.000000
vt 57.157666 -8.106016 0.000000
vt 57.985626 -6.766887 0.000000
vt 46.261860 -3.718074 0.000000
vt -20.850783 -10.676285 0.000000
vt 50.025342 -15.124705 0.000000
vt 51.415600 -14.145013 0.000000
vt 45.278558 -2.805704 0.000000
vt -21.441086 -8.090000 0.000000
vt -20.951024 -9.338656 0.000000
vt -22.277423 -7.041267 0.000000
vt 44.607868 -1.644035 0.000000
vt -23.385723 -6.285640 0.000000
vt 44.309383 -0.336285 0.000000
vt -24.011802 6.039922 0.000000
vt -22.803260 6.621926 0.000000
vt 44.409624 1.001344 0.000000
vt 44.899686 2.250000 0.000000
vt -21.819958 7.534296 0.000000
vt 45.736023 3.298733 0.000000
vt -21.149268 8.695965 0.000000
vt 46.844323 4.054360 0.000000
vt -20.850783 10.003715 0.000000
vt 50.025342 15.124705 0.000000
vt 43.959800 17.875000 0.000000
vt 48.577900 15.997179 0.000000
vt 47.080934 16.751537 0.000000
vt 48.126110 4.449739 0.000000
vt 53.986992 11.915694 0.000000
vt 52.739564 13.070768 0.000000
vt 51.415600 14.145013 0.000000
vt 49.467490 4.449739 0.000000
vt 57.157666 8.106016 0.000000
vt 56.207607 9.419417 0.000000
vt 55.146842 10.693894 0.000000
vt 50.749277 4.054360 0.000000
vt 58.680701 5.413982 0.000000
vt 57.985626 6.766887 0.000000
vt 59.233094 4.056837 0.000000
vt 51.857577 3.298733 0.000000
vt 59.634411 2.701353 0.000000
vt 52.693914 2.250000 0.000000
vt 59.878074 1.349421 0.000000
vt 53.183976 1.001344 0.000000
vt 59.959800 -0.000000 0.000000
vt 53.284217 -0.336285 0.000000
vt 59.878074 -1.349421 0.000000
vt 52.985732 -1.644035 0.000000
vt 59.634411 -2.701353 0.000000
vt 52.315042 -2.805704 0.000000
vt 59.233094 -4.056837 0.000000
vt 51.331740 -3.718074 0.000000
vt 58.680701 -5.413982 0.000000
vt 50.123198 -4.300078 0.000000
vt -26.664598 6.039922 0.000000
vt -26.008890 -5.890261 0.000000
vt -25.338200 5.840000 0.000000
vt -24.667510 -5.890261 0.000000
vt -59.959800 3.172850 0.000000
vt -27.873140 6.621926 0.000000
vt -28.856442 7.534296 0.000000
vt -29.527132 8.695965 0.000000
vt -29.825617 10.003715 0.000000
vt -29.725376 11.341344 0.000000
vt -34.494929 17.875000 0.000000
vt -29.235314 12.590000 0.000000
vt -28.398977 13.638733 0.000000
vt -27.290677 14.394360 0.000000
vt -26.008890 14.789739 0.000000
vt -24.667510 14.789739 0.000000
vt -23.385723 14.394360 0.000000
vt -22.277423 13.638733 0.000000
vt -21.441086 12.590000 0.000000
vt -20.951024 11.341344 0.000000
vt -24.011802 -14.640078 0.000000
vt -25.338200 -14.840000 0.000000
vt -34.494929 -17.875000 0.000000
vt -26.664598 -14.640078 0.000000
vt -27.873140 -14.058074 0.000000
vt -28.856442 -13.145704 0.000000
vt -29.527132 -11.984035 0.000000
vt -59.959800 -3.172850 0.000000
vt -29.825617 -10.676285 0.000000
vt -29.725376 -9.338656 0.000000
vt -29.235314 -8.090000 0.000000
vt -28.398977 -7.041267 0.000000
vt -27.290677 -6.285640 0.000000
vt 43.959800 -17.875000 0.000000
vt -21.149268 -11.984035 0.000000
vt -21.819958 -13.145704 0.000000
vt -22.803260 -14.058074 0.000000
vt 45.540314 -17.379310 0.000000
vt 47.080934 -16.751537 0.000000
vt 48.577900 -15.997179 0.000000
vt 52.739564 -13.070768 0.000000
vt 53.986992 -11.915694 0.000000
vt 55.146842 -10.693894 0.000000
vt 45.540314 17.379310 0.000000
vt -20.984036 1.673586 0.000000
vt -20.984036 0.000000 0.000000
vt -20.065984 1.338869 0.000000
vt -19.672534 0.000000 0.000000
vt -19.147933 1.338869 0.000000
vt -18.361031 0.000000 0.000000
vt -18.229881 1.338869 0.000000
vt -17.311830 1.338869 0.000000
vt -18.229881 2.677738 0.000000
vt -17.311830 2.677738 0.000000
vt -18.229881 4.016607 0.000000
vt -17.311830 4.016607 0.000000
vt -18.229881 5.355475 0.000000
vt -17.311830 5.355475 0.000000
vt -18.229881 6.694344 0.000000
vt -17.311830 6.694344 0.000000
vt -18.229881 8.033213 0.000000
vt -17.311830 8.033213 0.000000
vt -18.229881 9.372082 0.000000
vt -17.311830 9.372082 0.000000
vt -18.229881 10.710951 0.000000
vt -17.311830 10.710951 0.000000
vt -18.229881 12.317593 0.000000
vt -17.311830 12.317593 0.000000
vt -18.229881 13.924236 0.000000
vt -17.311830 13.924236 0.000000
vt -18.229881 15.530879 0.000000
vt -17.311830 15.530879 0.000000
vt -18.229881 17.137521 0.000000
vt -17.311830 17.137521 0.000000
vt -18.229881 18.744164 0.000000
vt -17.311830 18.744164 0.000000
vt -18.229881 20.350806 0.000000
vt -17.311830 20.350806 0.000000
vt -18.229881 21.957449 0.000000
vt -17.311830 21.957449 0.000000
vt -18.229881 23.564092 0.000000
vt -17.311830 23.564092 0.000000
vt -18.229881 25.170734 0.000000
vt -17.311830 25.170734 0.000000
vt -18.361031 26.777377 0.000000
vt -17.049529 26.777377 0.000000
vt -16.393778 25.170734 0.000000
vt -15.738027 26.777377 0.000000
vt -15.475727 25.170734 0.000000
vt -14.426525 26.777377 0.000000
vt -14.557675 25.170734 0.000000
vt -13.639623 25.170734 0.000000
vt -13.639623 23.564092 0.000000
vt -12.721572 23.564092 0.000000
vt -12.721572 21.957449 0.000000
vt -11.803520 21.957449 0.000000
vt -11.803520 20.350806 0.000000
vt -10.885469 20.350806 0.000000
vt -10.885469 18.744164 0.000000
vt -9.967417 18.744164 0.000000
vt -9.967417 17.137521 0.000000
vt -9.049366 17.137521 0.000000
vt -9.049366 15.530879 0.000000
vt -8.131314 15.530879 0.000000
vt -8.131314 13.924236 0.000000
vt -7.213262 13.924236 0.000000
vt -7.213262 12.317593 0.000000
vt -6.295211 12.317593 0.000000
vt -6.295211 10.710951 0.000000
vt -5.508309 10.710951 0.000000
vt -5.508309 9.372082 0.000000
vt -4.721408 9.372082 0.000000
vt -4.721408 8.033213 0.000000
vt -3.147605 8.033213 0.000000
vt -3.147605 6.694344 0.000000
vt -2.360704 6.694344 0.000000
vt -2.360704 5.355475 0.000000
vt -1.573803 5.355475 0.000000
vt -1.573803 4.016607 0.000000
vt -0.786901 4.016607 0.000000
vt -0.786901 2.677738 0.000000
vt 0.000000 3.347172 0.000000
vt 0.000000 1.673586 0.000000
vt -0.786901 1.338869 0.000000
vt 0.000000 0.000000 0.000000
vt -1.311502 0.000000 0.000000
vt -1.573803 1.338869 0.000000
vt -2.360704 1.338869 0.000000
vt -2.360704 2.677738 0.000000
vt -3.147605 2.677738 0.000000
vt -3.147605 4.016607 0.000000
vt -4.721408 4.016607 0.000000
vt -4.721408 5.355475 0.000000
vt -5.508309 5.355475 0.000000
vt -5.508309 6.694344 0.000000
vt -6.295211 6.694344 0.000000
vt -6.295211 8.033213 0.000000
vt -7.213262 8.033213 0.000000
vt -7.213262 9.372082 0.000000
vt -8.131314 9.372082 0.000000
vt -8.131314 10.710951 0.000000
vt -9.049366 10.710951 0.000000
vt -9.049366 12.317593 0.000000
vt -9.967417 12.317593 0.000000
vt -9.967417 13.924236 0.000000
vt -10.885469 13.924236 0.000000
vt -10.885469 15.530879 0.000000
vt -11.803520 15.530879 0.000000
vt -11.803520 17.137521 0.000000
vt -12.721572 17.137521 0.000000
vt -12.721572 18.744164 0.000000
vt -13.639623 18.744164 0.000000
vt -13.639623 20.350806 0.000000
vt -14.557675 20.350806 0.000000
vt -14.557675 21.957449 0.000000
vt -15.475727 21.957449 0.000000
vt -15.475727 23.564092 0.000000
vt -16.393778 23.564092 0.000000
vt -17.049529 0.000000 0.000000
vt -16.393778 1.338869 0.000000
vt -16.393778 2.677738 0.000000
vt -16.393778 4.016607 0.000000
vt -16.393778 5.355475 0.000000
vt -16.393778 6.694344 0.000000
vt -16.393778 8.033213 0.000000
vt -16.393778 9.372082 0.000000
vt -16.393778 10.710951 0.000000
vt -16.393778 12.317593 0.000000
vt -16.393778 13.924236 0.000000
vt -16.393778 15.530879 0.000000
vt -16.393778 17.137521 0.000000
vt -16.393778 18.744164 0.000000
vt -16.393778 20.350806 0.000000
vt -16.393778 21.957449 0.000000
vt -15.738027 0.000000 0.000000
vt -15.475727 1.338869 0.000000
vt -15.475727 2.677738 0.000000
vt -15.475727 4.016607 0.000000
vt -15.475727 5.355475 0.000000
vt -15.475727 6.694344 0.000000
vt -15.475727 8.033213 0.000000
vt -15.475727 9.372082 0.000000
vt -15.475727 10.710951 0.000000
vt -15.475727 12.317593 0.000000
vt -15.475727 13.924236 0.000000
vt -15.475727 15.530879 0.000000
vt -15.475727 17.137521 0.000000
vt -15.475727 18.744164 0.000000
vt -15.475727 20.350806 0.000000
vt -14.426525 0.000000 0.000000
vt -14.557675 1.338869 0.000000
vt -14.557675 2.677738 0.000000
vt -14.557675 4.016607 0.000000
vt -14.557675 5.355475 0.000000
vt -14.557675 6.694344 0.000000
vt -14.557675 8.033213 0.000000
vt -14.557675 9.372082 0.000000
vt -14.557675 10.710951 0.000000
vt -14.557675 12.317593 0.000000
vt -14.557675 13.924236 0.000000
vt -14.557675 15.530879 0.000000
vt -14.557675 17.137521 0.000000
vt -14.557675 18.744164 0.000000
vt -13.639623 1.338869 0.000000
vt -13.115022 0.000000 0.000000
vt -12.721572 1.338869 0.000000
vt -11.803520 0.000000 0.000000
vt -11.803520 1.338869 0.000000
vt -10.885469 1.338869 0.000000
vt -11.803520 2.677738 0.000000
vt -10.885469 2.677738 0.000000
vt -11.803520 4.016607 0.000000
vt -10.885469 4.016607 0.000000
vt -11.803520 5.355475 0.000000
vt -10.885469 5.355475 0.000000
vt -11.803520 6.694344 0.000000
vt -10.885469 6.694344 0.000000
vt -11.803520 8.033213 0.000000
vt -10.885469 8.033213 0.000000
vt -11.803520 9.372082 0.000000
vt -10.885469 9.372082 0.000000
vt -11.803520 10.710951 0.000000
vt -10.885469 10.710951 0.000000
vt -11.803520 12.317593 0.000000
vt -10.885469 12.317593 0.000000
vt -11.803520 13.924236 0.000000
vt -10.492018 0.000000 0.000000
vt -9.967417 1.338869 0.000000
vt -9.967417 2.677738 0.000000
vt -9.967417 4.016607 0.000000
vt -9.967417 5.355475 0.000000
vt -9.967417 6.694344 0.000000
vt -9.967417 8.033213 0.000000
vt -9.967417 9.372082 0.000000
vt -9.967417 10.710951 0.000000
vt -9.180516 0.000000 0.000000
vt -9.049366 1.338869 0.000000
vt -9.049366 2.677738 0.000000
vt -9.049366 4.016607 0.000000
vt -9.049366 5.355475 0.000000
vt -9.049366 6.694344 0.000000
vt -9.049366 8.033213 0.000000
vt -9.049366 9.372082 0.000000
vt -8.131314 1.338869 0.000000
vt -7.869013 0.000000 0.000000
vt -7.213262 1.338869 0.000000
vt -6.557511 0.000000 0.000000
vt -6.295211 1.338869 0.000000
vt -5.246009 0.000000 0.000000
vt -5.508309 1.338869 0.000000
vt -4.721408 1.338869 0.000000
vt -5.508309 2.677738 0.000000
vt -4.721408 2.677738 0.000000
vt -5.508309 4.016607 0.000000
vt -3.934507 0.000000 0.000000
vt -3.147605 1.338869 0.000000
vt -2.623004 0.000000 0.000000
vt 0.000000 5.020758 0.000000
vt -0.786901 5.355475 0.000000
vt -1.573803 6.694344 0.000000
vt -2.360704 8.033213 0.000000
vt -3.147605 9.372082 0.000000
vt -4.721408 10.710951 0.000000
vt -5.508309 12.317593 0.000000
vt -6.295211 13.924236 0.000000
vt -7.213262 15.530879 0.000000
vt -8.131314 17.137521 0.000000
vt -9.049366 18.744164 0.000000
vt -9.967417 20.350806 0.000000
vt -10.885469 21.957449 0.000000
vt -11.803520 23.564092 0.000000
vt -12.721572 25.170734 0.000000
vt -13.115022 26.777377 0.000000
vt 0.000000 6.694344 0.000000
vt -0.786901 6.694344 0.000000
vt -1.573803 8.033213 0.000000
vt -2.360704 9.372082 0.000000
vt -3.147605 10.710951 0.000000
vt -4.721408 12.317593 0.000000
vt -5.508309 13.924236 0.000000
vt -6.295211 15.530879 0.000000
vt -7.213262 17.137521 0.000000
vt -8.131314 18.744164 0.000000
vt -9.049366 20.350806 0.000000
vt -9.967417 21.957449 0.000000
vt -10.885469 23.564092 0.000000
vt -11.803520 25.170734 0.000000
vt -11.803520 26.777377 0.000000
vt -0.786901 8.033213 0.000000
vt 0.000000 8.367930 0.000000
vt -0.786901 9.372082 0.000000
vt 0.000000 10.041516 0.000000
vt -0.786901 10.710951 0.000000
vt 0.000000 11.715102 0.000000
vt -0.786901 12.317593 0.000000
vt 0.000000 13.388688 0.000000
vt -0.786901 13.924236 0.000000
vt 0.000000 15.062275 0.000000
vt -0.786901 15.530879 0.000000
vt 0.000000 16.735861 0.000000
vt -0.786901 17.137521 0.000000
vt 0.000000 18.409447 0.000000
vt -0.786901 18.744164 0.000000
vt 0.000000 20.083033 0.000000
vt -0.786901 20.350806 0.000000
vt 0.000000 21.756619 0.000000
vt -0.786901 21.957449 0.000000
vt 0.000000 23.430205 0.000000
vt -0.786901 23.564092 0.000000
vt 0.000000 25.103791 0.000000
vt -0.786901 25.170734 0.000000
vt 0.000000 26.777377 0.000000
vt -1.311502 26.777377 0.000000
vt -1.573803 25.170734 0.000000
vt -2.623004 26.777377 0.000000
vt -2.360704 25.170734 0.000000
vt -3.147605 25.170734 0.000000
vt -2.360704 23.564092 0.000000
vt -3.147605 23.564092 0.000000
vt -2.360704 21.957449 0.000000
vt -3.147605 21.957449 0.000000
vt -2.360704 20.350806 0.000000
vt -3.147605 20.350806 0.000000
vt -2.360704 18.744164 0.000000
vt -3.147605 18.744164 0.000000
vt -2.360704 17.137521 0.000000
vt -3.147605 17.137521 0.000000
vt -2.360704 15.530879 0.000000
vt -3.147605 15.530879 0.000000
vt -2.360704 13.924236 0.000000
vt -3.147605 13.924236 0.000000
vt -2.360704 12.317593 0.000000
vt -3.147605 12.317593 0.000000
vt -2.360704 10.710951 0.000000
vt -3.934507 26.777377 0.000000
vt -4.721408 25.170734 0.000000
vt -4.721408 23.564092 0.000000
vt -4.721408 21.957449 0.000000
vt -4.721408 20.350806 0.000000
vt -4.721408 18.744164 0.000000
vt -4.721408 17.137521 0.000000
vt -4.721408 15.530879 0.000000
vt -4.721408 13.924236 0.000000
vt -5.246009 26.777377 0.000000
vt -5.508309 25.170734 0.000000
vt -5.508309 23.564092 0.000000
vt -5.508309 21.957449 0.000000
vt -5.508309 20.350806 0.000000
vt -5.508309 18.744164 0.000000
vt -5.508309 17.137521 0.000000
vt -5.508309 15.530879 0.000000
vt -6.557511 26.777377 0.000000
vt -6.295211 25.170734 0.000000
vt -6.295211 23.564092 0.000000
vt -6.295211 21.957449 0.000000
vt -6.295211 20.350806 0.000000
vt -6.295211 18.744164 0.000000
vt -6.295211 17.137521 0.000000
vt -7.213262 25.170734 0.000000
vt -7.869013 26.777377 0.000000
vt -8.131314 25.170734 0.000000
vt -9.180516 26.777377 0.000000
vt -9.049366 25.170734 0.000000
vt -9.967417 25.170734 0.000000
vt -9.049366 23.564092 0.000000
vt -9.967417 23.564092 0.000000
vt -9.049366 21.957449 0.000000
vt -10.492018 26.777377 0.000000
vt -10.885469 25.170734 0.000000
vt -19.147933 25.170734 0.000000
vt -19.672534 26.777377 0.000000
vt -20.065984 25.170734 0.000000
vt -20.984036 26.777377 0.000000
vt -20.984036 25.103791 0.000000
vt -20.065984 23.564092 0.000000
vt -20.984036 23.430205 0.000000
vt -20.065984 21.957449 0.000000
vt -20.984036 21.756619 0.000000
vt -20.065984 20.350806 0.000000
vt -20.984036 20.083033 0.000000
vt -20.065984 18.744164 0.000000
vt -20.984036 18.409447 0.000000
vt -20.065984 17.137521 0.000000
vt -20.984036 16.735861 0.000000
vt -20.065984 15.530879 0.000000
vt -20.984036 15.062275 0.000000
vt -20.065984 13.924236 0.000000
vt -20.984036 13.388688 0.000000
vt -20.065984 12.317593 0.000000
vt -20.984036 11.715102 0.000000
vt -20.065984 10.710951 0.000000
vt -20.984036 10.041516 0.000000
vt -20.065984 9.372082 0.000000
vt -20.984036 8.367930 0.000000
vt -20.065984 8.033213 0.000000
vt -20.984036 6.694344 0.000000
vt -20.065984 6.694344 0.000000
vt -20.065984 5.355475 0.000000
vt -19.147933 5.355475 0.000000
vt -19.147933 4.016607 0.000000
vt -20.984036 5.020758 0.000000
vt -20.065984 4.016607 0.000000
vt -19.147933 2.677738 0.000000
vt -20.984036 3.347172 0.000000
vt -20.065984 2.677738 0.000000
vt -1.573803 2.677738 0.000000
vt -6.295211 2.677738 0.000000
vt -6.295211 4.016607 0.000000
vt -6.295211 5.355475 0.000000
vt -7.213262 2.677738 0.000000
vt -7.213262 4.016607 0.000000
vt -7.213262 5.355475 0.000000
vt -7.213262 6.694344 0.000000
vt -8.131314 2.677738 0.000000
vt -8.131314 4.016607 0.000000
vt -8.131314 5.355475 0.000000
vt -8.131314 6.694344 0.000000
vt -8.131314 8.033213 0.000000
vt -12.721572 2.677738 0.000000
vt -12.721572 4.016607 0.000000
vt -12.721572 5.355475 0.000000
vt -12.721572 6.694344 0.000000
vt -12.721572 8.033213 0.000000
vt -12.721572 9.372082 0.000000
vt -12.721572 10.710951 0.000000
vt -12.721572 12.317593 0.000000
vt -12.721572 13.924236 0.000000
vt -12.721572 15.530879 0.000000
vt -13.639623 2.677738 0.000000
vt -13.639623 4.016607 0.000000
vt -13.639623 5.355475 0.000000
vt -13.639623 6.694344 0.000000
vt -13.639623 8.033213 0.000000
vt -13.639623 9.372082 0.000000
vt -13.639623 10.710951 0.000000
vt -13.639623 12.317593 0.000000
vt -13.639623 13.924236 0.000000
vt -13.639623 15.530879 0.000000
vt -13.639623 17.137521 0.000000
vt -2.360704 4.016607 0.000000
vt -3.147605 5.355475 0.000000
vt -4.721408 6.694344 0.000000
vt -5.508309 8.033213 0.000000
vt -6.295211 9.372082 0.000000
vt -7.213262 10.710951 0.000000
vt -8.131314 12.317593 0.000000
vt -9.049366 13.924236 0.000000
vt -9.967417 15.530879 0.000000
vt -10.885469 17.137521 0.000000
vt -11.803520 18.744164 0.000000
vt -12.721572 20.350806 0.000000
vt -13.639623 21.957449 0.000000
vt -14.557675 23.564092 0.000000
vt -19.147933 6.694344 0.000000
vt -19.147933 8.033213 0.000000
vt -19.147933 9.372082 0.000000
vt -19.147933 10.710951 0.000000
vt -19.147933 12.317593 0.000000
vt -19.147933 13.924236 0.000000
vt -19.147933 15.530879 0.000000
vt -19.147933 17.137521 0.000000
vt -19.147933 18.744164 0.000000
vt -19.147933 20.350806 0.000000
vt -19.147933 21.957449 0.000000
vt -19.147933 23.564092 0.000000
vt -1.573803 9.372082 0.000000
vt -1.573803 10.710951 0.000000
vt -1.573803 12.317593 0.000000
vt -1.573803 13.924236 0.000000
vt -1.573803 15.530879 0.000000
vt -1.573803 17.137521 0.000000
vt -1.573803 18.744164 0.000000
vt -7.213262 18.744164 0.000000
vt -7.213262 20.350806 0.000000
vt -7.213262 21.957449 0.000000
vt -7.213262 23.564092 0.000000
vt -1.573803 20.350806 0.000000
vt -8.131314 20.350806 0.000000
vt -1.573803 21.957449 0.000000
vt -8.131314 21.957449 0.000000
vt -8.131314 23.564092 0.000000
vt -1.573803 23.564092 0.000000
vt 0.000000 28.450963 0.000000
vt 0.000000 26.777377 0.000000
vt 0.918052 28.116246 0.000000
vt 1.311502 26.777377 0.000000
vt 1.836103 28.116246 0.000000
vt 2.623004 26.777377 0.000000
vt 2.754155 28.116246 0.000000
vt 3.672206 28.116246 0.000000
vt 2.754155 29.455115 0.000000
vt 3.672206 29.455115 0.000000
vt 2.754155 30.793983 0.000000
vt 3.672206 30.793983 0.000000
vt 2.754155 32.132852 0.000000
vt 3.672206 32.132852 0.000000
vt 2.754155 33.471721 0.000000
vt 3.672206 33.471721 0.000000
vt 2.754155 34.810590 0.000000
vt 3.672206 34.810590 0.000000
vt 2.754155 36.149459 0.000000
vt 3.672206 36.149459 0.000000
vt 2.754155 37.488328 0.000000
vt 3.672206 37.488328 0.000000
vt 2.754155 39.094970 0.000000
vt 3.672206 39.094970 0.000000
vt 2.754155 40.701613 0.000000
vt 3.672206 40.701613 0.000000
vt 2.754155 42.308256 0.000000
vt 3.672206 42.308256 0.000000
vt 2.754155 43.914898 0.000000
vt 3.672206 43.914898 0.000000
vt 2.754155 45.521541 0.000000
vt 3.672206 45.521541 0.000000
vt 2.754155 47.128183 0.000000
vt 3.672206 47.128183 0.000000
vt 2.754155 48.734826 0.000000
vt 3.672206 48.734826 0.000000
vt 2.754155 50.341469 0.000000
vt 3.672206 50.341469 0.000000
vt 2.754155 51.948111 0.000000
vt 3.672206 51.948111 0.000000
vt 2.623004 53.554754 0.000000
vt 3.934507 53.554754 0.000000
vt 4.590258 51.948111 0.000000
vt 5.246009 53.554754 0.000000
vt 5.508309 51.948111 0.000000
vt 6.557511 53.554754 0.000000
vt 6.426361 51.948111 0.000000
vt 7.344413 51.948111 0.000000
vt 7.344413 50.341469 0.000000
vt 8.262464 50.341469 0.000000
vt 8.262464 48.734826 0.000000
vt 9.180516 48.734826 0.000000
vt 9.180516 47.128183 0.000000
vt 10.098567 47.128183 0.000000
vt 10.098567 45.521541 0.000000
vt 11.016619 45.521541 0.000000
vt 11.016619 43.914898 0.000000
vt 11.934670 43.914898 0.000000
vt 11.934670 42.308256 0.000000
vt 12.852722 42.308256 0.000000
vt 12.852722 40.701613 0.000000
vt 13.770774 40.701613 0.000000
vt 13.770774 39.094970 0.000000
vt 14.688825 39.094970 0.000000
vt 14.688825 37.488328 0.000000
vt 15.475727 37.488328 0.000000
vt 15.475727 36.149459 0.000000
vt 16.262628 36.149459 0.000000
vt 16.262628 34.810590 0.000000
vt 17.836431 34.810590 0.000000
vt 17.836431 33.471721 0.000000
vt 18.623332 33.471721 0.000000
vt 18.623332 32.132852 0.000000
vt 19.410233 32.132852 0.000000
vt 19.410233 30.793983 0.000000
vt 20.197135 30.793983 0.000000
vt 20.197135 29.455115 0.000000
vt 20.984036 30.124549 0.000000
vt 20.984036 28.450963 0.000000
vt 20.197135 28.116246 0.000000
vt 20.984036 26.777377 0.000000
vt 19.672534 26.777377 0.000000
vt 19.410233 28.116246 0.000000
vt 18.623332 28.116246 0.000000
vt 18.623332 29.455115 0.000000
vt 17.836431 29.455115 0.000000
vt 17.836431 30.793983 0.000000
vt 16.262628 30.793983 0.000000
vt 16.262628 32.132852 0.000000
vt 15.475727 32.132852 0.000000
vt 15.475727 33.471721 0.000000
vt 14.688825 33.471721 0.000000
vt 14.688825 34.810590 0.000000
vt 13.770774 34.810590 0.000000
vt 13.770774 36.149459 0.000000
vt 12.852722 36.149459 0.000000
vt 12.852722 37.488328 0.000000
vt 11.934670 37.488328 0.000000
vt 11.934670 39.094970 0.000000
vt 11.016619 39.094970 0.000000
vt 11.016619 40.701613 0.000000
vt 10.098567 40.701613 0.000000
vt 10.098567 42.308256 0.000000
vt 9.180516 42.308256 0.000000
vt 9.180516 43.914898 0.000000
vt 8.262464 43.914898 0.000000
vt 8.262464 45.521541 0.000000
vt 7.344413 45.521541 0.000000
vt 7.344413 47.128183 0.000000
vt 6.426361 47.128183 0.000000
vt 6.426361 48.734826 0.000000
vt 5.508309 48.734826 0.000000
vt 5.508309 50.341469 0.000000
vt 4.590258 50.341469 0.000000
vt 3.934507 26.777377 0.000000
vt 4.590258 28.116246 0.000000
vt 4.590258 29.455115 0.000000
vt 4.590258 30.793983 0.000000
vt 4.590258 32.132852 0.000000
vt 4.590258 33.471721 0.000000
vt 4.590258 34.810590 0.000000
vt 4.590258 36.149459 0.000000
vt 4.590258 37.488328 0.000000
vt 4.590258 39.094970 0.000000
vt 4.590258 40.701613 0.000000
vt 4.590258 42.308256 0.000000
vt 4.590258 43.914898 0.000000
vt 4.590258 45.521541 0.000000
vt 4.590258 47.128183 0.000000
vt 4.590258 48.734826 0.000000
vt 5.246009 26.777377 0.000000
vt 5.508309 28.116246 0.000000
vt 5.508309 29.455115 0.000000
vt 5.508309 30.793983 0.000000
vt 5.508309 32.132852 0.000000
vt 5.508309 33.471721 0.000000
vt 5.508309 34.810590 0.000000
vt 5.508309 36.149459 0.000000
vt 5.508309 37.488328 0.000000
vt 5.508309 39.094970 0.000000
vt 5.508309 40.701613 0.000000
vt 5.508309 42.308256 0.000000
vt 5.508309 43.914898 0.000000
vt 5.508309 45.521541 0.000000
vt 5.508309 47.128183 0.000000
vt 6.557511 26.777377 0.000000
vt 6.426361 28.116246 0.000000
vt 6.426361 29.455115 0.000000
vt 6.426361 30.793983 0.000000
vt 6.426361 32.132852 0.000000
vt 6.426361 33.471721 0.000000
vt 6.426361 34.810590 0.000000
vt 6.426361 36.149459 0.000000
vt 6.426361 37.488328 0.000000
vt 6.426361 39.094970 0.000000
vt 6.426361 40.701613 0.000000
vt 6.426361 42.308256 0.000000
vt 6.426361 43.914898 0.000000
vt 6.426361 45.521541 0.000000
vt 7.344413 28.116246 0.000000
vt 7.869013 26.777377 0.000000
vt 8.262464 28.116246 0.000000
vt 9.180516 26.777377 0.000000
vt 9.180516 28.116246 0.000000
vt 10.098567 28.116246 0.000000
vt 9.180516 29.455115 0.000000
vt 10.098567 29.455115 0.000000
vt 9.180516 30.793983 0.000000
vt 10.098567 30.793983 0.000000
vt 9.180516 32.132852 0.000000
vt 10.098567 32.132852 0.000000
vt 9.180516 33.471721 0.000000
vt 10.098567 33.471721 0.000000
vt 9.180516 34.810590 0.000000
vt 10.098567 34.810590 0.000000
vt 9.180516 36.149459 0.000000
vt 10.098567 36.149459 0.000000
vt 9.180516 37.488328 0.000000
vt 10.098567 37.488328 0.000000
vt 9.180516 39.094970 0.000000
vt 10.098567 39.094970 0.000000
vt 9.180516 40.701613 0.000000
vt 10.492018 26.777377 0.000000
vt 11.016619 28.116246 0.000000
vt 11.016619 29.455115 0.000000
vt 11.016619 30.793983 0.000000
vt 11.016619 32.132852 0.000000
vt 11.016619 33.471721 0.000000
vt 11.016619 34.810590 0.000000
vt 11.016619 36.149459 0.000000
vt 11.016619 37.488328 0.000000
vt 11.803520 26.777377 0.000000
vt 11.934670 28.116246 0.000000
vt 11.934670 29.455115 0.000000
vt 11.934670 30.793983 0.000000
vt 11.934670 32.132852 0.000000
vt 11.934670 33.471721 0.000000
vt 11.934670 34.810590 0.000000
vt 11.934670 36.149459 0.000000
vt 12.852722 28.116246 0.000000
vt 13.115022 26.777377 0.000000
vt 13.770774 28.116246 0.000000
vt 14.426525 26.777377 0.000000
vt 14.688825 28.116246 0.000000
vt 15.738027 26.777377 0.000000
vt 15.475727 28.116246 0.000000
vt 16.262628 28.116246 0.000000
vt 15.475727 29.455115 0.000000
vt 16.262628 29.455115 0.000000
vt 15.475727 30.793983 0.000000
vt 17.049529 26.777377 0.000000
vt 17.836431 28.116246 0.000000
vt 18.361031 26.777377 0.000000
vt 20.984036 31.798135 0.000000
vt 20.197135 32.132852 0.000000
vt 19.410233 33.471721 0.000000
vt 18.623332 34.810590 0.000000
vt 17.836431 36.149459 0.000000
vt 16.262628 37.488328 0.000000
vt 15.475727 39.094970 0.000000
vt 14.688825 40.701613 0.000000
vt 13.770774 42.308256 0.000000
vt 12.852722 43.914898 0.000000
vt 11.934670 45.521541 0.000000
vt 11.016619 47.128183 0.000000
vt 10.098567 48.734826 0.000000
vt 9.180516 50.341469 0.000000
vt 8.262464 51.948111 0.000000
vt 7.869013 53.554754 0.000000
vt 20.984036 33.471721 0.000000
vt 20.197135 33.471721 0.000000
vt 19.410233 34.810590 0.000000
vt 18.623332 36.149459 0.000000
vt 17.836431 37.488328 0.000000
vt 16.262628 39.094970 0.000000
vt 15.475727 40.701613 0.000000
vt 14.688825 42.308256 0.000000
vt 13.770774 43.914898 0.000000
vt 12.852722 45.521541 0.000000
vt 11.934670 47.128183 0.000000
vt 11.016619 48.734826 0.000000
vt 10.098567 50.341469 0.000000
vt 9.180516 51.948111 0.000000
vt 9.180516 53.554754 0.000000
vt 20.197135 34.810590 0.000000
vt 20.984036 35.145307 0.000000
vt 20.197135 36.149459 0.000000
vt 20.984036 36.818893 0.000000
vt 20.197135 37.488328 0.000000
vt 20.984036 38.492479 0.000000
vt 20.197135 39.094970 0.000000
vt 20.984036 40.166065 0.000000
vt 20.197135 40.701613 0.000000
vt 20.984036 41.839651 0.000000
vt 20.197135 42.308256 0.000000
vt 20.984036 43.513237 0.000000
vt 20.197135 43.914898 0.000000
vt 20.984036 45.186824 0.000000
vt 20.197135 45.521541 0.000000
vt 20.984036 46.860410 0.000000
vt 20.197135 47.128183 0.000000
vt 20.984036 48.533996 0.000000
vt 20.197135 48.734826 0.000000
vt 20.984036 50.207582 0.000000
vt 20.197135 50.341469 0.000000
vt 20.984036 51.881168 0.000000
vt 20.197135 51.948111 0.000000
vt 20.984036 53.554754 0.000000
vt 19.672534 53.554754 0.000000
vt 19.410233 51.948111 0.000000
vt 18.361031 53.554754 0.000000
vt 18.623332 51.948111 0.000000
vt 17.836431 51.948111 0.000000
vt 18.623332 50.341469 0.000000
vt 17.836431 50.341469 0.000000
vt 18.623332 48.734826 0.000000
vt 17.836431 48.734826 0.000000
vt 18.623332 47.128183 0.000000
vt 17.836431 47.128183 0.000000
vt 18.623332 45.521541 0.000000
vt 17.836431 45.521541 0.000000
vt 18.623332 43.914898 0.000000
vt 17.836431 43.914898 0.000000
vt 18.623332 42.308256 0.000000
vt 17.836431 42.308256 0.000000
vt 18.623332 40.701613 0.000000
vt 17.836431 40.701613 0.000000
vt 18.623332 39.094970 0.000000
vt 17.836431 39.094970 0.000000
vt 18.623332 37.488328 0.000000
vt 17.049529 53.554754 0.000000
vt 16.262628 51.948111 0.000000
vt 16.262628 50.341469 0.000000
vt 16.262628 48.734826 0.000000
vt 16.262628 47.128183 0.000000
vt 16.262628 45.521541 0.000000
vt 16.262628 43.914898 0.000000
vt 16.262628 42.308256 0.000000
vt 16.262628 40.701613 0.000000
vt 15.738027 53.554754 0.000000
vt 15.475727 51.948111 0.000000
vt 15.475727 50.341469 0.000000
vt 15.475727 48.734826 0.000000
vt 15.475727 47.128183 0.000000
vt 15.475727 45.521541 0.000000
vt 15.475727 43.914898 0.000000
vt 15.475727 42.308256 0.000000
vt 14.426525 53.554754 0.000000
vt 14.688825 51.948111 0.000000
vt 14.688825 50.341469 0.000000
vt 14.688825 48.734826 0.000000
vt 14.688825 47.128183 0.000000
vt 14.688825 45.521541 0.000000
vt 14.688825 43.914898 0.000000
vt 13.770774 51.948111 0.000000
vt 13.115022 53.554754 0.000000
vt 12.852722 51.948111 0.000000
vt 11.803520 53.554754 0.000000
vt 11.934670 51.948111 0.000000
vt 11.016619 51.948111 0.000000
vt 11.934670 50.341469 0.000000
vt 11.016619 50.341469 0.000000
vt 11.934670 48.734826 0.000000
vt 10.492018 53.554754 0.000000
vt 10.098567 51.948111 0.000000
vt 1.836103 51.948111 0.000000
vt 1.311502 53.554754 0.000000
vt 0.918052 51.948111 0.000000
vt 0.000000 53.554754 0.000000
vt 0.000000 51.881168 0.000000
vt 0.918052 50.341469 0.000000
vt 0.000000 50.207582 0.000000
vt 0.918052 48.734826 0.000000
vt 0.000000 48.533996 0.000000
vt 0.918052 47.128183 0.000000
vt 0.000000 46.860410 0.000000
vt 0.918052 45.521541 0.000000
vt 0.000000 45.186824 0.000000
vt 0.918052 43.914898 0.000000
vt 0.000000 43.513237 0.000000
vt 0.918052 42.308256 0.000000
vt 0.000000 41.839651 0.000000
vt 0.918052 40.701613 0.000000
vt 0.000000 40.166065 0.000000
vt 0.918052 39.094970 0.000000
vt 0.000000 38.492479 0.000000
vt 0.918052 37.488328 0.000000
vt 0.000000 36.818893 0.000000
vt 0.918052 36.149459 0.000000
vt 0.000000 35.145307 0.000000
vt 0.918052 34.810590 0.000000
vt 0.000000 33.471721 0.000000
vt 0.918052 33.471721 0.000000
vt 0.918052 32.132852 0.000000
vt 1.836103 32.132852 0.000000
vt 1.836103 30.793983 0.000000
vt 0.000000 31.798135 0.000000
vt 0.918052 30.793983 0.000000
vt 1.836103 29.455115 0.000000
vt 0.000000 30.124549 0.000000
vt 0.918052 29.455115 0.000000
vt 19.410233 29.455115 0.000000
vt 14.688825 29.455115 0.000000
vt 14.688825 30.793983 0.000000
vt 14.688825 32.132852 0.000000
vt 13.770774 29.455115 0.000000
vt 13.770774 30.793983 0.000000
vt 13.770774 32.132852 0.000000
vt 13.770774 33.471721 0.000000
vt 12.852722 29.455115 0.000000
vt 12.852722 30.793983 0.000000
vt 12.852722 32.132852 0.000000
vt 12.852722 33.471721 0.000000
vt 12.852722 34.810590 0.000000
vt 8.262464 29.455115 0.000000
vt 8.262464 30.793983 0.000000
vt 8.262464 32.132852 0.000000
vt 8.262464 33.471721 0.000000
vt 8.262464 34.810590 0.000000
vt 8.262464 36.149459 0.000000
vt 8.262464 37.488328 0.000000
vt 8.262464 39.094970 0.000000
vt 8.262464 40.701613 0.000000
vt 8.262464 42.308256 0.000000
vt 7.344413 29.455115 0.000000
vt 7.344413 30.793983 0.000000
vt 7.344413 32.132852 0.000000
vt 7.344413 33.471721 0.000000
vt 7.344413 34.810590 0.000000
vt 7.344413 36.149459 0.000000
vt 7.344413 37.488328 0.000000
vt 7.344413 39.094970 0.000000
vt 7.344413 40.701613 0.000000
vt 7.344413 42.308256 0.000000
vt 7.344413 43.914898 0.000000
vt 18.623332 30.793983 0.000000
vt 17.836431 32.132852 0.000000
vt 16.262628 33.471721 0.000000
vt 15.475727 34.810590 0.000000
vt 14.688825 36.149459 0.000000
vt 13.770774 37.488328 0.000000
vt 12.852722 39.094970 0.000000
vt 11.934670 40.701613 0.000000
vt 11.016619 42.308256 0.000000
vt 10.098567 43.914898 0.000000
vt 9.180516 45.521541 0.000000
vt 8.262464 47.128183 0.000000
vt 7.344413 48.734826 0.000000
vt 6.426361 50.341469 0.000000
vt 1.836103 33.471721 0.000000
vt 1.836103 34.810590 0.000000
vt 1.836103 36.149459 0.000000
vt 1.836103 37.488328 0.000000
vt 1.836103 39.094970 0.000000
vt 1.836103 40.701613 0.000000
vt 1.836103 42.308256 0.000000
vt 1.836103 43.914898 0.000000
vt 1.836103 45.521541 0.000000
vt 1.836103 47.128183 0.000000
vt 1.836103 48.734826 0.000000
vt 1.836103 50.341469 0.000000
vt 19.410233 36.149459 0.000000
vt 19.410233 37.488328 0.000000
vt 19.410233 39.094970 0.000000
vt 19.410233 40.701613 0.000000
vt 19.410233 42.308256 0.000000
vt 19.410233 43.914898 0.000000
vt 19.410233 45.521541 0.000000
vt 13.770774 45.521541 0.000000
vt 13.770774 47.128183 0.000000
vt 13.770774 48.734826 0.000000
vt 13.770774 50.341469 0.000000
vt 19.410233 47.128183 0.000000
vt 12.852722 47.128183 0.000000
vt 19.410233 48.734826 0.000000
vt 12.852722 48.734826 0.000000
vt 12.852722 50.341469 0.000000
vt 19.410233 50.341469 0.000000
vn 47.778640 82.755032 29.475517
vn 49.454462 85.657641 14.731758
vn 50.000000 86.602540 0.000000
vn 49.840406 86.326115 7.983477
vn 50.000000 86.602540 0.000000
vn 41.311939 71.554377 56.332006
vn 41.311939 71.554377 56.332006
vn 47.778640 82.755032 29.475517
vn 48.902894 84.702297 20.833333
vn 49.065518 84.983970 19.243172
vn 49.454462 85.657641 14.731758
vn 50.000000 86.602540 0.000000
vn 49.840406 86.326115 7.983477
vn 50.000000 86.602540 0.000000
vn 49.840406 86.326115 -7.983477
vn 47.778640 82.755032 -29.475517
vn 49.454462 85.657641 -14.731758
vn 49.065518 84.983970 -19.243172
vn 48.902894 84.702297 -20.833333
vn 47.778640 82.755032 -29.475517
vn 49.065518 84.983970 -19.243172
vn 49.454462 85.657641 -14.731758
vn 49.840406 86.326115 -7.983477
vn 31.174490 53.995801 78.183148
vn 31.174490 53.995801 78.183148
vn 18.267051 31.639461 93.087375
vn 18.267051 31.639461 93.087375
vn 3.736505 6.471816 99.720380
vn 3.736505 6.471816 99.720380
vn -11.126047 -19.270878 97.492791
vn -11.126047 -19.270878 97.492791
vn -25.000000 -43.301270 86.602540
vn -25.000000 -43.301270 86.602540
vn -36.652594 -63.484154 68.017274
vn -36.652594 -63.484154 68.017274
vn -45.048443 -78.026193 43.388374
vn -45.048443 -78.026193 43.388374
vn -49.441541 -85.635262 14.904227
vn -49.441541 -85.635262 14.904227
vn -49.441541 -85.635262 -14.904227
vn -49.441541 -85.635262 -14.904227
vn -45.048443 -78.026193 -43.388374
vn -45.048443 -78.026193 -43.388374
vn -36.652594 -63.484154 -68.017274
vn -36.652594 -63.484154 -68.017274
vn -25.000000 -43.301270 -86.602540
vn -25.000000 -43.301270 -86.602540
vn -11.126047 -19.270878 -97.492791
vn -11.126047 -19.270878 -97.492791
vn 3.736505 6.471816 -99.720380
vn 3.736505 6.471816 -99.720380
vn 18.267051 31.639461 -93.087375
vn 18.267051 31.639461 -93.087375
vn 31.174490 53.995801 -78.183148
vn 31.174490 53.995801 -78.183148
vn 41.311939 71.554377 -56.332006
vn 41.311939 71.554377 -56.332006
vn 49.065518 84.983970 19.243172
vn 86.602540 -50.000000 -0.000000
vn 86.602540 -50.000000 -0.000000
vn 86.602540 -50.000000 -0.000000
vn 86.602540 -50.000000 -0.000000
vn 86.602540 -50.000000 -0.000000
vn 86.602540 -50.000000 -0.000000
vn 86.602540 -50.000000 -0.000000
vn 86.602540 -50.000000 -0.000000
vn 86.602540 -50.000000 -0.000000
vn 86.602540 -50.000000 -0.000000
vn 86.602540 -50.000000 -0.000000
vn 86.602540 -50.000000 -0.000000
vn 86.602540 -50.000000 -0.000000
vn 86.602540 -50.000000 -0.000000
vn 86.602540 -50.000000 -0.000000
vn 86.602540 -50.000000 -0.000000
vn 86.602540 -50.000000 -0.000000
vn 86.602540 -50.000000 -0.000000
vn 86.602540 -50.000000 -0.000000
vn 86.602540 -50.000000 -0.000000
vn 86.602540 -50.000000 -0.000000
vn 86.602540 -50.000000 -0.000000
vn 86.602540 -50.000000 -0.000000
vn 86.602540 -50.000000 -0.000000
vn 86.602540 -50.000000 -0.000000
vn 86.602540 -50.000000 -0.000000
vn 86.602540 -50.000000 -0.000000
vn 86.602540 -50.000000 -0.000000
vn 86.602540 -50.000000 -0.000000
vn 86.602540 -50.000000 -0.000000
vn 86.602540 -50.000000 -0.000000
vn 86.602540 -50.000000 -0.000000
vn 86.602540 -50.000000 -0.000000
vn 86.602540 -50.000000 -0.000000
vn 86.602540 -50.000000 -0.000000
vn 86.602540 -50.000000 -0.000000
vn 86.602540 -50.000000 -0.000000
vn 86.602540 -50.000000 -0.000000
vn 86.602540 -50.000000 -0.000000
vn 86.602540 -50.000000 -0.000000
vn 86.602540 -50.000000 -0.000000
vn 86.602540 -50.000000 -0.000000
vn -47.778640 -82.755032 -29.475517
vn -47.778640 -82.755032 -29.475517
vn -50.000000 -86.602540 -0.000000
vn -50.000000 -86.602540 -0.000000
vn -47.778640 -82.755032 29.475517
vn -47.778640 -82.755032 29.475517
vn -41.311939 -71.554377 56.332006
vn -41.311939 -71.554377 56.332006
vn -31.174490 -53.995801 78.183148
vn -31.174490 -53.995801 78.183148
vn -18.267051 -31.639461 93.087375
vn -18.267051 -31.639461 93.087375
vn -3.736505 -6.471816 99.720380
vn -3.736505 -6.471816 99.720380
vn 11.126047 19.270878 97.492791
vn 11.126047 19.270878 97.492791
vn 25.000000 43.301270 86.602540
vn 25.000000 43.301270 86.602540
vn 36.652594 63.484154 68.017274
vn 36.652594 63.484154 68.017274
vn 45.048443 78.026193 43.388374
vn 45.048443 78.026193 43.388374
vn 49.441541 85.635262 14.904227
vn 49.441541 85.635262 14.904227
vn 49.441541 85.635262 -14.904227
vn 49.441541 85.635262 -14.904227
vn 45.048443 78.026193 -43.388374
vn 45.048443 78.026193 -43.388374
vn 36.652594 63.484154 -68.017274
vn 36.652594 63.484154 -68.017274
vn 25.000000 43.301270 -86.602540
vn 25.000000 43.301270 -86.602540
vn 11.126047 19.270878 -97.492791
vn 11.126047 19.270878 -97.492791
vn -3.736505 -6.471816 -99.720380
vn -3.736505 -6.471816 -99.720380
vn -18.267051 -31.639461 -93.087375
vn -18.267051 -31.639461 -93.087375
vn -31.174490 -53.995801 -78.183148
vn -31.174490 -53.995801 -78.183148
vn -41.311939 -71.554377 -56.332006
vn -41.311939 -71.554377 -56.332006
vn -86.602540 50.000000 0.000000
vn -86.602540 50.000000 0.000000
vn -86.602540 50.000000 0.000000
vn -86.602540 50.000000 0.000000
vn -86.602540 50.000000 0.000000
vn -86.602540 50.000000 0.000000
vn -86.602540 50.000000 0.000000
vn -86.602540 50.000000 0.000000
vn -86.602540 50.000000 0.000000
vn -86.602540 50.000000 0.000000
vn -86.602540 50.000000 0.000000
vn -86.602540 50.000000 0.000000
vn -86.602540 50.000000 0.000000
vn -86.602540 50.000000 0.000000
vn -86.602540 50.000000 0.000000
vn -86.602540 50.000000 0.000000
vn -86.602540 50.000000 0.000000
vn -86.602540 50.000000 0.000000
vn -86.602540 50.000000 0.000000
vn -86.602540 50.000000 0.000000
vn -86.602540 50.000000 0.000000
vn -86.602540 50.000000 0.000000
vn -86.602540 50.000000 0.000000
vn -86.602540 50.000000 0.000000
vn -86.602540 50.000000 0.000000
vn -86.602540 50.000000 0.000000
vn -86.602540 50.000000 0.000000
vn -86.602540 50.000000 0.000000
vn -86.602540 50.000000 0.000000
vn -86.602540 50.000000 0.000000
vn -86.602540 50.000000 0.000000
vn -86.602540 50.000000 0.000000
vn -86.602540 50.000000 0.000000
vn -86.602540 50.000000 0.000000
vn -86.602540 50.000000 0.000000
vn -86.602540 50.000000 0.000000
vn -86.602540 50.000000 0.000000
vn -86.602540 50.000000 0.000000
vn -86.602540 50.000000 0.000000
vn -86.602540 50.000000 0.000000
vn -86.602540 50.000000 0.000000
vn -86.602540 50.000000 0.000000
vn 75.000000 -43.301270 50.000000
vn 79.991521 -46.183126 38.320692
vn 86.602540 -50.000000 0.000000
vn 86.602540 -50.000000 0.000000
vn 79.991521 -46.183126 -38.320692
vn 61.235720 -35.354460 70.712437
vn 43.301270 -25.000000 86.602540
vn 33.184657 -19.159171 92.367228
vn 0.000000 -0.000000 100.000000
vn -0.000000 0.000000 100.000000
vn -33.184657 19.159171 92.367228
vn -43.301270 25.000000 86.602540
vn -61.235720 35.354460 70.712437
vn -75.000000 43.301270 50.000000
vn -79.991521 46.183126 38.320692
vn -86.602540 50.000000 -0.000000
vn -86.602540 50.000000 0.000000
vn -79.991521 46.183126 -38.320692
vn -75.000000 43.301270 -50.000000
vn -61.235720 35.354460 -70.712437
vn -43.301270 25.000000 -86.602540
vn -33.184657 19.159171 -92.367228
vn 0.000000 -0.000000 -100.000000
vn -0.000000 0.000000 -100.000000
vn 33.184657 -19.159171 -92.367228
vn 43.301270 -25.000000 -86.602540
vn 61.235720 -35.354460 -70.712437
vn 75.000000 -43.301270 -50.000000
vn 75.000000 43.301270 -50.000000
vn 79.991521 46.183126 -38.320692
vn 86.602540 50.000000 -0.000000
vn 86.602540 50.000000 -0.000000
vn 79.991521 46.183126 38.320692
vn 61.235720 35.354460 -70.712437
vn 43.301270 25.000000 -86.602540
vn 33.184657 19.159171 -92.367228
vn 0.000000 0.000000 -100.000000
vn -0.000000 -0.000000 -100.000000
vn -33.184657 -19.159171 -92.367228
vn -43.301270 -25.000000 -86.602540
vn -61.235720 -35.354460 -70.712437
vn -75.000000 -43.301270 -50.000000
vn -79.991521 -46.183126 -38.320692
vn -86.602540 -50.000000 -0.000000
vn -86.602540 -50.000000 0.000000
vn -79.991521 -46.183126 38.320692
vn -75.000000 -43.301270 50.000000
vn -61.235720 -35.354460 70.712437
vn -43.301270 -25.000000 86.602540
vn -33.184657 -19.159171 92.367228
vn 0.000000 0.000000 100.000000
vn -0.000000 -0.000000 100.000000
vn 33.184657 19.159171 92.367228
vn 43.301270 25.000000 86.602540
vn 61.235720 35.354460 70.712437
vn 75.000000 43.301270 50.000000
vn 86.602540 50.000000 0.000000
vn 86.602540 50.000000 0.000000
vn 86.602540 50.000000 0.000000
vn 86.602540 50.000000 0.000000
vn 86.602540 50.000000 0.000000
vn 86.602540 50.000000 0.000000
vn 86.602540 50.000000 0.000000
vn 86.602540 50.000000 0.000000
vn 86.602540 50.000000 0.000000
vn 86.602540 50.000000 0.000000
vn 86.602540 50.000000 0.000000
vn 86.602540 50.000000 0.000000
vn 86.602540 50.000000 0.000000
vn 86.602540 50.000000 0.000000
vn 86.602540 50.000000 0.000000
vn 86.602540 50.000000 0.000000
vn 86.602540 50.000000 0.000000
vn 86.602540 50.000000 0.000000
vn 86.602540 50.000000 0.000000
vn 86.602540 50.000000 0.000000
vn 86.602540 50.000000 0.000000
vn 86.602540 50.000000 0.000000
vn 86.602540 50.000000 0.000000
vn 86.602540 50.000000 0.000000
vn 86.602540 50.000000 0.000000
vn 86.602540 50.000000 0.000000
vn 86.602540 50.000000 0.000000
vn 86.602540 50.000000 0.000000
vn 86.602540 50.000000 0.000000
vn 86.602540 50.000000 0.000000
vn 86.602540 50.000000 0.000000
vn 86.602540 50.000000 0.000000
vn 86.602540 50.000000 0.000000
vn 86.602540 50.000000 0.000000
vn 86.602540 50.000000 0.000000
vn 86.602540 50.000000 0.000000
vn 86.602540 50.000000 0.000000
vn 86.602540 50.000000 0.000000
vn 86.602540 50.000000 0.000000
vn 86.602540 50.000000 0.000000
vn 86.602540 50.000000 0.000000
vn 86.602540 50.000000 0.000000
vn -47.778640 82.755032 29.475517
vn -47.778640 82.755032 29.475517
vn -50.000000 86.602540 0.000000
vn -50.000000 86.602540 0.000000
vn -47.778640 82.755032 -29.475517
vn -47.778640 82.755032 -29.475517
vn -41.311939 71.554377 -56.332006
vn -41.311939 71.554377 -56.332006
vn -31.174490 53.995801 -78.183148
vn -31.174490 53.995801 -78.183148
vn -18.267051 31.639461 -93.087375
vn -18.267051 31.639461 -93.087375
vn -3.736505 6.471816 -99.720380
vn -3.736505 6.471816 -99.720380
vn 11.126047 -19.270878 -97.492791
vn 11.126047 -19.270878 -97.492791
vn 25.000000 -43.301270 -86.602540
vn 25.000000 -43.301270 -86.602540
vn 36.652594 -63.484154 -68.017274
vn 36.652594 -63.484154 -68.017274
vn 45.048443 -78.026193 -43.388374
vn 45.048443 -78.026193 -43.388374
vn 49.441541 -85.635262 -14.904227
vn 49.441541 -85.635262 -14.904227
vn 49.441541 -85.635262 14.904227
vn 49.441541 -85.635262 14.904227
vn 45.048443 -78.026193 43.388374
vn 45.048443 -78.026193 43.388374
vn 36.652594 -63.484154 68.017274
vn 36.652594 -63.484154 68.017274
vn 25.000000 -43.301270 86.602540
vn 25.000000 -43.301270 86.602540
vn 11.126047 -19.270878 97.492791
vn 11.126047 -19.270878 97.492791
vn -3.736505 6.471816 99.720380
vn -3.736505 6.471816 99.720380
vn -18.267051 31.639461 93.087375
vn -18.267051 31.639461 93.087375
vn -31.174490 53.995801 78.183148
vn -31.174490 53.995801 78.183148
vn -41.311939 71.554377 56.332006
vn -41.311939 71.554377 56.332006
vn 49.065518 -84.983970 -19.243172
vn 47.778640 -82.755032 -29.475517
vn 48.902894 -84.702297 -20.833333
vn 47.778640 -82.755032 -29.475517
vn 49.065518 -84.983970 -19.243172
vn 49.454462 -85.657641 -14.731758
vn 49.840406 -86.326115 -7.983477
vn 50.000000 -86.602540 -0.000000
vn 50.000000 -86.602540 -0.000000
vn 49.840406 -86.326115 7.983477
vn 49.454462 -85.657641 14.731758
vn 47.778640 -82.755032 29.475517
vn 49.065518 -84.983970 19.243172
vn 48.902894 -84.702297 20.833333
vn 47.778640 -82.755032 29.475517
vn 49.065518 -84.983970 19.243172
vn 49.454462 -85.657641 14.731758
vn 50.000000 -86.602540 -0.000000
vn 49.840406 -86.326115 7.983477
vn 50.000000 -86.602540 -0.000000
vn 49.840406 -86.326115 -7.983477
vn 49.454462 -85.657641 -14.731758
vn 41.311939 -71.554377 56.332006
vn 41.311939 -71.554377 56.332006
vn 31.174490 -53.995801 78.183148
vn 31.174490 -53.995801 78.183148
vn 18.267051 -31.639461 93.087375
vn 18.267051 -31.639461 93.087375
vn 3.736505 -6.471816 99.720380
vn 3.736505 -6.471816 99.720380
vn -11.126047 19.270878 97.492791
vn -11.126047 19.270878 97.492791
vn -25.000000 43.301270 86.602540
vn -25.000000 43.301270 86.602540
vn -36.652594 63.484154 68.017274
vn -36.652594 63.484154 68.017274
vn -45.048443 78.026193 43.388374
vn -45.048443 78.026193 43.388374
vn -49.441541 85.635262 14.904227
vn -49.441541 85.635262 14.904227
vn -49.441541 85.635262 -14.904227
vn -49.441541 85.635262 -14.904227
vn -45.048443 78.026193 -43.388374
vn -45.048443 78.026193 -43.388374
vn -36.652594 63.484154 -68.017274
vn -36.652594 63.484154 -68.017274
vn -25.000000 43.301270 -86.602540
vn -25.000000 43.301270 -86.602540
vn -11.126047 19.270878 -97.492791
vn -11.126047 19.270878 -97.492791
vn 3.736505 -6.471816 -99.720380
vn 3.736505 -6.471816 -99.720380
vn 18.267051 -31.639461 -93.087375
vn 18.267051 -31.639461 -93.087375
vn 31.174490 -53.995801 -78.183148
vn 31.174490 -53.995801 -78.183148
vn 41.311939 -71.554377 -56.332006
vn 41.311939 -71.554377 -56.332006
vn -86.602540 -50.000000 -0.000000
vn -86.602540 -50.000000 -0.000000
vn -86.602540 -50.000000 -0.000000
vn -86.602540 -50.000000 -0.000000
vn -86.602540 -50.000000 -0.000000
vn -86.602540 -50.000000 -0.000000
vn -86.602540 -50.000000 -0.000000
vn -86.602540 -50.000000 -0.000000
vn -86.602540 -50.000000 -0.000000
vn -86.602540 -50.000000 -0.000000
vn -86.602540 -50.000000 -0.000000
vn -86.602540 -50.000000 -0.000000
vn -86.602540 -50.000000 -0.000000
vn -86.602540 -50.000000 -0.000000
vn -86.602540 -50.000000 -0.000000
vn -86.602540 -50.000000 -0.000000
vn -86.602540 -50.000000 -0.000000
vn -86.602540 -50.000000 -0.000000
vn -86.602540 -50.000000 -0.000000
vn -86.602540 -50.000000 -0.000000
vn -86.602540 -50.000000 -0.000000
vn -86.602540 -50.000000 -0.000000
vn -86.602540 -50.000000 -0.000000
vn -86.602540 -50.000000 -0.000000
vn -86.602540 -50.000000 -0.000000
vn -86.602540 -50.000000 -0.000000
vn -86.602540 -50.000000 -0.000000
vn -86.602540 -50.000000 -0.000000
vn -86.602540 -50.000000 -0.000000
vn -86.602540 -50.000000 -0.000000
vn -86.602540 -50.000000 -0.000000
vn -86.602540 -50.000000 -0.000000
vn -86.602540 -50.000000 -0.000000
vn -86.602540 -50.000000 -0.000000
vn -86.602540 -50.000000 -0.000000
vn -86.602540 -50.000000 -0.000000
vn -86.602540 -50.000000 -0.000000
vn -86.602540 -50.000000 -0.000000
vn -86.602540 -50.000000 -0.000000
vn -86.602540 -50.000000 -0.000000
vn -86.602540 -50.000000 -0.000000
vn -86.602540 -50.000000 -0.000000
vn -23.500640 0.000000 -97.199382
vn -41.541501 0.000000 -90.963200
vn -47.548383 0.000000 -87.972446
vn -65.486073 0.000000 -75.574957
vn -69.205679 0.000000 -72.184306
vn -84.125353 -0.000000 -54.064082
vn -85.891904 -0.000000 -51.211140
vn -95.949297 -0.000000 -28.173256
vn -96.408481 -0.000000 -26.559458
vn -100.000000 -0.000000 -0.000000
vn -100.000000 -0.000000 -0.000000
vn -96.408481 -0.000000 26.559458
vn -95.949297 -0.000000 28.173256
vn -85.891904 -0.000000 51.211140
vn -84.125353 -0.000000 54.064082
vn -69.205679 -0.000000 72.184306
vn -65.486073 -0.000000 75.574957
vn -47.548383 -0.000000 87.972446
vn -41.541501 -0.000000 90.963200
vn -23.500640 -0.000000 97.199382
vn -14.231484 -0.000000 98.982144
vn 2.106208 -0.000000 99.977817
vn 14.231484 -0.000000 98.982144
vn 27.573323 -0.000000 96.123420
vn 41.541501 -0.000000 90.963200
vn 51.211140 -0.000000 85.891904
vn 65.486073 -0.000000 75.574957
vn 71.451455 0.000000 69.962058
vn 84.125353 0.000000 54.064082
vn 86.951463 0.000000 49.390718
vn 95.949297 0.000000 28.173256
vn 96.682848 0.000000 25.542647
vn 100.000000 0.000000 0.000000
vn 100.000000 0.000000 0.000000
vn 96.682848 0.000000 -25.542647
vn 95.949297 0.000000 -28.173256
vn 86.951463 0.000000 -49.390718
vn 84.125353 0.000000 -54.064082
vn 71.451455 0.000000 -69.962058
vn 65.486073 0.000000 -75.574957
vn 51.211140 0.000000 -85.891904
vn 41.541501 0.000000 -90.963200
vn 27.573323 0.000000 -96.123420
vn 14.231484 0.000000 -98.982144
vn 2.106208 0.000000 -99.977817
vn -14.231484 0.000000 -98.982144
vn -23.500640 -0.000000 97.199382
vn -47.548383 -0.000000 87.972446
vn -69.205679 -0.000000 72.184306
vn -85.891904 -0.000000 51.211140
vn -96.408481 -0.000000 26.559458
vn -100.000000 -0.000000 0.000000
vn -96.408481 -0.000000 -26.559458
vn -85.891904 -0.000000 -51.211140
vn -69.205679 0.000000 -72.184306
vn -47.548383 0.000000 -87.972446
vn -23.500640 0.000000 -97.199382
vn 2.106208 0.000000 -99.977817
vn 27.573323 0.000000 -96.123420
vn 51.211140 0.000000 -85.891904
vn 71.451455 0.000000 -69.962058
vn 86.951463 0.000000 -49.390718
vn 96.682848 0.000000 -25.542647
vn 100.000000 0.000000 -0.000000
vn 96.682848 0.000000 25.542647
vn 86.951463 0.000000 49.390718
vn 71.451455 0.000000 69.962058
vn 51.211140 -0.000000 85.891904
vn 27.573323 -0.000000 96.123420
vn 2.106208 -0.000000 99.977817
vn 0.000000 -100.000000 -0.000000
vn 0.000000 -100.000000 -0.000000
vn 0.000000 -100.000000 -0.000000
vn 0.000000 -100.000000 -0.000000
vn 0.000000 -100.000000 -0.000000
vn 0.000000 -100.000000 -0.000000
vn 0.000000 -100.000000 -0.000000
vn 0.000000 -100.000000 -0.000000
vn 0.000000 -100.000000 -0.000000
vn 0.000000 -100.000000 -0.000000
vn 0.000000 -100.000000 -0.000000
vn 0.000000 -100.000000 -0.000000
vn 0.000000 -100.000000 -0.000000
vn 0.000000 -100.000000 -0.000000
vn 0.000000 -100.000000 -0.000000
vn 0.000000 -100.000000 -0.000000
vn 0.000000 -100.000000 -0.000000
vn 0.000000 -100.000000 -0.000000
vn 0.000000 -100.000000 -0.000000
vn 0.000000 -100.000000 -0.000000
vn 0.000000 -100.000000 -0.000000
vn 0.000000 -100.000000 -0.000000
vn 0.000000 -100.000000 -0.000000
vn 0.000000 -100.000000 -0.000000
vn 0.000000 -100.000000 -0.000000
vn 0.000000 -100.000000 -0.000000
vn 0.000000 -100.000000 -0.000000
vn 0.000000 -100.000000 -0.000000
vn -0.000000 100.000000 0.000000
vn -0.000000 100.000000 0.000000
vn -0.000000 100.000000 0.000000
vn -0.000000 100.000000 0.000000
vn -0.000000 100.000000 0.000000
vn -0.000000 100.000000 0.000000
vn -0.000000 100.000000 0.000000
vn -0.000000 100.000000 0.000000
vn -0.000000 100.000000 0.000000
vn -0.000000 100.000000 0.000000
vn -0.000000 100.000000 0.000000
vn -0.000000 100.000000 0.000000
vn -0.000000 100.000000 0.000000
vn -0.000000 100.000000 0.000000
vn -0.000000 100.000000 0.000000
vn -0.000000 100.000000 0.000000
vn -0.000000 100.000000 0.000000
vn -0.000000 100.000000 0.000000
vn -0.000000 100.000000 0.000000
vn -0.000000 100.000000 0.000000
vn -0.000000 100.000000 0.000000
vn -0.000000 100.000000 0.000000
vn -0.000000 100.000000 0.000000
vn -0.000000 100.000000 0.000000
vn -0.000000 100.000000 0.000000
vn -0.000000 100.000000 0.000000
vn -0.000000 100.000000 0.000000
vn -0.000000 100.000000 0.000000
vn 29.475517 95.557281 0.000000
vn 29.475517 95.557281 0.000000
vn -0.000000 100.000000 0.000000
vn -0.000000 100.000000 0.000000
vn -29.475517 95.557281 0.000000
vn -29.475517 95.557281 0.000000
vn -56.332006 82.623877 0.000000
vn -56.332006 82.623877 0.000000
vn -78.183148 62.348980 0.000000
vn -78.183148 62.348980 0.000000
vn -93.087375 36.534102 0.000000
vn -93.087375 36.534102 0.000000
vn -99.720380 7.473009 0.000000
vn -99.720380 7.473009 0.000000
vn -97.492791 -22.252093 -0.000000
vn -97.492791 -22.252093 -0.000000
vn -86.602540 -50.000000 -0.000000
vn -86.602540 -50.000000 -0.000000
vn -68.017274 -73.305187 -0.000000
vn -68.017274 -73.305187 -0.000000
vn -43.388374 -90.096887 -0.000000
vn -43.388374 -90.096887 -0.000000
vn -14.904227 -98.883083 -0.000000
vn -14.904227 -98.883083 -0.000000
vn 14.904227 -98.883083 -0.000000
vn 14.904227 -98.883083 -0.000000
vn 43.388374 -90.096887 -0.000000
vn 43.388374 -90.096887 -0.000000
vn 68.017274 -73.305187 -0.000000
vn 68.017274 -73.305187 -0.000000
vn 86.602540 -50.000000 -0.000000
vn 86.602540 -50.000000 -0.000000
vn 97.492791 -22.252093 -0.000000
vn 97.492791 -22.252093 -0.000000
vn 99.720380 7.473009 0.000000
vn 99.720380 7.473009 0.000000
vn 93.087375 36.534102 0.000000
vn 93.087375 36.534102 0.000000
vn 78.183148 62.348980 0.000000
vn 78.183148 62.348980 0.000000
vn 56.332006 82.623877 0.000000
vn 56.332006 82.623877 0.000000
vn 29.475517 95.557281 0.000000
vn 29.475517 95.557281 0.000000
vn -0.000000 100.000000 0.000000
vn -0.000000 100.000000 0.000000
vn -29.475517 95.557281 0.000000
vn -29.475517 95.557281 0.000000
vn -56.332006 82.623877 0.000000
vn -56.332006 82.623877 0.000000
vn -78.183148 62.348980 0.000000
vn -78.183148 62.348980 0.000000
vn -93.087375 36.534102 0.000000
vn -93.087375 36.534102 0.000000
vn -99.720380 7.473009 0.000000
vn -99.720380 7.473009 0.000000
vn -97.492791 -22.252093 -0.000000
vn -97.492791 -22.252093 -0.000000
vn -86.602540 -50.000000 -0.000000
vn -86.602540 -50.000000 -0.000000
vn -68.017274 -73.305187 -0.000000
vn -68.017274 -73.305187 -0.000000
vn -43.388374 -90.096887 -0.000000
vn -43.388374 -90.096887 -0.000000
vn -14.904227 -98.883083 -0.000000
vn -14.904227 -98.883083 -0.000000
vn 14.904227 -98.883083 -0.000000
vn 14.904227 -98.883083 -0.000000
vn 43.388374 -90.096887 -0.000000
vn 43.388374 -90.096887 -0.000000
vn 68.017274 -73.305187 -0.000000
vn 68.017274 -73.305187 -0.000000
vn 86.602540 -50.000000 -0.000000
vn 86.602540 -50.000000 -0.000000
vn 97.492791 -22.252093 -0.000000
vn 97.492791 -22.252093 -0.000000
vn 99.720380 7.473009 0.000000
vn 99.720380 7.473009 0.000000
vn 93.087375 36.534102 0.000000
vn 93.087375 36.534102 0.000000
vn 78.183148 62.348980 0.000000
vn 78.183148 62.348980 0.000000
vn 56.332006 82.623877 0.000000
vn 56.332006 82.623877 0.000000
vn 29.475517 95.557281 0.000000
vn 29.475517 95.557281 0.000000
vn -0.000000 100.000000 0.000000
vn -0.000000 100.000000 0.000000
vn -29.475517 95.557281 0.000000
vn -29.475517 95.557281 0.000000
vn -56.332006 82.623877 0.000000
vn -56.332006 82.623877 0.000000
vn -78.183148 62.348980 0.000000
vn -78.183148 62.348980 0.000000
vn -93.087375 36.534102 0.000000
vn -93.087375 36.534102 0.000000
vn -99.720380 7.473009 0.000000
vn -99.720380 7.473009 0.000000
vn -97.492791 -22.252093 -0.000000
vn -97.492791 -22.252093 -0.000000
vn -86.602540 -50.000000 -0.000000
vn -86.602540 -50.000000 -0.000000
vn -68.017274 -73.305187 -0.000000
vn -68.017274 -73.305187 -0.000000
vn -43.388374 -90.096887 -0.000000
vn -43.388374 -90.096887 -0.000000
vn -14.904227 -98.883083 -0.000000
vn -14.904227 -98.883083 -0.000000
vn 14.904227 -98.883083 -0.000000
vn 14.904227 -98.883083 -0.000000
vn 43.388374 -90.096887 -0.000000
vn 43.388374 -90.096887 -0.000000
vn 68.017274 -73.305187 -0.000000
vn 68.017274 -73.305187 -0.000000
vn 86.602540 -50.000000 -0.000000
vn 86.602540 -50.000000 -0.000000
vn 97.492791 -22.252093 -0.000000
vn 97.492791 -22.252093 -0.000000
vn 99.720380 7.473009 0.000000
vn 99.720380 7.473009 0.000000
vn 93.087375 36.534102 0.000000
vn 93.087375 36.534102 0.000000
vn 78.183148 62.348980 0.000000
vn 78.183148 62.348980 0.000000
vn 56.332006 82.623877 0.000000
vn 56.332006 82.623877 0.000000
vn 0.000000 0.000000 -100.000000
vn 0.000000 0.000000 -100.000000
vn 0.000000 0.000000 -100.000000
vn 0.000000 0.000000 -100.000000
vn 0.000000 0.000000 -100.000000
vn 0.000000 0.000000 -100.000000
vn 0.000000 0.000000 -100.000000
vn 0.000000 0.000000 -100.000000
vn 0.000000 0.000000 -100.000000
vn 0.000000 0.000000 -100.000000
vn 0.000000 0.000000 -100.000000
vn 0.000000 0.000000 -100.000000
vn 0.000000 0.000000 -100.000000
vn 0.000000 0.000000 -100.000000
vn 0.000000 0.000000 -100.000000
vn 0.000000 0.000000 -100.000000
vn 0.000000 0.000000 -100.000000
vn 0.000000 0.000000 -100.000000
vn 0.000000 0.000000 -100.000000
vn 0.000000 0.000000 -100.000000
vn 0.000000 0.000000 -100.000000
vn 0.000000 0.000000 -100.000000
vn 0.000000 0.000000 -100.000000
vn 0.000000 0.000000 -100.000000
vn 0.000000 0.000000 -100.000000
vn 0.000000 0.000000 -100.000000
vn 0.000000 0.000000 -100.000000
vn 0.000000 0.000000 -100.000000
vn 0.000000 0.000000 -100.000000
vn 0.000000 0.000000 -100.000000
vn 0.000000 0.000000 -100.000000
vn 0.000000 0.000000 -100.000000
vn 0.000000 0.000000 -100.000000
vn 0.000000 0.000000 -100.000000
vn 0.000000 0.000000 -100.000000
vn 0.000000 0.000000 -100.000000
vn 0.000000 0.000000 -100.000000
vn 0.000000 0.000000 -100.000000
vn 0.000000 0.000000 -100.000000
vn 0.000000 0.000000 -100.000000
vn 0.000000 0.000000 -100.000000
vn 0.000000 0.000000 -100.000000
vn 0.000000 0.000000 -100.000000
vn 0.000000 0.000000 -100.000000
vn 0.000000 0.000000 -100.000000
vn 0.000000 0.000000 -100.000000
vn 0.000000 0.000000 -100.000000
vn 0.000000 0.000000 -100.000000
vn 0.000000 0.000000 -100.000000
vn 0.000000 0.000000 -100.000000
vn 0.000000 0.000000 -100.000000
vn 0.000000 0.000000 -100.000000
vn 0.000000 0.000000 -100.000000
vn 0.000000 0.000000 -100.000000
vn 0.000000 0.000000 -100.000000
vn 0.000000 0.000000 -100.000000
vn 0.000000 0.000000 -100.000000
vn 0.000000 0.000000 -100.000000
vn 0.000000 0.000000 -100.000000
vn 0.000000 0.000000 -100.000000
vn 0.000000 0.000000 -100.000000
vn 0.000000 0.000000 -100.000000
vn 0.000000 0.000000 -100.000000
vn 0.000000 0.000000 -100.000000
vn 0.000000 0.000000 -100.000000
vn 0.000000 0.000000 -100.000000
vn 0.000000 0.000000 -100.000000
vn 0.000000 0.000000 -100.000000
vn 0.000000 0.000000 -100.000000
vn 0.000000 0.000000 -100.000000
vn 0.000000 0.000000 -100.000000
vn 0.000000 0.000000 -100.000000
vn 0.000000 0.000000 -100.000000
vn 0.000000 0.000000 -100.000000
vn 0.000000 0.000000 -100.000000
vn 0.000000 0.000000 -100.000000
vn 0.000000 0.000000 -100.000000
vn 0.000000 0.000000 -100.000000
vn 0.000000 0.000000 -100.000000
vn 0.000000 0.000000 -100.000000
vn 0.000000 0.000000 -100.000000
vn 0.000000 0.000000 -100.000000
vn 0.000000 0.000000 -100.000000
vn 0.000000 0.000000 -100.000000
vn 0.000000 0.000000 -100.000000
vn 0.000000 0.000000 -100.000000
vn 0.000000 0.000000 -100.000000
vn 0.000000 0.000000 -100.000000
vn 0.000000 0.000000 -100.000000
vn 0.000000 0.000000 -100.000000
vn 0.000000 0.000000 -100.000000
vn 0.000000 0.000000 -100.000000
vn 0.000000 0.000000 -100.000000
vn 0.000000 0.000000 -100.000000
vn 0.000000 0.000000 -100.000000
vn 0.000000 0.000000 -100.000000
vn 0.000000 0.000000 -100.000000
vn 0.000000 0.000000 -100.000000
vn 0.000000 0.000000 -100.000000
vn 0.000000 0.000000 -100.000000
vn -50.000000 86.602540 0.000000
vn -50.000000 86.602540 0.000000
vn -50.000000 86.602540 0.000000
vn -50.000000 86.602540 0.000000
vn -50.000000 86.602540 0.000000
vn -50.000000 86.602540 0.000000
vn -50.000000 86.602540 0.000000
vn -50.000000 86.602540 0.000000
vn -50.000000 86.602540 0.000000
vn -50.000000 86.602540 0.000000
vn -50.000000 86.602540 0.000000
vn -50.000000 86.602540 0.000000
vn -50.000000 86.602540 0.000000
vn -50.000000 86.602540 0.000000
vn -50.000000 86.602540 0.000000
vn -50.000000 86.602540 0.000000
vn -50.000000 86.602540 0.000000
vn -50.000000 86.602540 0.000000
vn -50.000000 86.602540 0.000000
vn -50.000000 86.602540 0.000000
vn -50.000000 86.602540 0.000000
vn -50.000000 86.602540 0.000000
vn -50.000000 86.602540 0.000000
vn -50.000000 86.602540 0.000000
vn -50.000000 86.602540 0.000000
vn -50.000000 86.602540 0.000000
vn -50.000000 86.602540 0.000000
vn -50.000000 86.602540 0.000000
vn -50.000000 86.602540 0.000000
vn -50.000000 86.602540 0.000000
vn -50.000000 86.602540 0.000000
vn -50.000000 86.602540 0.000000
vn -50.000000 86.602540 0.000000
vn -50.000000 -86.602540 -0.000000
vn -50.000000 -86.602540 -0.000000
vn -50.000000 -86.602540 -0.000000
vn -50.000000 -86.602540 -0.000000
vn -50.000000 -86.602540 -0.000000
vn -50.000000 -86.602540 -0.000000
vn -50.000000 -86.602540 -0.000000
vn -50.000000 -86.602540 -0.000000
vn -50.000000 -86.602540 -0.000000
vn -50.000000 -86.602540 -0.000000
vn -50.000000 -86.602540 -0.000000
vn -50.000000 -86.602540 -0.000000
vn -50.000000 -86.602540 -0.000000
vn -50.000000 -86.602540 -0.000000
vn -50.000000 -86.602540 -0.000000
vn -50.000000 -86.602540 -0.000000
vn -50.000000 -86.602540 -0.000000
vn -50.000000 -86.602540 -0.000000
vn -50.000000 -86.602540 -0.000000
vn -50.000000 -86.602540 -0.000000
vn -50.000000 -86.602540 -0.000000
vn -50.000000 -86.602540 -0.000000
vn -50.000000 -86.602540 -0.000000
vn -50.000000 -86.602540 -0.000000
vn -50.000000 -86.602540 -0.000000
vn -50.000000 -86.602540 -0.000000
vn -50.000000 -86.602540 -0.000000
vn -50.000000 -86.602540 -0.000000
vn -50.000000 -86.602540 -0.000000
vn -50.000000 -86.602540 -0.000000
vn -50.000000 -86.602540 -0.000000
vn -50.000000 -86.602540 -0.000000
vn -50.000000 -86.602540 -0.000000
vn -100.000000 -0.000000 -0.000000
vn -100.000000 -0.000000 -0.000000
vn -100.000000 -0.000000 -0.000000
vn -100.000000 -0.000000 -0.000000
vn 0.000000 -0.000000 100.000000
vn 0.000000 -0.000000 100.000000
vn 0.000000 -0.000000 100.000000
vn 0.000000 -0.000000 100.000000
vn 0.000000 -0.000000 100.000000
vn 0.000000 -0.000000 100.000000
vn 0.000000 -0.000000 100.000000
vn 0.000000 -0.000000 100.000000
vn 0.000000 -0.000000 100.000000
vn 0.000000 -0.000000 100.000000
vn 0.000000 -0.000000 100.000000
vn 0.000000 -0.000000 100.000000
vn 0.000000 -0.000000 100.000000
vn 0.000000 -0.000000 100.000000
vn 0.000000 -0.000000 100.000000
vn 0.000000 -0.000000 100.000000
vn 0.000000 -0.000000 100.000000
vn 0.000000 -0.000000 100.000000
vn 0.000000 -0.000000 100.000000
vn 0.000000 -0.000000 100.000000
vn 0.000000 -0.000000 100.000000
vn 0.000000 -0.000000 100.000000
vn 0.000000 -0.000000 100.000000
vn 0.000000 -0.000000 100.000000
vn 0.000000 -0.000000 100.000000
vn 0.000000 -0.000000 100.000000
vn 0.000000 -0.000000 100.000000
vn 0.000000 -0.000000 100.000000
vn 0.000000 -0.000000 100.000000
vn 0.000000 -0.000000 100.000000
vn 0.000000 -0.000000 100.000000
vn 0.000000 -0.000000 100.000000
vn 0.000000 -0.000000 100.000000
vn 0.000000 -0.000000 100.000000
vn 0.000000 -0.000000 100.000000
vn 0.000000 -0.000000 100.000000
vn 0.000000 -0.000000 100.000000
vn 0.000000 -0.000000 100.000000
vn 0.000000 -0.000000 100.000000
vn 0.000000 -0.000000 100.000000
vn 0.000000 -0.000000 100.000000
vn 0.000000 -0.000000 100.000000
vn 0.000000 -0.000000 100.000000
vn 0.000000 -0.000000 100.000000
vn 0.000000 -0.000000 100.000000
vn 0.000000 -0.000000 100.000000
vn 0.000000 -0.000000 100.000000
vn 0.000000 -0.000000 100.000000
vn 0.000000 -0.000000 100.000000
vn 0.000000 -0.000000 100.000000
vn 0.000000 -0.000000 100.000000
vn 0.000000 -0.000000 100.000000
vn 0.000000 -0.000000 100.000000
vn 0.000000 -0.000000 100.000000
vn 0.000000 -0.000000 100.000000
vn 0.000000 -0.000000 100.000000
vn 0.000000 -0.000000 100.000000
vn 0.000000 -0.000000 100.000000
vn 0.000000 -0.000000 100.000000
vn 0.000000 -0.000000 100.000000
vn 0.000000 -0.000000 100.000000
vn 0.000000 -0.000000 100.000000
vn 0.000000 -0.000000 100.000000
vn 0.000000 -0.000000 100.000000
vn 0.000000 -0.000000 100.000000
vn 0.000000 -0.000000 100.000000
vn 0.000000 -0.000000 100.000000
vn 0.000000 -0.000000 100.000000
vn 0.000000 -0.000000 100.000000
vn 0.000000 -0.000000 100.000000
vn 0.000000 -0.000000 100.000000
vn 0.000000 -0.000000 100.000000
vn 0.000000 -0.000000 100.000000
vn 0.000000 -0.000000 100.000000
vn 0.000000 -0.000000 100.000000
vn 0.000000 -0.000000 100.000000
vn 0.000000 -0.000000 100.000000
vn 0.000000 -0.000000 100.000000
vn 0.000000 -0.000000 100.000000
vn 0.000000 -0.000000 100.000000
vn 0.000000 -0.000000 100.000000
vn 0.000000 -0.000000 100.000000
vn 0.000000 -0.000000 100.000000
vn 0.000000 -0.000000 100.000000
vn 0.000000 -0.000000 100.000000
vn 0.000000 -0.000000 100.000000
vn 0.000000 -0.000000 100.000000
vn 0.000000 -0.000000 100.000000
vn 0.000000 -0.000000 100.000000
vn 0.000000 -0.000000 100.000000
vn 0.000000 -0.000000 100.000000
vn 0.000000 -0.000000 100.000000
vn 0.000000 -0.000000 100.000000
vn 0.000000 -0.000000 100.000000
vn 0.000000 -0.000000 100.000000
vn 0.000000 -0.000000 100.000000
vn 0.000000 -0.000000 100.000000
vn 0.000000 -0.000000 100.000000
vn 0.000000 -0.000000 100.000000
vn 0.000000 -0.000000 100.000000
vn 25.869252 -3.126411 -96.545364
vn 25.881905 -0.000000 -96.592583
vn 36.789303 -3.562235 -92.918554
vn 41.557594 -0.000000 -90.955849
vn 47.734578 -4.622044 -87.749910
vn 56.662113 -0.000000 -82.397846
vn 57.976094 -5.613709 -81.285046
vn 67.058832 -6.493173 -73.898253
vn 57.709490 -11.089796 -80.911255
vn 66.647228 -12.807325 -73.444669
vn 57.289071 -16.320830 -80.321808
vn 66.002004 -18.803019 -72.733637
vn 56.741943 -21.246171 -79.554711
vn 65.169242 -24.401647 -71.815942
vn 56.092742 -25.858200 -78.644503
vn 64.191030 -29.591431 -70.737960
vn 55.358037 -30.190899 -77.614415
vn 63.096581 -34.411308 -69.531887
vn 54.545259 -34.298832 -76.474864
vn 61.900910 -38.924169 -68.214268
vn 53.653376 -38.244010 -75.224404
vn 60.606443 -43.200140 -66.787776
vn 52.466696 -42.849505 -73.560626
vn 58.911428 -48.112912 -64.919884
vn 51.126014 -47.412812 -71.680931
vn 57.032132 -52.889977 -62.848916
vn 49.584826 -52.041313 -69.520117
vn 54.915872 -57.636464 -60.516816
vn 47.773397 -56.844759 -66.980414
vn 52.484893 -62.450888 -57.837899
vn 45.593970 -61.925883 -63.924760
vn 49.634660 -67.413962 -54.696967
vn 42.919529 -67.356323 -60.175076
vn 46.238429 -72.564882 -50.954349
vn 39.596751 -73.143881 -55.516394
vn 42.157692 -77.874501 -46.457412
vn 35.461998 -79.186105 -49.719288
vn 37.266230 -83.214929 -41.067064
vn 30.381728 -85.220224 -42.596525
vn 31.493426 -88.338517 -34.705483
vn 24.223025 -90.401559 -35.225037
vn 25.004563 -93.318299 -25.816019
vn 32.201893 -90.325756 -28.360112
vn 25.404422 -94.810592 -19.119808
vn 32.674132 -91.650379 -23.078324
vn 25.632202 -95.660680 -13.857293
vn 33.002178 -92.570543 -18.481093
vn 33.236756 -93.228530 -14.274428
vn 40.256292 -89.891690 -17.289158
vn 40.556699 -90.562495 -12.393086
vn 47.111175 -87.024671 -14.395966
vn 47.430168 -87.613920 -8.612789
vn 53.483776 -83.935462 -9.712056
vn 53.714469 -84.297503 -2.947338
vn 59.258522 -80.485123 -3.251543
vn 59.234241 -80.452144 4.330959
vn 64.266931 -76.470136 4.698929
vn 63.814688 -75.932020 12.728472
vn 68.337508 -71.723023 13.630593
vn 67.328737 -70.664276 21.757787
vn 71.347645 -66.165777 23.056528
vn 69.668263 -64.608366 31.178393
vn 73.180535 -59.766478 32.750228
vn 70.657028 -57.705533 40.959197
vn 73.638548 -52.489397 42.687555
vn 70.587861 -50.314874 49.857470
vn 72.656841 -45.687651 51.318827
vn 68.618901 -43.148537 58.563216
vn 70.258591 -38.317290 59.962619
vn 58.849935 -32.095293 74.206316
vn 59.734929 -27.537212 75.322242
vn 52.202213 -24.064705 81.827984
vn 52.724265 -19.741812 82.646311
vn 44.079987 -16.505091 88.230021
vn 44.335029 -12.630410 88.740509
vn 35.053102 -9.986123 93.121197
vn 35.148746 -6.754391 93.375285
vn 25.832569 -6.171482 96.408460
vn 25.869252 -3.126411 96.545364
vn 35.208721 -3.409190 93.534611
vn 25.881905 -0.000000 96.592583
vn 41.557594 -0.000000 90.955849
vn 44.651158 -4.323482 89.373271
vn 53.709962 -5.200628 84.191410
vn 53.497779 -10.280449 83.858810
vn 61.699005 -11.856445 77.798827
vn 61.186027 -17.431017 77.151991
vn 74.338717 -21.178029 63.444828
vn 73.154851 -27.391739 62.434450
vn 78.108636 -29.246610 55.169528
vn 76.440696 -35.238406 53.991432
vn 80.359457 -37.044916 46.583601
vn 78.242687 -42.671618 45.356530
vn 81.711946 -44.563665 36.568260
vn 79.163706 -49.779260 35.427855
vn 81.654066 -51.345234 26.387125
vn 78.749642 -56.132573 25.448538
vn 80.377309 -57.292771 16.032050
vn 76.543975 -62.513397 15.267454
vn 77.328088 -63.153782 5.653906
vn 73.218059 -67.900346 5.353398
vn 73.263931 -67.942886 -4.020026
vn 68.931965 -72.346930 -3.782329
vn 68.446430 -71.837341 -12.429107
vn 63.903356 -76.037524 -11.604135
vn 63.129533 -75.116765 -19.290765
vn 58.340118 -79.237744 -17.827243
vn 57.456398 -78.037472 -24.676211
vn 52.361396 -82.174041 -22.488024
vn 51.458305 -80.756763 -28.816454
vn 46.000405 -84.972834 -25.760050
vn 45.124296 -83.354468 -31.872098
vn 39.268241 -87.685388 -27.735861
vn 38.456280 -85.872292 -33.868333
vn 69.572767 -0.000000 -71.830565
vn 74.848057 -7.247388 -65.918463
vn 74.277008 -14.273508 -65.415542
vn 73.386968 -20.906889 -64.631686
vn 72.247303 -27.051921 -63.627987
vn 70.921287 -32.694013 -62.460168
vn 69.453466 -37.878195 -61.167462
vn 67.868247 -42.676515 -59.771365
vn 66.172830 -47.167849 -58.278217
vn 63.984035 -52.255705 -56.350551
vn 61.596568 -57.122906 -54.247916
vn 58.954601 -61.875277 -51.921143
vn 55.976538 -66.605538 -49.298372
vn 52.556339 -71.382195 -46.286212
vn 48.572727 -76.228243 -42.777858
vn 43.904239 -81.100755 -38.666333
vn 79.899509 -0.000000 -60.133755
vn 81.425756 -7.884293 -57.512469
vn 80.692073 -15.506265 -56.994255
vn 79.554601 -22.663959 -56.190839
vn 78.108636 -29.246610 -55.169528
vn 76.440696 -35.238406 -53.991432
vn 74.611928 -40.691492 -52.699740
vn 72.656841 -45.687651 -51.318827
vn 70.587861 -50.314874 -49.857470
vn 67.948920 -55.493824 -47.993539
vn 65.109590 -60.380782 -45.988069
vn 62.012341 -65.084501 -43.800426
vn 58.573687 -69.695841 -41.371644
vn 54.688090 -74.277547 -38.627177
vn 50.240567 -78.845689 -35.485811
vn 87.967710 -0.000000 -47.557144
vn 86.941029 -8.418326 -48.686643
vn 86.049616 -16.535802 -48.187455
vn 84.674172 -24.122451 -47.417211
vn 82.936952 -31.054500 -46.444375
vn 80.948242 -37.316340 -45.330705
vn 78.785849 -42.967845 -44.119773
vn 76.494215 -48.100646 -42.836467
vn 74.090816 -52.811772 -41.490573
vn 71.056263 -58.031588 -39.791235
vn 67.827970 -62.901730 -37.983403
vn 64.347184 -67.535014 -36.034176
vn 60.529211 -72.022686 -33.896126
vn 56.269426 -76.425322 -31.510662
vn 91.522828 -8.861972 -39.306964
vn 94.137717 -0.000000 -33.735593
vn 95.227241 -9.220663 -29.099001
vn 98.390960 -0.000000 -17.866699
vn 97.947461 -9.484057 -17.786164
vn 99.386373 -9.623384 -5.453377
vn 96.678066 -18.578228 -17.555656
vn 98.060967 -18.843974 -5.380651
vn 94.739531 -26.989926 -17.203640
vn 96.039788 -27.360351 -5.269748
vn 92.324805 -34.569641 -16.765153
vn 93.526901 -35.019748 -5.131865
vn 89.604641 -41.306855 -16.271202
vn 90.702335 -41.812881 -4.976879
vn 86.697682 -47.282762 -15.743330
vn 87.690800 -47.824384 -4.811635
vn 83.671557 -52.613861 -15.193820
vn 84.563216 -53.174549 -4.640023
vn 80.554702 -57.419216 -14.627834
vn 81.349449 -57.985710 -4.463682
vn 76.697131 -62.638480 -13.927342
vn 77.382133 -63.197920 -4.245994
vn 72.681780 -67.403015 -13.198199
vn 100.000000 -0.000000 0.000000
vn 99.271950 -9.612304 7.258349
vn 97.951055 -18.822853 7.161771
vn 95.936527 -27.330933 7.014477
vn 93.431527 -34.984037 6.831322
vn 90.615336 -41.772775 6.625414
vn 87.612175 -47.781504 6.405835
vn 84.492701 -53.130207 6.177752
vn 81.286666 -57.940958 5.943340
vn 98.390960 -0.000000 17.866699
vn 97.629071 -9.453228 19.473085
vn 96.371857 -18.519385 19.222321
vn 94.451320 -26.907819 18.839251
vn 92.058014 -34.469745 18.361883
vn 89.360683 -41.194392 17.823873
vn 86.476647 -47.162215 17.248624
vn 83.472817 -52.488890 16.649480
vn 94.753473 -9.174789 30.620297
vn 94.137717 -0.000000 33.735593
vn 90.922030 -8.803799 40.690017
vn 87.967710 -0.000000 47.557144
vn 86.212773 -8.347811 49.976712
vn 79.899509 -0.000000 60.133755
vn 81.425756 -7.884293 57.512469
vn 75.858586 -7.345235 64.741969
vn 80.692073 -15.506265 56.994255
vn 75.264278 -14.463228 64.234753
vn 79.554601 -22.663959 56.190839
vn 69.572767 -0.000000 71.830565
vn 62.025136 -6.005770 78.210058
vn 56.662113 -0.000000 82.397846
vn 25.774949 -9.081764 96.193418
vn 34.926641 -13.077758 92.785246
vn 43.773546 -20.179172 87.616652
vn 51.608469 -28.145977 80.897280
vn 57.876221 -36.393388 72.978520
vn 66.868050 -47.663401 57.068942
vn 67.948920 -55.493824 47.993539
vn 67.480456 -62.579455 39.117769
vn 65.912025 -69.177379 29.497377
vn 62.990922 -74.951834 20.355990
vn 58.879577 -79.970439 11.744115
vn 53.696383 -84.269120 3.926054
vn 47.590837 -87.910711 -2.611331
vn 40.759679 -91.015748 -7.401502
vn 33.405224 -93.701079 -10.207779
vn 25.771289 -96.179759 -9.235509
vn 25.699626 -11.847274 95.912311
vn 34.773611 -16.030291 92.378708
vn 43.421690 -23.681111 86.912380
vn 50.948018 -32.036836 79.862010
vn 56.814020 -40.496910 71.639147
vn 64.611878 -52.768464 55.143398
vn 65.109590 -60.380782 45.988069
vn 64.050244 -67.223364 37.129308
vn 61.826218 -73.565973 27.668870
vn 58.230669 -79.089090 18.817678
vn 53.431760 -83.853830 10.657494
vn 47.578257 -87.887473 3.478723
vn 40.861511 -91.243136 -2.242090
vn 33.518376 -94.018468 -6.086562
vn 25.853367 -96.486079 -4.694683
vn 34.596432 -18.868035 91.908020
vn 25.608330 -14.501209 95.571588
vn 34.395351 -21.628284 91.373832
vn 25.500617 -17.101648 95.169597
vn 34.168377 -24.355145 90.770860
vn 25.373708 -19.719240 94.695969
vn 33.855754 -27.649965 89.940354
vn 25.222180 -22.434320 94.130457
vn 33.487340 -31.055206 88.961633
vn 25.036716 -25.346558 93.438295
vn 33.042864 -34.679844 87.780850
vn 24.801799 -28.587164 92.561573
vn 32.490122 -38.659448 86.312450
vn 24.491624 -32.333762 91.403984
vn 31.778704 -43.161942 84.422513
vn 24.063134 -36.824671 89.804840
vn 30.830893 -48.384865 81.904584
vn 23.443015 -42.377278 87.490522
vn 29.527431 -54.543640 78.441839
vn 22.503457 -49.399135 83.984045
vn 27.688603 -61.828233 73.556855
vn 21.019852 -58.345605 78.447156
vn 25.058549 -70.288799 66.569917
vn 18.615679 -69.474659 69.474659
vn 22.519736 -84.044800 49.288265
vn 27.870092 -78.175128 55.784472
vn 24.223025 -90.401559 35.225037
vn 29.715293 -83.350886 46.579300
vn 30.922723 -86.737705 38.991739
vn 34.414613 -76.847311 53.945576
vn 36.330756 -81.126030 45.810953
vn 38.154223 -70.479215 59.807487
vn 40.817373 -75.398638 51.468314
vn 41.099686 -64.500328 64.424557
vn 44.486761 -69.815879 56.095197
vn 43.429712 -58.986381 68.076919
vn 47.486307 -64.496061 59.877448
vn 45.300658 -53.902488 71.009663
vn 49.963821 -59.451107 63.001448
vn 46.836205 -49.156522 73.416662
vn 52.047275 -54.625755 65.628561
vn 48.128483 -44.632986 75.442333
vn 53.838260 -49.928071 67.886888
vn 49.241881 -40.215801 77.187606
vn 55.410630 -45.253813 69.869554
vn 50.218942 -35.795953 78.719169
vn 25.004563 -93.318299 25.816019
vn 32.281056 -90.547807 27.550463
vn 38.591321 -86.173836 32.935996
vn 44.105508 -81.472544 37.642113
vn 48.845692 -76.656625 41.687651
vn 52.902622 -71.852519 45.150063
vn 56.395480 -67.104029 48.131063
vn 59.444631 -62.389583 50.733380
vn 62.156116 -57.641814 53.047513
vn 25.404422 -94.810592 19.119808
vn 32.674132 -91.650379 23.078324
vn 39.268241 -87.685388 27.735861
vn 45.124296 -83.354468 31.872098
vn 50.240567 -78.845689 35.485811
vn 54.688090 -74.277547 38.627177
vn 58.573687 -69.695841 41.371644
vn 62.012341 -65.084501 43.800426
vn 25.632202 -95.660680 13.857293
vn 32.961914 -92.457601 19.107703
vn 39.770746 -88.807476 23.054718
vn 45.891553 -84.771761 26.602890
vn 51.306065 -80.517843 29.741631
vn 56.070540 -76.155195 32.503551
vn 60.281856 -71.728363 34.944810
vn 33.207735 -93.147125 14.861341
vn 25.771289 -96.179759 9.235509
vn 33.384638 -93.643336 10.788497
vn 25.853367 -96.486079 4.694683
vn 33.505561 -93.982523 6.683016
vn 33.570518 -94.164726 2.454536
vn 40.736642 -90.964306 8.125327
vn 40.853548 -91.225354 2.987040
vn 47.393880 -87.546888 9.453179
vn 25.881905 -96.592583 0.000000
vn 33.574936 -94.177119 -1.842272
vn 28.574657 -80.151422 -52.528454
vn 22.519736 -84.044800 -49.288265
vn 25.609842 -71.835167 -64.682647
vn 18.615679 -69.474659 -69.474659
vn 21.019852 -58.345605 -78.447156
vn 28.437845 -63.501278 -71.825320
vn 22.503457 -49.399135 -83.984045
vn 30.441219 -56.231606 -76.885231
vn 23.443015 -42.377278 -87.490522
vn 31.875540 -50.024294 -80.507887
vn 24.063134 -36.824671 -89.804840
vn 32.926371 -44.720707 -83.161966
vn 24.491624 -32.333762 -91.403984
vn 33.719657 -40.122451 -85.165566
vn 24.801799 -28.587164 -92.561573
vn 34.338782 -36.039963 -86.729286
vn 25.036716 -25.346558 -93.438295
vn 34.838442 -32.308180 -87.991275
vn 25.222180 -22.434320 -94.130457
vn 35.253839 -28.791780 -89.040442
vn 25.373708 -19.719240 -94.695969
vn 35.607227 -25.380754 -89.932990
vn 25.500617 -17.101648 -95.169597
vn 35.864320 -22.551992 -90.582328
vn 25.608330 -14.501209 -95.571588
vn 36.092455 -19.683929 -91.158530
vn 25.699626 -11.847274 -95.912311
vn 36.293764 -16.731067 -91.666974
vn 36.467857 -13.654843 -92.106681
vn 47.038619 -17.612907 -86.470537
vn 47.348914 -13.489023 -87.040948
vn 25.774949 -9.081764 -96.193418
vn 36.611879 -10.430196 -92.470435
vn 47.585441 -9.144299 -87.475754
vn 25.832569 -6.171482 -96.408460
vn 36.720900 -7.056505 -92.745788
vn 44.529024 -8.556960 89.128808
vn 85.343351 -16.400082 49.472717
vn 84.000974 -23.930666 48.694554
vn 82.304039 -30.817515 47.710857
vn 89.903934 -17.276470 40.234392
vn 88.338680 -25.166416 39.533899
vn 86.371324 -32.340450 38.653456
vn 84.131941 -38.783994 37.651272
vn 93.602826 -17.987271 30.248456
vn 91.840160 -26.163937 29.678838
vn 89.635378 -33.562626 28.966346
vn 87.139801 -40.170588 28.159881
vn 84.459193 -46.061946 27.293623
vn 94.059460 -18.075021 -28.742157
vn 92.271362 -26.286780 -28.195760
vn 90.036130 -33.712681 -27.512731
vn 87.507869 -40.340263 -26.740159
vn 84.794198 -46.244649 -25.910931
vn 81.956671 -51.535516 -25.043855
vn 79.020985 -56.325986 -24.146785
vn 75.369847 -61.554488 -23.031091
vn 71.549254 -66.352743 -21.863616
vn 67.498081 -70.842010 -20.625681
vn 90.484645 -17.388063 -38.861089
vn 88.889401 -25.323308 -38.175968
vn 86.885852 -32.533107 -37.315489
vn 84.607258 -39.003110 -36.336885
vn 82.147205 -44.801045 -35.280349
vn 79.559306 -50.028019 -34.168905
vn 76.865532 -54.789584 -33.011991
vn 73.492705 -60.021427 -31.563438
vn 69.937447 -64.857999 -30.036536
vn 66.139835 -69.416475 -28.405549
vn 62.014118 -73.789552 -26.633648
vn 53.162339 -15.145184 83.333001
vn 60.520817 -22.661114 76.313201
vn 71.779184 -33.089495 61.260379
vn 74.611928 -40.691492 52.699740
vn 75.996791 -47.787859 44.054606
vn 76.508593 -54.535158 34.239622
vn 75.134295 -61.362113 24.280212
vn 72.551400 -67.282105 14.471095
vn 68.893754 -72.306826 5.037222
vn 64.297945 -76.507039 -3.528058
vn 58.949202 -80.065004 -10.704516
vn 53.027636 -83.219613 -16.203885
vn 46.642128 -86.158237 -20.031729
vn 39.841532 -88.965538 -22.311105
vn 46.666775 -21.512923 -85.786982
vn 46.241137 -25.218767 -85.004535
vn 45.764263 -28.777217 -84.127903
vn 45.233663 -32.242457 -83.152509
vn 44.515723 -36.355952 -81.832727
vn 43.688032 -40.515038 -80.311192
vn 42.714609 -44.830738 -78.521762
vn 41.540200 -49.427983 -76.362859
vn 40.083397 -54.441404 -73.684835
vn 38.229797 -59.996432 -70.277385
vn 35.825218 -66.177032 -65.857074
vn 32.676380 -72.965863 -60.068603
vn 43.026113 -27.055429 86.120598
vn 42.584280 -30.353982 85.236230
vn 41.983628 -34.287993 84.033972
vn 41.287161 -38.288539 82.639931
vn 40.462639 -42.467203 80.989577
vn 39.460151 -46.952967 78.983007
vn 38.205038 -51.890210 76.470786
vn 57.306860 -77.834370 25.646338
vn 52.248142 -81.996303 23.382428
vn 46.562025 -86.010269 20.837740
vn 40.204757 -89.776614 17.992694
vn 36.589901 -57.422839 73.237946
vn 52.945406 -83.090565 17.109706
vn 34.465187 -63.664756 68.985141
vn 47.053485 -86.918103 15.205687
vn 40.519875 -90.480268 13.094302
vn 31.634515 -70.639393 63.319299
vn 25.869252 3.126411 96.545364
vn 25.881905 -0.000000 96.592583
vn 36.789303 3.562235 92.918554
vn 41.557594 -0.000000 90.955849
vn 47.734578 4.622044 87.749910
vn 56.662113 -0.000000 82.397846
vn 57.976094 5.613709 81.285046
vn 67.058832 6.493173 73.898253
vn 57.709490 11.089796 80.911255
vn 66.647228 12.807325 73.444669
vn 57.289071 16.320830 80.321808
vn 66.002004 18.803019 72.733637
vn 56.741943 21.246171 79.554711
vn 65.169242 24.401647 71.815942
vn 56.092742 25.858200 78.644503
vn 64.191030 29.591431 70.737960
vn 55.358037 30.190899 77.614415
vn 63.096581 34.411308 69.531887
vn 54.545259 34.298832 76.474864
vn 61.900910 38.924169 68.214268
vn 53.653376 38.244010 75.224404
vn 60.606443 43.200140 66.787776
vn 52.466696 42.849505 73.560626
vn 58.911428 48.112912 64.919884
vn 51.126014 47.412812 71.680931
vn 57.032132 52.889977 62.848916
vn 49.584826 52.041313 69.520117
vn 54.915872 57.636464 60.516816
vn 47.773397 56.844759 66.980414
vn 52.484893 62.450888 57.837899
vn 45.593970 61.925883 63.924760
vn 49.634660 67.413962 54.696967
vn 42.919529 67.356323 60.175076
vn 46.238429 72.564882 50.954349
vn 39.596751 73.143881 55.516394
vn 42.157692 77.874501 46.457412
vn 35.461998 79.186105 49.719288
vn 37.266230 83.214929 41.067064
vn 30.381728 85.220224 42.596525
vn 31.493426 88.338517 34.705483
vn 24.223025 90.401559 35.225037
vn 25.004563 93.318299 25.816019
vn 32.201893 90.325756 28.360112
vn 25.404422 94.810592 19.119808
vn 32.674132 91.650379 23.078324
vn 25.632202 95.660680 13.857293
vn 33.002178 92.570543 18.481093
vn 33.236756 93.228530 14.274428
vn 40.256292 89.891690 17.289158
vn 40.556699 90.562495 12.393086
vn 47.111175 87.024671 14.395966
vn 47.430168 87.613920 8.612789
vn 53.483776 83.935462 9.712056
vn 53.714469 84.297503 2.947338
vn 59.258522 80.485123 3.251543
vn 59.234241 80.452144 -4.330959
vn 64.266931 76.470136 -4.698929
vn 63.814688 75.932020 -12.728472
vn 68.337508 71.723023 -13.630593
vn 67.328737 70.664276 -21.757787
vn 71.347645 66.165777 -23.056528
vn 69.668263 64.608366 -31.178393
vn 73.180535 59.766478 -32.750228
vn 70.657028 57.705533 -40.959197
vn 73.638548 52.489397 -42.687555
vn 70.587861 50.314874 -49.857470
vn 72.656841 45.687651 -51.318827
vn 68.618901 43.148537 -58.563216
vn 70.258591 38.317290 -59.962619
vn 58.849935 32.095293 -74.206316
vn 59.734929 27.537212 -75.322242
vn 52.202213 24.064705 -81.827984
vn 52.724265 19.741812 -82.646311
vn 44.079987 16.505091 -88.230021
vn 44.335029 12.630410 -88.740509
vn 35.053102 9.986123 -93.121197
vn 35.148746 6.754391 -93.375285
vn 25.832569 6.171482 -96.408460
vn 25.869252 3.126411 -96.545364
vn 35.208721 3.409190 -93.534611
vn 25.881905 -0.000000 -96.592583
vn 41.557594 -0.000000 -90.955849
vn 44.651158 4.323482 -89.373271
vn 53.709962 5.200628 -84.191410
vn 53.497779 10.280449 -83.858810
vn 61.699005 11.856445 -77.798827
vn 61.186027 17.431017 -77.151991
vn 74.338717 21.178029 -63.444828
vn 73.154851 27.391739 -62.434450
vn 78.108636 29.246610 -55.169528
vn 76.440696 35.238406 -53.991432
vn 80.359457 37.044916 -46.583601
vn 78.242687 42.671618 -45.356530
vn 81.711946 44.563665 -36.568260
vn 79.163706 49.779260 -35.427855
vn 81.654066 51.345234 -26.387125
vn 78.749642 56.132573 -25.448538
vn 80.377309 57.292771 -16.032050
vn 76.543975 62.513397 -15.267454
vn 77.328088 63.153782 -5.653906
vn 73.218059 67.900346 -5.353398
vn 73.263931 67.942886 4.020026
vn 68.931965 72.346930 3.782329
vn 68.446430 71.837341 12.429107
vn 63.903356 76.037524 11.604135
vn 63.129533 75.116765 19.290765
vn 58.340118 79.237744 17.827243
vn 57.456398 78.037472 24.676211
vn 52.361396 82.174041 22.488024
vn 51.458305 80.756763 28.816454
vn 46.000405 84.972834 25.760050
vn 45.124296 83.354468 31.872098
vn 39.268241 87.685388 27.735861
vn 38.456280 85.872292 33.868333
vn 69.572767 -0.000000 71.830565
vn 74.848057 7.247388 65.918463
vn 74.277008 14.273508 65.415542
vn 73.386968 20.906889 64.631686
vn 72.247303 27.051921 63.627987
vn 70.921287 32.694013 62.460168
vn 69.453466 37.878195 61.167462
vn 67.868247 42.676515 59.771365
vn 66.172830 47.167849 58.278217
vn 63.984035 52.255705 56.350551
vn 61.596568 57.122906 54.247916
vn 58.954601 61.875277 51.921143
vn 55.976538 66.605538 49.298372
vn 52.556339 71.382195 46.286212
vn 48.572727 76.228243 42.777858
vn 43.904239 81.100755 38.666333
vn 79.899509 -0.000000 60.133755
vn 81.425756 7.884293 57.512469
vn 80.692073 15.506265 56.994255
vn 79.554601 22.663959 56.190839
vn 78.108636 29.246610 55.169528
vn 76.440696 35.238406 53.991432
vn 74.611928 40.691492 52.699740
vn 72.656841 45.687651 51.318827
vn 70.587861 50.314874 49.857470
vn 67.948920 55.493824 47.993539
vn 65.109590 60.380782 45.988069
vn 62.012341 65.084501 43.800426
vn 58.573687 69.695841 41.371644
vn 54.688090 74.277547 38.627177
vn 50.240567 78.845689 35.485811
vn 87.967710 -0.000000 47.557144
vn 86.941029 8.418326 48.686643
vn 86.049616 16.535802 48.187455
vn 84.674172 24.122451 47.417211
vn 82.936952 31.054500 46.444375
vn 80.948242 37.316340 45.330705
vn 78.785849 42.967845 44.119773
vn 76.494215 48.100646 42.836467
vn 74.090816 52.811772 41.490573
vn 71.056263 58.031588 39.791235
vn 67.827970 62.901730 37.983403
vn 64.347184 67.535014 36.034176
vn 60.529211 72.022686 33.896126
vn 56.269426 76.425322 31.510662
vn 91.522828 8.861972 39.306964
vn 94.137717 -0.000000 33.735593
vn 95.227241 9.220663 29.099001
vn 98.390960 -0.000000 17.866699
vn 97.947461 9.484057 17.786164
vn 99.386373 9.623384 5.453377
vn 96.678066 18.578228 17.555656
vn 98.060967 18.843974 5.380651
vn 94.739531 26.989926 17.203640
vn 96.039788 27.360351 5.269748
vn 92.324805 34.569641 16.765153
vn 93.526901 35.019748 5.131865
vn 89.604641 41.306855 16.271202
vn 90.702335 41.812881 4.976879
vn 86.697682 47.282762 15.743330
vn 87.690800 47.824384 4.811635
vn 83.671557 52.613861 15.193820
vn 84.563216 53.174549 4.640023
vn 80.554702 57.419216 14.627834
vn 81.349449 57.985710 4.463682
vn 76.697131 62.638480 13.927342
vn 77.382133 63.197920 4.245994
vn 72.681780 67.403015 13.198199
vn 100.000000 -0.000000 0.000000
vn 99.271950 9.612304 -7.258349
vn 97.951055 18.822853 -7.161771
vn 95.936527 27.330933 -7.014477
vn 93.431527 34.984037 -6.831322
vn 90.615336 41.772775 -6.625414
vn 87.612175 47.781504 -6.405835
vn 84.492701 53.130207 -6.177752
vn 81.286666 57.940958 -5.943340
vn 98.390960 -0.000000 -17.866699
vn 97.629071 9.453228 -19.473085
vn 96.371857 18.519385 -19.222321
vn 94.451320 26.907819 -18.839251
vn 92.058014 34.469745 -18.361883
vn 89.360683 41.194392 -17.823873
vn 86.476647 47.162215 -17.248624
vn 83.472817 52.488890 -16.649480
vn 94.753473 9.174789 -30.620297
vn 94.137717 -0.000000 -33.735593
vn 90.922030 8.803799 -40.690017
vn 87.967710 -0.000000 -47.557144
vn 86.212773 8.347811 -49.976712
vn 79.899509 -0.000000 -60.133755
vn 81.425756 7.884293 -57.512469
vn 75.858586 7.345235 -64.741969
vn 80.692073 15.506265 -56.994255
vn 75.264278 14.463228 -64.234753
vn 79.554601 22.663959 -56.190839
vn 69.572767 -0.000000 -71.830565
vn 62.025136 6.005770 -78.210058
vn 56.662113 -0.000000 -82.397846
vn 25.774949 9.081764 -96.193418
vn 34.926641 13.077758 -92.785246
vn 43.773546 20.179172 -87.616652
vn 51.608469 28.145977 -80.897280
vn 57.876221 36.393388 -72.978520
vn 66.868050 47.663401 -57.068942
vn 67.948920 55.493824 -47.993539
vn 67.480456 62.579455 -39.117769
vn 65.912025 69.177379 -29.497377
vn 62.990922 74.951834 -20.355990
vn 58.879577 79.970439 -11.744115
vn 53.696383 84.269120 -3.926054
vn 47.590837 87.910711 2.611331
vn 40.759679 91.015748 7.401502
vn 33.405224 93.701079 10.207779
vn 25.771289 96.179759 9.235509
vn 25.699626 11.847274 -95.912311
vn 34.773611 16.030291 -92.378708
vn 43.421690 23.681111 -86.912380
vn 50.948018 32.036836 -79.862010
vn 56.814020 40.496910 -71.639147
vn 64.611878 52.768464 -55.143398
vn 65.109590 60.380782 -45.988069
vn 64.050244 67.223364 -37.129308
vn 61.826218 73.565973 -27.668870
vn 58.230669 79.089090 -18.817678
vn 53.431760 83.853830 -10.657494
vn 47.578257 87.887473 -3.478723
vn 40.861511 91.243136 2.242090
vn 33.518376 94.018468 6.086562
vn 25.853367 96.486079 4.694683
vn 34.596432 18.868035 -91.908020
vn 25.608330 14.501209 -95.571588
vn 34.395351 21.628284 -91.373832
vn 25.500617 17.101648 -95.169597
vn 34.168377 24.355145 -90.770860
vn 25.373708 19.719240 -94.695969
vn 33.855754 27.649965 -89.940354
vn 25.222180 22.434320 -94.130457
vn 33.487340 31.055206 -88.961633
vn 25.036716 25.346558 -93.438295
vn 33.042864 34.679844 -87.780850
vn 24.801799 28.587164 -92.561573
vn 32.490122 38.659448 -86.312450
vn 24.491624 32.333762 -91.403984
vn 31.778704 43.161942 -84.422513
vn 24.063134 36.824671 -89.804840
vn 30.830893 48.384865 -81.904584
vn 23.443015 42.377278 -87.490522
vn 29.527431 54.543640 -78.441839
vn 22.503457 49.399135 -83.984045
vn 27.688603 61.828233 -73.556855
vn 21.019852 58.345605 -78.447156
vn 25.058549 70.288799 -66.569917
vn 18.615679 69.474659 -69.474659
vn 22.519736 84.044800 -49.288265
vn 27.870092 78.175128 -55.784472
vn 24.223025 90.401559 -35.225037
vn 29.715293 83.350886 -46.579300
vn 30.922723 86.737705 -38.991739
vn 34.414613 76.847311 -53.945576
vn 36.330756 81.126030 -45.810953
vn 38.154223 70.479215 -59.807487
vn 40.817373 75.398638 -51.468314
vn 41.099686 64.500328 -64.424557
vn 44.486761 69.815879 -56.095197
vn 43.429712 58.986381 -68.076919
vn 47.486307 64.496061 -59.877448
vn 45.300658 53.902488 -71.009663
vn 49.963821 59.451107 -63.001448
vn 46.836205 49.156522 -73.416662
vn 52.047275 54.625755 -65.628561
vn 48.128483 44.632986 -75.442333
vn 53.838260 49.928071 -67.886888
vn 49.241881 40.215801 -77.187606
vn 55.410630 45.253813 -69.869554
vn 50.218942 35.795953 -78.719169
vn 25.004563 93.318299 -25.816019
vn 32.281056 90.547807 -27.550463
vn 38.591321 86.173836 -32.935996
vn 44.105508 81.472544 -37.642113
vn 48.845692 76.656625 -41.687651
vn 52.902622 71.852519 -45.150063
vn 56.395480 67.104029 -48.131063
vn 59.444631 62.389583 -50.733380
vn 62.156116 57.641814 -53.047513
vn 25.404422 94.810592 -19.119808
vn 32.674132 91.650379 -23.078324
vn 39.268241 87.685388 -27.735861
vn 45.124296 83.354468 -31.872098
vn 50.240567 78.845689 -35.485811
vn 54.688090 74.277547 -38.627177
vn 58.573687 69.695841 -41.371644
vn 62.012341 65.084501 -43.800426
vn 25.632202 95.660680 -13.857293
vn 32.961914 92.457601 -19.107703
vn 39.770746 88.807476 -23.054718
vn 45.891553 84.771761 -26.602890
vn 51.306065 80.517843 -29.741631
vn 56.070540 76.155195 -32.503551
vn 60.281856 71.728363 -34.944810
vn 33.207735 93.147125 -14.861341
vn 25.771289 96.179759 -9.235509
vn 33.384638 93.643336 -10.788497
vn 25.853367 96.486079 -4.694683
vn 33.505561 93.982523 -6.683016
vn 33.570518 94.164726 -2.454536
vn 40.736642 90.964306 -8.125327
vn 40.853548 91.225354 -2.987040
vn 47.393880 87.546888 -9.453179
vn 25.881905 96.592583 0.000000
vn 33.574936 94.177119 1.842272
vn 28.574657 80.151422 52.528454
vn 22.519736 84.044800 49.288265
vn 25.609842 71.835167 64.682647
vn 18.615679 69.474659 69.474659
vn 21.019852 58.345605 78.447156
vn 28.437845 63.501278 71.825320
vn 22.503457 49.399135 83.984045
vn 30.441219 56.231606 76.885231
vn 23.443015 42.377278 87.490522
vn 31.875540 50.024294 80.507887
vn 24.063134 36.824671 89.804840
vn 32.926371 44.720707 83.161966
vn 24.491624 32.333762 91.403984
vn 33.719657 40.122451 85.165566
vn 24.801799 28.587164 92.561573
vn 34.338782 36.039963 86.729286
vn 25.036716 25.346558 93.438295
vn 34.838442 32.308180 87.991275
vn 25.222180 22.434320 94.130457
vn 35.253839 28.791780 89.040442
vn 25.373708 19.719240 94.695969
vn 35.607227 25.380754 89.932990
vn 25.500617 17.101648 95.169597
vn 35.864320 22.551992 90.582328
vn 25.608330 14.501209 95.571588
vn 36.092455 19.683929 91.158530
vn 25.699626 11.847274 95.912311
vn 36.293764 16.731067 91.666974
vn 36.467857 13.654843 92.106681
vn 47.038619 17.612907 86.470537
vn 47.348914 13.489023 87.040948
vn 25.774949 9.081764 96.193418
vn 36.611879 10.430196 92.470435
vn 47.585441 9.144299 87.475754
vn 25.832569 6.171482 96.408460
vn 36.720900 7.056505 92.745788
vn 44.529024 8.556960 -89.128808
vn 85.343351 16.400082 -49.472717
vn 84.000974 23.930666 -48.694554
vn 82.304039 30.817515 -47.710857
vn 89.903934 17.276470 -40.234392
vn 88.338680 25.166416 -39.533899
vn 86.371324 32.340450 -38.653456
vn 84.131941 38.783994 -37.651272
vn 93.602826 17.987271 -30.248456
vn 91.840160 26.163937 -29.678838
vn 89.635378 33.562626 -28.966346
vn 87.139801 40.170588 -28.159881
vn 84.459193 46.061946 -27.293623
vn 94.059460 18.075021 28.742157
vn 92.271362 26.286780 28.195760
vn 90.036130 33.712681 27.512731
vn 87.507869 40.340263 26.740159
vn 84.794198 46.244649 25.910931
vn 81.956671 51.535516 25.043855
vn 79.020985 56.325986 24.146785
vn 75.369847 61.554488 23.031091
vn 71.549254 66.352743 21.863616
vn 67.498081 70.842010 20.625681
vn 90.484645 17.388063 38.861089
vn 88.889401 25.323308 38.175968
vn 86.885852 32.533107 37.315489
vn 84.607258 39.003110 36.336885
vn 82.147205 44.801045 35.280349
vn 79.559306 50.028019 34.168905
vn 76.865532 54.789584 33.011991
vn 73.492705 60.021427 31.563438
vn 69.937447 64.857999 30.036536
vn 66.139835 69.416475 28.405549
vn 62.014118 73.789552 26.633648
vn 53.162339 15.145184 -83.333001
vn 60.520817 22.661114 -76.313201
vn 71.779184 33.089495 -61.260379
vn 74.611928 40.691492 -52.699740
vn 75.996791 47.787859 -44.054606
vn 76.508593 54.535158 -34.239622
vn 75.134295 61.362113 -24.280212
vn 72.551400 67.282105 -14.471095
vn 68.893754 72.306826 -5.037222
vn 64.297945 76.507039 3.528058
vn 58.949202 80.065004 10.704516
vn 53.027636 83.219613 16.203885
vn 46.642128 86.158237 20.031729
vn 39.841532 88.965538 22.311105
vn 46.666775 21.512923 85.786982
vn 46.241137 25.218767 85.004535
vn 45.764263 28.777217 84.127903
vn 45.233663 32.242457 83.152509
vn 44.515723 36.355952 81.832727
vn 43.688032 40.515038 80.311192
vn 42.714609 44.830738 78.521762
vn 41.540200 49.427983 76.362859
vn 40.083397 54.441404 73.684835
vn 38.229797 59.996432 70.277385
vn 35.825218 66.177032 65.857074
vn 32.676380 72.965863 60.068603
vn 43.026113 27.055429 -86.120598
vn 42.584280 30.353982 -85.236230
vn 41.983628 34.287993 -84.033972
vn 41.287161 38.288539 -82.639931
vn 40.462639 42.467203 -80.989577
vn 39.460151 46.952967 -78.983007
vn 38.205038 51.890210 -76.470786
vn 57.306860 77.834370 -25.646338
vn 52.248142 81.996303 -23.382428
vn 46.562025 86.010269 -20.837740
vn 40.204757 89.776614 -17.992694
vn 36.589901 57.422839 -73.237946
vn 52.945406 83.090565 -17.109706
vn 34.465187 63.664756 -68.985141
vn 47.053485 86.918103 -15.205687
vn 40.519875 90.480268 -13.094302
vn 31.634515 70.639393 -63.319299
usemtl Paint_-_Enamel_Glossy_(Yellow)
f 2/1/1 53/2/2 1/3/3
f 1/3/3 53/2/2 54/4/4
f 1/3/3 54/4/4 55/5/5
f 3/6/6 41/7/7 2/1/1
f 2/1/1 41/7/7 42/8/8
f 2/1/1 42/8/8 51/9/9
f 51/9/9 42/8/8 50/10/10
f 50/10/10 42/8/8 49/11/11
f 49/11/11 42/8/8 22/12/12
f 49/11/11 22/12/12 48/13/13
f 48/13/13 22/12/12 47/14/14
f 47/15/14 22/16/12 46/17/15
f 46/17/15 22/16/12 23/18/16
f 46/17/15 23/18/16 45/19/17
f 45/19/17 23/18/16 44/20/18
f 44/20/18 23/18/16 43/21/19
f 43/21/19 23/18/16 21/22/20
f 43/21/19 21/22/20 58/23/21
f 58/23/21 21/22/20 57/24/22
f 57/24/22 21/22/20 56/25/23
f 56/25/23 21/22/20 1/26/3
f 56/25/23 1/26/3 55/27/5
f 41/7/7 3/6/6 40/28/24
f 40/28/24 3/6/6 4/29/25
f 40/28/24 4/29/25 39/30/26
f 39/30/26 4/29/25 5/31/27
f 39/30/26 5/31/27 38/32/28
f 38/32/28 5/31/27 6/33/29
f 38/32/28 6/33/29 37/34/30
f 37/34/30 6/33/29 7/35/31
f 37/34/30 7/35/31 36/36/32
f 36/36/32 7/35/31 8/37/33
f 36/36/32 8/37/33 35/38/34
f 35/38/34 8/37/33 9/39/35
f 35/38/34 9/39/35 34/40/36
f 34/40/36 9/39/35 10/41/37
f 34/40/36 10/41/37 33/42/38
f 33/42/38 10/41/37 11/43/39
f 33/42/38 11/43/39 32/44/40
f 32/44/40 11/43/39 12/45/41
f 32/44/40 12/45/41 31/46/42
f 31/46/42 12/45/41 13/47/43
f 31/46/42 13/47/43 30/48/44
f 30/48/44 13/47/43 14/49/45
f 30/48/44 14/49/45 29/50/46
f 29/50/46 14/49/45 15/51/47
f 29/50/46 15/51/47 28/52/48
f 28/52/48 15/51/47 16/53/49
f 28/52/48 16/53/49 27/54/50
f 27/54/50 16/53/49 17/55/51
f 27/54/50 17/55/51 26/56/52
f 26/56/52 17/55/51 18/57/53
f 26/56/52 18/57/53 25/58/54
f 25/58/54 18/57/53 19/59/55
f 25/58/54 19/59/55 24/60/56
f 24/60/56 19/59/55 20/61/57
f 24/60/56 20/61/57 23/18/16
f 23/18/16 20/61/57 21/22/20
f 51/9/9 52/62/58 2/1/1
f 2/1/1 52/62/58 53/2/2
f 60/63/59 23/64/60 59/65/61
f 59/65/61 23/64/60 22/66/62
f 59/65/61 22/66/62 42/67/63
f 23/64/60 60/63/59 24/68/64
f 24/68/64 60/63/59 61/69/65
f 24/68/64 61/69/65 25/70/66
f 25/70/66 61/69/65 62/71/67
f 25/70/66 62/71/67 26/72/68
f 26/72/68 62/71/67 63/73/69
f 26/72/68 63/73/69 27/74/70
f 27/74/70 63/73/69 64/75/71
f 27/74/70 64/75/71 65/76/72
f 27/74/70 65/76/72 28/77/73
f 28/77/73 65/76/72 66/78/74
f 28/77/73 66/78/74 29/79/75
f 29/79/75 66/78/74 67/80/76
f 29/79/75 67/80/76 30/81/77
f 30/81/77 67/80/76 68/82/78
f 30/81/77 68/82/78 31/83/79
f 31/83/79 68/82/78 69/84/80
f 31/83/79 69/84/80 32/85/81
f 32/85/81 69/84/80 33/86/82
f 33/86/82 69/84/80 70/87/83
f 33/86/82 70/87/83 34/88/84
f 34/88/84 70/87/83 71/89/85
f 34/88/84 71/89/85 35/90/86
f 35/90/86 71/89/85 72/91/87
f 35/90/86 72/91/87 36/92/88
f 36/92/88 72/91/87 73/93/89
f 36/92/88 73/93/89 37/94/90
f 37/94/90 73/93/89 74/95/91
f 37/94/90 74/95/91 38/96/92
f 38/96/92 74/95/91 75/97/93
f 38/96/92 75/97/93 76/98/94
f 38/96/92 76/98/94 39/99/95
f 39/99/95 76/98/94 77/100/96
f 39/99/95 77/100/96 40/101/97
f 40/101/97 77/100/96 78/102/98
f 40/101/97 78/102/98 41/103/99
f 41/103/99 78/102/98 79/104/100
f 41/103/99 79/104/100 42/67/63
f 42/67/63 79/104/100 59/65/61
f 79/105/101 100/106/102 59/107/103
f 59/107/103 100/106/102 80/108/104
f 59/109/103 80/110/104 60/111/105
f 60/111/105 80/110/104 81/112/106
f 60/111/105 81/112/106 61/113/107
f 61/113/107 81/112/106 82/114/108
f 61/113/107 82/114/108 62/115/109
f 62/115/109 82/114/108 83/116/110
f 62/115/109 83/116/110 63/117/111
f 63/117/111 83/116/110 84/118/112
f 63/117/111 84/118/112 64/119/113
f 64/119/113 84/118/112 85/120/114
f 64/119/113 85/120/114 65/121/115
f 65/121/115 85/120/114 86/122/116
f 65/121/115 86/122/116 66/123/117
f 66/123/117 86/122/116 87/124/118
f 66/123/117 87/124/118 67/125/119
f 67/125/119 87/124/118 88/126/120
f 67/125/119 88/126/120 68/127/121
f 68/127/121 88/126/120 89/128/122
f 68/127/121 89/128/122 69/129/123
f 69/129/123 89/128/122 90/130/124
f 69/129/123 90/130/124 70/131/125
f 70/131/125 90/130/124 91/132/126
f 70/131/125 91/132/126 71/133/127
f 71/133/127 91/132/126 92/134/128
f 71/133/127 92/134/128 72/135/129
f 72/135/129 92/134/128 93/136/130
f 72/135/129 93/136/130 73/137/131
f 73/137/131 93/136/130 94/138/132
f 73/137/131 94/138/132 74/139/133
f 74/139/133 94/138/132 95/140/134
f 74/139/133 95/140/134 75/141/135
f 75/141/135 95/140/134 96/142/136
f 75/141/135 96/142/136 76/143/137
f 76/143/137 96/142/136 97/144/138
f 76/143/137 97/144/138 77/145/139
f 77/145/139 97/144/138 98/146/140
f 77/145/139 98/146/140 78/147/141
f 78/147/141 98/146/140 99/148/142
f 78/147/141 99/148/142 79/105/101
f 79/105/101 99/148/142 100/106/102
f 100/149/143 2/150/144 80/151/145
f 80/151/145 2/150/144 1/152/146
f 80/151/145 1/152/146 21/153/147
f 2/150/144 100/149/143 3/154/148
f 3/154/148 100/149/143 99/155/149
f 3/154/148 99/155/149 4/156/150
f 4/156/150 99/155/149 98/157/151
f 4/156/150 98/157/151 5/158/152
f 5/158/152 98/157/151 97/159/153
f 5/158/152 97/159/153 6/160/154
f 6/160/154 97/159/153 96/161/155
f 6/160/154 96/161/155 95/162/156
f 6/160/154 95/162/156 7/163/157
f 7/163/157 95/162/156 94/164/158
f 7/163/157 94/164/158 8/165/159
f 8/165/159 94/164/158 93/166/160
f 8/165/159 93/166/160 9/167/161
f 9/167/161 93/166/160 92/168/162
f 9/167/161 92/168/162 10/169/163
f 10/169/163 92/168/162 91/170/164
f 10/169/163 91/170/164 11/171/165
f 11/171/165 91/170/164 90/172/166
f 11/171/165 90/172/166 12/173/167
f 12/173/167 90/172/166 13/174/168
f 13/174/168 90/172/166 89/175/169
f 13/174/168 89/175/169 14/176/170
f 14/176/170 89/175/169 88/177/171
f 14/176/170 88/177/171 15/178/172
f 15/178/172 88/177/171 87/179/173
f 15/178/172 87/179/173 16/180/174
f 16/180/174 87/179/173 86/181/175
f 16/180/174 86/181/175 17/182/176
f 17/182/176 86/181/175 85/183/177
f 17/182/176 85/183/177 84/184/178
f 17/182/176 84/184/178 18/185/179
f 18/185/179 84/184/178 83/186/180
f 18/185/179 83/186/180 19/187/181
f 19/187/181 83/186/180 82/188/182
f 19/187/181 82/188/182 20/189/183
f 20/189/183 82/188/182 81/190/184
f 20/189/183 81/190/184 21/153/147
f 21/153/147 81/190/184 80/151/145
f 102/191/185 48/192/186 101/193/187
f 101/193/187 48/192/186 47/194/188
f 101/195/187 47/196/188 46/197/189
f 48/192/186 102/191/185 49/198/190
f 49/198/190 102/191/185 103/199/191
f 49/198/190 103/199/191 50/200/192
f 50/200/192 103/199/191 104/201/193
f 50/200/192 104/201/193 51/202/194
f 51/202/194 104/201/193 52/203/195
f 52/203/195 104/201/193 105/204/196
f 52/203/195 105/204/196 53/205/197
f 53/205/197 105/204/196 106/206/198
f 53/205/197 106/206/198 54/207/199
f 54/207/199 106/206/198 107/208/200
f 54/207/199 107/208/200 55/209/201
f 55/209/201 107/208/200 56/210/202
f 56/210/202 107/208/200 108/211/203
f 56/210/202 108/211/203 57/212/204
f 57/212/204 108/211/203 109/213/205
f 57/212/204 109/213/205 58/214/206
f 58/214/206 109/213/205 110/215/207
f 58/214/206 110/215/207 43/216/208
f 43/216/208 110/215/207 44/217/209
f 44/217/209 110/215/207 111/218/210
f 44/217/209 111/218/210 45/219/211
f 45/219/211 111/218/210 112/220/212
f 45/219/211 112/220/212 46/197/189
f 46/197/189 112/220/212 101/195/187
f 114/221/213 128/222/214 113/223/215
f 113/223/215 128/222/214 129/224/216
f 113/225/215 129/226/216 130/227/217
f 128/222/214 114/221/213 127/228/218
f 127/228/218 114/221/213 115/229/219
f 127/228/218 115/229/219 126/230/220
f 126/230/220 115/229/219 116/231/221
f 126/230/220 116/231/221 125/232/222
f 125/232/222 116/231/221 140/233/223
f 140/233/223 116/231/221 117/234/224
f 140/233/223 117/234/224 139/235/225
f 139/235/225 117/234/224 118/236/226
f 139/235/225 118/236/226 138/237/227
f 138/237/227 118/236/226 119/238/228
f 138/237/227 119/238/228 137/239/229
f 137/239/229 119/238/228 136/240/230
f 136/240/230 119/238/228 120/241/231
f 136/240/230 120/241/231 135/242/232
f 135/242/232 120/241/231 121/243/233
f 135/242/232 121/243/233 134/244/234
f 134/244/234 121/243/233 122/245/235
f 134/244/234 122/245/235 133/246/236
f 133/246/236 122/245/235 132/247/237
f 132/247/237 122/245/235 123/248/238
f 132/247/237 123/248/238 131/249/239
f 131/249/239 123/248/238 124/250/240
f 131/249/239 124/250/240 130/227/217
f 130/227/217 124/250/240 113/225/215
f 142/251/241 182/252/242 141/253/243
f 141/253/243 182/252/242 162/254/244
f 141/253/243 162/254/244 163/255/245
f 182/252/242 142/251/241 181/256/246
f 181/256/246 142/251/241 143/257/247
f 181/256/246 143/257/247 180/258/248
f 180/258/248 143/257/247 144/259/249
f 180/258/248 144/259/249 179/260/250
f 179/260/250 144/259/249 145/261/251
f 179/260/250 145/261/251 178/262/252
f 178/262/252 145/261/251 146/263/253
f 178/262/252 146/263/253 147/264/254
f 178/262/252 147/264/254 177/265/255
f 177/265/255 147/264/254 148/266/256
f 177/265/255 148/266/256 176/267/257
f 176/267/257 148/266/256 149/268/258
f 176/267/257 149/268/258 175/269/259
f 175/269/259 149/268/258 150/270/260
f 175/269/259 150/270/260 174/271/261
f 174/271/261 150/270/260 151/272/262
f 174/271/261 151/272/262 173/273/263
f 173/273/263 151/272/262 152/274/264
f 173/273/263 152/274/264 172/275/265
f 172/275/265 152/274/264 171/276/266
f 171/276/266 152/274/264 153/277/267
f 171/276/266 153/277/267 170/278/268
f 170/278/268 153/277/267 154/279/269
f 170/278/268 154/279/269 169/280/270
f 169/280/270 154/279/269 155/281/271
f 169/280/270 155/281/271 168/282/272
f 168/282/272 155/281/271 156/283/273
f 168/282/272 156/283/273 167/284/274
f 167/284/274 156/283/273 157/285/275
f 167/284/274 157/285/275 158/286/276
f 167/284/274 158/286/276 166/287/277
f 166/287/277 158/286/276 159/288/278
f 166/287/277 159/288/278 165/289/279
f 165/289/279 159/288/278 160/290/280
f 165/289/279 160/290/280 164/291/281
f 164/291/281 160/290/280 161/292/282
f 164/291/281 161/292/282 163/255/245
f 163/255/245 161/292/282 141/253/243
f 161/293/283 203/294/284 141/295/285
f 141/295/285 203/294/284 183/296/286
f 141/297/285 183/298/286 142/299/287
f 142/299/287 183/298/286 184/300/288
f 142/299/287 184/300/288 143/301/289
f 143/301/289 184/300/288 185/302/290
f 143/301/289 185/302/290 144/303/291
f 144/303/291 185/302/290 186/304/292
f 144/303/291 186/304/292 145/305/293
f 145/305/293 186/304/292 187/306/294
f 145/305/293 187/306/294 146/307/295
f 146/307/295 187/306/294 188/308/296
f 146/307/295 188/308/296 147/309/297
f 147/309/297 188/308/296 189/310/298
f 147/309/297 189/310/298 148/311/299
f 148/311/299 189/310/298 190/312/300
f 148/311/299 190/312/300 149/313/301
f 149/313/301 190/312/300 191/314/302
f 149/313/301 191/314/302 150/315/303
f 150/315/303 191/314/302 192/316/304
f 150/315/303 192/316/304 151/317/305
f 151/317/305 192/316/304 193/318/306
f 151/317/305 193/318/306 152/319/307
f 152/319/307 193/318/306 194/320/308
f 152/319/307 194/320/308 153/321/309
f 153/321/309 194/320/308 195/322/310
f 153/321/309 195/322/310 154/323/311
f 154/323/311 195/322/310 196/324/312
f 154/323/311 196/324/312 155/325/313
f 155/325/313 196/324/312 197/326/314
f 155/325/313 197/326/314 156/327/315
f 156/327/315 197/326/314 198/328/316
f 156/327/315 198/328/316 157/329/317
f 157/329/317 198/328/316 199/330/318
f 157/329/317 199/330/318 158/331/319
f 158/331/319 199/330/318 200/332/320
f 158/331/319 200/332/320 159/333/321
f 159/333/321 200/332/320 201/334/322
f 159/333/321 201/334/322 160/335/323
f 160/335/323 201/334/322 202/336/324
f 160/335/323 202/336/324 161/293/283
f 161/293/283 202/336/324 203/294/284
f 140/337/325 205/338/326 125/339/327
f 125/339/327 205/338/326 163/340/328
f 125/339/327 163/340/328 126/341/329
f 126/341/329 163/340/328 127/342/330
f 127/342/330 163/340/328 128/343/331
f 128/343/331 163/340/328 162/344/332
f 128/343/331 162/344/332 129/345/333
f 129/346/333 162/347/332 130/348/334
f 130/348/334 162/347/332 131/349/335
f 131/349/335 162/347/332 182/350/336
f 131/349/335 182/350/336 132/351/337
f 132/351/337 182/350/336 133/352/338
f 133/352/338 182/350/336 224/353/339
f 133/352/338 224/353/339 134/354/340
f 134/354/340 224/353/339 135/355/341
f 135/355/341 224/353/339 204/356/342
f 135/355/341 204/356/342 136/357/343
f 136/357/343 204/356/342 137/358/344
f 137/359/344 204/360/342 138/361/345
f 138/361/345 204/360/342 205/338/326
f 138/361/345 205/338/326 139/362/346
f 139/362/346 205/338/326 140/337/325
f 224/353/339 182/350/336 223/363/347
f 223/363/347 182/350/336 181/364/348
f 223/363/347 181/364/348 222/365/349
f 222/365/349 181/364/348 180/366/350
f 222/365/349 180/366/350 221/367/351
f 221/367/351 180/366/350 179/368/352
f 221/367/351 179/368/352 220/369/353
f 220/369/353 179/368/352 178/370/354
f 220/369/353 178/370/354 219/371/355
f 219/371/355 178/370/354 177/372/356
f 219/371/355 177/372/356 218/373/357
f 218/373/357 177/372/356 176/374/358
f 218/373/357 176/374/358 217/375/359
f 217/375/359 176/374/358 175/376/360
f 217/375/359 175/376/360 216/377/361
f 216/377/361 175/376/360 174/378/362
f 216/377/361 174/378/362 215/379/363
f 215/379/363 174/378/362 173/380/364
f 215/379/363 173/380/364 214/381/365
f 214/381/365 173/380/364 172/382/366
f 214/381/365 172/382/366 213/383/367
f 213/383/367 172/382/366 171/384/368
f 213/383/367 171/384/368 212/385/369
f 212/385/369 171/384/368 170/386/370
f 212/385/369 170/386/370 211/387/371
f 211/387/371 170/386/370 169/388/372
f 211/387/371 169/388/372 210/389/373
f 210/389/373 169/388/372 168/390/374
f 210/389/373 168/390/374 209/391/375
f 209/391/375 168/390/374 167/392/376
f 209/391/375 167/392/376 208/393/377
f 208/393/377 167/392/376 166/394/378
f 208/393/377 166/394/378 207/395/379
f 207/395/379 166/394/378 165/396/380
f 207/395/379 165/396/380 206/397/381
f 206/397/381 165/396/380 164/398/382
f 206/397/381 164/398/382 205/338/326
f 205/338/326 164/398/382 163/340/328
f 203/399/383 205/400/384 183/401/385
f 183/401/385 205/400/384 204/402/386
f 183/401/385 204/402/386 224/403/387
f 205/400/384 203/399/383 206/404/388
f 206/404/388 203/399/383 202/405/389
f 206/404/388 202/405/389 207/406/390
f 207/406/390 202/405/389 201/407/391
f 207/406/390 201/407/391 208/408/392
f 208/408/392 201/407/391 200/409/393
f 208/408/392 200/409/393 209/410/394
f 209/410/394 200/409/393 199/411/395
f 209/410/394 199/411/395 198/412/396
f 209/410/394 198/412/396 210/413/397
f 210/413/397 198/412/396 197/414/398
f 210/413/397 197/414/398 211/415/399
f 211/415/399 197/414/398 196/416/400
f 211/415/399 196/416/400 212/417/401
f 212/417/401 196/416/400 195/418/402
f 212/417/401 195/418/402 213/419/403
f 213/419/403 195/418/402 194/420/404
f 213/419/403 194/420/404 214/421/405
f 214/421/405 194/420/404 215/422/406
f 215/422/406 194/420/404 193/423/407
f 215/422/406 193/423/407 216/424/408
f 216/424/408 193/423/407 192/425/409
f 216/424/408 192/425/409 217/426/410
f 217/426/410 192/425/409 191/427/411
f 217/426/410 191/427/411 218/428/412
f 218/428/412 191/427/411 190/429/413
f 218/428/412 190/429/413 219/430/414
f 219/430/414 190/429/413 189/431/415
f 219/430/414 189/431/415 220/432/416
f 220/432/416 189/431/415 188/433/417
f 220/432/416 188/433/417 187/434/418
f 220/432/416 187/434/418 221/435/419
f 221/435/419 187/434/418 186/436/420
f 221/435/419 186/436/420 222/437/421
f 222/437/421 186/436/420 185/438/422
f 222/437/421 185/438/422 223/439/423
f 223/439/423 185/438/422 184/440/424
f 223/439/423 184/440/424 224/403/387
f 224/403/387 184/440/424 183/401/385
f 226/441/425 275/442/426 225/443/427
f 225/443/427 275/442/426 274/444/428
f 225/443/427 274/444/428 248/445/429
f 248/445/429 274/444/428 294/446/430
f 248/445/429 294/446/430 247/447/431
f 247/447/431 294/446/430 293/448/432
f 247/447/431 293/448/432 246/449/433
f 246/449/433 293/448/432 273/450/434
f 246/449/433 273/450/434 245/451/435
f 245/452/435 273/453/434 244/454/436
f 244/454/436 273/453/434 292/455/437
f 244/454/436 292/455/437 243/456/438
f 243/456/438 292/455/437 291/457/439
f 243/456/438 291/457/439 242/458/440
f 242/458/440 291/457/439 290/459/441
f 242/458/440 290/459/441 241/460/442
f 241/460/442 290/459/441 289/461/443
f 241/460/442 289/461/443 240/462/444
f 240/462/444 289/461/443 288/463/445
f 240/462/444 288/463/445 239/464/446
f 239/464/446 288/463/445 287/465/447
f 239/464/446 287/465/447 238/466/448
f 238/466/448 287/465/447 286/467/449
f 238/466/448 286/467/449 237/468/450
f 237/468/450 286/467/449 285/469/451
f 237/468/450 285/469/451 236/470/452
f 236/470/452 285/469/451 284/471/453
f 236/470/452 284/471/453 235/472/454
f 235/472/454 284/471/453 283/473/455
f 235/472/454 283/473/455 234/474/456
f 234/474/456 283/473/455 282/475/457
f 234/474/456 282/475/457 233/476/458
f 233/476/458 282/475/457 232/477/459
f 232/477/459 282/475/457 281/478/460
f 232/477/459 281/478/460 231/479/461
f 231/479/461 281/478/460 280/480/462
f 231/479/461 280/480/462 230/481/463
f 230/481/463 280/480/462 279/482/464
f 230/481/463 279/482/464 229/483/465
f 229/483/465 279/482/464 278/484/466
f 229/483/465 278/484/466 228/485/467
f 228/485/467 278/484/466 277/486/468
f 228/485/467 277/486/468 227/487/469
f 227/487/469 277/486/468 276/488/470
f 227/487/469 276/488/470 226/441/425
f 226/441/425 276/488/470 275/442/426
f 250/489/471 289/461/443 249/490/472
f 249/490/472 289/461/443 290/459/441
f 249/490/472 290/459/441 272/491/473
f 272/491/473 290/459/441 291/457/439
f 272/491/473 291/457/439 271/492/474
f 271/492/474 291/457/439 292/455/437
f 271/492/474 292/455/437 270/493/475
f 270/493/475 292/455/437 273/453/434
f 270/493/475 273/453/434 269/494/476
f 269/495/476 273/450/434 268/496/477
f 268/496/477 273/450/434 293/448/432
f 268/496/477 293/448/432 267/497/478
f 267/497/478 293/448/432 294/446/430
f 267/497/478 294/446/430 266/498/479
f 266/498/479 294/446/430 274/444/428
f 266/498/479 274/444/428 265/499/480
f 265/499/480 274/444/428 275/442/426
f 265/499/480 275/442/426 264/500/481
f 264/500/481 275/442/426 276/488/470
f 264/500/481 276/488/470 263/501/482
f 263/501/482 276/488/470 277/486/468
f 263/501/482 277/486/468 262/502/483
f 262/502/483 277/486/468 278/484/466
f 262/502/483 278/484/466 261/503/484
f 261/503/484 278/484/466 279/482/464
f 261/503/484 279/482/464 260/504/485
f 260/504/485 279/482/464 280/480/462
f 260/504/485 280/480/462 259/505/486
f 259/505/486 280/480/462 281/478/460
f 259/505/486 281/478/460 258/506/487
f 258/506/487 281/478/460 282/475/457
f 258/506/487 282/475/457 257/507/488
f 257/507/488 282/475/457 256/508/489
f 256/508/489 282/475/457 283/473/455
f 256/508/489 283/473/455 255/509/490
f 255/509/490 283/473/455 284/471/453
f 255/509/490 284/471/453 254/510/491
f 254/510/491 284/471/453 285/469/451
f 254/510/491 285/469/451 253/511/492
f 253/511/492 285/469/451 286/467/449
f 253/511/492 286/467/449 252/512/493
f 252/512/493 286/467/449 287/465/447
f 252/512/493 287/465/447 251/513/494
f 251/513/494 287/465/447 288/463/445
f 251/513/494 288/463/445 250/489/471
f 250/489/471 288/463/445 289/461/443
f 313/514/495 225/515/496 312/516/497
f 312/516/497 225/515/496 248/517/498
f 312/516/497 248/517/498 310/518/499
f 310/518/499 248/517/498 309/519/500
f 309/519/500 248/517/498 308/520/501
f 308/520/501 248/517/498 307/521/502
f 307/521/502 248/517/498 247/522/503
f 307/521/502 247/522/503 306/523/504
f 306/523/504 247/522/503 246/524/505
f 306/523/504 246/524/505 305/525/506
f 305/525/506 246/524/505 304/526/507
f 304/526/507 246/524/505 245/527/508
f 304/526/507 245/527/508 303/528/509
f 303/528/509 245/527/508 302/529/510
f 302/529/510 245/527/508 244/530/511
f 302/529/510 244/530/511 301/531/512
f 301/531/512 244/530/511 300/532/513
f 300/532/513 244/530/511 243/533/514
f 300/532/513 243/533/514 299/534/515
f 299/534/515 243/533/514 298/535/516
f 298/535/516 243/533/514 296/536/517
f 298/535/516 296/536/517 297/537/518
f 243/533/514 242/538/519 296/536/517
f 296/536/517 242/538/519 295/539/520
f 295/539/520 242/538/519 241/540/521
f 310/518/499 311/541/522 312/516/497
f 249/542/523 272/543/524 332/544/525
f 332/544/525 272/543/524 331/545/526
f 331/545/526 272/543/524 271/546/527
f 331/545/526 271/546/527 329/547/528
f 329/547/528 271/546/527 328/548/529
f 328/548/529 271/546/527 327/549/530
f 327/549/530 271/546/527 270/550/531
f 327/549/530 270/550/531 326/551/532
f 326/551/532 270/550/531 325/552/533
f 325/552/533 270/550/531 269/553/534
f 325/552/533 269/553/534 324/554/535
f 324/554/535 269/553/534 323/555/536
f 323/555/536 269/553/534 268/556/537
f 323/555/536 268/556/537 322/557/538
f 322/557/538 268/556/537 321/558/539
f 321/558/539 268/556/537 267/559/540
f 321/558/539 267/559/540 320/560/541
f 320/560/541 267/559/540 266/561/542
f 320/560/541 266/561/542 319/562/543
f 319/562/543 266/561/542 318/563/544
f 318/563/544 266/561/542 317/564/545
f 317/564/545 266/561/542 315/565/546
f 317/564/545 315/565/546 316/566/547
f 266/561/542 265/567/548 315/565/546
f 315/565/546 265/567/548 314/568/549
f 329/547/528 330/569/550 331/545/526
f 334/570/551 374/571/552 333/572/553
f 333/572/553 374/571/552 354/573/554
f 333/574/553 354/575/554 353/576/555
f 353/576/555 354/575/554 355/577/556
f 353/576/555 355/577/556 352/578/557
f 352/578/557 355/577/556 356/579/558
f 352/578/557 356/579/558 351/580/559
f 351/580/559 356/579/558 357/581/560
f 351/580/559 357/581/560 350/582/561
f 350/582/561 357/581/560 358/583/562
f 350/582/561 358/583/562 349/584/563
f 349/584/563 358/583/562 359/585/564
f 349/584/563 359/585/564 348/586/565
f 348/586/565 359/585/564 360/587/566
f 348/586/565 360/587/566 347/588/567
f 347/588/567 360/587/566 361/589/568
f 347/588/567 361/589/568 346/590/569
f 346/590/569 361/589/568 362/591/570
f 346/590/569 362/591/570 345/592/571
f 345/592/571 362/591/570 363/593/572
f 345/592/571 363/593/572 344/594/573
f 344/594/573 363/593/572 364/595/574
f 344/594/573 364/595/574 343/596/575
f 343/596/575 364/595/574 365/597/576
f 343/596/575 365/597/576 342/598/577
f 342/598/577 365/597/576 366/599/578
f 342/598/577 366/599/578 341/600/579
f 341/600/579 366/599/578 367/601/580
f 341/600/579 367/601/580 340/602/581
f 340/602/581 367/601/580 368/603/582
f 340/602/581 368/603/582 339/604/583
f 339/604/583 368/603/582 369/605/584
f 339/604/583 369/605/584 338/606/585
f 338/606/585 369/605/584 370/607/586
f 338/606/585 370/607/586 337/608/587
f 337/608/587 370/607/586 371/609/588
f 337/608/587 371/609/588 336/610/589
f 336/610/589 371/609/588 372/611/590
f 336/610/589 372/611/590 335/612/591
f 335/612/591 372/611/590 373/613/592
f 335/612/591 373/613/592 334/570/551
f 334/570/551 373/613/592 374/571/552
f 376/614/593 416/615/594 375/616/595
f 375/616/595 416/615/594 396/617/596
f 375/618/595 396/619/596 395/620/597
f 395/620/597 396/619/596 397/621/598
f 395/620/597 397/621/598 394/622/599
f 394/622/599 397/621/598 398/623/600
f 394/622/599 398/623/600 393/624/601
f 393/624/601 398/623/600 399/625/602
f 393/624/601 399/625/602 392/626/603
f 392/626/603 399/625/602 400/627/604
f 392/626/603 400/627/604 391/628/605
f 391/628/605 400/627/604 401/629/606
f 391/628/605 401/629/606 390/630/607
f 390/630/607 401/629/606 402/631/608
f 390/630/607 402/631/608 389/632/609
f 389/632/609 402/631/608 403/633/610
f 389/632/609 403/633/610 388/634/611
f 388/634/611 403/633/610 404/635/612
f 388/634/611 404/635/612 387/636/613
f 387/636/613 404/635/612 405/637/614
f 387/636/613 405/637/614 386/638/615
f 386/638/615 405/637/614 406/639/616
f 386/638/615 406/639/616 385/640/617
f 385/640/617 406/639/616 407/641/618
f 385/640/617 407/641/618 384/642/619
f 384/642/619 407/641/618 408/643/620
f 384/642/619 408/643/620 383/644/621
f 383/644/621 408/643/620 409/645/622
f 383/644/621 409/645/622 382/646/623
f 382/646/623 409/645/622 410/647/624
f 382/646/623 410/647/624 381/648/625
f 381/648/625 410/647/624 411/649/626
f 381/648/625 411/649/626 380/650/627
f 380/650/627 411/649/626 412/651/628
f 380/650/627 412/651/628 379/652/629
f 379/652/629 412/651/628 413/653/630
f 379/652/629 413/653/630 378/654/631
f 378/654/631 413/653/630 414/655/632
f 378/654/631 414/655/632 377/656/633
f 377/656/633 414/655/632 415/657/634
f 377/656/633 415/657/634 376/614/593
f 376/614/593 415/657/634 416/615/594
f 418/658/635 458/659/636 417/660/637
f 417/660/637 458/659/636 438/661/638
f 417/662/637 438/663/638 437/664/639
f 437/664/639 438/663/638 439/665/640
f 437/664/639 439/665/640 436/666/641
f 436/666/641 439/665/640 440/667/642
f 436/666/641 440/667/642 435/668/643
f 435/668/643 440/667/642 441/669/644
f 435/668/643 441/669/644 434/670/645
f 434/670/645 441/669/644 442/671/646
f 434/670/645 442/671/646 433/672/647
f 433/672/647 442/671/646 443/673/648
f 433/672/647 443/673/648 432/674/649
f 432/674/649 443/673/648 444/675/650
f 432/674/649 444/675/650 431/676/651
f 431/676/651 444/675/650 445/677/652
f 431/676/651 445/677/652 430/678/653
f 430/678/653 445/677/652 446/679/654
f 430/678/653 446/679/654 429/680/655
f 429/680/655 446/679/654 447/681/656
f 429/680/655 447/681/656 428/682/657
f 428/682/657 447/681/656 448/683/658
f 428/682/657 448/683/658 427/684/659
f 427/684/659 448/683/658 449/685/660
f 427/684/659 449/685/660 426/686/661
f 426/686/661 449/685/660 450/687/662
f 426/686/661 450/687/662 425/688/663
f 425/688/663 450/687/662 451/689/664
f 425/688/663 451/689/664 424/690/665
f 424/690/665 451/689/664 452/691/666
f 424/690/665 452/691/666 423/692/667
f 423/692/667 452/691/666 453/693/668
f 423/692/667 453/693/668 422/694/669
f 422/694/669 453/693/668 454/695/670
f 422/694/669 454/695/670 421/696/671
f 421/696/671 454/695/670 455/697/672
f 421/696/671 455/697/672 420/698/673
f 420/698/673 455/697/672 456/699/674
f 420/698/673 456/699/674 419/700/675
f 419/700/675 456/699/674 457/701/676
f 419/700/675 457/701/676 418/658/635
f 418/658/635 457/701/676 458/659/636
f 353/702/677 479/703/678 333/704/679
f 333/704/679 479/703/678 480/705/680
f 333/704/679 480/705/680 481/706/681
f 479/703/678 353/702/677 478/707/682
f 478/707/682 353/702/677 352/708/683
f 478/707/682 352/708/683 477/709/684
f 477/709/684 352/708/683 351/710/685
f 477/709/684 351/710/685 476/711/686
f 476/711/686 351/710/685 350/712/687
f 476/711/686 350/712/687 475/713/688
f 475/713/688 350/712/687 349/714/689
f 475/713/688 349/714/689 474/715/690
f 474/715/690 349/714/689 348/716/691
f 474/715/690 348/716/691 473/717/692
f 473/717/692 348/716/691 347/718/693
f 473/717/692 347/718/693 472/719/694
f 472/719/694 347/718/693 346/720/695
f 472/719/694 346/720/695 471/721/696
f 471/721/696 346/720/695 345/722/697
f 471/721/696 345/722/697 470/723/698
f 470/723/698 345/722/697 344/724/699
f 470/723/698 344/724/699 469/725/700
f 469/725/700 344/724/699 468/726/701
f 468/726/701 344/724/699 343/727/702
f 468/726/701 343/727/702 467/728/703
f 467/728/703 343/727/702 466/729/704
f 466/729/704 343/727/702 465/730/705
f 465/730/705 343/727/702 342/731/706
f 465/730/705 342/731/706 464/732/707
f 464/732/707 342/731/706 463/733/708
f 463/733/708 342/731/706 462/734/709
f 462/734/709 342/731/706 391/735/710
f 462/734/709 391/735/710 331/736/711
f 331/736/711 391/735/710 390/737/712
f 331/736/711 390/737/712 389/738/713
f 391/735/710 342/731/706 392/739/714
f 392/739/714 342/731/706 341/740/715
f 392/739/714 341/740/715 393/741/716
f 393/741/716 341/740/715 340/742/717
f 393/741/716 340/742/717 394/743/718
f 394/743/718 340/742/717 339/744/719
f 394/743/718 339/744/719 338/745/720
f 337/746/721 429/747/722 338/745/720
f 338/745/720 429/747/722 395/748/723
f 338/745/720 395/748/723 394/743/718
f 429/747/722 337/746/721 430/749/724
f 430/749/724 337/746/721 336/750/725
f 430/749/724 336/750/725 431/751/726
f 431/751/726 336/750/725 335/752/727
f 431/751/726 335/752/727 432/753/728
f 432/753/728 335/752/727 433/754/729
f 433/754/729 335/752/727 334/755/730
f 433/754/729 334/755/730 486/756/731
f 486/756/731 334/755/730 485/757/732
f 485/757/732 334/755/730 484/758/733
f 484/758/733 334/755/730 483/759/734
f 483/759/734 334/755/730 482/760/735
f 482/760/735 334/755/730 481/706/681
f 481/706/681 334/755/730 333/704/679
f 395/748/723 428/761/736 375/762/737
f 375/762/737 428/761/736 427/763/738
f 375/762/737 427/763/738 376/764/739
f 376/764/739 427/763/738 491/765/740
f 376/764/739 491/765/740 377/766/741
f 377/766/741 491/765/740 378/767/742
f 378/767/742 491/765/740 379/768/743
f 379/768/743 491/765/740 380/769/744
f 380/769/744 491/765/740 381/770/745
f 381/770/745 491/765/740 332/771/746
f 381/770/745 332/771/746 382/772/747
f 382/772/747 332/771/746 383/773/748
f 383/773/748 332/771/746 384/774/749
f 384/774/749 332/771/746 385/775/750
f 385/775/750 332/771/746 386/776/751
f 386/776/751 332/771/746 331/736/711
f 386/776/751 331/736/711 387/777/752
f 387/777/752 331/736/711 388/778/753
f 388/778/753 331/736/711 389/738/713
f 418/779/754 417/780/755 295/781/756
f 295/781/756 417/780/755 437/782/757
f 295/781/756 437/782/757 296/783/758
f 296/783/758 437/782/757 436/784/759
f 296/783/758 436/784/759 435/785/760
f 435/785/760 434/786/761 296/783/758
f 296/783/758 434/786/761 433/754/729
f 296/783/758 433/754/729 486/756/731
f 429/747/722 428/761/736 395/748/723
f 491/765/740 427/763/738 490/787/762
f 490/787/762 427/763/738 426/788/763
f 490/787/762 426/788/763 425/789/764
f 425/789/764 424/790/765 490/787/762
f 490/787/762 424/790/765 423/791/766
f 490/787/762 423/791/766 422/792/767
f 422/792/767 421/793/768 490/787/762
f 490/787/762 421/793/768 295/781/756
f 295/781/756 421/793/768 420/794/769
f 295/781/756 420/794/769 419/795/770
f 419/795/770 418/779/754 295/781/756
f 459/796/771 460/797/772 331/736/711
f 331/736/711 460/797/772 461/798/773
f 331/736/711 461/798/773 462/734/709
f 486/756/731 487/799/774 296/783/758
f 296/783/758 487/799/774 488/800/775
f 296/783/758 488/800/775 489/801/776
f 124/802/777 257/803/778 113/804/779
f 113/804/779 257/803/778 256/805/780
f 113/804/779 256/805/780 114/806/781
f 114/806/781 256/805/780 255/807/782
f 114/806/781 255/807/782 115/808/783
f 115/808/783 255/807/782 254/809/784
f 115/808/783 254/809/784 253/810/785
f 257/803/778 124/802/777 258/811/786
f 258/811/786 124/802/777 123/812/787
f 258/811/786 123/812/787 259/813/788
f 259/813/788 123/812/787 492/814/789
f 259/813/788 492/814/789 260/815/790
f 260/815/790 492/814/789 261/816/791
f 261/816/791 492/814/789 314/817/792
f 261/816/791 314/817/792 262/818/793
f 262/818/793 314/817/792 263/819/794
f 263/819/794 314/817/792 264/820/795
f 264/820/795 314/817/792 265/821/796
f 123/812/787 122/822/797 492/814/789
f 492/814/789 122/822/797 121/823/798
f 492/814/789 121/823/798 120/824/799
f 492/814/789 120/824/799 491/825/800
f 491/825/800 120/824/799 119/826/801
f 491/825/800 119/826/801 118/827/802
f 118/827/802 117/828/803 491/825/800
f 491/825/800 117/828/803 116/829/804
f 491/825/800 116/829/804 115/808/783
f 252/830/805 332/831/806 253/810/785
f 253/810/785 332/831/806 491/825/800
f 253/810/785 491/825/800 115/808/783
f 252/830/805 251/832/807 332/831/806
f 332/831/806 251/832/807 250/833/808
f 332/831/806 250/833/808 249/834/809
f 112/835/810 234/836/811 101/837/812
f 101/837/812 234/836/811 233/838/813
f 101/837/812 233/838/813 102/839/814
f 102/839/814 233/838/813 232/840/815
f 102/839/814 232/840/815 103/841/816
f 103/841/816 232/840/815 231/842/817
f 103/841/816 231/842/817 493/843/818
f 493/843/818 231/842/817 230/844/819
f 493/843/818 230/844/819 229/845/820
f 234/836/811 112/835/810 235/846/821
f 235/846/821 112/835/810 111/847/822
f 235/846/821 111/847/822 236/848/823
f 236/848/823 111/847/822 237/849/824
f 237/849/824 111/847/822 490/850/825
f 237/849/824 490/850/825 295/851/826
f 111/847/822 110/852/827 490/850/825
f 490/850/825 110/852/827 109/853/828
f 490/850/825 109/853/828 108/854/829
f 108/854/829 107/855/830 490/850/825
f 490/850/825 107/855/830 106/856/831
f 490/850/825 106/856/831 493/843/818
f 493/843/818 106/856/831 105/857/832
f 493/843/818 105/857/832 104/858/833
f 104/858/833 103/841/816 493/843/818
f 241/859/834 240/860/835 295/851/826
f 295/851/826 240/860/835 239/861/836
f 295/851/826 239/861/836 238/862/837
f 238/862/837 237/849/824 295/851/826
f 493/843/818 229/845/820 313/863/838
f 313/863/838 229/845/820 228/864/839
f 313/863/838 228/864/839 227/865/840
f 227/865/840 226/866/841 313/863/838
f 313/863/838 226/866/841 225/867/842
f 493/868/843 492/869/844 490/870/845
f 490/870/845 492/869/844 491/871/846
f 374/872/847 502/873/848 354/874/849
f 354/874/849 502/873/848 503/875/850
f 354/874/849 503/875/850 504/876/851
f 373/877/852 443/878/853 374/872/847
f 374/872/847 443/878/853 497/879/854
f 374/872/847 497/879/854 498/880/855
f 372/881/856 445/882/857 373/877/852
f 373/877/852 445/882/857 444/883/858
f 373/877/852 444/883/858 443/878/853
f 445/882/857 372/881/856 446/884/859
f 446/884/859 372/881/856 371/885/860
f 446/884/859 371/885/860 447/886/861
f 447/886/861 371/885/860 370/887/862
f 447/886/861 370/887/862 397/888/863
f 397/888/863 370/887/862 398/889/864
f 398/889/864 370/887/862 369/890/865
f 398/889/864 369/890/865 368/891/866
f 398/889/864 368/891/866 399/892/867
f 399/892/867 368/891/866 367/893/868
f 399/892/867 367/893/868 400/894/869
f 400/894/869 367/893/868 366/895/870
f 400/894/869 366/895/870 401/896/871
f 401/896/871 366/895/870 521/897/872
f 401/896/871 521/897/872 315/898/873
f 315/898/873 521/897/872 522/899/874
f 315/898/873 522/899/874 523/900/875
f 365/901/876 518/902/877 366/895/870
f 366/895/870 518/902/877 519/903/878
f 366/895/870 519/903/878 520/904/879
f 364/905/880 515/906/881 365/901/876
f 365/901/876 515/906/881 516/907/882
f 365/901/876 516/907/882 517/908/883
f 363/909/884 513/910/885 364/905/880
f 364/905/880 513/910/885 514/911/886
f 364/905/880 514/911/886 515/906/881
f 513/910/885 363/909/884 512/912/887
f 512/912/887 363/909/884 362/913/888
f 512/912/887 362/913/888 511/914/889
f 511/914/889 362/913/888 361/915/890
f 511/914/889 361/915/890 510/916/891
f 510/916/891 361/915/890 360/917/892
f 510/916/891 360/917/892 509/918/893
f 509/918/893 360/917/892 359/919/894
f 509/918/893 359/919/894 508/920/895
f 508/920/895 359/919/894 358/921/896
f 508/920/895 358/921/896 507/922/897
f 507/922/897 358/921/896 357/923/898
f 507/922/897 357/923/898 506/924/899
f 506/924/899 357/923/898 356/925/900
f 506/924/899 356/925/900 505/926/901
f 505/926/901 356/925/900 355/927/902
f 505/926/901 355/927/902 504/876/851
f 504/876/851 355/927/902 354/874/849
f 416/928/903 449/929/904 396/930/905
f 396/930/905 449/929/904 448/931/906
f 396/930/905 448/931/906 397/888/863
f 397/888/863 448/931/906 447/886/861
f 449/929/904 416/928/903 492/932/907
f 492/932/907 416/928/903 415/933/908
f 492/932/907 415/933/908 414/934/909
f 414/934/909 413/935/910 492/932/907
f 492/932/907 413/935/910 412/936/911
f 492/932/907 412/936/911 411/937/912
f 492/932/907 411/937/912 314/938/913
f 314/938/913 411/937/912 410/939/914
f 314/938/913 410/939/914 409/940/915
f 409/940/915 408/941/916 314/938/913
f 314/938/913 408/941/916 407/942/917
f 314/938/913 407/942/917 406/943/918
f 314/938/913 406/943/918 315/898/873
f 315/898/873 406/943/918 405/944/919
f 315/898/873 405/944/919 404/945/920
f 404/945/920 403/946/921 315/898/873
f 315/898/873 403/946/921 402/947/922
f 315/898/873 402/947/922 401/896/871
f 439/948/923 438/949/924 313/950/925
f 313/950/925 438/949/924 458/951/926
f 313/950/925 458/951/926 457/952/927
f 457/952/927 456/953/928 313/950/925
f 313/950/925 456/953/928 455/954/929
f 313/950/925 455/954/929 493/955/930
f 493/955/930 455/954/929 454/956/931
f 493/955/930 454/956/931 453/957/932
f 453/957/932 452/958/933 493/955/930
f 493/955/930 452/958/933 451/959/934
f 493/955/930 451/959/934 450/960/935
f 450/960/935 449/929/904 493/955/930
f 493/955/930 449/929/904 492/932/907
f 497/879/854 443/878/853 312/961/936
f 312/961/936 443/878/853 442/962/937
f 312/961/936 442/962/937 441/963/938
f 441/963/938 440/964/939 312/961/936
f 312/961/936 440/964/939 439/948/923
f 312/961/936 439/948/923 313/950/925
f 494/965/940 495/966/941 312/961/936
f 312/961/936 495/966/941 496/967/942
f 312/961/936 496/967/942 497/879/854
f 498/880/855 499/968/943 374/872/847
f 374/872/847 499/968/943 500/969/944
f 374/872/847 500/969/944 501/970/945
f 501/970/945 502/873/848 374/872/847
f 517/908/883 518/902/877 365/901/876
f 520/904/879 521/897/872 366/895/870
f 523/900/875 524/971/946 315/898/873
f 475/972/947 474/973/948 561/974/949
f 561/974/949 474/973/948 525/975/950
f 561/974/949 525/975/950 560/976/951
f 560/976/951 525/975/950 526/977/952
f 560/976/951 526/977/952 559/978/953
f 559/978/953 526/977/952 558/979/954
f 559/978/953 558/979/954 581/980/955
f 581/980/955 558/979/954 580/981/956
f 581/980/955 580/981/956 603/982/957
f 603/982/957 580/981/956 602/983/958
f 603/982/957 602/983/958 625/984/959
f 625/984/959 602/983/958 624/985/960
f 625/984/959 624/985/960 652/986/961
f 652/986/961 624/985/960 653/987/962
f 652/986/961 653/987/962 647/988/963
f 647/988/963 653/987/962 646/989/964
f 647/988/963 646/989/964 691/990/965
f 691/990/965 646/989/964 690/991/966
f 691/990/965 690/991/966 713/992/967
f 713/992/967 690/991/966 712/993/968
f 713/992/967 712/993/968 735/994/969
f 735/994/969 712/993/968 734/995/970
f 735/994/969 734/995/970 757/996/971
f 757/996/971 734/995/970 756/997/972
f 757/996/971 756/997/972 779/998/973
f 779/998/973 756/997/972 778/999/974
f 779/998/973 778/999/974 801/1000/975
f 801/1000/975 778/999/974 800/1001/976
f 801/1000/975 800/1001/976 823/1002/977
f 823/1002/977 800/1001/976 822/1003/978
f 823/1002/977 822/1003/978 845/1004/979
f 845/1004/979 822/1003/978 844/1005/980
f 845/1004/979 844/1005/980 867/1006/981
f 867/1006/981 844/1005/980 866/1007/982
f 867/1006/981 866/1007/982 889/1008/983
f 889/1008/983 866/1007/982 888/1009/984
f 889/1008/983 888/1009/984 911/1010/985
f 911/1010/985 888/1009/984 910/1011/986
f 911/1010/985 910/1011/986 298/1012/987
f 298/1012/987 910/1011/986 299/1013/988
f 299/1013/988 910/1011/986 909/1014/989
f 299/1013/988 909/1014/989 300/1015/990
f 300/1015/990 909/1014/989 908/1016/991
f 300/1015/990 908/1016/991 301/1017/992
f 301/1017/992 908/1016/991 907/1018/993
f 301/1017/992 907/1018/993 906/1019/994
f 906/1019/994 907/1018/993 884/1020/995
f 906/1019/994 884/1020/995 883/1021/996
f 883/1021/996 884/1020/995 861/1022/997
f 883/1021/996 861/1022/997 860/1023/998
f 860/1023/998 861/1022/997 838/1024/999
f 860/1023/998 838/1024/999 837/1025/1000
f 837/1025/1000 838/1024/999 815/1026/1001
f 837/1025/1000 815/1026/1001 814/1027/1002
f 814/1027/1002 815/1026/1001 792/1028/1003
f 814/1027/1002 792/1028/1003 791/1029/1004
f 791/1029/1004 792/1028/1003 769/1030/1005
f 791/1029/1004 769/1030/1005 768/1031/1006
f 768/1031/1006 769/1030/1005 746/1032/1007
f 768/1031/1006 746/1032/1007 745/1033/1008
f 745/1033/1008 746/1032/1007 723/1034/1009
f 745/1033/1008 723/1034/1009 722/1035/1010
f 722/1035/1010 723/1034/1009 700/1036/1011
f 722/1035/1010 700/1036/1011 699/1037/1012
f 699/1037/1012 700/1036/1011 677/1038/1013
f 699/1037/1012 677/1038/1013 676/1039/1014
f 676/1039/1014 677/1038/1013 632/1040/1015
f 676/1039/1014 632/1040/1015 631/1041/1016
f 631/1041/1016 632/1040/1015 668/1042/1017
f 631/1041/1016 668/1042/1017 669/1043/1018
f 669/1043/1018 668/1042/1017 608/1044/1019
f 669/1043/1018 608/1044/1019 607/1045/1020
f 607/1045/1020 608/1044/1019 585/1046/1021
f 607/1045/1020 585/1046/1021 584/1047/1022
f 584/1047/1022 585/1046/1021 562/1048/1023
f 584/1047/1022 562/1048/1023 507/1049/1024
f 507/1049/1024 562/1048/1023 508/1050/1025
f 508/1050/1025 562/1048/1023 540/1051/1026
f 508/1050/1025 540/1051/1026 509/1052/1027
f 509/1052/1027 540/1051/1026 539/1053/1028
f 539/1053/1028 540/1051/1026 541/1054/1029
f 539/1053/1028 541/1054/1029 542/1055/1030
f 542/1055/1030 541/1054/1029 564/1056/1031
f 542/1055/1030 564/1056/1031 565/1057/1032
f 565/1057/1032 564/1056/1031 587/1058/1033
f 565/1057/1032 587/1058/1033 588/1059/1034
f 588/1059/1034 587/1058/1033 610/1060/1035
f 588/1059/1034 610/1060/1035 611/1061/1036
f 611/1061/1036 610/1060/1035 666/1062/1037
f 611/1061/1036 666/1062/1037 665/1063/1038
f 665/1063/1038 666/1062/1037 634/1064/1039
f 665/1063/1038 634/1064/1039 635/1065/1040
f 635/1065/1040 634/1064/1039 679/1066/1041
f 635/1065/1040 679/1066/1041 680/1067/1042
f 680/1067/1042 679/1066/1041 702/1068/1043
f 680/1067/1042 702/1068/1043 703/1069/1044
f 703/1069/1044 702/1068/1043 725/1070/1045
f 703/1069/1044 725/1070/1045 726/1071/1046
f 726/1071/1046 725/1070/1045 748/1072/1047
f 726/1071/1046 748/1072/1047 749/1073/1048
f 749/1073/1048 748/1072/1047 771/1074/1049
f 749/1073/1048 771/1074/1049 772/1075/1050
f 772/1075/1050 771/1074/1049 794/1076/1051
f 772/1075/1050 794/1076/1051 795/1077/1052
f 795/1077/1052 794/1076/1051 817/1078/1053
f 795/1077/1052 817/1078/1053 818/1079/1054
f 818/1079/1054 817/1078/1053 840/1080/1055
f 818/1079/1054 840/1080/1055 841/1081/1056
f 841/1081/1056 840/1080/1055 863/1082/1057
f 841/1081/1056 863/1082/1057 864/1083/1058
f 864/1083/1058 863/1082/1057 886/1084/1059
f 864/1083/1058 886/1084/1059 887/1085/1060
f 887/1085/1060 886/1084/1059 909/1014/989
f 887/1085/1060 909/1014/989 910/1011/986
f 526/977/952 527/1086/1061 558/979/954
f 558/979/954 527/1086/1061 557/1087/1062
f 558/979/954 557/1087/1062 580/981/956
f 580/981/956 557/1087/1062 579/1088/1063
f 580/981/956 579/1088/1063 602/983/958
f 602/983/958 579/1088/1063 601/1089/1064
f 602/983/958 601/1089/1064 624/985/960
f 624/985/960 601/1089/1064 623/1090/1065
f 624/985/960 623/1090/1065 653/987/962
f 653/987/962 623/1090/1065 654/1091/1066
f 653/987/962 654/1091/1066 646/989/964
f 646/989/964 654/1091/1066 645/1092/1067
f 646/989/964 645/1092/1067 690/991/966
f 690/991/966 645/1092/1067 689/1093/1068
f 690/991/966 689/1093/1068 712/993/968
f 712/993/968 689/1093/1068 711/1094/1069
f 712/993/968 711/1094/1069 734/995/970
f 734/995/970 711/1094/1069 733/1095/1070
f 734/995/970 733/1095/1070 756/997/972
f 756/997/972 733/1095/1070 755/1096/1071
f 756/997/972 755/1096/1071 778/999/974
f 778/999/974 755/1096/1071 777/1097/1072
f 778/999/974 777/1097/1072 800/1001/976
f 800/1001/976 777/1097/1072 799/1098/1073
f 800/1001/976 799/1098/1073 822/1003/978
f 822/1003/978 799/1098/1073 821/1099/1074
f 822/1003/978 821/1099/1074 844/1005/980
f 844/1005/980 821/1099/1074 843/1100/1075
f 844/1005/980 843/1100/1075 866/1007/982
f 866/1007/982 843/1100/1075 865/1101/1076
f 866/1007/982 865/1101/1076 888/1009/984
f 888/1009/984 865/1101/1076 887/1085/1060
f 888/1009/984 887/1085/1060 910/1011/986
f 527/1086/1061 528/1102/1077 557/1087/1062
f 557/1087/1062 528/1102/1077 556/1103/1078
f 557/1087/1062 556/1103/1078 579/1088/1063
f 579/1088/1063 556/1103/1078 578/1104/1079
f 579/1088/1063 578/1104/1079 601/1089/1064
f 601/1089/1064 578/1104/1079 600/1105/1080
f 601/1089/1064 600/1105/1080 623/1090/1065
f 623/1090/1065 600/1105/1080 622/1106/1081
f 623/1090/1065 622/1106/1081 654/1091/1066
f 654/1091/1066 622/1106/1081 655/1107/1082
f 654/1091/1066 655/1107/1082 645/1092/1067
f 645/1092/1067 655/1107/1082 644/1108/1083
f 645/1092/1067 644/1108/1083 689/1093/1068
f 689/1093/1068 644/1108/1083 688/1109/1084
f 689/1093/1068 688/1109/1084 711/1094/1069
f 711/1094/1069 688/1109/1084 710/1110/1085
f 711/1094/1069 710/1110/1085 733/1095/1070
f 733/1095/1070 710/1110/1085 732/1111/1086
f 733/1095/1070 732/1111/1086 755/1096/1071
f 755/1096/1071 732/1111/1086 754/1112/1087
f 755/1096/1071 754/1112/1087 777/1097/1072
f 777/1097/1072 754/1112/1087 776/1113/1088
f 777/1097/1072 776/1113/1088 799/1098/1073
f 799/1098/1073 776/1113/1088 798/1114/1089
f 799/1098/1073 798/1114/1089 821/1099/1074
f 821/1099/1074 798/1114/1089 820/1115/1090
f 821/1099/1074 820/1115/1090 843/1100/1075
f 843/1100/1075 820/1115/1090 842/1116/1091
f 843/1100/1075 842/1116/1091 865/1101/1076
f 865/1101/1076 842/1116/1091 864/1083/1058
f 865/1101/1076 864/1083/1058 887/1085/1060
f 528/1102/1077 529/1117/1092 556/1103/1078
f 556/1103/1078 529/1117/1092 555/1118/1093
f 556/1103/1078 555/1118/1093 578/1104/1079
f 578/1104/1079 555/1118/1093 577/1119/1094
f 578/1104/1079 577/1119/1094 600/1105/1080
f 600/1105/1080 577/1119/1094 599/1120/1095
f 600/1105/1080 599/1120/1095 622/1106/1081
f 622/1106/1081 599/1120/1095 621/1121/1096
f 622/1106/1081 621/1121/1096 655/1107/1082
f 655/1107/1082 621/1121/1096 656/1122/1097
f 655/1107/1082 656/1122/1097 644/1108/1083
f 644/1108/1083 656/1122/1097 643/1123/1098
f 644/1108/1083 643/1123/1098 688/1109/1084
f 688/1109/1084 643/1123/1098 687/1124/1099
f 688/1109/1084 687/1124/1099 710/1110/1085
f 710/1110/1085 687/1124/1099 709/1125/1100
f 710/1110/1085 709/1125/1100 732/1111/1086
f 732/1111/1086 709/1125/1100 731/1126/1101
f 732/1111/1086 731/1126/1101 754/1112/1087
f 754/1112/1087 731/1126/1101 753/1127/1102
f 754/1112/1087 753/1127/1102 776/1113/1088
f 776/1113/1088 753/1127/1102 775/1128/1103
f 776/1113/1088 775/1128/1103 798/1114/1089
f 798/1114/1089 775/1128/1103 797/1129/1104
f 798/1114/1089 797/1129/1104 820/1115/1090
f 820/1115/1090 797/1129/1104 819/1130/1105
f 820/1115/1090 819/1130/1105 842/1116/1091
f 842/1116/1091 819/1130/1105 841/1081/1056
f 842/1116/1091 841/1081/1056 864/1083/1058
f 555/1118/1093 529/1117/1092 554/1131/1106
f 554/1131/1106 529/1117/1092 530/1132/1107
f 554/1131/1106 530/1132/1107 553/1133/1108
f 553/1133/1108 530/1132/1107 531/1134/1109
f 553/1133/1108 531/1134/1109 552/1135/1110
f 552/1135/1110 531/1134/1109 551/1136/1111
f 552/1135/1110 551/1136/1111 574/1137/1112
f 574/1137/1112 551/1136/1111 573/1138/1113
f 574/1137/1112 573/1138/1113 596/1139/1114
f 596/1139/1114 573/1138/1113 595/1140/1115
f 596/1139/1114 595/1140/1115 618/1141/1116
f 618/1141/1116 595/1140/1115 617/1142/1117
f 618/1141/1116 617/1142/1117 659/1143/1118
f 659/1143/1118 617/1142/1117 660/1144/1119
f 659/1143/1118 660/1144/1119 640/1145/1120
f 640/1145/1120 660/1144/1119 639/1146/1121
f 640/1145/1120 639/1146/1121 684/1147/1122
f 684/1147/1122 639/1146/1121 683/1148/1123
f 684/1147/1122 683/1148/1123 706/1149/1124
f 706/1149/1124 683/1148/1123 705/1150/1125
f 706/1149/1124 705/1150/1125 728/1151/1126
f 728/1151/1126 705/1150/1125 727/1152/1127
f 728/1151/1126 727/1152/1127 750/1153/1128
f 750/1153/1128 727/1152/1127 749/1073/1048
f 750/1153/1128 749/1073/1048 772/1075/1050
f 531/1134/1109 532/1154/1129 551/1136/1111
f 551/1136/1111 532/1154/1129 550/1155/1130
f 551/1136/1111 550/1155/1130 573/1138/1113
f 573/1138/1113 550/1155/1130 572/1156/1131
f 573/1138/1113 572/1156/1131 595/1140/1115
f 595/1140/1115 572/1156/1131 594/1157/1132
f 595/1140/1115 594/1157/1132 617/1142/1117
f 617/1142/1117 594/1157/1132 616/1158/1133
f 617/1142/1117 616/1158/1133 660/1144/1119
f 660/1144/1119 616/1158/1133 661/1159/1134
f 660/1144/1119 661/1159/1134 639/1146/1121
f 639/1146/1121 661/1159/1134 638/1160/1135
f 639/1146/1121 638/1160/1135 683/1148/1123
f 683/1148/1123 638/1160/1135 682/1161/1136
f 683/1148/1123 682/1161/1136 705/1150/1125
f 705/1150/1125 682/1161/1136 704/1162/1137
f 705/1150/1125 704/1162/1137 727/1152/1127
f 727/1152/1127 704/1162/1137 726/1071/1046
f 727/1152/1127 726/1071/1046 749/1073/1048
f 532/1154/1129 533/1163/1138 550/1155/1130
f 550/1155/1130 533/1163/1138 549/1164/1139
f 550/1155/1130 549/1164/1139 572/1156/1131
f 572/1156/1131 549/1164/1139 571/1165/1140
f 572/1156/1131 571/1165/1140 594/1157/1132
f 594/1157/1132 571/1165/1140 593/1166/1141
f 594/1157/1132 593/1166/1141 616/1158/1133
f 616/1158/1133 593/1166/1141 615/1167/1142
f 616/1158/1133 615/1167/1142 661/1159/1134
f 661/1159/1134 615/1167/1142 662/1168/1143
f 661/1159/1134 662/1168/1143 638/1160/1135
f 638/1160/1135 662/1168/1143 637/1169/1144
f 638/1160/1135 637/1169/1144 682/1161/1136
f 682/1161/1136 637/1169/1144 681/1170/1145
f 682/1161/1136 681/1170/1145 704/1162/1137
f 704/1162/1137 681/1170/1145 703/1069/1044
f 704/1162/1137 703/1069/1044 726/1071/1046
f 549/1164/1139 533/1163/1138 548/1171/1146
f 548/1171/1146 533/1163/1138 534/1172/1147
f 548/1171/1146 534/1172/1147 547/1173/1148
f 547/1173/1148 534/1172/1147 535/1174/1149
f 547/1173/1148 535/1174/1149 546/1175/1150
f 546/1175/1150 535/1174/1149 536/1176/1151
f 546/1175/1150 536/1176/1151 545/1177/1152
f 545/1177/1152 536/1176/1151 544/1178/1153
f 545/1177/1152 544/1178/1153 567/1179/1154
f 567/1179/1154 544/1178/1153 566/1180/1155
f 567/1179/1154 566/1180/1155 589/1181/1156
f 589/1181/1156 566/1180/1155 588/1059/1034
f 589/1181/1156 588/1059/1034 611/1061/1036
f 536/1176/1151 537/1182/1157 544/1178/1153
f 544/1178/1153 537/1182/1157 543/1183/1158
f 544/1178/1153 543/1183/1158 566/1180/1155
f 566/1180/1155 543/1183/1158 565/1057/1032
f 566/1180/1155 565/1057/1032 588/1059/1034
f 537/1182/1157 538/1184/1159 543/1183/1158
f 543/1183/1158 538/1184/1159 542/1055/1030
f 543/1183/1158 542/1055/1030 565/1057/1032
f 538/1184/1159 539/1053/1028 542/1055/1030
f 507/1049/1024 506/1185/1160 584/1047/1022
f 584/1047/1022 506/1185/1160 606/1186/1161
f 584/1047/1022 606/1186/1161 607/1045/1020
f 607/1045/1020 606/1186/1161 670/1187/1162
f 607/1045/1020 670/1187/1162 669/1043/1018
f 669/1043/1018 670/1187/1162 630/1188/1163
f 669/1043/1018 630/1188/1163 631/1041/1016
f 631/1041/1016 630/1188/1163 675/1189/1164
f 631/1041/1016 675/1189/1164 676/1039/1014
f 676/1039/1014 675/1189/1164 698/1190/1165
f 676/1039/1014 698/1190/1165 699/1037/1012
f 699/1037/1012 698/1190/1165 721/1191/1166
f 699/1037/1012 721/1191/1166 722/1035/1010
f 722/1035/1010 721/1191/1166 744/1192/1167
f 722/1035/1010 744/1192/1167 745/1033/1008
f 745/1033/1008 744/1192/1167 767/1193/1168
f 745/1033/1008 767/1193/1168 768/1031/1006
f 768/1031/1006 767/1193/1168 790/1194/1169
f 768/1031/1006 790/1194/1169 791/1029/1004
f 791/1029/1004 790/1194/1169 813/1195/1170
f 791/1029/1004 813/1195/1170 814/1027/1002
f 814/1027/1002 813/1195/1170 836/1196/1171
f 814/1027/1002 836/1196/1171 837/1025/1000
f 837/1025/1000 836/1196/1171 859/1197/1172
f 837/1025/1000 859/1197/1172 860/1023/998
f 860/1023/998 859/1197/1172 882/1198/1173
f 860/1023/998 882/1198/1173 883/1021/996
f 883/1021/996 882/1198/1173 905/1199/1174
f 883/1021/996 905/1199/1174 906/1019/994
f 906/1019/994 905/1199/1174 302/1200/1175
f 906/1019/994 302/1200/1175 301/1017/992
f 506/1185/1160 505/1201/1176 606/1186/1161
f 606/1186/1161 505/1201/1176 671/1202/1177
f 606/1186/1161 671/1202/1177 670/1187/1162
f 670/1187/1162 671/1202/1177 629/1203/1178
f 670/1187/1162 629/1203/1178 630/1188/1163
f 630/1188/1163 629/1203/1178 674/1204/1179
f 630/1188/1163 674/1204/1179 675/1189/1164
f 675/1189/1164 674/1204/1179 697/1205/1180
f 675/1189/1164 697/1205/1180 698/1190/1165
f 698/1190/1165 697/1205/1180 720/1206/1181
f 698/1190/1165 720/1206/1181 721/1191/1166
f 721/1191/1166 720/1206/1181 743/1207/1182
f 721/1191/1166 743/1207/1182 744/1192/1167
f 744/1192/1167 743/1207/1182 766/1208/1183
f 744/1192/1167 766/1208/1183 767/1193/1168
f 767/1193/1168 766/1208/1183 789/1209/1184
f 767/1193/1168 789/1209/1184 790/1194/1169
f 790/1194/1169 789/1209/1184 812/1210/1185
f 790/1194/1169 812/1210/1185 813/1195/1170
f 813/1195/1170 812/1210/1185 835/1211/1186
f 813/1195/1170 835/1211/1186 836/1196/1171
f 836/1196/1171 835/1211/1186 858/1212/1187
f 836/1196/1171 858/1212/1187 859/1197/1172
f 859/1197/1172 858/1212/1187 881/1213/1188
f 859/1197/1172 881/1213/1188 882/1198/1173
f 882/1198/1173 881/1213/1188 904/1214/1189
f 882/1198/1173 904/1214/1189 905/1199/1174
f 905/1199/1174 904/1214/1189 303/1215/1190
f 905/1199/1174 303/1215/1190 302/1200/1175
f 671/1202/1177 505/1201/1176 628/1216/1191
f 628/1216/1191 505/1201/1176 504/1217/1192
f 628/1216/1191 504/1217/1192 672/1218/1193
f 672/1218/1193 504/1217/1192 503/1219/1194
f 672/1218/1193 503/1219/1194 694/1220/1195
f 694/1220/1195 503/1219/1194 502/1221/1196
f 694/1220/1195 502/1221/1196 716/1222/1197
f 716/1222/1197 502/1221/1196 501/1223/1198
f 716/1222/1197 501/1223/1198 738/1224/1199
f 738/1224/1199 501/1223/1198 500/1225/1200
f 738/1224/1199 500/1225/1200 760/1226/1201
f 760/1226/1201 500/1225/1200 499/1227/1202
f 760/1226/1201 499/1227/1202 782/1228/1203
f 782/1228/1203 499/1227/1202 498/1229/1204
f 782/1228/1203 498/1229/1204 804/1230/1205
f 804/1230/1205 498/1229/1204 497/1231/1206
f 804/1230/1205 497/1231/1206 826/1232/1207
f 826/1232/1207 497/1231/1206 496/1233/1208
f 826/1232/1207 496/1233/1208 848/1234/1209
f 848/1234/1209 496/1233/1208 495/1235/1210
f 848/1234/1209 495/1235/1210 870/1236/1211
f 870/1236/1211 495/1235/1210 494/1237/1212
f 870/1236/1211 494/1237/1212 892/1238/1213
f 892/1238/1213 494/1237/1212 312/1239/1214
f 892/1238/1213 312/1239/1214 311/1240/1215
f 892/1238/1213 311/1240/1215 893/1241/1216
f 893/1241/1216 311/1240/1215 310/1242/1217
f 893/1241/1216 310/1242/1217 894/1243/1218
f 894/1243/1218 310/1242/1217 895/1244/1219
f 894/1243/1218 895/1244/1219 872/1245/1220
f 872/1245/1220 895/1244/1219 873/1246/1221
f 872/1245/1220 873/1246/1221 850/1247/1222
f 850/1247/1222 873/1246/1221 851/1248/1223
f 850/1247/1222 851/1248/1223 828/1249/1224
f 828/1249/1224 851/1248/1223 829/1250/1225
f 828/1249/1224 829/1250/1225 806/1251/1226
f 806/1251/1226 829/1250/1225 807/1252/1227
f 806/1251/1226 807/1252/1227 784/1253/1228
f 784/1253/1228 807/1252/1227 785/1254/1229
f 784/1253/1228 785/1254/1229 762/1255/1230
f 762/1255/1230 785/1254/1229 763/1256/1231
f 762/1255/1230 763/1256/1231 740/1257/1232
f 740/1257/1232 763/1256/1231 741/1258/1233
f 740/1257/1232 741/1258/1233 718/1259/1234
f 718/1259/1234 741/1258/1233 719/1260/1235
f 718/1259/1234 719/1260/1235 696/1261/1236
f 696/1261/1236 719/1260/1235 697/1205/1180
f 696/1261/1236 697/1205/1180 674/1204/1179
f 310/1242/1217 309/1262/1237 895/1244/1219
f 895/1244/1219 309/1262/1237 896/1263/1238
f 895/1244/1219 896/1263/1238 873/1246/1221
f 873/1246/1221 896/1263/1238 874/1264/1239
f 873/1246/1221 874/1264/1239 851/1248/1223
f 851/1248/1223 874/1264/1239 852/1265/1240
f 851/1248/1223 852/1265/1240 829/1250/1225
f 829/1250/1225 852/1265/1240 830/1266/1241
f 829/1250/1225 830/1266/1241 807/1252/1227
f 807/1252/1227 830/1266/1241 808/1267/1242
f 807/1252/1227 808/1267/1242 785/1254/1229
f 785/1254/1229 808/1267/1242 786/1268/1243
f 785/1254/1229 786/1268/1243 763/1256/1231
f 763/1256/1231 786/1268/1243 764/1269/1244
f 763/1256/1231 764/1269/1244 741/1258/1233
f 741/1258/1233 764/1269/1244 742/1270/1245
f 741/1258/1233 742/1270/1245 719/1260/1235
f 719/1260/1235 742/1270/1245 720/1206/1181
f 719/1260/1235 720/1206/1181 697/1205/1180
f 309/1262/1237 308/1271/1246 896/1263/1238
f 896/1263/1238 308/1271/1246 897/1272/1247
f 896/1263/1238 897/1272/1247 874/1264/1239
f 874/1264/1239 897/1272/1247 875/1273/1248
f 874/1264/1239 875/1273/1248 852/1265/1240
f 852/1265/1240 875/1273/1248 853/1274/1249
f 852/1265/1240 853/1274/1249 830/1266/1241
f 830/1266/1241 853/1274/1249 831/1275/1250
f 830/1266/1241 831/1275/1250 808/1267/1242
f 808/1267/1242 831/1275/1250 809/1276/1251
f 808/1267/1242 809/1276/1251 786/1268/1243
f 786/1268/1243 809/1276/1251 787/1277/1252
f 786/1268/1243 787/1277/1252 764/1269/1244
f 764/1269/1244 787/1277/1252 765/1278/1253
f 764/1269/1244 765/1278/1253 742/1270/1245
f 742/1270/1245 765/1278/1253 743/1207/1182
f 742/1270/1245 743/1207/1182 720/1206/1181
f 308/1271/1246 307/1279/1254 897/1272/1247
f 897/1272/1247 307/1279/1254 898/1280/1255
f 897/1272/1247 898/1280/1255 875/1273/1248
f 875/1273/1248 898/1280/1255 876/1281/1256
f 875/1273/1248 876/1281/1256 853/1274/1249
f 853/1274/1249 876/1281/1256 854/1282/1257
f 853/1274/1249 854/1282/1257 831/1275/1250
f 831/1275/1250 854/1282/1257 832/1283/1258
f 831/1275/1250 832/1283/1258 809/1276/1251
f 809/1276/1251 832/1283/1258 810/1284/1259
f 809/1276/1251 810/1284/1259 787/1277/1252
f 787/1277/1252 810/1284/1259 788/1285/1260
f 787/1277/1252 788/1285/1260 765/1278/1253
f 765/1278/1253 788/1285/1260 766/1208/1183
f 765/1278/1253 766/1208/1183 743/1207/1182
f 898/1280/1255 307/1279/1254 899/1286/1261
f 899/1286/1261 307/1279/1254 306/1287/1262
f 899/1286/1261 306/1287/1262 900/1288/1263
f 900/1288/1263 306/1287/1262 305/1289/1264
f 900/1288/1263 305/1289/1264 901/1290/1265
f 901/1290/1265 305/1289/1264 902/1291/1266
f 901/1290/1265 902/1291/1266 879/1292/1267
f 879/1292/1267 902/1291/1266 880/1293/1268
f 879/1292/1267 880/1293/1268 857/1294/1269
f 857/1294/1269 880/1293/1268 858/1212/1187
f 857/1294/1269 858/1212/1187 835/1211/1186
f 305/1289/1264 304/1295/1270 902/1291/1266
f 902/1291/1266 304/1295/1270 903/1296/1271
f 902/1291/1266 903/1296/1271 880/1293/1268
f 880/1293/1268 903/1296/1271 881/1213/1188
f 880/1293/1268 881/1213/1188 858/1212/1187
f 304/1295/1270 303/1215/1190 903/1296/1271
f 903/1296/1271 303/1215/1190 904/1214/1189
f 903/1296/1271 904/1214/1189 881/1213/1188
f 911/1010/985 298/1012/987 912/1297/1272
f 912/1297/1272 298/1012/987 297/1298/1273
f 912/1297/1272 297/1298/1273 913/1299/1274
f 913/1299/1274 297/1298/1273 296/1300/1275
f 913/1299/1274 296/1300/1275 489/1301/1276
f 913/1299/1274 489/1301/1276 891/1302/1277
f 891/1302/1277 489/1301/1276 488/1303/1278
f 891/1302/1277 488/1303/1278 869/1304/1279
f 869/1304/1279 488/1303/1278 487/1305/1280
f 869/1304/1279 487/1305/1280 847/1306/1281
f 847/1306/1281 487/1305/1280 486/1307/1282
f 847/1306/1281 486/1307/1282 825/1308/1283
f 825/1308/1283 486/1307/1282 485/1309/1284
f 825/1308/1283 485/1309/1284 803/1310/1285
f 803/1310/1285 485/1309/1284 484/1311/1286
f 803/1310/1285 484/1311/1286 781/1312/1287
f 781/1312/1287 484/1311/1286 483/1313/1288
f 781/1312/1287 483/1313/1288 759/1314/1289
f 759/1314/1289 483/1313/1288 482/1315/1290
f 759/1314/1289 482/1315/1290 737/1316/1291
f 737/1316/1291 482/1315/1290 481/1317/1292
f 737/1316/1291 481/1317/1292 715/1318/1293
f 715/1318/1293 481/1317/1292 480/1319/1294
f 715/1318/1293 480/1319/1294 693/1320/1295
f 693/1320/1295 480/1319/1294 479/1321/1296
f 693/1320/1295 479/1321/1296 649/1322/1297
f 649/1322/1297 479/1321/1296 478/1323/1298
f 649/1322/1297 478/1323/1298 650/1324/1299
f 650/1324/1299 478/1323/1298 627/1325/1300
f 650/1324/1299 627/1325/1300 626/1326/1301
f 626/1326/1301 627/1325/1300 604/1327/1302
f 626/1326/1301 604/1327/1302 603/982/957
f 603/982/957 604/1327/1302 581/980/955
f 478/1323/1298 477/1328/1303 627/1325/1300
f 627/1325/1300 477/1328/1303 605/1329/1304
f 627/1325/1300 605/1329/1304 604/1327/1302
f 604/1327/1302 605/1329/1304 582/1330/1305
f 604/1327/1302 582/1330/1305 581/980/955
f 581/980/955 582/1330/1305 559/978/953
f 477/1328/1303 476/1331/1306 605/1329/1304
f 605/1329/1304 476/1331/1306 583/1332/1307
f 605/1329/1304 583/1332/1307 582/1330/1305
f 582/1330/1305 583/1332/1307 560/976/951
f 582/1330/1305 560/976/951 559/978/953
f 476/1331/1306 475/972/947 583/1332/1307
f 583/1332/1307 475/972/947 561/974/949
f 583/1332/1307 561/974/949 560/976/951
f 541/1054/1029 540/1051/1026 563/1333/1308
f 563/1333/1308 540/1051/1026 562/1048/1023
f 563/1333/1308 562/1048/1023 585/1046/1021
f 546/1175/1150 545/1177/1152 568/1334/1309
f 568/1334/1309 545/1177/1152 567/1179/1154
f 568/1334/1309 567/1179/1154 590/1335/1310
f 590/1335/1310 567/1179/1154 589/1181/1156
f 590/1335/1310 589/1181/1156 612/1336/1311
f 612/1336/1311 589/1181/1156 611/1061/1036
f 612/1336/1311 611/1061/1036 665/1063/1038
f 547/1173/1148 546/1175/1150 569/1337/1312
f 569/1337/1312 546/1175/1150 568/1334/1309
f 569/1337/1312 568/1334/1309 591/1338/1313
f 591/1338/1313 568/1334/1309 590/1335/1310
f 591/1338/1313 590/1335/1310 613/1339/1314
f 613/1339/1314 590/1335/1310 612/1336/1311
f 613/1339/1314 612/1336/1311 664/1340/1315
f 664/1340/1315 612/1336/1311 665/1063/1038
f 664/1340/1315 665/1063/1038 635/1065/1040
f 571/1165/1140 549/1164/1139 548/1171/1146
f 548/1171/1146 547/1173/1148 570/1341/1316
f 570/1341/1316 547/1173/1148 569/1337/1312
f 570/1341/1316 569/1337/1312 592/1342/1317
f 592/1342/1317 569/1337/1312 591/1338/1313
f 592/1342/1317 591/1338/1313 614/1343/1318
f 614/1343/1318 591/1338/1313 613/1339/1314
f 614/1343/1318 613/1339/1314 663/1344/1319
f 663/1344/1319 613/1339/1314 664/1340/1315
f 663/1344/1319 664/1340/1315 636/1345/1320
f 636/1345/1320 664/1340/1315 635/1065/1040
f 636/1345/1320 635/1065/1040 680/1067/1042
f 553/1133/1108 552/1135/1110 575/1346/1321
f 575/1346/1321 552/1135/1110 574/1137/1112
f 575/1346/1321 574/1137/1112 597/1347/1322
f 597/1347/1322 574/1137/1112 596/1139/1114
f 597/1347/1322 596/1139/1114 619/1348/1323
f 619/1348/1323 596/1139/1114 618/1141/1116
f 619/1348/1323 618/1141/1116 658/1349/1324
f 658/1349/1324 618/1141/1116 659/1143/1118
f 658/1349/1324 659/1143/1118 641/1350/1325
f 641/1350/1325 659/1143/1118 640/1145/1120
f 641/1350/1325 640/1145/1120 685/1351/1326
f 685/1351/1326 640/1145/1120 684/1147/1122
f 685/1351/1326 684/1147/1122 707/1352/1327
f 707/1352/1327 684/1147/1122 706/1149/1124
f 707/1352/1327 706/1149/1124 729/1353/1328
f 729/1353/1328 706/1149/1124 728/1151/1126
f 729/1353/1328 728/1151/1126 751/1354/1329
f 751/1354/1329 728/1151/1126 750/1153/1128
f 751/1354/1329 750/1153/1128 773/1355/1330
f 773/1355/1330 750/1153/1128 772/1075/1050
f 773/1355/1330 772/1075/1050 795/1077/1052
f 577/1119/1094 555/1118/1093 554/1131/1106
f 554/1131/1106 553/1133/1108 576/1356/1331
f 576/1356/1331 553/1133/1108 575/1346/1321
f 576/1356/1331 575/1346/1321 598/1357/1332
f 598/1357/1332 575/1346/1321 597/1347/1322
f 598/1357/1332 597/1347/1322 620/1358/1333
f 620/1358/1333 597/1347/1322 619/1348/1323
f 620/1358/1333 619/1348/1323 657/1359/1334
f 657/1359/1334 619/1348/1323 658/1349/1324
f 657/1359/1334 658/1349/1324 642/1360/1335
f 642/1360/1335 658/1349/1324 641/1350/1325
f 642/1360/1335 641/1350/1325 686/1361/1336
f 686/1361/1336 641/1350/1325 685/1351/1326
f 686/1361/1336 685/1351/1326 708/1362/1337
f 708/1362/1337 685/1351/1326 707/1352/1327
f 708/1362/1337 707/1352/1327 730/1363/1338
f 730/1363/1338 707/1352/1327 729/1353/1328
f 730/1363/1338 729/1353/1328 752/1364/1339
f 752/1364/1339 729/1353/1328 751/1354/1329
f 752/1364/1339 751/1354/1329 774/1365/1340
f 774/1365/1340 751/1354/1329 773/1355/1330
f 774/1365/1340 773/1355/1330 796/1366/1341
f 796/1366/1341 773/1355/1330 795/1077/1052
f 796/1366/1341 795/1077/1052 818/1079/1054
f 541/1054/1029 563/1333/1308 564/1056/1031
f 564/1056/1031 563/1333/1308 586/1367/1342
f 564/1056/1031 586/1367/1342 587/1058/1033
f 587/1058/1033 586/1367/1342 609/1368/1343
f 587/1058/1033 609/1368/1343 610/1060/1035
f 610/1060/1035 609/1368/1343 667/1369/1344
f 610/1060/1035 667/1369/1344 666/1062/1037
f 666/1062/1037 667/1369/1344 633/1370/1345
f 666/1062/1037 633/1370/1345 634/1064/1039
f 634/1064/1039 633/1370/1345 678/1371/1346
f 634/1064/1039 678/1371/1346 679/1066/1041
f 679/1066/1041 678/1371/1346 701/1372/1347
f 679/1066/1041 701/1372/1347 702/1068/1043
f 702/1068/1043 701/1372/1347 724/1373/1348
f 702/1068/1043 724/1373/1348 725/1070/1045
f 725/1070/1045 724/1373/1348 747/1374/1349
f 725/1070/1045 747/1374/1349 748/1072/1047
f 748/1072/1047 747/1374/1349 770/1375/1350
f 748/1072/1047 770/1375/1350 771/1074/1049
f 771/1074/1049 770/1375/1350 793/1376/1351
f 771/1074/1049 793/1376/1351 794/1076/1051
f 794/1076/1051 793/1376/1351 816/1377/1352
f 794/1076/1051 816/1377/1352 817/1078/1053
f 817/1078/1053 816/1377/1352 839/1378/1353
f 817/1078/1053 839/1378/1353 840/1080/1055
f 840/1080/1055 839/1378/1353 862/1379/1354
f 840/1080/1055 862/1379/1354 863/1082/1057
f 863/1082/1057 862/1379/1354 885/1380/1355
f 863/1082/1057 885/1380/1355 886/1084/1059
f 886/1084/1059 885/1380/1355 908/1016/991
f 886/1084/1059 908/1016/991 909/1014/989
f 586/1367/1342 563/1333/1308 585/1046/1021
f 593/1166/1141 571/1165/1140 570/1341/1316
f 570/1341/1316 571/1165/1140 548/1171/1146
f 593/1166/1141 570/1341/1316 592/1342/1317
f 599/1120/1095 577/1119/1094 576/1356/1331
f 576/1356/1331 577/1119/1094 554/1131/1106
f 599/1120/1095 576/1356/1331 598/1357/1332
f 609/1368/1343 586/1367/1342 608/1044/1019
f 608/1044/1019 586/1367/1342 585/1046/1021
f 615/1167/1142 593/1166/1141 592/1342/1317
f 615/1167/1142 592/1342/1317 614/1343/1318
f 621/1121/1096 599/1120/1095 598/1357/1332
f 621/1121/1096 598/1357/1332 620/1358/1333
f 626/1326/1301 603/982/957 625/984/959
f 667/1369/1344 609/1368/1343 668/1042/1017
f 668/1042/1017 609/1368/1343 608/1044/1019
f 662/1168/1143 615/1167/1142 614/1343/1318
f 662/1168/1143 614/1343/1318 663/1344/1319
f 656/1122/1097 621/1121/1096 620/1358/1333
f 656/1122/1097 620/1358/1333 657/1359/1334
f 626/1326/1301 625/984/959 651/1381/1356
f 651/1381/1356 625/984/959 652/986/961
f 651/1381/1356 652/986/961 648/1382/1357
f 648/1382/1357 652/986/961 647/988/963
f 648/1382/1357 647/988/963 692/1383/1358
f 692/1383/1358 647/988/963 691/990/965
f 692/1383/1358 691/990/965 714/1384/1359
f 714/1384/1359 691/990/965 713/992/967
f 714/1384/1359 713/992/967 736/1385/1360
f 736/1385/1360 713/992/967 735/994/969
f 736/1385/1360 735/994/969 758/1386/1361
f 758/1386/1361 735/994/969 757/996/971
f 758/1386/1361 757/996/971 780/1387/1362
f 780/1387/1362 757/996/971 779/998/973
f 780/1387/1362 779/998/973 802/1388/1363
f 802/1388/1363 779/998/973 801/1000/975
f 802/1388/1363 801/1000/975 824/1389/1364
f 824/1389/1364 801/1000/975 823/1002/977
f 824/1389/1364 823/1002/977 846/1390/1365
f 846/1390/1365 823/1002/977 845/1004/979
f 846/1390/1365 845/1004/979 868/1391/1366
f 868/1391/1366 845/1004/979 867/1006/981
f 868/1391/1366 867/1006/981 890/1392/1367
f 890/1392/1367 867/1006/981 889/1008/983
f 890/1392/1367 889/1008/983 912/1297/1272
f 912/1297/1272 889/1008/983 911/1010/985
f 671/1202/1177 628/1216/1191 629/1203/1178
f 629/1203/1178 628/1216/1191 673/1393/1368
f 629/1203/1178 673/1393/1368 674/1204/1179
f 674/1204/1179 673/1393/1368 696/1261/1236
f 667/1369/1344 668/1042/1017 632/1040/1015
f 667/1369/1344 632/1040/1015 633/1370/1345
f 633/1370/1345 632/1040/1015 677/1038/1013
f 633/1370/1345 677/1038/1013 678/1371/1346
f 678/1371/1346 677/1038/1013 700/1036/1011
f 678/1371/1346 700/1036/1011 701/1372/1347
f 701/1372/1347 700/1036/1011 723/1034/1009
f 701/1372/1347 723/1034/1009 724/1373/1348
f 724/1373/1348 723/1034/1009 746/1032/1007
f 724/1373/1348 746/1032/1007 747/1374/1349
f 747/1374/1349 746/1032/1007 769/1030/1005
f 747/1374/1349 769/1030/1005 770/1375/1350
f 770/1375/1350 769/1030/1005 792/1028/1003
f 770/1375/1350 792/1028/1003 793/1376/1351
f 793/1376/1351 792/1028/1003 815/1026/1001
f 793/1376/1351 815/1026/1001 816/1377/1352
f 816/1377/1352 815/1026/1001 838/1024/999
f 816/1377/1352 838/1024/999 839/1378/1353
f 839/1378/1353 838/1024/999 861/1022/997
f 839/1378/1353 861/1022/997 862/1379/1354
f 862/1379/1354 861/1022/997 884/1020/995
f 862/1379/1354 884/1020/995 885/1380/1355
f 885/1380/1355 884/1020/995 907/1018/993
f 885/1380/1355 907/1018/993 908/1016/991
f 662/1168/1143 663/1344/1319 637/1169/1144
f 637/1169/1144 663/1344/1319 636/1345/1320
f 637/1169/1144 636/1345/1320 681/1170/1145
f 681/1170/1145 636/1345/1320 680/1067/1042
f 681/1170/1145 680/1067/1042 703/1069/1044
f 656/1122/1097 657/1359/1334 643/1123/1098
f 643/1123/1098 657/1359/1334 642/1360/1335
f 643/1123/1098 642/1360/1335 687/1124/1099
f 687/1124/1099 642/1360/1335 686/1361/1336
f 687/1124/1099 686/1361/1336 709/1125/1100
f 709/1125/1100 686/1361/1336 708/1362/1337
f 709/1125/1100 708/1362/1337 731/1126/1101
f 731/1126/1101 708/1362/1337 730/1363/1338
f 731/1126/1101 730/1363/1338 753/1127/1102
f 753/1127/1102 730/1363/1338 752/1364/1339
f 753/1127/1102 752/1364/1339 775/1128/1103
f 775/1128/1103 752/1364/1339 774/1365/1340
f 775/1128/1103 774/1365/1340 797/1129/1104
f 797/1129/1104 774/1365/1340 796/1366/1341
f 797/1129/1104 796/1366/1341 819/1130/1105
f 819/1130/1105 796/1366/1341 818/1079/1054
f 819/1130/1105 818/1079/1054 841/1081/1056
f 648/1382/1357 649/1322/1297 651/1381/1356
f 651/1381/1356 649/1322/1297 650/1324/1299
f 651/1381/1356 650/1324/1299 626/1326/1301
f 649/1322/1297 648/1382/1357 693/1320/1295
f 693/1320/1295 648/1382/1357 692/1383/1358
f 693/1320/1295 692/1383/1358 715/1318/1293
f 715/1318/1293 692/1383/1358 714/1384/1359
f 715/1318/1293 714/1384/1359 737/1316/1291
f 737/1316/1291 714/1384/1359 736/1385/1360
f 737/1316/1291 736/1385/1360 759/1314/1289
f 759/1314/1289 736/1385/1360 758/1386/1361
f 759/1314/1289 758/1386/1361 781/1312/1287
f 781/1312/1287 758/1386/1361 780/1387/1362
f 781/1312/1287 780/1387/1362 803/1310/1285
f 803/1310/1285 780/1387/1362 802/1388/1363
f 803/1310/1285 802/1388/1363 825/1308/1283
f 825/1308/1283 802/1388/1363 824/1389/1364
f 825/1308/1283 824/1389/1364 847/1306/1281
f 847/1306/1281 824/1389/1364 846/1390/1365
f 847/1306/1281 846/1390/1365 869/1304/1279
f 869/1304/1279 846/1390/1365 868/1391/1366
f 869/1304/1279 868/1391/1366 891/1302/1277
f 891/1302/1277 868/1391/1366 890/1392/1367
f 891/1302/1277 890/1392/1367 913/1299/1274
f 913/1299/1274 890/1392/1367 912/1297/1272
f 628/1216/1191 672/1218/1193 673/1393/1368
f 673/1393/1368 672/1218/1193 695/1394/1369
f 673/1393/1368 695/1394/1369 696/1261/1236
f 696/1261/1236 695/1394/1369 718/1259/1234
f 672/1218/1193 694/1220/1195 695/1394/1369
f 695/1394/1369 694/1220/1195 717/1395/1370
f 695/1394/1369 717/1395/1370 718/1259/1234
f 718/1259/1234 717/1395/1370 740/1257/1232
f 694/1220/1195 716/1222/1197 717/1395/1370
f 717/1395/1370 716/1222/1197 739/1396/1371
f 717/1395/1370 739/1396/1371 740/1257/1232
f 740/1257/1232 739/1396/1371 762/1255/1230
f 716/1222/1197 738/1224/1199 739/1396/1371
f 739/1396/1371 738/1224/1199 761/1397/1372
f 739/1396/1371 761/1397/1372 762/1255/1230
f 762/1255/1230 761/1397/1372 784/1253/1228
f 738/1224/1199 760/1226/1201 761/1397/1372
f 761/1397/1372 760/1226/1201 783/1398/1373
f 761/1397/1372 783/1398/1373 784/1253/1228
f 784/1253/1228 783/1398/1373 806/1251/1226
f 789/1209/1184 766/1208/1183 788/1285/1260
f 760/1226/1201 782/1228/1203 783/1398/1373
f 783/1398/1373 782/1228/1203 805/1399/1374
f 783/1398/1373 805/1399/1374 806/1251/1226
f 806/1251/1226 805/1399/1374 828/1249/1224
f 789/1209/1184 788/1285/1260 811/1400/1375
f 811/1400/1375 788/1285/1260 810/1284/1259
f 811/1400/1375 810/1284/1259 833/1401/1376
f 833/1401/1376 810/1284/1259 832/1283/1258
f 833/1401/1376 832/1283/1258 855/1402/1377
f 855/1402/1377 832/1283/1258 854/1282/1257
f 855/1402/1377 854/1282/1257 877/1403/1378
f 877/1403/1378 854/1282/1257 876/1281/1256
f 877/1403/1378 876/1281/1256 899/1286/1261
f 899/1286/1261 876/1281/1256 898/1280/1255
f 782/1228/1203 804/1230/1205 805/1399/1374
f 805/1399/1374 804/1230/1205 827/1404/1379
f 805/1399/1374 827/1404/1379 828/1249/1224
f 828/1249/1224 827/1404/1379 850/1247/1222
f 789/1209/1184 811/1400/1375 812/1210/1185
f 812/1210/1185 811/1400/1375 834/1405/1380
f 812/1210/1185 834/1405/1380 835/1211/1186
f 835/1211/1186 834/1405/1380 857/1294/1269
f 834/1405/1380 811/1400/1375 833/1401/1376
f 804/1230/1205 826/1232/1207 827/1404/1379
f 827/1404/1379 826/1232/1207 849/1406/1381
f 827/1404/1379 849/1406/1381 850/1247/1222
f 850/1247/1222 849/1406/1381 872/1245/1220
f 834/1405/1380 833/1401/1376 856/1407/1382
f 856/1407/1382 833/1401/1376 855/1402/1377
f 856/1407/1382 855/1402/1377 878/1408/1383
f 878/1408/1383 855/1402/1377 877/1403/1378
f 878/1408/1383 877/1403/1378 900/1288/1263
f 900/1288/1263 877/1403/1378 899/1286/1261
f 826/1232/1207 848/1234/1209 849/1406/1381
f 849/1406/1381 848/1234/1209 871/1409/1384
f 849/1406/1381 871/1409/1384 872/1245/1220
f 872/1245/1220 871/1409/1384 894/1243/1218
f 879/1292/1267 857/1294/1269 856/1407/1382
f 856/1407/1382 857/1294/1269 834/1405/1380
f 879/1292/1267 856/1407/1382 878/1408/1383
f 848/1234/1209 870/1236/1211 871/1409/1384
f 871/1409/1384 870/1236/1211 893/1241/1216
f 871/1409/1384 893/1241/1216 894/1243/1218
f 892/1238/1213 893/1241/1216 870/1236/1211
f 901/1290/1265 879/1292/1267 878/1408/1383
f 901/1290/1265 878/1408/1383 900/1288/1263
f 510/1410/1385 509/1411/1386 935/1412/1387
f 935/1412/1387 509/1411/1386 539/1413/1388
f 935/1412/1387 539/1413/1388 934/1414/1389
f 934/1414/1389 539/1413/1388 538/1415/1390
f 934/1414/1389 538/1415/1390 933/1416/1391
f 933/1416/1391 538/1415/1390 932/1417/1392
f 933/1416/1391 932/1417/1392 955/1418/1393
f 955/1418/1393 932/1417/1392 954/1419/1394
f 955/1418/1393 954/1419/1394 977/1420/1395
f 977/1420/1395 954/1419/1394 976/1421/1396
f 977/1420/1395 976/1421/1396 999/1422/1397
f 999/1422/1397 976/1421/1396 998/1423/1398
f 999/1422/1397 998/1423/1398 1026/1424/1399
f 1026/1424/1399 998/1423/1398 1027/1425/1400
f 1026/1424/1399 1027/1425/1400 1021/1426/1401
f 1021/1426/1401 1027/1425/1400 1020/1427/1402
f 1021/1426/1401 1020/1427/1402 1065/1428/1403
f 1065/1428/1403 1020/1427/1402 1064/1429/1404
f 1065/1428/1403 1064/1429/1404 1087/1430/1405
f 1087/1430/1405 1064/1429/1404 1086/1431/1406
f 1087/1430/1405 1086/1431/1406 1109/1432/1407
f 1109/1432/1407 1086/1431/1406 1108/1433/1408
f 1109/1432/1407 1108/1433/1408 1131/1434/1409
f 1131/1434/1409 1108/1433/1408 1130/1435/1410
f 1131/1434/1409 1130/1435/1410 1153/1436/1411
f 1153/1436/1411 1130/1435/1410 1152/1437/1412
f 1153/1436/1411 1152/1437/1412 1175/1438/1413
f 1175/1438/1413 1152/1437/1412 1174/1439/1414
f 1175/1438/1413 1174/1439/1414 1197/1440/1415
f 1197/1440/1415 1174/1439/1414 1196/1441/1416
f 1197/1440/1415 1196/1441/1416 1219/1442/1417
f 1219/1442/1417 1196/1441/1416 1218/1443/1418
f 1219/1442/1417 1218/1443/1418 1241/1444/1419
f 1241/1444/1419 1218/1443/1418 1240/1445/1420
f 1241/1444/1419 1240/1445/1420 1263/1446/1421
f 1263/1446/1421 1240/1445/1420 1262/1447/1422
f 1263/1446/1421 1262/1447/1422 1285/1448/1423
f 1285/1448/1423 1262/1447/1422 1284/1449/1424
f 1285/1448/1423 1284/1449/1424 317/1450/1425
f 317/1450/1425 1284/1449/1424 318/1451/1426
f 318/1451/1426 1284/1449/1424 1283/1452/1427
f 318/1451/1426 1283/1452/1427 319/1453/1428
f 319/1453/1428 1283/1452/1427 1282/1454/1429
f 319/1453/1428 1282/1454/1429 320/1455/1430
f 320/1455/1430 1282/1454/1429 1281/1456/1431
f 320/1455/1430 1281/1456/1431 1280/1457/1432
f 1280/1457/1432 1281/1456/1431 1258/1458/1433
f 1280/1457/1432 1258/1458/1433 1257/1459/1434
f 1257/1459/1434 1258/1458/1433 1235/1460/1435
f 1257/1459/1434 1235/1460/1435 1234/1461/1436
f 1234/1461/1436 1235/1460/1435 1212/1462/1437
f 1234/1461/1436 1212/1462/1437 1211/1463/1438
f 1211/1463/1438 1212/1462/1437 1189/1464/1439
f 1211/1463/1438 1189/1464/1439 1188/1465/1440
f 1188/1465/1440 1189/1464/1439 1166/1466/1441
f 1188/1465/1440 1166/1466/1441 1165/1467/1442
f 1165/1467/1442 1166/1466/1441 1143/1468/1443
f 1165/1467/1442 1143/1468/1443 1142/1469/1444
f 1142/1469/1444 1143/1468/1443 1120/1470/1445
f 1142/1469/1444 1120/1470/1445 1119/1471/1446
f 1119/1471/1446 1120/1470/1445 1097/1472/1447
f 1119/1471/1446 1097/1472/1447 1096/1473/1448
f 1096/1473/1448 1097/1472/1447 1074/1474/1449
f 1096/1473/1448 1074/1474/1449 1073/1475/1450
f 1073/1475/1450 1074/1474/1449 1051/1476/1451
f 1073/1475/1450 1051/1476/1451 1050/1477/1452
f 1050/1477/1452 1051/1476/1451 1006/1478/1453
f 1050/1477/1452 1006/1478/1453 1005/1479/1454
f 1005/1479/1454 1006/1478/1453 1042/1480/1455
f 1005/1479/1454 1042/1480/1455 1043/1481/1456
f 1043/1481/1456 1042/1480/1455 982/1482/1457
f 1043/1481/1456 982/1482/1457 981/1483/1458
f 981/1483/1458 982/1482/1457 959/1484/1459
f 981/1483/1458 959/1484/1459 958/1485/1460
f 958/1485/1460 959/1484/1459 936/1486/1461
f 958/1485/1460 936/1486/1461 472/1487/1462
f 472/1487/1462 936/1486/1461 473/1488/1463
f 473/1488/1463 936/1486/1461 914/1489/1464
f 473/1488/1463 914/1489/1464 474/1490/1465
f 474/1490/1465 914/1489/1464 525/1491/1466
f 525/1491/1466 914/1489/1464 915/1492/1467
f 525/1491/1466 915/1492/1467 916/1493/1468
f 916/1493/1468 915/1492/1467 938/1494/1469
f 916/1493/1468 938/1494/1469 939/1495/1470
f 939/1495/1470 938/1494/1469 961/1496/1471
f 939/1495/1470 961/1496/1471 962/1497/1472
f 962/1497/1472 961/1496/1471 984/1498/1473
f 962/1497/1472 984/1498/1473 985/1499/1474
f 985/1499/1474 984/1498/1473 1040/1500/1475
f 985/1499/1474 1040/1500/1475 1039/1501/1476
f 1039/1501/1476 1040/1500/1475 1008/1502/1477
f 1039/1501/1476 1008/1502/1477 1009/1503/1478
f 1009/1503/1478 1008/1502/1477 1053/1504/1479
f 1009/1503/1478 1053/1504/1479 1054/1505/1480
f 1054/1505/1480 1053/1504/1479 1076/1506/1481
f 1054/1505/1480 1076/1506/1481 1077/1507/1482
f 1077/1507/1482 1076/1506/1481 1099/1508/1483
f 1077/1507/1482 1099/1508/1483 1100/1509/1484
f 1100/1509/1484 1099/1508/1483 1122/1510/1485
f 1100/1509/1484 1122/1510/1485 1123/1511/1486
f 1123/1511/1486 1122/1510/1485 1145/1512/1487
f 1123/1511/1486 1145/1512/1487 1146/1513/1488
f 1146/1513/1488 1145/1512/1487 1168/1514/1489
f 1146/1513/1488 1168/1514/1489 1169/1515/1490
f 1169/1515/1490 1168/1514/1489 1191/1516/1491
f 1169/1515/1490 1191/1516/1491 1192/1517/1492
f 1192/1517/1492 1191/1516/1491 1214/1518/1493
f 1192/1517/1492 1214/1518/1493 1215/1519/1494
f 1215/1519/1494 1214/1518/1493 1237/1520/1495
f 1215/1519/1494 1237/1520/1495 1238/1521/1496
f 1238/1521/1496 1237/1520/1495 1260/1522/1497
f 1238/1521/1496 1260/1522/1497 1261/1523/1498
f 1261/1523/1498 1260/1522/1497 1283/1452/1427
f 1261/1523/1498 1283/1452/1427 1284/1449/1424
f 538/1415/1390 537/1524/1499 932/1417/1392
f 932/1417/1392 537/1524/1499 931/1525/1500
f 932/1417/1392 931/1525/1500 954/1419/1394
f 954/1419/1394 931/1525/1500 953/1526/1501
f 954/1419/1394 953/1526/1501 976/1421/1396
f 976/1421/1396 953/1526/1501 975/1527/1502
f 976/1421/1396 975/1527/1502 998/1423/1398
f 998/1423/1398 975/1527/1502 997/1528/1503
f 998/1423/1398 997/1528/1503 1027/1425/1400
f 1027/1425/1400 997/1528/1503 1028/1529/1504
f 1027/1425/1400 1028/1529/1504 1020/1427/1402
f 1020/1427/1402 1028/1529/1504 1019/1530/1505
f 1020/1427/1402 1019/1530/1505 1064/1429/1404
f 1064/1429/1404 1019/1530/1505 1063/1531/1506
f 1064/1429/1404 1063/1531/1506 1086/1431/1406
f 1086/1431/1406 1063/1531/1506 1085/1532/1507
f 1086/1431/1406 1085/1532/1507 1108/1433/1408
f 1108/1433/1408 1085/1532/1507 1107/1533/1508
f 1108/1433/1408 1107/1533/1508 1130/1435/1410
f 1130/1435/1410 1107/1533/1508 1129/1534/1509
f 1130/1435/1410 1129/1534/1509 1152/1437/1412
f 1152/1437/1412 1129/1534/1509 1151/1535/1510
f 1152/1437/1412 1151/1535/1510 1174/1439/1414
f 1174/1439/1414 1151/1535/1510 1173/1536/1511
f 1174/1439/1414 1173/1536/1511 1196/1441/1416
f 1196/1441/1416 1173/1536/1511 1195/1537/1512
f 1196/1441/1416 1195/1537/1512 1218/1443/1418
f 1218/1443/1418 1195/1537/1512 1217/1538/1513
f 1218/1443/1418 1217/1538/1513 1240/1445/1420
f 1240/1445/1420 1217/1538/1513 1239/1539/1514
f 1240/1445/1420 1239/1539/1514 1262/1447/1422
f 1262/1447/1422 1239/1539/1514 1261/1523/1498
f 1262/1447/1422 1261/1523/1498 1284/1449/1424
f 537/1524/1499 536/1540/1515 931/1525/1500
f 931/1525/1500 536/1540/1515 930/1541/1516
f 931/1525/1500 930/1541/1516 953/1526/1501
f 953/1526/1501 930/1541/1516 952/1542/1517
f 953/1526/1501 952/1542/1517 975/1527/1502
f 975/1527/1502 952/1542/1517 974/1543/1518
f 975/1527/1502 974/1543/1518 997/1528/1503
f 997/1528/1503 974/1543/1518 996/1544/1519
f 997/1528/1503 996/1544/1519 1028/1529/1504
f 1028/1529/1504 996/1544/1519 1029/1545/1520
f 1028/1529/1504 1029/1545/1520 1019/1530/1505
f 1019/1530/1505 1029/1545/1520 1018/1546/1521
f 1019/1530/1505 1018/1546/1521 1063/1531/1506
f 1063/1531/1506 1018/1546/1521 1062/1547/1522
f 1063/1531/1506 1062/1547/1522 1085/1532/1507
f 1085/1532/1507 1062/1547/1522 1084/1548/1523
f 1085/1532/1507 1084/1548/1523 1107/1533/1508
f 1107/1533/1508 1084/1548/1523 1106/1549/1524
f 1107/1533/1508 1106/1549/1524 1129/1534/1509
f 1129/1534/1509 1106/1549/1524 1128/1550/1525
f 1129/1534/1509 1128/1550/1525 1151/1535/1510
f 1151/1535/1510 1128/1550/1525 1150/1551/1526
f 1151/1535/1510 1150/1551/1526 1173/1536/1511
f 1173/1536/1511 1150/1551/1526 1172/1552/1527
f 1173/1536/1511 1172/1552/1527 1195/1537/1512
f 1195/1537/1512 1172/1552/1527 1194/1553/1528
f 1195/1537/1512 1194/1553/1528 1217/1538/1513
f 1217/1538/1513 1194/1553/1528 1216/1554/1529
f 1217/1538/1513 1216/1554/1529 1239/1539/1514
f 1239/1539/1514 1216/1554/1529 1238/1521/1496
f 1239/1539/1514 1238/1521/1496 1261/1523/1498
f 536/1540/1515 535/1555/1530 930/1541/1516
f 930/1541/1516 535/1555/1530 929/1556/1531
f 930/1541/1516 929/1556/1531 952/1542/1517
f 952/1542/1517 929/1556/1531 951/1557/1532
f 952/1542/1517 951/1557/1532 974/1543/1518
f 974/1543/1518 951/1557/1532 973/1558/1533
f 974/1543/1518 973/1558/1533 996/1544/1519
f 996/1544/1519 973/1558/1533 995/1559/1534
f 996/1544/1519 995/1559/1534 1029/1545/1520
f 1029/1545/1520 995/1559/1534 1030/1560/1535
f 1029/1545/1520 1030/1560/1535 1018/1546/1521
f 1018/1546/1521 1030/1560/1535 1017/1561/1536
f 1018/1546/1521 1017/1561/1536 1062/1547/1522
f 1062/1547/1522 1017/1561/1536 1061/1562/1537
f 1062/1547/1522 1061/1562/1537 1084/1548/1523
f 1084/1548/1523 1061/1562/1537 1083/1563/1538
f 1084/1548/1523 1083/1563/1538 1106/1549/1524
f 1106/1549/1524 1083/1563/1538 1105/1564/1539
f 1106/1549/1524 1105/1564/1539 1128/1550/1525
f 1128/1550/1525 1105/1564/1539 1127/1565/1540
f 1128/1550/1525 1127/1565/1540 1150/1551/1526
f 1150/1551/1526 1127/1565/1540 1149/1566/1541
f 1150/1551/1526 1149/1566/1541 1172/1552/1527
f 1172/1552/1527 1149/1566/1541 1171/1567/1542
f 1172/1552/1527 1171/1567/1542 1194/1553/1528
f 1194/1553/1528 1171/1567/1542 1193/1568/1543
f 1194/1553/1528 1193/1568/1543 1216/1554/1529
f 1216/1554/1529 1193/1568/1543 1215/1519/1494
f 1216/1554/1529 1215/1519/1494 1238/1521/1496
f 929/1556/1531 535/1555/1530 928/1569/1544
f 928/1569/1544 535/1555/1530 534/1570/1545
f 928/1569/1544 534/1570/1545 927/1571/1546
f 927/1571/1546 534/1570/1545 533/1572/1547
f 927/1571/1546 533/1572/1547 926/1573/1548
f 926/1573/1548 533/1572/1547 925/1574/1549
f 926/1573/1548 925/1574/1549 948/1575/1550
f 948/1575/1550 925/1574/1549 947/1576/1551
f 948/1575/1550 947/1576/1551 970/1577/1552
f 970/1577/1552 947/1576/1551 969/1578/1553
f 970/1577/1552 969/1578/1553 992/1579/1554
f 992/1579/1554 969/1578/1553 991/1580/1555
f 992/1579/1554 991/1580/1555 1033/1581/1556
f 1033/1581/1556 991/1580/1555 1034/1582/1557
f 1033/1581/1556 1034/1582/1557 1014/1583/1558
f 1014/1583/1558 1034/1582/1557 1013/1584/1559
f 1014/1583/1558 1013/1584/1559 1058/1585/1560
f 1058/1585/1560 1013/1584/1559 1057/1586/1561
f 1058/1585/1560 1057/1586/1561 1080/1587/1562
f 1080/1587/1562 1057/1586/1561 1079/1588/1563
f 1080/1587/1562 1079/1588/1563 1102/1589/1564
f 1102/1589/1564 1079/1588/1563 1101/1590/1565
f 1102/1589/1564 1101/1590/1565 1124/1591/1566
f 1124/1591/1566 1101/1590/1565 1123/1511/1486
f 1124/1591/1566 1123/1511/1486 1146/1513/1488
f 533/1572/1547 532/1592/1567 925/1574/1549
f 925/1574/1549 532/1592/1567 924/1593/1568
f 925/1574/1549 924/1593/1568 947/1576/1551
f 947/1576/1551 924/1593/1568 946/1594/1569
f 947/1576/1551 946/1594/1569 969/1578/1553
f 969/1578/1553 946/1594/1569 968/1595/1570
f 969/1578/1553 968/1595/1570 991/1580/1555
f 991/1580/1555 968/1595/1570 990/1596/1571
f 991/1580/1555 990/1596/1571 1034/1582/1557
f 1034/1582/1557 990/1596/1571 1035/1597/1572
f 1034/1582/1557 1035/1597/1572 1013/1584/1559
f 1013/1584/1559 1035/1597/1572 1012/1598/1573
f 1013/1584/1559 1012/1598/1573 1057/1586/1561
f 1057/1586/1561 1012/1598/1573 1056/1599/1574
f 1057/1586/1561 1056/1599/1574 1079/1588/1563
f 1079/1588/1563 1056/1599/1574 1078/1600/1575
f 1079/1588/1563 1078/1600/1575 1101/1590/1565
f 1101/1590/1565 1078/1600/1575 1100/1509/1484
f 1101/1590/1565 1100/1509/1484 1123/1511/1486
f 532/1592/1567 531/1601/1576 924/1593/1568
f 924/1593/1568 531/1601/1576 923/1602/1577
f 924/1593/1568 923/1602/1577 946/1594/1569
f 946/1594/1569 923/1602/1577 945/1603/1578
f 946/1594/1569 945/1603/1578 968/1595/1570
f 968/1595/1570 945/1603/1578 967/1604/1579
f 968/1595/1570 967/1604/1579 990/1596/1571
f 990/1596/1571 967/1604/1579 989/1605/1580
f 990/1596/1571 989/1605/1580 1035/1597/1572
f 1035/1597/1572 989/1605/1580 1036/1606/1581
f 1035/1597/1572 1036/1606/1581 1012/1598/1573
f 1012/1598/1573 1036/1606/1581 1011/1607/1582
f 1012/1598/1573 1011/1607/1582 1056/1599/1574
f 1056/1599/1574 1011/1607/1582 1055/1608/1583
f 1056/1599/1574 1055/1608/1583 1078/1600/1575
f 1078/1600/1575 1055/1608/1583 1077/1507/1482
f 1078/1600/1575 1077/1507/1482 1100/1509/1484
f 923/1602/1577 531/1601/1576 922/1609/1584
f 922/1609/1584 531/1601/1576 530/1610/1585
f 922/1609/1584 530/1610/1585 921/1611/1586
f 921/1611/1586 530/1610/1585 529/1612/1587
f 921/1611/1586 529/1612/1587 920/1613/1588
f 920/1613/1588 529/1612/1587 528/1614/1589
f 920/1613/1588 528/1614/1589 919/1615/1590
f 919/1615/1590 528/1614/1589 918/1616/1591
f 919/1615/1590 918/1616/1591 941/1617/1592
f 941/1617/1592 918/1616/1591 940/1618/1593
f 941/1617/1592 940/1618/1593 963/1619/1594
f 963/1619/1594 940/1618/1593 962/1497/1472
f 963/1619/1594 962/1497/1472 985/1499/1474
f 528/1614/1589 527/1620/1595 918/1616/1591
f 918/1616/1591 527/1620/1595 917/1621/1596
f 918/1616/1591 917/1621/1596 940/1618/1593
f 940/1618/1593 917/1621/1596 939/1495/1470
f 940/1618/1593 939/1495/1470 962/1497/1472
f 527/1620/1595 526/1622/1597 917/1621/1596
f 917/1621/1596 526/1622/1597 916/1493/1468
f 917/1621/1596 916/1493/1468 939/1495/1470
f 526/1622/1597 525/1491/1466 916/1493/1468
f 472/1487/1462 471/1623/1598 958/1485/1460
f 958/1485/1460 471/1623/1598 980/1624/1599
f 958/1485/1460 980/1624/1599 981/1483/1458
f 981/1483/1458 980/1624/1599 1044/1625/1600
f 981/1483/1458 1044/1625/1600 1043/1481/1456
f 1043/1481/1456 1044/1625/1600 1004/1626/1601
f 1043/1481/1456 1004/1626/1601 1005/1479/1454
f 1005/1479/1454 1004/1626/1601 1049/1627/1602
f 1005/1479/1454 1049/1627/1602 1050/1477/1452
f 1050/1477/1452 1049/1627/1602 1072/1628/1603
f 1050/1477/1452 1072/1628/1603 1073/1475/1450
f 1073/1475/1450 1072/1628/1603 1095/1629/1604
f 1073/1475/1450 1095/1629/1604 1096/1473/1448
f 1096/1473/1448 1095/1629/1604 1118/1630/1605
f 1096/1473/1448 1118/1630/1605 1119/1471/1446
f 1119/1471/1446 1118/1630/1605 1141/1631/1606
f 1119/1471/1446 1141/1631/1606 1142/1469/1444
f 1142/1469/1444 1141/1631/1606 1164/1632/1607
f 1142/1469/1444 1164/1632/1607 1165/1467/1442
f 1165/1467/1442 1164/1632/1607 1187/1633/1608
f 1165/1467/1442 1187/1633/1608 1188/1465/1440
f 1188/1465/1440 1187/1633/1608 1210/1634/1609
f 1188/1465/1440 1210/1634/1609 1211/1463/1438
f 1211/1463/1438 1210/1634/1609 1233/1635/1610
f 1211/1463/1438 1233/1635/1610 1234/1461/1436
f 1234/1461/1436 1233/1635/1610 1256/1636/1611
f 1234/1461/1436 1256/1636/1611 1257/1459/1434
f 1257/1459/1434 1256/1636/1611 1279/1637/1612
f 1257/1459/1434 1279/1637/1612 1280/1457/1432
f 1280/1457/1432 1279/1637/1612 321/1638/1613
f 1280/1457/1432 321/1638/1613 320/1455/1430
f 471/1623/1598 470/1639/1614 980/1624/1599
f 980/1624/1599 470/1639/1614 1045/1640/1615
f 980/1624/1599 1045/1640/1615 1044/1625/1600
f 1044/1625/1600 1045/1640/1615 1003/1641/1616
f 1044/1625/1600 1003/1641/1616 1004/1626/1601
f 1004/1626/1601 1003/1641/1616 1048/1642/1617
f 1004/1626/1601 1048/1642/1617 1049/1627/1602
f 1049/1627/1602 1048/1642/1617 1071/1643/1618
f 1049/1627/1602 1071/1643/1618 1072/1628/1603
f 1072/1628/1603 1071/1643/1618 1094/1644/1619
f 1072/1628/1603 1094/1644/1619 1095/1629/1604
f 1095/1629/1604 1094/1644/1619 1117/1645/1620
f 1095/1629/1604 1117/1645/1620 1118/1630/1605
f 1118/1630/1605 1117/1645/1620 1140/1646/1621
f 1118/1630/1605 1140/1646/1621 1141/1631/1606
f 1141/1631/1606 1140/1646/1621 1163/1647/1622
f 1141/1631/1606 1163/1647/1622 1164/1632/1607
f 1164/1632/1607 1163/1647/1622 1186/1648/1623
f 1164/1632/1607 1186/1648/1623 1187/1633/1608
f 1187/1633/1608 1186/1648/1623 1209/1649/1624
f 1187/1633/1608 1209/1649/1624 1210/1634/1609
f 1210/1634/1609 1209/1649/1624 1232/1650/1625
f 1210/1634/1609 1232/1650/1625 1233/1635/1610
f 1233/1635/1610 1232/1650/1625 1255/1651/1626
f 1233/1635/1610 1255/1651/1626 1256/1636/1611
f 1256/1636/1611 1255/1651/1626 1278/1652/1627
f 1256/1636/1611 1278/1652/1627 1279/1637/1612
f 1279/1637/1612 1278/1652/1627 322/1653/1628
f 1279/1637/1612 322/1653/1628 321/1638/1613
f 1045/1640/1615 470/1639/1614 1002/1654/1629
f 1002/1654/1629 470/1639/1614 469/1655/1630
f 1002/1654/1629 469/1655/1630 1046/1656/1631
f 1046/1656/1631 469/1655/1630 468/1657/1632
f 1046/1656/1631 468/1657/1632 1068/1658/1633
f 1068/1658/1633 468/1657/1632 467/1659/1634
f 1068/1658/1633 467/1659/1634 1090/1660/1635
f 1090/1660/1635 467/1659/1634 466/1661/1636
f 1090/1660/1635 466/1661/1636 1112/1662/1637
f 1112/1662/1637 466/1661/1636 465/1663/1638
f 1112/1662/1637 465/1663/1638 1134/1664/1639
f 1134/1664/1639 465/1663/1638 464/1665/1640
f 1134/1664/1639 464/1665/1640 1156/1666/1641
f 1156/1666/1641 464/1665/1640 463/1667/1642
f 1156/1666/1641 463/1667/1642 1178/1668/1643
f 1178/1668/1643 463/1667/1642 462/1669/1644
f 1178/1668/1643 462/1669/1644 1200/1670/1645
f 1200/1670/1645 462/1669/1644 461/1671/1646
f 1200/1670/1645 461/1671/1646 1222/1672/1647
f 1222/1672/1647 461/1671/1646 460/1673/1648
f 1222/1672/1647 460/1673/1648 1244/1674/1649
f 1244/1674/1649 460/1673/1648 459/1675/1650
f 1244/1674/1649 459/1675/1650 1266/1676/1651
f 1266/1676/1651 459/1675/1650 331/1677/1652
f 1266/1676/1651 331/1677/1652 330/1678/1653
f 1266/1676/1651 330/1678/1653 1267/1679/1654
f 1267/1679/1654 330/1678/1653 329/1680/1655
f 1267/1679/1654 329/1680/1655 1268/1681/1656
f 1268/1681/1656 329/1680/1655 1269/1682/1657
f 1268/1681/1656 1269/1682/1657 1246/1683/1658
f 1246/1683/1658 1269/1682/1657 1247/1684/1659
f 1246/1683/1658 1247/1684/1659 1224/1685/1660
f 1224/1685/1660 1247/1684/1659 1225/1686/1661
f 1224/1685/1660 1225/1686/1661 1202/1687/1662
f 1202/1687/1662 1225/1686/1661 1203/1688/1663
f 1202/1687/1662 1203/1688/1663 1180/1689/1664
f 1180/1689/1664 1203/1688/1663 1181/1690/1665
f 1180/1689/1664 1181/1690/1665 1158/1691/1666
f 1158/1691/1666 1181/1690/1665 1159/1692/1667
f 1158/1691/1666 1159/1692/1667 1136/1693/1668
f 1136/1693/1668 1159/1692/1667 1137/1694/1669
f 1136/1693/1668 1137/1694/1669 1114/1695/1670
f 1114/1695/1670 1137/1694/1669 1115/1696/1671
f 1114/1695/1670 1115/1696/1671 1092/1697/1672
f 1092/1697/1672 1115/1696/1671 1093/1698/1673
f 1092/1697/1672 1093/1698/1673 1070/1699/1674
f 1070/1699/1674 1093/1698/1673 1071/1643/1618
f 1070/1699/1674 1071/1643/1618 1048/1642/1617
f 329/1680/1655 328/1700/1675 1269/1682/1657
f 1269/1682/1657 328/1700/1675 1270/1701/1676
f 1269/1682/1657 1270/1701/1676 1247/1684/1659
f 1247/1684/1659 1270/1701/1676 1248/1702/1677
f 1247/1684/1659 1248/1702/1677 1225/1686/1661
f 1225/1686/1661 1248/1702/1677 1226/1703/1678
f 1225/1686/1661 1226/1703/1678 1203/1688/1663
f 1203/1688/1663 1226/1703/1678 1204/1704/1679
f 1203/1688/1663 1204/1704/1679 1181/1690/1665
f 1181/1690/1665 1204/1704/1679 1182/1705/1680
f 1181/1690/1665 1182/1705/1680 1159/1692/1667
f 1159/1692/1667 1182/1705/1680 1160/1706/1681
f 1159/1692/1667 1160/1706/1681 1137/1694/1669
f 1137/1694/1669 1160/1706/1681 1138/1707/1682
f 1137/1694/1669 1138/1707/1682 1115/1696/1671
f 1115/1696/1671 1138/1707/1682 1116/1708/1683
f 1115/1696/1671 1116/1708/1683 1093/1698/1673
f 1093/1698/1673 1116/1708/1683 1094/1644/1619
f 1093/1698/1673 1094/1644/1619 1071/1643/1618
f 328/1700/1675 327/1709/1684 1270/1701/1676
f 1270/1701/1676 327/1709/1684 1271/1710/1685
f 1270/1701/1676 1271/1710/1685 1248/1702/1677
f 1248/1702/1677 1271/1710/1685 1249/1711/1686
f 1248/1702/1677 1249/1711/1686 1226/1703/1678
f 1226/1703/1678 1249/1711/1686 1227/1712/1687
f 1226/1703/1678 1227/1712/1687 1204/1704/1679
f 1204/1704/1679 1227/1712/1687 1205/1713/1688
f 1204/1704/1679 1205/1713/1688 1182/1705/1680
f 1182/1705/1680 1205/1713/1688 1183/1714/1689
f 1182/1705/1680 1183/1714/1689 1160/1706/1681
f 1160/1706/1681 1183/1714/1689 1161/1715/1690
f 1160/1706/1681 1161/1715/1690 1138/1707/1682
f 1138/1707/1682 1161/1715/1690 1139/1716/1691
f 1138/1707/1682 1139/1716/1691 1116/1708/1683
f 1116/1708/1683 1139/1716/1691 1117/1645/1620
f 1116/1708/1683 1117/1645/1620 1094/1644/1619
f 327/1709/1684 326/1717/1692 1271/1710/1685
f 1271/1710/1685 326/1717/1692 1272/1718/1693
f 1271/1710/1685 1272/1718/1693 1249/1711/1686
f 1249/1711/1686 1272/1718/1693 1250/1719/1694
f 1249/1711/1686 1250/1719/1694 1227/1712/1687
f 1227/1712/1687 1250/1719/1694 1228/1720/1695
f 1227/1712/1687 1228/1720/1695 1205/1713/1688
f 1205/1713/1688 1228/1720/1695 1206/1721/1696
f 1205/1713/1688 1206/1721/1696 1183/1714/1689
f 1183/1714/1689 1206/1721/1696 1184/1722/1697
f 1183/1714/1689 1184/1722/1697 1161/1715/1690
f 1161/1715/1690 1184/1722/1697 1162/1723/1698
f 1161/1715/1690 1162/1723/1698 1139/1716/1691
f 1139/1716/1691 1162/1723/1698 1140/1646/1621
f 1139/1716/1691 1140/1646/1621 1117/1645/1620
f 1272/1718/1693 326/1717/1692 1273/1724/1699
f 1273/1724/1699 326/1717/1692 325/1725/1700
f 1273/1724/1699 325/1725/1700 1274/1726/1701
f 1274/1726/1701 325/1725/1700 324/1727/1702
f 1274/1726/1701 324/1727/1702 1275/1728/1703
f 1275/1728/1703 324/1727/1702 1276/1729/1704
f 1275/1728/1703 1276/1729/1704 1253/1730/1705
f 1253/1730/1705 1276/1729/1704 1254/1731/1706
f 1253/1730/1705 1254/1731/1706 1231/1732/1707
f 1231/1732/1707 1254/1731/1706 1232/1650/1625
f 1231/1732/1707 1232/1650/1625 1209/1649/1624
f 324/1727/1702 323/1733/1708 1276/1729/1704
f 1276/1729/1704 323/1733/1708 1277/1734/1709
f 1276/1729/1704 1277/1734/1709 1254/1731/1706
f 1254/1731/1706 1277/1734/1709 1255/1651/1626
f 1254/1731/1706 1255/1651/1626 1232/1650/1625
f 323/1733/1708 322/1653/1628 1277/1734/1709
f 1277/1734/1709 322/1653/1628 1278/1652/1627
f 1277/1734/1709 1278/1652/1627 1255/1651/1626
f 1285/1448/1423 317/1450/1425 1286/1735/1710
f 1286/1735/1710 317/1450/1425 316/1736/1711
f 1286/1735/1710 316/1736/1711 1287/1737/1712
f 1287/1737/1712 316/1736/1711 315/1738/1713
f 1287/1737/1712 315/1738/1713 524/1739/1714
f 1287/1737/1712 524/1739/1714 1265/1740/1715
f 1265/1740/1715 524/1739/1714 523/1741/1716
f 1265/1740/1715 523/1741/1716 1243/1742/1717
f 1243/1742/1717 523/1741/1716 522/1743/1718
f 1243/1742/1717 522/1743/1718 1221/1744/1719
f 1221/1744/1719 522/1743/1718 521/1745/1720
f 1221/1744/1719 521/1745/1720 1199/1746/1721
f 1199/1746/1721 521/1745/1720 520/1747/1722
f 1199/1746/1721 520/1747/1722 1177/1748/1723
f 1177/1748/1723 520/1747/1722 519/1749/1724
f 1177/1748/1723 519/1749/1724 1155/1750/1725
f 1155/1750/1725 519/1749/1724 518/1751/1726
f 1155/1750/1725 518/1751/1726 1133/1752/1727
f 1133/1752/1727 518/1751/1726 517/1753/1728
f 1133/1752/1727 517/1753/1728 1111/1754/1729
f 1111/1754/1729 517/1753/1728 516/1755/1730
f 1111/1754/1729 516/1755/1730 1089/1756/1731
f 1089/1756/1731 516/1755/1730 515/1757/1732
f 1089/1756/1731 515/1757/1732 1067/1758/1733
f 1067/1758/1733 515/1757/1732 514/1759/1734
f 1067/1758/1733 514/1759/1734 1023/1760/1735
f 1023/1760/1735 514/1759/1734 513/1761/1736
f 1023/1760/1735 513/1761/1736 1024/1762/1737
f 1024/1762/1737 513/1761/1736 1001/1763/1738
f 1024/1762/1737 1001/1763/1738 1000/1764/1739
f 1000/1764/1739 1001/1763/1738 978/1765/1740
f 1000/1764/1739 978/1765/1740 977/1420/1395
f 977/1420/1395 978/1765/1740 955/1418/1393
f 513/1761/1736 512/1766/1741 1001/1763/1738
f 1001/1763/1738 512/1766/1741 979/1767/1742
f 1001/1763/1738 979/1767/1742 978/1765/1740
f 978/1765/1740 979/1767/1742 956/1768/1743
f 978/1765/1740 956/1768/1743 955/1418/1393
f 955/1418/1393 956/1768/1743 933/1416/1391
f 512/1766/1741 511/1769/1744 979/1767/1742
f 979/1767/1742 511/1769/1744 957/1770/1745
f 979/1767/1742 957/1770/1745 956/1768/1743
f 956/1768/1743 957/1770/1745 934/1414/1389
f 956/1768/1743 934/1414/1389 933/1416/1391
f 511/1769/1744 510/1410/1385 957/1770/1745
f 957/1770/1745 510/1410/1385 935/1412/1387
f 957/1770/1745 935/1412/1387 934/1414/1389
f 915/1492/1467 914/1489/1464 937/1771/1746
f 937/1771/1746 914/1489/1464 936/1486/1461
f 937/1771/1746 936/1486/1461 959/1484/1459
f 920/1613/1588 919/1615/1590 942/1772/1747
f 942/1772/1747 919/1615/1590 941/1617/1592
f 942/1772/1747 941/1617/1592 964/1773/1748
f 964/1773/1748 941/1617/1592 963/1619/1594
f 964/1773/1748 963/1619/1594 986/1774/1749
f 986/1774/1749 963/1619/1594 985/1499/1474
f 986/1774/1749 985/1499/1474 1039/1501/1476
f 921/1611/1586 920/1613/1588 943/1775/1750
f 943/1775/1750 920/1613/1588 942/1772/1747
f 943/1775/1750 942/1772/1747 965/1776/1751
f 965/1776/1751 942/1772/1747 964/1773/1748
f 965/1776/1751 964/1773/1748 987/1777/1752
f 987/1777/1752 964/1773/1748 986/1774/1749
f 987/1777/1752 986/1774/1749 1038/1778/1753
f 1038/1778/1753 986/1774/1749 1039/1501/1476
f 1038/1778/1753 1039/1501/1476 1009/1503/1478
f 945/1603/1578 923/1602/1577 922/1609/1584
f 922/1609/1584 921/1611/1586 944/1779/1754
f 944/1779/1754 921/1611/1586 943/1775/1750
f 944/1779/1754 943/1775/1750 966/1780/1755
f 966/1780/1755 943/1775/1750 965/1776/1751
f 966/1780/1755 965/1776/1751 988/1781/1756
f 988/1781/1756 965/1776/1751 987/1777/1752
f 988/1781/1756 987/1777/1752 1037/1782/1757
f 1037/1782/1757 987/1777/1752 1038/1778/1753
f 1037/1782/1757 1038/1778/1753 1010/1783/1758
f 1010/1783/1758 1038/1778/1753 1009/1503/1478
f 1010/1783/1758 1009/1503/1478 1054/1505/1480
f 927/1571/1546 926/1573/1548 949/1784/1759
f 949/1784/1759 926/1573/1548 948/1575/1550
f 949/1784/1759 948/1575/1550 971/1785/1760
f 971/1785/1760 948/1575/1550 970/1577/1552
f 971/1785/1760 970/1577/1552 993/1786/1761
f 993/1786/1761 970/1577/1552 992/1579/1554
f 993/1786/1761 992/1579/1554 1032/1787/1762
f 1032/1787/1762 992/1579/1554 1033/1581/1556
f 1032/1787/1762 1033/1581/1556 1015/1788/1763
f 1015/1788/1763 1033/1581/1556 1014/1583/1558
f 1015/1788/1763 1014/1583/1558 1059/1789/1764
f 1059/1789/1764 1014/1583/1558 1058/1585/1560
f 1059/1789/1764 1058/1585/1560 1081/1790/1765
f 1081/1790/1765 1058/1585/1560 1080/1587/1562
f 1081/1790/1765 1080/1587/1562 1103/1791/1766
f 1103/1791/1766 1080/1587/1562 1102/1589/1564
f 1103/1791/1766 1102/1589/1564 1125/1792/1767
f 1125/1792/1767 1102/1589/1564 1124/1591/1566
f 1125/1792/1767 1124/1591/1566 1147/1793/1768
f 1147/1793/1768 1124/1591/1566 1146/1513/1488
f 1147/1793/1768 1146/1513/1488 1169/1515/1490
f 951/1557/1532 929/1556/1531 928/1569/1544
f 928/1569/1544 927/1571/1546 950/1794/1769
f 950/1794/1769 927/1571/1546 949/1784/1759
f 950/1794/1769 949/1784/1759 972/1795/1770
f 972/1795/1770 949/1784/1759 971/1785/1760
f 972/1795/1770 971/1785/1760 994/1796/1771
f 994/1796/1771 971/1785/1760 993/1786/1761
f 994/1796/1771 993/1786/1761 1031/1797/1772
f 1031/1797/1772 993/1786/1761 1032/1787/1762
f 1031/1797/1772 1032/1787/1762 1016/1798/1773
f 1016/1798/1773 1032/1787/1762 1015/1788/1763
f 1016/1798/1773 1015/1788/1763 1060/1799/1774
f 1060/1799/1774 1015/1788/1763 1059/1789/1764
f 1060/1799/1774 1059/1789/1764 1082/1800/1775
f 1082/1800/1775 1059/1789/1764 1081/1790/1765
f 1082/1800/1775 1081/1790/1765 1104/1801/1776
f 1104/1801/1776 1081/1790/1765 1103/1791/1766
f 1104/1801/1776 1103/1791/1766 1126/1802/1777
f 1126/1802/1777 1103/1791/1766 1125/1792/1767
f 1126/1802/1777 1125/1792/1767 1148/1803/1778
f 1148/1803/1778 1125/1792/1767 1147/1793/1768
f 1148/1803/1778 1147/1793/1768 1170/1804/1779
f 1170/1804/1779 1147/1793/1768 1169/1515/1490
f 1170/1804/1779 1169/1515/1490 1192/1517/1492
f 915/1492/1467 937/1771/1746 938/1494/1469
f 938/1494/1469 937/1771/1746 960/1805/1780
f 938/1494/1469 960/1805/1780 961/1496/1471
f 961/1496/1471 960/1805/1780 983/1806/1781
f 961/1496/1471 983/1806/1781 984/1498/1473
f 984/1498/1473 983/1806/1781 1041/1807/1782
f 984/1498/1473 1041/1807/1782 1040/1500/1475
f 1040/1500/1475 1041/1807/1782 1007/1808/1783
f 1040/1500/1475 1007/1808/1783 1008/1502/1477
f 1008/1502/1477 1007/1808/1783 1052/1809/1784
f 1008/1502/1477 1052/1809/1784 1053/1504/1479
f 1053/1504/1479 1052/1809/1784 1075/1810/1785
f 1053/1504/1479 1075/1810/1785 1076/1506/1481
f 1076/1506/1481 1075/1810/1785 1098/1811/1786
f 1076/1506/1481 1098/1811/1786 1099/1508/1483
f 1099/1508/1483 1098/1811/1786 1121/1812/1787
f 1099/1508/1483 1121/1812/1787 1122/1510/1485
f 1122/1510/1485 1121/1812/1787 1144/1813/1788
f 1122/1510/1485 1144/1813/1788 1145/1512/1487
f 1145/1512/1487 1144/1813/1788 1167/1814/1789
f 1145/1512/1487 1167/1814/1789 1168/1514/1489
f 1168/1514/1489 1167/1814/1789 1190/1815/1790
f 1168/1514/1489 1190/1815/1790 1191/1516/1491
f 1191/1516/1491 1190/1815/1790 1213/1816/1791
f 1191/1516/1491 1213/1816/1791 1214/1518/1493
f 1214/1518/1493 1213/1816/1791 1236/1817/1792
f 1214/1518/1493 1236/1817/1792 1237/1520/1495
f 1237/1520/1495 1236/1817/1792 1259/1818/1793
f 1237/1520/1495 1259/1818/1793 1260/1522/1497
f 1260/1522/1497 1259/1818/1793 1282/1454/1429
f 1260/1522/1497 1282/1454/1429 1283/1452/1427
f 960/1805/1780 937/1771/1746 959/1484/1459
f 967/1604/1579 945/1603/1578 944/1779/1754
f 944/1779/1754 945/1603/1578 922/1609/1584
f 967/1604/1579 944/1779/1754 966/1780/1755
f 973/1558/1533 951/1557/1532 950/1794/1769
f 950/1794/1769 951/1557/1532 928/1569/1544
f 973/1558/1533 950/1794/1769 972/1795/1770
f 983/1806/1781 960/1805/1780 982/1482/1457
f 982/1482/1457 960/1805/1780 959/1484/1459
f 989/1605/1580 967/1604/1579 966/1780/1755
f 989/1605/1580 966/1780/1755 988/1781/1756
f 995/1559/1534 973/1558/1533 972/1795/1770
f 995/1559/1534 972/1795/1770 994/1796/1771
f 1000/1764/1739 977/1420/1395 999/1422/1397
f 1041/1807/1782 983/1806/1781 1042/1480/1455
f 1042/1480/1455 983/1806/1781 982/1482/1457
f 1036/1606/1581 989/1605/1580 988/1781/1756
f 1036/1606/1581 988/1781/1756 1037/1782/1757
f 1030/1560/1535 995/1559/1534 994/1796/1771
f 1030/1560/1535 994/1796/1771 1031/1797/1772
f 1000/1764/1739 999/1422/1397 1025/1819/1794
f 1025/1819/1794 999/1422/1397 1026/1424/1399
f 1025/1819/1794 1026/1424/1399 1022/1820/1795
f 1022/1820/1795 1026/1424/1399 1021/1426/1401
f 1022/1820/1795 1021/1426/1401 1066/1821/1796
f 1066/1821/1796 1021/1426/1401 1065/1428/1403
f 1066/1821/1796 1065/1428/1403 1088/1822/1797
f 1088/1822/1797 1065/1428/1403 1087/1430/1405
f 1088/1822/1797 1087/1430/1405 1110/1823/1798
f 1110/1823/1798 1087/1430/1405 1109/1432/1407
f 1110/1823/1798 1109/1432/1407 1132/1824/1799
f 1132/1824/1799 1109/1432/1407 1131/1434/1409
f 1132/1824/1799 1131/1434/1409 1154/1825/1800
f 1154/1825/1800 1131/1434/1409 1153/1436/1411
f 1154/1825/1800 1153/1436/1411 1176/1826/1801
f 1176/1826/1801 1153/1436/1411 1175/1438/1413
f 1176/1826/1801 1175/1438/1413 1198/1827/1802
f 1198/1827/1802 1175/1438/1413 1197/1440/1415
f 1198/1827/1802 1197/1440/1415 1220/1828/1803
f 1220/1828/1803 1197/1440/1415 1219/1442/1417
f 1220/1828/1803 1219/1442/1417 1242/1829/1804
f 1242/1829/1804 1219/1442/1417 1241/1444/1419
f 1242/1829/1804 1241/1444/1419 1264/1830/1805
f 1264/1830/1805 1241/1444/1419 1263/1446/1421
f 1264/1830/1805 1263/1446/1421 1286/1735/1710
f 1286/1735/1710 1263/1446/1421 1285/1448/1423
f 1045/1640/1615 1002/1654/1629 1003/1641/1616
f 1003/1641/1616 1002/1654/1629 1047/1831/1806
f 1003/1641/1616 1047/1831/1806 1048/1642/1617
f 1048/1642/1617 1047/1831/1806 1070/1699/1674
f 1041/1807/1782 1042/1480/1455 1006/1478/1453
f 1041/1807/1782 1006/1478/1453 1007/1808/1783
f 1007/1808/1783 1006/1478/1453 1051/1476/1451
f 1007/1808/1783 1051/1476/1451 1052/1809/1784
f 1052/1809/1784 1051/1476/1451 1074/1474/1449
f 1052/1809/1784 1074/1474/1449 1075/1810/1785
f 1075/1810/1785 1074/1474/1449 1097/1472/1447
f 1075/1810/1785 1097/1472/1447 1098/1811/1786
f 1098/1811/1786 1097/1472/1447 1120/1470/1445
f 1098/1811/1786 1120/1470/1445 1121/1812/1787
f 1121/1812/1787 1120/1470/1445 1143/1468/1443
f 1121/1812/1787 1143/1468/1443 1144/1813/1788
f 1144/1813/1788 1143/1468/1443 1166/1466/1441
f 1144/1813/1788 1166/1466/1441 1167/1814/1789
f 1167/1814/1789 1166/1466/1441 1189/1464/1439
f 1167/1814/1789 1189/1464/1439 1190/1815/1790
f 1190/1815/1790 1189/1464/1439 1212/1462/1437
f 1190/1815/1790 1212/1462/1437 1213/1816/1791
f 1213/1816/1791 1212/1462/1437 1235/1460/1435
f 1213/1816/1791 1235/1460/1435 1236/1817/1792
f 1236/1817/1792 1235/1460/1435 1258/1458/1433
f 1236/1817/1792 1258/1458/1433 1259/1818/1793
f 1259/1818/1793 1258/1458/1433 1281/1456/1431
f 1259/1818/1793 1281/1456/1431 1282/1454/1429
f 1036/1606/1581 1037/1782/1757 1011/1607/1582
f 1011/1607/1582 1037/1782/1757 1010/1783/1758
f 1011/1607/1582 1010/1783/1758 1055/1608/1583
f 1055/1608/1583 1010/1783/1758 1054/1505/1480
f 1055/1608/1583 1054/1505/1480 1077/1507/1482
f 1030/1560/1535 1031/1797/1772 1017/1561/1536
f 1017/1561/1536 1031/1797/1772 1016/1798/1773
f 1017/1561/1536 1016/1798/1773 1061/1562/1537
f 1061/1562/1537 1016/1798/1773 1060/1799/1774
f 1061/1562/1537 1060/1799/1774 1083/1563/1538
f 1083/1563/1538 1060/1799/1774 1082/1800/1775
f 1083/1563/1538 1082/1800/1775 1105/1564/1539
f 1105/1564/1539 1082/1800/1775 1104/1801/1776
f 1105/1564/1539 1104/1801/1776 1127/1565/1540
f 1127/1565/1540 1104/1801/1776 1126/1802/1777
f 1127/1565/1540 1126/1802/1777 1149/1566/1541
f 1149/1566/1541 1126/1802/1777 1148/1803/1778
f 1149/1566/1541 1148/1803/1778 1171/1567/1542
f 1171/1567/1542 1148/1803/1778 1170/1804/1779
f 1171/1567/1542 1170/1804/1779 1193/1568/1543
f 1193/1568/1543 1170/1804/1779 1192/1517/1492
f 1193/1568/1543 1192/1517/1492 1215/1519/1494
f 1022/1820/1795 1023/1760/1735 1025/1819/1794
f 1025/1819/1794 1023/1760/1735 1024/1762/1737
f 1025/1819/1794 1024/1762/1737 1000/1764/1739
f 1023/1760/1735 1022/1820/1795 1067/1758/1733
f 1067/1758/1733 1022/1820/1795 1066/1821/1796
f 1067/1758/1733 1066/1821/1796 1089/1756/1731
f 1089/1756/1731 1066/1821/1796 1088/1822/1797
f 1089/1756/1731 1088/1822/1797 1111/1754/1729
f 1111/1754/1729 1088/1822/1797 1110/1823/1798
f 1111/1754/1729 1110/1823/1798 1133/1752/1727
f 1133/1752/1727 1110/1823/1798 1132/1824/1799
f 1133/1752/1727 1132/1824/1799 1155/1750/1725
f 1155/1750/1725 1132/1824/1799 1154/1825/1800
f 1155/1750/1725 1154/1825/1800 1177/1748/1723
f 1177/1748/1723 1154/1825/1800 1176/1826/1801
f 1177/1748/1723 1176/1826/1801 1199/1746/1721
f 1199/1746/1721 1176/1826/1801 1198/1827/1802
f 1199/1746/1721 1198/1827/1802 1221/1744/1719
f 1221/1744/1719 1198/1827/1802 1220/1828/1803
f 1221/1744/1719 1220/1828/1803 1243/1742/1717
f 1243/1742/1717 1220/1828/1803 1242/1829/1804
f 1243/1742/1717 1242/1829/1804 1265/1740/1715
f 1265/1740/1715 1242/1829/1804 1264/1830/1805
f 1265/1740/1715 1264/1830/1805 1287/1737/1712
f 1287/1737/1712 1264/1830/1805 1286/1735/1710
f 1002/1654/1629 1046/1656/1631 1047/1831/1806
f 1047/1831/1806 1046/1656/1631 1069/1832/1807
f 1047/1831/1806 1069/1832/1807 1070/1699/1674
f 1070/1699/1674 1069/1832/1807 1092/1697/1672
f 1046/1656/1631 1068/1658/1633 1069/1832/1807
f 1069/1832/1807 1068/1658/1633 1091/1833/1808
f 1069/1832/1807 1091/1833/1808 1092/1697/1672
f 1092/1697/1672 1091/1833/1808 1114/1695/1670
f 1068/1658/1633 1090/1660/1635 1091/1833/1808
f 1091/1833/1808 1090/1660/1635 1113/1834/1809
f 1091/1833/1808 1113/1834/1809 1114/1695/1670
f 1114/1695/1670 1113/1834/1809 1136/1693/1668
f 1090/1660/1635 1112/1662/1637 1113/1834/1809
f 1113/1834/1809 1112/1662/1637 1135/1835/1810
f 1113/1834/1809 1135/1835/1810 1136/1693/1668
f 1136/1693/1668 1135/1835/1810 1158/1691/1666
f 1112/1662/1637 1134/1664/1639 1135/1835/1810
f 1135/1835/1810 1134/1664/1639 1157/1836/1811
f 1135/1835/1810 1157/1836/1811 1158/1691/1666
f 1158/1691/1666 1157/1836/1811 1180/1689/1664
f 1163/1647/1622 1140/1646/1621 1162/1723/1698
f 1134/1664/1639 1156/1666/1641 1157/1836/1811
f 1157/1836/1811 1156/1666/1641 1179/1837/1812
f 1157/1836/1811 1179/1837/1812 1180/1689/1664
f 1180/1689/1664 1179/1837/1812 1202/1687/1662
f 1163/1647/1622 1162/1723/1698 1185/1838/1813
f 1185/1838/1813 1162/1723/1698 1184/1722/1697
f 1185/1838/1813 1184/1722/1697 1207/1839/1814
f 1207/1839/1814 1184/1722/1697 1206/1721/1696
f 1207/1839/1814 1206/1721/1696 1229/1840/1815
f 1229/1840/1815 1206/1721/1696 1228/1720/1695
f 1229/1840/1815 1228/1720/1695 1251/1841/1816
f 1251/1841/1816 1228/1720/1695 1250/1719/1694
f 1251/1841/1816 1250/1719/1694 1273/1724/1699
f 1273/1724/1699 1250/1719/1694 1272/1718/1693
f 1156/1666/1641 1178/1668/1643 1179/1837/1812
f 1179/1837/1812 1178/1668/1643 1201/1842/1817
f 1179/1837/1812 1201/1842/1817 1202/1687/1662
f 1202/1687/1662 1201/1842/1817 1224/1685/1660
f 1163/1647/1622 1185/1838/1813 1186/1648/1623
f 1186/1648/1623 1185/1838/1813 1208/1843/1818
f 1186/1648/1623 1208/1843/1818 1209/1649/1624
f 1209/1649/1624 1208/1843/1818 1231/1732/1707
f 1208/1843/1818 1185/1838/1813 1207/1839/1814
f 1178/1668/1643 1200/1670/1645 1201/1842/1817
f 1201/1842/1817 1200/1670/1645 1223/1844/1819
f 1201/1842/1817 1223/1844/1819 1224/1685/1660
f 1224/1685/1660 1223/1844/1819 1246/1683/1658
f 1208/1843/1818 1207/1839/1814 1230/1845/1820
f 1230/1845/1820 1207/1839/1814 1229/1840/1815
f 1230/1845/1820 1229/1840/1815 1252/1846/1821
f 1252/1846/1821 1229/1840/1815 1251/1841/1816
f 1252/1846/1821 1251/1841/1816 1274/1726/1701
f 1274/1726/1701 1251/1841/1816 1273/1724/1699
f 1200/1670/1645 1222/1672/1647 1223/1844/1819
f 1223/1844/1819 1222/1672/1647 1245/1847/1822
f 1223/1844/1819 1245/1847/1822 1246/1683/1658
f 1246/1683/1658 1245/1847/1822 1268/1681/1656
f 1253/1730/1705 1231/1732/1707 1230/1845/1820
f 1230/1845/1820 1231/1732/1707 1208/1843/1818
f 1253/1730/1705 1230/1845/1820 1252/1846/1821
f 1222/1672/1647 1244/1674/1649 1245/1847/1822
f 1245/1847/1822 1244/1674/1649 1267/1679/1654
f 1245/1847/1822 1267/1679/1654 1268/1681/1656
f 1266/1676/1651 1267/1679/1654 1244/1674/1649
f 1275/1728/1703 1253/1730/1705 1252/1846/1821
f 1275/1728/1703 1252/1846/1821 1274/1726/1701
# 1287 vertices
# 1847 texture params
# 1822 normals
# 2594 facets

# 1 groups
