# WaveFront *.obj file (generated by Autodesk ATF)

mtllib RACE_sim.mtl

g Body1

v 1.150000 13.686481 86.847355
v 1.013703 14.583057 87.364993
v 0.614102 15.418532 87.847355
v -0.021573 16.135971 88.261568
v -0.850000 16.686481 88.579406
v -1.814724 17.032547 88.779206
v -2.850000 17.150583 88.847355
v -3.885276 17.032547 88.779206
v -4.850000 16.686481 88.579406
v -5.678427 16.135971 88.261568
v -6.314102 15.418532 87.847355
v -6.713703 14.583057 87.364993
v -6.850000 13.686481 86.847355
v -6.713703 12.789906 86.329717
v -6.314102 11.954431 85.847355
v -5.678427 11.236992 85.433141
v -4.850000 10.686481 85.115304
v -3.885276 10.340416 84.915503
v -2.850000 10.222380 84.847355
v -1.814724 10.340416 84.915503
v -0.850000 10.686481 85.115304
v -0.021573 11.236992 85.433141
v 0.614102 11.954431 85.847355
v 1.013703 12.789906 86.329717
v -5.850000 10.497144 85.005990
v -6.692405 11.268049 85.451072
v -7.279012 12.199954 85.989108
v -7.570770 13.230822 86.584280
v -7.548254 14.292023 87.196965
v -7.212965 15.312913 87.786375
v -6.587222 16.225527 88.313273
v -5.712684 16.969110 88.742582
v -4.647571 17.494162 89.045720
v -3.462789 17.765727 89.202508
v -2.237211 17.765727 89.202508
v -1.052429 17.494162 89.045720
v 0.012684 16.969110 88.742582
v 0.887222 16.225527 88.313273
v 1.512965 15.312913 87.786375
v 1.848254 14.292023 87.196965
v 1.870770 13.230822 86.584280
v 1.579012 12.199954 85.989108
v 0.992405 11.268049 85.451072
v 0.150000 10.497144 85.005990
v 0.150000 9.572861 84.472355
v -5.850000 9.572861 84.472355
v 1.150000 10.686481 92.043507
v 1.013703 11.583057 92.561145
v 0.614102 12.418532 93.043507
v -0.021573 13.135971 93.457721
v -0.850000 13.686481 93.775558
v -1.814724 14.032547 93.975359
v -2.850000 14.150583 94.043507
v -3.885276 14.032547 93.975359
v -4.850000 13.686481 93.775558
v -5.678427 13.135971 93.457721
v -6.314102 12.418532 93.043507
v -6.713703 11.583057 92.561145
v -6.850000 10.686481 92.043507
v -6.713703 9.789906 91.525869
v -6.314102 8.954431 91.043507
v -5.678427 8.236992 90.629294
v -4.850000 7.686481 90.311456
v -3.885276 7.340416 90.111656
v -2.850000 7.222380 90.043507
v -1.814724 7.340416 90.111656
v -0.850000 7.686481 90.311456
v -0.021573 8.236992 90.629294
v 0.614102 8.954431 91.043507
v 1.013703 9.789906 91.525869
v -5.850000 7.497144 90.202142
v -5.850000 6.572861 89.668507
v 0.150000 6.572861 89.668507
v 0.150000 7.497144 90.202142
v -6.692405 8.268049 90.647224
v -7.279012 9.199954 91.185260
v -7.570770 10.230822 91.780432
v -7.548254 11.292023 92.393117
v -7.212965 12.312913 92.982528
v -6.587222 13.225527 93.509426
v -5.712684 13.969110 93.938734
v -4.647571 14.494162 94.241873
v -3.462789 14.765727 94.398661
v -2.237211 14.765727 94.398661
v -1.052429 14.494162 94.241873
v 0.012684 13.969110 93.938734
v 0.887222 13.225527 93.509426
v 1.512965 12.312913 92.982528
v 1.848254 11.292023 92.393117
v 1.870770 10.230822 91.780432
v 1.579012 9.199954 91.185260
v 0.992405 8.268049 90.647224
v 1.150000 -13.686481 86.847355
v 1.013703 -12.789906 86.329717
v 0.614102 -11.954431 85.847355
v -0.021573 -11.236992 85.433141
v -0.850000 -10.686481 85.115304
v -1.814724 -10.340416 84.915503
v -2.850000 -10.222380 84.847355
v -3.885276 -10.340416 84.915503
v -4.850000 -10.686481 85.115304
v -5.678427 -11.236992 85.433141
v -6.314102 -11.954431 85.847355
v -6.713703 -12.789906 86.329717
v -6.850000 -13.686481 86.847355
v -6.713703 -14.583057 87.364993
v -6.314102 -15.418532 87.847355
v -5.678427 -16.135971 88.261568
v -4.850000 -16.686481 88.579406
v -3.885276 -17.032547 88.779206
v -2.850000 -17.150583 88.847355
v -1.814724 -17.032547 88.779206
v -0.850000 -16.686481 88.579406
v -0.021573 -16.135971 88.261568
v 0.614102 -15.418532 87.847355
v 1.013703 -14.583057 87.364993
v 0.150000 -10.497144 85.005990
v 0.992405 -11.268049 85.451072
v 1.579012 -12.199954 85.989108
v 1.870770 -13.230822 86.584280
v 1.848254 -14.292023 87.196965
v 1.512965 -15.312913 87.786375
v 0.887222 -16.225527 88.313273
v 0.012684 -16.969110 88.742582
v -1.052429 -17.494162 89.045720
v -2.237211 -17.765727 89.202508
v -3.462789 -17.765727 89.202508
v -4.647571 -17.494162 89.045720
v -5.712684 -16.969110 88.742582
v -6.587222 -16.225527 88.313273
v -7.212965 -15.312913 87.786375
v -7.548254 -14.292023 87.196965
v -7.570770 -13.230822 86.584280
v -7.279012 -12.199954 85.989108
v -6.692405 -11.268049 85.451072
v -5.850000 -10.497144 85.005990
v -5.850000 -9.572861 84.472355
v 0.150000 -9.572861 84.472355
v 1.150000 -10.686481 92.043507
v 1.013703 -9.789906 91.525869
v 0.614102 -8.954431 91.043507
v -0.021573 -8.236992 90.629294
v -0.850000 -7.686481 90.311456
v -1.814724 -7.340416 90.111656
v -2.850000 -7.222380 90.043507
v -3.885276 -7.340416 90.111656
v -4.850000 -7.686481 90.311456
v -5.678427 -8.236992 90.629294
v -6.314102 -8.954431 91.043507
v -6.713703 -9.789906 91.525869
v -6.850000 -10.686481 92.043507
v -6.713703 -11.583057 92.561145
v -6.314102 -12.418532 93.043507
v -5.678427 -13.135971 93.457721
v -4.850000 -13.686481 93.775558
v -3.885276 -14.032547 93.975359
v -2.850000 -14.150583 94.043507
v -1.814724 -14.032547 93.975359
v -0.850000 -13.686481 93.775558
v -0.021573 -13.135971 93.457721
v 0.614102 -12.418532 93.043507
v 1.013703 -11.583057 92.561145
v -5.850000 -7.497144 90.202142
v -5.850000 -6.572861 89.668507
v 0.150000 -6.572861 89.668507
v 0.150000 -7.497144 90.202142
v 0.992405 -8.268049 90.647224
v 1.579012 -9.199954 91.185260
v 1.870770 -10.230822 91.780432
v 1.848254 -11.292023 92.393117
v 1.512965 -12.312913 92.982528
v 0.887222 -13.225527 93.509426
v 0.012684 -13.969110 93.938734
v -1.052429 -14.494162 94.241873
v -2.237211 -14.765727 94.398661
v -3.462789 -14.765727 94.398661
v -4.647571 -14.494162 94.241873
v -5.712684 -13.969110 93.938734
v -6.587222 -13.225527 93.509426
v -7.212965 -12.312913 92.982528
v -7.548254 -11.292023 92.393117
v -7.570770 -10.230822 91.780432
v -7.279012 -9.199954 91.185260
v -6.692405 -8.268049 90.647224
v 2.635000 4.750000 -13.100000
v 2.635000 4.588148 -11.870610
v 2.635000 4.113621 -10.725000
v 2.635000 3.358757 -9.741243
v 2.635000 2.375000 -8.986379
v 2.635000 1.229390 -8.511852
v 2.635000 -0.000000 -8.350000
v 2.635000 -1.229390 -8.511852
v 2.635000 -2.375000 -8.986379
v 2.635000 -3.358757 -9.741243
v 2.635000 -4.113621 -10.725000
v 2.635000 -4.588148 -11.870610
v 2.635000 -4.750000 -13.100000
v 2.635000 -4.588148 -14.329390
v 2.635000 -4.113621 -15.475000
v 2.635000 -3.358757 -16.458757
v 2.635000 -2.375000 -17.213621
v 2.635000 -1.229390 -17.688148
v 2.635000 -0.000000 -17.850000
v 2.635000 1.229390 -17.688148
v 2.635000 2.375000 -17.213621
v 2.635000 3.358757 -16.458757
v 2.635000 4.113621 -15.475000
v 2.635000 4.588148 -14.329390
v -15.335000 4.750000 -13.100000
v -15.335000 4.588148 -14.329390
v -15.335000 4.113621 -15.475000
v -15.335000 3.358757 -16.458757
v -15.335000 2.375000 -17.213621
v -15.335000 1.229390 -17.688148
v -15.335000 -0.000000 -17.850000
v -15.335000 -1.229390 -17.688148
v -15.335000 -2.375000 -17.213621
v -15.335000 -3.358757 -16.458757
v -15.335000 -4.113621 -15.475000
v -15.335000 -4.588148 -14.329390
v -15.335000 -4.750000 -13.100000
v -15.335000 -4.588148 -11.870610
v -15.335000 -4.113621 -10.725000
v -15.335000 -3.358757 -9.741243
v -15.335000 -2.375000 -8.986379
v -15.335000 -1.229390 -8.511852
v -15.335000 -0.000000 -8.350000
v -15.335000 1.229390 -8.511852
v -15.335000 2.375000 -8.986379
v -15.335000 3.358757 -9.741243
v -15.335000 4.113621 -10.725000
v -15.335000 4.588148 -11.870610
v -6.350000 4.750000 -13.100000
v -6.350000 4.588148 -11.870610
v -6.350000 4.113621 -10.725000
v -6.350000 3.358757 -9.741243
v -6.350000 2.375000 -8.986379
v -6.350000 1.229390 -8.511852
v -6.350000 -0.000000 -8.350000
v -6.350000 -1.229390 -8.511852
v -6.350000 -2.375000 -8.986379
v -6.350000 -3.358757 -9.741243
v -6.350000 -4.113621 -10.725000
v -6.350000 -4.588148 -11.870610
v -6.350000 -4.750000 -13.100000
v -6.350000 -4.588148 -14.329390
v -6.350000 -4.113621 -15.475000
v -6.350000 -3.358757 -16.458757
v -6.350000 -2.375000 -17.213621
v -6.350000 -1.229390 -17.688148
v -6.350000 -0.000000 -17.850000
v -6.350000 1.229390 -17.688148
v -6.350000 2.375000 -17.213621
v -6.350000 3.358757 -16.458757
v -6.350000 4.113621 -15.475000
v -6.350000 4.588148 -14.329390
v 2.635000 -5.590000 60.287480
v 2.635000 -5.751852 61.516870
v 2.635000 -6.226379 62.662480
v 2.635000 -6.981243 63.646237
v 2.635000 -7.965000 64.401101
v 2.635000 -9.110610 64.875628
v 2.635000 -10.340000 65.037480
v 2.635000 -11.569390 64.875628
v 2.635000 -12.715000 64.401101
v 2.635000 -13.698757 63.646237
v 2.635000 -14.453621 62.662480
v 2.635000 -14.928148 61.516870
v 2.635000 -15.090000 60.287480
v 2.635000 -14.928148 59.058090
v 2.635000 -14.453621 57.912480
v 2.635000 -13.698757 56.928723
v 2.635000 -12.715000 56.173859
v 2.635000 -11.569390 55.699332
v 2.635000 -10.340000 55.537480
v 2.635000 -9.110610 55.699332
v 2.635000 -7.965000 56.173859
v 2.635000 -6.981243 56.928723
v 2.635000 -6.226379 57.912480
v 2.635000 -5.751852 59.058090
v -15.335000 -5.590000 60.287480
v -15.335000 -5.751852 59.058090
v -15.335000 -6.226379 57.912480
v -15.335000 -6.981243 56.928723
v -15.335000 -7.965000 56.173859
v -15.335000 -9.110610 55.699332
v -15.335000 -10.340000 55.537480
v -15.335000 -11.569390 55.699332
v -15.335000 -12.715000 56.173859
v -15.335000 -13.698757 56.928723
v -15.335000 -14.453621 57.912480
v -15.335000 -14.928148 59.058090
v -15.335000 -15.090000 60.287480
v -15.335000 -14.928148 61.516870
v -15.335000 -14.453621 62.662480
v -15.335000 -13.698757 63.646237
v -15.335000 -12.715000 64.401101
v -15.335000 -11.569390 64.875628
v -15.335000 -10.340000 65.037480
v -15.335000 -9.110610 64.875628
v -15.335000 -7.965000 64.401101
v -15.335000 -6.981243 63.646237
v -15.335000 -6.226379 62.662480
v -15.335000 -5.751852 61.516870
v -6.350000 -5.590000 60.287480
v -6.350000 -5.751852 61.516870
v -6.350000 -6.226379 62.662480
v -6.350000 -6.981243 63.646237
v -6.350000 -7.965000 64.401101
v -6.350000 -9.110610 64.875628
v -6.350000 -10.340000 65.037480
v -6.350000 -11.569390 64.875628
v -6.350000 -12.715000 64.401101
v -6.350000 -13.698757 63.646237
v -6.350000 -14.453621 62.662480
v -6.350000 -14.928148 61.516870
v -6.350000 -15.090000 60.287480
v -6.350000 -14.928148 59.058090
v -6.350000 -14.453621 57.912480
v -6.350000 -13.698757 56.928723
v -6.350000 -12.715000 56.173859
v -6.350000 -11.569390 55.699332
v -6.350000 -10.340000 55.537480
v -6.350000 -9.110610 55.699332
v -6.350000 -7.965000 56.173859
v -6.350000 -6.981243 56.928723
v -6.350000 -6.226379 57.912480
v -6.350000 -5.751852 59.058090
v -1.246808 -17.875000 70.092628
v -0.855145 -17.560004 70.638217
v -0.544347 -17.216264 71.233592
v -0.188455 -16.470478 72.525331
v -0.207452 -15.696982 73.865066
v -0.599824 -14.957321 75.146197
v -0.927378 -14.618807 75.732520
v -1.334353 -14.310349 76.266785
v -1.812611 -14.038113 76.738310
v -2.352592 -13.807544 77.137669
v -2.943501 -13.623248 77.456877
v -3.573524 -13.488913 77.689554
v -4.230065 -13.407222 77.831047
v -4.900000 -13.379809 77.878528
v -5.569935 -13.407222 77.831047
v -6.226476 -13.488913 77.689554
v -6.856499 -13.623248 77.456877
v -7.447408 -13.807544 77.137669
v -7.987389 -14.038113 76.738310
v -8.465647 -14.310349 76.266785
v -8.872622 -14.618807 75.732520
v -9.200176 -14.957321 75.146197
v -9.592548 -15.696982 73.865066
v -9.611545 -16.470478 72.525331
v -9.255653 -17.216264 71.233592
v -8.944855 -17.560004 70.638217
v -8.553192 -17.875000 70.092628
v -7.685869 -17.875000 69.281265
v -6.644379 -17.875000 68.710424
v -5.493835 -17.875000 68.415794
v -4.306165 -17.875000 68.415794
v -3.155621 -17.875000 68.710424
v -2.114131 -17.875000 69.281265
v -8.553192 17.875000 70.092628
v -8.944855 17.560004 70.638217
v -9.255653 17.216264 71.233592
v -9.611545 16.470478 72.525331
v -9.592548 15.696982 73.865066
v -9.200176 14.957321 75.146197
v -8.872622 14.618807 75.732520
v -8.465647 14.310349 76.266785
v -7.987389 14.038113 76.738310
v -7.447408 13.807544 77.137669
v -6.856499 13.623248 77.456877
v -6.226476 13.488913 77.689554
v -5.569935 13.407222 77.831047
v -4.900000 13.379809 77.878528
v -4.230065 13.407222 77.831047
v -3.573524 13.488913 77.689554
v -2.943501 13.623248 77.456877
v -2.352592 13.807544 77.137669
v -1.812611 14.038113 76.738310
v -1.334353 14.310349 76.266785
v -0.927378 14.618807 75.732520
v -0.599824 14.957321 75.146197
v -0.207452 15.696982 73.865066
v -0.188455 16.470478 72.525331
v -0.544347 17.216264 71.233592
v -0.855145 17.560004 70.638217
v -1.246808 17.875000 70.092628
v -2.114131 17.875000 69.281265
v -3.155621 17.875000 68.710424
v -4.306165 17.875000 68.415794
v -5.493835 17.875000 68.415794
v -6.644379 17.875000 68.710424
v -7.685869 17.875000 69.281265
v -9.650000 -8.937500 73.128528
v -9.650000 -0.000000 73.128528
v -9.650000 8.937500 73.128528
v -1.541243 8.937500 69.769771
v -1.541243 -0.000000 69.769771
v -1.541243 -8.937500 69.769771
v -0.786379 -8.937500 70.753528
v -0.786379 -0.000000 70.753528
v -0.786379 8.937500 70.753528
v -0.311852 -8.937500 71.899137
v -0.311852 -0.000000 71.899137
v -0.311852 8.937500 71.899137
v -0.150000 -8.937500 73.128528
v -0.150000 -0.000000 73.128528
v -0.150000 8.937500 73.128528
v -0.311852 -8.937500 74.357918
v -0.311852 -0.000000 74.357918
v -0.311852 8.937500 74.357918
v -0.786379 -8.937500 75.503528
v -0.786379 -0.000000 75.503528
v -0.786379 8.937500 75.503528
v -1.541243 -8.937500 76.487285
v -1.541243 -0.000000 76.487285
v -1.541243 8.937500 76.487285
v -2.525000 -8.937500 77.242148
v -2.525000 -0.000000 77.242148
v -2.525000 8.937500 77.242148
v -3.670610 -8.937500 77.716675
v -3.670610 -0.000000 77.716675
v -3.670610 8.937500 77.716675
v -4.900000 -8.937500 77.878528
v -4.900000 -0.000000 77.878528
v -4.900000 8.937500 77.878528
v -6.129390 -8.937500 77.716675
v -6.129390 -0.000000 77.716675
v -6.129390 8.937500 77.716675
v -7.275000 -8.937500 77.242148
v -7.275000 -0.000000 77.242148
v -7.275000 8.937500 77.242148
v -8.258757 -8.937500 76.487285
v -8.258757 -0.000000 76.487285
v -8.258757 8.937500 76.487285
v -9.013621 -8.937500 75.503528
v -9.013621 -0.000000 75.503528
v -9.013621 8.937500 75.503528
v -9.488148 -8.937500 74.357918
v -9.488148 -0.000000 74.357918
v -9.488148 8.937500 74.357918
v -9.488148 -8.937500 71.899137
v -9.488148 -0.000000 71.899137
v -9.488148 8.937500 71.899137
v -9.013621 -8.937500 70.753528
v -9.013621 -0.000000 70.753528
v -9.013621 8.937500 70.753528
v -8.258757 -8.937500 69.769771
v -8.258757 -0.000000 69.769771
v -8.258757 8.937500 69.769771
v -7.275000 -8.937500 69.014907
v -7.275000 -0.000000 69.014907
v -7.275000 8.937500 69.014907
v -6.129390 -8.937500 68.540380
v -6.129390 -0.000000 68.540380
v -6.129390 8.937500 68.540380
v -4.900000 -8.937500 68.378528
v -4.900000 -0.000000 68.378528
v -4.900000 8.937500 68.378528
v -3.670610 -8.937500 68.540380
v -3.670610 -0.000000 68.540380
v -3.670610 8.937500 68.540380
v -2.525000 -8.937500 69.014907
v -2.525000 -0.000000 69.014907
v -2.525000 8.937500 69.014907
v 2.635000 -17.875000 70.092628
v 2.635000 -12.974287 78.580912
v 2.635000 -8.073574 87.069196
v 2.635000 -3.172861 95.557480
v -6.350000 -3.172861 95.557480
v -15.335000 -3.172861 95.557480
v -15.335000 -8.073574 87.069196
v -15.335000 -12.974287 78.580912
v -15.335000 -17.875000 70.092628
v -5.931692 -8.073574 87.069196
v -6.198463 -12.974287 78.580912
v -6.350000 -8.073574 87.069196
v -6.350000 -12.974287 78.580912
v 2.635000 17.875000 70.092628
v 2.635000 17.875000 58.898963
v 2.635000 17.875000 47.705298
v 2.635000 17.875000 36.511633
v 2.635000 17.875000 25.317969
v 2.635000 17.875000 14.124304
v 2.635000 17.875000 2.930639
v 2.635000 17.875000 -8.263026
v -6.350000 17.875000 -8.263026
v -15.335000 17.875000 -8.263026
v -15.335000 17.875000 2.930639
v -15.335000 17.875000 14.124304
v -15.335000 17.875000 25.317969
v -15.335000 17.875000 36.511633
v -15.335000 17.875000 47.705298
v -15.335000 17.875000 58.898963
v -15.335000 17.875000 70.092628
v -6.350000 17.875000 58.898963
v -6.350000 17.875000 47.705298
v -6.350000 17.875000 36.511633
v -6.350000 17.875000 25.317969
v -6.350000 17.875000 14.124304
v -6.350000 17.875000 2.930639
v -15.335000 5.590000 60.287480
v -15.335000 5.751852 59.058090
v -15.335000 6.226379 57.912480
v -15.335000 6.981243 56.928723
v -15.335000 7.965000 56.173859
v -15.335000 9.110610 55.699332
v -15.335000 10.340000 55.537480
v -15.335000 11.569390 55.699332
v -15.335000 12.715000 56.173859
v -15.335000 13.698757 56.928723
v -15.335000 14.453621 57.912480
v -15.335000 14.928148 59.058090
v -15.335000 15.090000 60.287480
v -15.335000 14.928148 61.516870
v -15.335000 14.453621 62.662480
v -15.335000 13.698757 63.646237
v -15.335000 12.715000 64.401101
v -15.335000 11.569390 64.875628
v -15.335000 10.340000 65.037480
v -15.335000 9.110610 64.875628
v -15.335000 7.965000 64.401101
v -15.335000 6.981243 63.646237
v -15.335000 6.226379 62.662480
v -15.335000 5.751852 61.516870
v -15.335000 -17.875000 -8.263026
v -15.335000 -17.875000 2.930639
v -15.335000 -17.875000 14.124304
v -15.335000 -17.875000 25.317969
v -15.335000 -17.875000 36.511633
v -15.335000 -17.875000 47.705298
v -15.335000 -17.875000 58.898963
v -15.335000 3.172861 95.557480
v -15.335000 8.073574 87.069196
v -15.335000 12.974287 78.580912
v -15.335000 11.689013 -14.449013
v -15.335000 5.503026 -20.635000
v -15.335000 -5.503026 -20.635000
v -15.335000 -11.689013 -14.449013
v -15.335000 -0.000000 53.305669
v -15.335000 8.937500 -10.072047
v -15.335000 8.937500 84.994527
v -15.335000 8.937500 74.431575
v -15.335000 5.582496 53.305669
v -15.335000 5.571143 42.742716
v -15.335000 5.559790 32.179764
v -15.335000 5.548437 21.616811
v -15.335000 5.537084 11.053858
v -15.335000 5.525731 0.490905
v -15.335000 5.514379 -10.072047
v -15.335000 0.000000 0.490905
v -15.335000 0.000000 11.053858
v -15.335000 -0.000000 21.616811
v -15.335000 -0.000000 32.179764
v -15.335000 -0.000000 42.742716
v -15.335000 -0.000000 63.868622
v -15.335000 -0.000000 74.431575
v -15.335000 -0.000000 84.994527
v -15.335000 -8.937500 -10.072047
v -15.335000 -8.937500 0.490905
v -15.335000 -8.937500 11.053858
v -15.335000 -8.937500 21.616811
v -15.335000 -8.937500 32.179764
v -15.335000 -8.937500 42.742716
v -15.335000 -8.937500 53.305669
v -15.335000 -8.937500 74.431575
v -15.335000 -8.937500 84.994527
v -15.335000 8.937500 53.305669
v -15.335000 8.937500 42.742716
v -15.335000 8.937500 32.179764
v -15.335000 8.937500 21.616811
v -15.335000 8.937500 11.053858
v -15.335000 8.937500 0.490905
v -15.335000 -15.160870 63.868622
v 2.635000 5.590000 60.287480
v 2.635000 5.751852 61.516870
v 2.635000 6.226379 62.662480
v 2.635000 6.981243 63.646237
v 2.635000 7.965000 64.401101
v 2.635000 9.110610 64.875628
v 2.635000 10.340000 65.037480
v 2.635000 11.569390 64.875628
v 2.635000 12.715000 64.401101
v 2.635000 13.698757 63.646237
v 2.635000 14.453621 62.662480
v 2.635000 14.928148 61.516870
v 2.635000 15.090000 60.287480
v 2.635000 14.928148 59.058090
v 2.635000 14.453621 57.912480
v 2.635000 13.698757 56.928723
v 2.635000 12.715000 56.173859
v 2.635000 11.569390 55.699332
v 2.635000 10.340000 55.537480
v 2.635000 9.110610 55.699332
v 2.635000 7.965000 56.173859
v 2.635000 6.981243 56.928723
v 2.635000 6.226379 57.912480
v 2.635000 5.751852 59.058090
v 2.635000 -17.875000 58.898963
v 2.635000 -17.875000 47.705298
v 2.635000 -17.875000 36.511633
v 2.635000 -17.875000 25.317969
v 2.635000 -17.875000 14.124304
v 2.635000 -17.875000 2.930639
v 2.635000 -17.875000 -8.263026
v 2.635000 -11.689013 -14.449013
v 2.635000 -5.503026 -20.635000
v 2.635000 5.503026 -20.635000
v 2.635000 11.689013 -14.449013
v 2.635000 12.974287 78.580912
v 2.635000 8.073574 87.069196
v 2.635000 3.172861 95.557480
v 2.635000 5.514379 -10.072047
v 2.635000 8.937500 -10.072047
v 2.635000 5.525731 0.490905
v 2.635000 5.537084 11.053858
v 2.635000 5.548437 21.616811
v 2.635000 5.559790 32.179764
v 2.635000 5.571143 42.742716
v 2.635000 -0.000000 53.305669
v 2.635000 5.582496 53.305669
v 2.635000 8.937500 74.431575
v 2.635000 8.937500 84.994527
v 2.635000 -0.000000 84.994527
v 2.635000 -0.000000 74.431575
v 2.635000 -0.000000 63.868622
v 2.635000 -0.000000 42.742716
v 2.635000 -0.000000 32.179764
v 2.635000 -0.000000 21.616811
v 2.635000 -0.000000 11.053858
v 2.635000 -0.000000 0.490905
v 2.635000 -8.937500 84.994527
v 2.635000 -8.937500 74.431575
v 2.635000 -8.937500 53.305669
v 2.635000 -8.937500 42.742716
v 2.635000 -8.937500 32.179764
v 2.635000 -8.937500 21.616811
v 2.635000 -8.937500 11.053858
v 2.635000 -8.937500 0.490905
v 2.635000 -8.937500 -10.072047
v 2.635000 8.937500 53.305669
v 2.635000 8.937500 42.742716
v 2.635000 8.937500 32.179764
v 2.635000 8.937500 21.616811
v 2.635000 8.937500 11.053858
v 2.635000 8.937500 0.490905
v 2.635000 -15.160870 63.868622
v -6.350000 5.503026 -20.635000
v -6.350000 11.689013 -14.449013
v -6.350000 -5.503026 -20.635000
v -6.350000 -17.875000 -8.263026
v -6.350000 -11.689013 -14.449013
v -6.350000 -17.875000 58.898963
v -6.350000 -17.875000 47.705298
v -6.350000 -17.875000 36.511633
v -6.350000 -17.875000 25.317969
v -6.350000 -17.875000 14.124304
v -6.350000 -17.875000 2.930639
v -6.350000 3.172861 95.557480
v -6.177002 12.974287 78.580912
v -6.350000 8.073574 87.069196
v -6.350000 12.974287 78.580912
v -6.350000 5.590000 60.287480
v -6.350000 5.751852 59.058090
v -6.350000 6.226379 57.912480
v -6.350000 6.981243 56.928723
v -6.350000 7.965000 56.173859
v -6.350000 9.110610 55.699332
v -6.350000 10.340000 55.537480
v -6.350000 11.569390 55.699332
v -6.350000 12.715000 56.173859
v -6.350000 13.698757 56.928723
v -6.350000 14.453621 57.912480
v -6.350000 14.928148 59.058090
v -6.350000 15.090000 60.287480
v -6.350000 14.928148 61.516870
v -6.350000 14.453621 62.662480
v -6.350000 13.698757 63.646237
v -6.350000 12.715000 64.401101
v -6.350000 11.569390 64.875628
v -6.350000 10.340000 65.037480
v -6.350000 9.110610 64.875628
v -6.350000 7.965000 64.401101
v -6.350000 6.981243 63.646237
v -6.350000 6.226379 62.662480
v -6.350000 5.751852 61.516870
vt -3.863703 1.035276 0.000000
vt -4.698254 0.699220 0.000000
vt -4.000000 0.000000 0.000000
vt -4.720770 -0.526150 0.000000
vt -3.863703 -1.035276 0.000000
vt -4.429012 -1.716494 0.000000
vt -3.464102 -2.000000 0.000000
vt -3.842405 -2.792566 0.000000
vt -2.828427 -2.828427 0.000000
vt -3.000000 -3.682730 0.000000
vt -2.000000 -3.464102 0.000000
vt -3.000000 -4.750000 0.000000
vt -1.035276 -3.863703 0.000000
vt 0.000000 -4.000000 0.000000
vt 3.000000 -4.750000 0.000000
vt 1.035276 -3.863703 0.000000
vt 2.000000 -3.464102 0.000000
vt 3.000000 -3.682730 0.000000
vt 2.828427 -2.828427 0.000000
vt 3.842405 -2.792566 0.000000
vt 3.464102 -2.000000 0.000000
vt 4.429012 -1.716494 0.000000
vt 3.863703 -1.035276 0.000000
vt 4.720770 -0.526150 0.000000
vt 4.000000 0.000000 0.000000
vt 4.698254 0.699220 0.000000
vt 3.863703 1.035276 0.000000
vt 4.362965 1.878041 0.000000
vt 3.464102 2.000000 0.000000
vt 3.737222 2.931837 0.000000
vt 2.828427 2.828427 0.000000
vt 2.862684 3.790454 0.000000
vt 2.000000 3.464102 0.000000
vt 1.797571 4.396731 0.000000
vt 1.035276 3.863703 0.000000
vt 0.612789 4.710307 0.000000
vt 0.000000 4.000000 0.000000
vt -0.612789 4.710307 0.000000
vt -1.035276 3.863703 0.000000
vt -1.797571 4.396731 0.000000
vt -2.000000 3.464102 0.000000
vt -2.862684 3.790454 0.000000
vt -2.828427 2.828427 0.000000
vt -3.737222 2.931837 0.000000
vt -3.464102 2.000000 0.000000
vt -4.362965 1.878041 0.000000
vt 3.000000 -11.519173 0.000000
vt -3.000000 -11.519173 0.000000
vt 3.000000 -12.566371 0.000000
vt -3.000000 -12.566371 0.000000
vt 3.000000 12.566371 0.000000
vt -3.000000 12.566371 0.000000
vt 3.000000 11.519173 0.000000
vt -3.000000 11.519173 0.000000
vt 3.000000 10.471976 0.000000
vt -3.000000 10.471976 0.000000
vt 3.000000 9.424778 0.000000
vt -3.000000 9.424778 0.000000
vt 3.000000 8.377580 0.000000
vt -3.000000 8.377580 0.000000
vt 3.000000 7.330383 0.000000
vt -3.000000 7.330383 0.000000
vt 3.000000 6.283185 0.000000
vt -3.000000 6.283185 0.000000
vt 3.000000 5.235988 0.000000
vt -3.000000 5.235988 0.000000
vt 3.000000 4.188790 0.000000
vt -3.000000 4.188790 0.000000
vt 3.000000 3.141593 0.000000
vt -3.000000 3.141593 0.000000
vt 3.000000 2.094395 0.000000
vt -3.000000 2.094395 0.000000
vt 3.000000 1.047198 0.000000
vt -3.000000 1.047198 0.000000
vt 3.000000 -0.000000 0.000000
vt -3.000000 -0.000000 0.000000
vt 3.000000 -1.047198 0.000000
vt -3.000000 -1.047198 0.000000
vt 3.000000 -2.094395 0.000000
vt -3.000000 -2.094395 0.000000
vt 3.000000 -3.141593 0.000000
vt -3.000000 -3.141593 0.000000
vt 3.000000 -4.188790 0.000000
vt -3.000000 -4.188790 0.000000
vt 3.000000 -5.235988 0.000000
vt -3.000000 -5.235988 0.000000
vt 3.000000 -6.283185 0.000000
vt -3.000000 -6.283185 0.000000
vt 3.000000 -7.330383 0.000000
vt -3.000000 -7.330383 0.000000
vt 3.000000 -8.377580 0.000000
vt -3.000000 -8.377580 0.000000
vt 3.000000 -9.424778 0.000000
vt -3.000000 -9.424778 0.000000
vt 3.000000 -10.471976 0.000000
vt -3.000000 -10.471976 0.000000
vt -1.067270 -3.000000 0.000000
vt -0.000000 -3.000000 0.000000
vt -1.067270 3.000000 0.000000
vt 0.000000 3.000000 0.000000
vt -1.067270 -3.000000 0.000000
vt 0.000000 -3.000000 0.000000
vt -1.067270 3.000000 0.000000
vt -0.000000 3.000000 0.000000
vt 3.000000 -10.708326 0.000000
vt -3.000000 -10.708326 0.000000
vt 3.000000 -11.937328 0.000000
vt -3.000000 -11.937328 0.000000
vt 3.000000 -13.166330 0.000000
vt -3.000000 -13.166330 0.000000
vt 3.000000 -14.395333 0.000000
vt -3.000000 -14.395333 0.000000
vt 3.000000 -15.624335 0.000000
vt -3.000000 -15.624335 0.000000
vt 3.000000 -16.853337 0.000000
vt -3.000000 -16.853337 0.000000
vt 3.000000 -18.082340 0.000000
vt -3.000000 -18.082340 0.000000
vt 3.000000 -19.311342 0.000000
vt -3.000000 -19.311342 0.000000
vt 3.000000 -20.540344 0.000000
vt -3.000000 -20.540344 0.000000
vt 3.000000 -21.769346 0.000000
vt -3.000000 -21.769346 0.000000
vt 3.000000 -22.998349 0.000000
vt -3.000000 -22.998349 0.000000
vt 3.000000 -24.227351 0.000000
vt -3.000000 -24.227351 0.000000
vt 3.000000 -25.456353 0.000000
vt -3.000000 -25.456353 0.000000
vt 3.000000 -26.685356 0.000000
vt -3.000000 -26.685356 0.000000
vt 3.000000 -27.914358 0.000000
vt -3.000000 -27.914358 0.000000
vt 3.000000 -29.143360 0.000000
vt -3.000000 -29.143360 0.000000
vt 3.000000 -30.372363 0.000000
vt -3.000000 -30.372363 0.000000
vt 3.000000 -31.601365 0.000000
vt -3.000000 -31.601365 0.000000
vt 3.000000 -32.830367 0.000000
vt -3.000000 -32.830367 0.000000
vt 3.000000 -34.059369 0.000000
vt -3.000000 -34.059369 0.000000
vt 3.863703 -1.035276 0.000000
vt 4.720770 -0.526150 0.000000
vt 4.000000 0.000000 0.000000
vt 4.698254 0.699220 0.000000
vt 3.863703 1.035276 0.000000
vt 4.362965 1.878041 0.000000
vt 3.464102 2.000000 0.000000
vt 3.737222 2.931837 0.000000
vt 2.828427 2.828427 0.000000
vt 2.862684 3.790454 0.000000
vt 2.000000 3.464102 0.000000
vt 1.797571 4.396731 0.000000
vt 1.035276 3.863703 0.000000
vt 0.612789 4.710307 0.000000
vt -0.000000 4.000000 0.000000
vt -0.612789 4.710307 0.000000
vt -1.035276 3.863703 0.000000
vt -1.797571 4.396731 0.000000
vt -2.000000 3.464102 0.000000
vt -2.862684 3.790454 0.000000
vt -2.828427 2.828427 0.000000
vt -3.737222 2.931837 0.000000
vt -3.464102 2.000000 0.000000
vt -4.362965 1.878041 0.000000
vt -3.863703 1.035276 0.000000
vt -4.698254 0.699220 0.000000
vt -4.000000 0.000000 0.000000
vt -4.720770 -0.526150 0.000000
vt -3.863703 -1.035276 0.000000
vt -4.429012 -1.716494 0.000000
vt -3.464102 -2.000000 0.000000
vt -3.842405 -2.792566 0.000000
vt -2.828427 -2.828427 0.000000
vt -3.000000 -3.682730 0.000000
vt -2.000000 -3.464102 0.000000
vt -3.000000 -4.750000 0.000000
vt -1.035276 -3.863703 0.000000
vt -0.000000 -4.000000 0.000000
vt 3.000000 -4.750000 0.000000
vt 1.035276 -3.863703 0.000000
vt 2.000000 -3.464102 0.000000
vt 3.000000 -3.682730 0.000000
vt 2.828427 -2.828427 0.000000
vt 3.842405 -2.792566 0.000000
vt 3.464102 -2.000000 0.000000
vt 4.429012 -1.716494 0.000000
vt 3.863703 -1.035276 0.000000
vt 4.720770 -0.526150 0.000000
vt 4.000000 0.000000 0.000000
vt 4.698254 0.699220 0.000000
vt 3.863703 1.035276 0.000000
vt 4.362965 1.878041 0.000000
vt 3.464102 2.000000 0.000000
vt 3.737222 2.931837 0.000000
vt 2.828427 2.828427 0.000000
vt 2.862684 3.790454 0.000000
vt 2.000000 3.464102 0.000000
vt 1.797571 4.396731 0.000000
vt 1.035276 3.863703 0.000000
vt 0.612789 4.710307 0.000000
vt -0.000000 4.000000 0.000000
vt -0.612789 4.710307 0.000000
vt -1.035276 3.863703 0.000000
vt -1.797571 4.396731 0.000000
vt -2.000000 3.464102 0.000000
vt -2.862684 3.790454 0.000000
vt -2.828427 2.828427 0.000000
vt -3.737222 2.931837 0.000000
vt -3.464102 2.000000 0.000000
vt -4.362965 1.878041 0.000000
vt -3.863703 1.035276 0.000000
vt -4.698254 0.699220 0.000000
vt -4.000000 0.000000 0.000000
vt -4.720770 -0.526150 0.000000
vt -3.863703 -1.035276 0.000000
vt -4.429012 -1.716494 0.000000
vt -3.464102 -2.000000 0.000000
vt -3.842405 -2.792566 0.000000
vt -2.828427 -2.828427 0.000000
vt -3.000000 -3.682730 0.000000
vt -2.000000 -3.464102 0.000000
vt -3.000000 -4.750000 0.000000
vt -1.035276 -3.863703 0.000000
vt -0.000000 -4.000000 0.000000
vt 3.000000 -4.750000 0.000000
vt 1.035276 -3.863703 0.000000
vt 2.000000 -3.464102 0.000000
vt 3.000000 -3.682730 0.000000
vt 2.828427 -2.828427 0.000000
vt 3.842405 -2.792566 0.000000
vt 3.464102 -2.000000 0.000000
vt 4.429012 -1.716494 0.000000
vt -3.000000 11.519173 0.000000
vt 3.000000 11.519173 0.000000
vt -3.000000 12.566371 0.000000
vt 3.000000 12.566371 0.000000
vt -3.000000 -12.566371 0.000000
vt 3.000000 -12.566371 0.000000
vt -3.000000 -11.519173 0.000000
vt 3.000000 -11.519173 0.000000
vt -3.000000 -10.471976 0.000000
vt 3.000000 -10.471976 0.000000
vt -3.000000 -9.424778 0.000000
vt 3.000000 -9.424778 0.000000
vt -3.000000 -8.377580 0.000000
vt 3.000000 -8.377580 0.000000
vt -3.000000 -7.330383 0.000000
vt 3.000000 -7.330383 0.000000
vt -3.000000 -6.283185 0.000000
vt 3.000000 -6.283185 0.000000
vt -3.000000 -5.235988 0.000000
vt 3.000000 -5.235988 0.000000
vt -3.000000 -4.188790 0.000000
vt 3.000000 -4.188790 0.000000
vt -3.000000 -3.141593 0.000000
vt 3.000000 -3.141593 0.000000
vt -3.000000 -2.094395 0.000000
vt 3.000000 -2.094395 0.000000
vt -3.000000 -1.047198 0.000000
vt 3.000000 -1.047198 0.000000
vt -3.000000 -0.000000 0.000000
vt 3.000000 -0.000000 0.000000
vt -3.000000 1.047198 0.000000
vt 3.000000 1.047198 0.000000
vt -3.000000 2.094395 0.000000
vt 3.000000 2.094395 0.000000
vt -3.000000 3.141593 0.000000
vt 3.000000 3.141593 0.000000
vt -3.000000 4.188790 0.000000
vt 3.000000 4.188790 0.000000
vt -3.000000 5.235988 0.000000
vt 3.000000 5.235988 0.000000
vt -3.000000 6.283185 0.000000
vt 3.000000 6.283185 0.000000
vt -3.000000 7.330383 0.000000
vt 3.000000 7.330383 0.000000
vt -3.000000 8.377580 0.000000
vt 3.000000 8.377580 0.000000
vt -3.000000 9.424778 0.000000
vt 3.000000 9.424778 0.000000
vt -3.000000 10.471976 0.000000
vt 3.000000 10.471976 0.000000
vt 1.067270 3.000000 0.000000
vt -0.000000 3.000000 0.000000
vt 1.067270 -3.000000 0.000000
vt 0.000000 -3.000000 0.000000
vt 1.067270 3.000000 0.000000
vt 0.000000 3.000000 0.000000
vt 1.067270 -3.000000 0.000000
vt -0.000000 -3.000000 0.000000
vt 3.000000 -10.708326 0.000000
vt -3.000000 -10.708326 0.000000
vt 3.000000 -11.937328 0.000000
vt -3.000000 -11.937328 0.000000
vt 3.000000 -13.166330 0.000000
vt -3.000000 -13.166330 0.000000
vt 3.000000 -14.395333 0.000000
vt -3.000000 -14.395333 0.000000
vt 3.000000 -15.624335 0.000000
vt -3.000000 -15.624335 0.000000
vt 3.000000 -16.853337 0.000000
vt -3.000000 -16.853337 0.000000
vt 3.000000 -18.082340 0.000000
vt -3.000000 -18.082340 0.000000
vt 3.000000 -19.311342 0.000000
vt -3.000000 -19.311342 0.000000
vt 3.000000 -20.540344 0.000000
vt -3.000000 -20.540344 0.000000
vt 3.000000 -21.769346 0.000000
vt -3.000000 -21.769346 0.000000
vt 3.000000 -22.998349 0.000000
vt -3.000000 -22.998349 0.000000
vt 3.000000 -24.227351 0.000000
vt -3.000000 -24.227351 0.000000
vt 3.000000 -25.456353 0.000000
vt -3.000000 -25.456353 0.000000
vt 3.000000 -26.685356 0.000000
vt -3.000000 -26.685356 0.000000
vt 3.000000 -27.914358 0.000000
vt -3.000000 -27.914358 0.000000
vt 3.000000 -29.143360 0.000000
vt -3.000000 -29.143360 0.000000
vt 3.000000 -30.372363 0.000000
vt -3.000000 -30.372363 0.000000
vt 3.000000 -31.601365 0.000000
vt -3.000000 -31.601365 0.000000
vt 3.000000 -32.830367 0.000000
vt -3.000000 -32.830367 0.000000
vt 3.000000 -34.059369 0.000000
vt -3.000000 -34.059369 0.000000
vt -3.863703 1.035276 0.000000
vt -4.698254 0.699220 0.000000
vt -4.000000 0.000000 0.000000
vt -4.720770 -0.526150 0.000000
vt -3.863703 -1.035276 0.000000
vt -4.429012 -1.716494 0.000000
vt -3.464102 -2.000000 0.000000
vt -3.842405 -2.792566 0.000000
vt -2.828427 -2.828427 0.000000
vt -3.000000 -3.682730 0.000000
vt -2.000000 -3.464102 0.000000
vt -3.000000 -4.750000 0.000000
vt -1.035276 -3.863703 0.000000
vt 0.000000 -4.000000 0.000000
vt 3.000000 -4.750000 0.000000
vt 1.035276 -3.863703 0.000000
vt 2.000000 -3.464102 0.000000
vt 3.000000 -3.682730 0.000000
vt 2.828427 -2.828427 0.000000
vt 3.842405 -2.792566 0.000000
vt 3.464102 -2.000000 0.000000
vt 4.429012 -1.716494 0.000000
vt 3.863703 -1.035276 0.000000
vt 4.720770 -0.526150 0.000000
vt 4.000000 0.000000 0.000000
vt 4.698254 0.699220 0.000000
vt 3.863703 1.035276 0.000000
vt 4.362965 1.878041 0.000000
vt 3.464102 2.000000 0.000000
vt 3.737222 2.931837 0.000000
vt 2.828427 2.828427 0.000000
vt 2.862684 3.790454 0.000000
vt 2.000000 3.464102 0.000000
vt 1.797571 4.396731 0.000000
vt 1.035276 3.863703 0.000000
vt 0.612789 4.710307 0.000000
vt 0.000000 4.000000 0.000000
vt -0.612789 4.710307 0.000000
vt -1.035276 3.863703 0.000000
vt -1.797571 4.396731 0.000000
vt -2.000000 3.464102 0.000000
vt -2.862684 3.790454 0.000000
vt -2.828427 2.828427 0.000000
vt -3.737222 2.931837 0.000000
vt -3.464102 2.000000 0.000000
vt -4.362965 1.878041 0.000000
vt 17.970000 -13.679018 0.000000
vt 8.985000 -13.679018 0.000000
vt 17.970000 -14.922565 0.000000
vt 8.985000 -14.922565 0.000000
vt 17.970000 14.922565 0.000000
vt 8.985000 14.922565 0.000000
vt 17.970000 13.679018 0.000000
vt 8.985000 13.679018 0.000000
vt 17.970000 12.435471 0.000000
vt 8.985000 12.435471 0.000000
vt 17.970000 11.191924 0.000000
vt 8.985000 11.191924 0.000000
vt 17.970000 9.948377 0.000000
vt 8.985000 9.948377 0.000000
vt 17.970000 8.704830 0.000000
vt 8.985000 8.704830 0.000000
vt 17.970000 7.461283 0.000000
vt 8.985000 7.461283 0.000000
vt 17.970000 6.217735 0.000000
vt 8.985000 6.217735 0.000000
vt 17.970000 4.974188 0.000000
vt 8.985000 4.974188 0.000000
vt 17.970000 3.730641 0.000000
vt 8.985000 3.730641 0.000000
vt 17.970000 2.487094 0.000000
vt 8.985000 2.487094 0.000000
vt 17.970000 1.243547 0.000000
vt 8.985000 1.243547 0.000000
vt 17.970000 0.000000 0.000000
vt 8.985000 0.000000 0.000000
vt 17.970000 -1.243547 0.000000
vt 8.985000 -1.243547 0.000000
vt 17.970000 -2.487094 0.000000
vt 8.985000 -2.487094 0.000000
vt 17.970000 -3.730641 0.000000
vt 8.985000 -3.730641 0.000000
vt 17.970000 -4.974188 0.000000
vt 8.985000 -4.974188 0.000000
vt 17.970000 -6.217735 0.000000
vt 8.985000 -6.217735 0.000000
vt 17.970000 -7.461283 0.000000
vt 8.985000 -7.461283 0.000000
vt 17.970000 -8.704830 0.000000
vt 8.985000 -8.704830 0.000000
vt 17.970000 -9.948377 0.000000
vt 8.985000 -9.948377 0.000000
vt 17.970000 -11.191924 0.000000
vt 8.985000 -11.191924 0.000000
vt 17.970000 -12.435471 0.000000
vt 8.985000 -12.435471 0.000000
vt 0.000000 13.679018 0.000000
vt 0.000000 14.922565 0.000000
vt 0.000000 -14.922565 0.000000
vt 0.000000 -13.679018 0.000000
vt 0.000000 -12.435471 0.000000
vt 0.000000 -11.191924 0.000000
vt 0.000000 -9.948377 0.000000
vt 0.000000 -8.704830 0.000000
vt 0.000000 -7.461283 0.000000
vt 0.000000 -6.217735 0.000000
vt 0.000000 -4.974188 0.000000
vt 0.000000 -3.730641 0.000000
vt 0.000000 -2.487094 0.000000
vt 0.000000 -1.243547 0.000000
vt 0.000000 0.000000 0.000000
vt 0.000000 1.243547 0.000000
vt 0.000000 2.487094 0.000000
vt 0.000000 3.730641 0.000000
vt 0.000000 4.974188 0.000000
vt 0.000000 6.217735 0.000000
vt 0.000000 7.461283 0.000000
vt 0.000000 8.704830 0.000000
vt 0.000000 9.948377 0.000000
vt 0.000000 11.191924 0.000000
vt 0.000000 12.435471 0.000000
vt 17.970000 -13.679018 0.000000
vt 8.985000 -13.679018 0.000000
vt 17.970000 -14.922565 0.000000
vt 8.985000 -14.922565 0.000000
vt 17.970000 14.922565 0.000000
vt 8.985000 14.922565 0.000000
vt 17.970000 13.679018 0.000000
vt 8.985000 13.679018 0.000000
vt 17.970000 12.435471 0.000000
vt 8.985000 12.435471 0.000000
vt 17.970000 11.191924 0.000000
vt 8.985000 11.191924 0.000000
vt 17.970000 9.948377 0.000000
vt 8.985000 9.948377 0.000000
vt 17.970000 8.704830 0.000000
vt 8.985000 8.704830 0.000000
vt 17.970000 7.461283 0.000000
vt 8.985000 7.461283 0.000000
vt 17.970000 6.217735 0.000000
vt 8.985000 6.217735 0.000000
vt 17.970000 4.974188 0.000000
vt 8.985000 4.974188 0.000000
vt 17.970000 3.730641 0.000000
vt 8.985000 3.730641 0.000000
vt 17.970000 2.487094 0.000000
vt 8.985000 2.487094 0.000000
vt 17.970000 1.243547 0.000000
vt 8.985000 1.243547 0.000000
vt 17.970000 0.000000 0.000000
vt 8.985000 0.000000 0.000000
vt 17.970000 -1.243547 0.000000
vt 8.985000 -1.243547 0.000000
vt 17.970000 -2.487094 0.000000
vt 8.985000 -2.487094 0.000000
vt 17.970000 -3.730641 0.000000
vt 8.985000 -3.730641 0.000000
vt 17.970000 -4.974188 0.000000
vt 8.985000 -4.974188 0.000000
vt 17.970000 -6.217735 0.000000
vt 8.985000 -6.217735 0.000000
vt 17.970000 -7.461283 0.000000
vt 8.985000 -7.461283 0.000000
vt 17.970000 -8.704830 0.000000
vt 8.985000 -8.704830 0.000000
vt 17.970000 -9.948377 0.000000
vt 8.985000 -9.948377 0.000000
vt 17.970000 -11.191924 0.000000
vt 8.985000 -11.191924 0.000000
vt 17.970000 -12.435471 0.000000
vt 8.985000 -12.435471 0.000000
vt 0.000000 13.679018 0.000000
vt 0.000000 14.922565 0.000000
vt 0.000000 -14.922565 0.000000
vt 0.000000 -13.679018 0.000000
vt 0.000000 -12.435471 0.000000
vt 0.000000 -11.191924 0.000000
vt 0.000000 -9.948377 0.000000
vt 0.000000 -8.704830 0.000000
vt 0.000000 -7.461283 0.000000
vt 0.000000 -6.217735 0.000000
vt 0.000000 -4.974188 0.000000
vt 0.000000 -3.730641 0.000000
vt 0.000000 -2.487094 0.000000
vt 0.000000 -1.243547 0.000000
vt 0.000000 0.000000 0.000000
vt 0.000000 1.243547 0.000000
vt 0.000000 2.487094 0.000000
vt 0.000000 3.730641 0.000000
vt 0.000000 4.974188 0.000000
vt 0.000000 6.217735 0.000000
vt 0.000000 7.461283 0.000000
vt 0.000000 8.704830 0.000000
vt 0.000000 9.948377 0.000000
vt 0.000000 11.191924 0.000000
vt 0.000000 12.435471 0.000000
vt 0.314996 2.621357 0.000000
vt 8.937500 2.487094 0.000000
vt -0.000000 3.293533 0.000000
vt 8.937500 3.730641 0.000000
vt -0.000000 4.484319 0.000000
vt 8.937500 4.974188 0.000000
vt -0.000000 5.675104 0.000000
vt 8.937500 6.217735 0.000000
vt -0.000000 6.865890 0.000000
vt 8.937500 7.461283 0.000000
vt -0.000000 8.056675 0.000000
vt 8.937500 8.704830 0.000000
vt -0.000000 9.247461 0.000000
vt 8.937500 9.948377 0.000000
vt -0.000000 10.438246 0.000000
vt 8.937500 11.191924 0.000000
vt -0.000000 11.629032 0.000000
vt 8.937500 12.435471 0.000000
vt 0.314996 12.301208 0.000000
vt 0.658736 12.973384 0.000000
vt 8.937500 13.679018 0.000000
vt 1.404522 14.317736 0.000000
vt 8.937500 14.922565 0.000000
vt 2.178018 15.662088 0.000000
vt 2.178018 -14.183042 0.000000
vt 8.937500 -14.922565 0.000000
vt 8.937500 -13.679018 0.000000
vt 2.917679 -12.838690 0.000000
vt 8.937500 -12.435471 0.000000
vt 3.256193 -12.166514 0.000000
vt 3.564651 -11.494338 0.000000
vt 8.937500 -11.191924 0.000000
vt 3.836887 -10.822163 0.000000
vt 8.937500 -9.948377 0.000000
vt 4.067456 -10.149987 0.000000
vt 4.251752 -9.477811 0.000000
vt 8.937500 -8.704830 0.000000
vt 4.386087 -8.805635 0.000000
vt 4.467778 -8.133459 0.000000
vt 8.937500 -7.461283 0.000000
vt 4.495191 -7.461283 0.000000
vt 4.467778 -6.789107 0.000000
vt 8.937500 -6.217735 0.000000
vt 4.386087 -6.116931 0.000000
vt 4.251752 -5.444755 0.000000
vt 8.937500 -4.974188 0.000000
vt 4.067456 -4.772579 0.000000
vt 3.836887 -4.100403 0.000000
vt 8.937500 -3.730641 0.000000
vt 3.564651 -3.428227 0.000000
vt 8.937500 -2.487094 0.000000
vt 3.256193 -2.756051 0.000000
vt 2.917679 -2.083875 0.000000
vt 8.937500 -1.243547 0.000000
vt 2.178018 -0.739523 0.000000
vt 8.937500 0.000000 0.000000
vt 1.404522 0.604829 0.000000
vt 8.937500 1.243547 0.000000
vt 0.658736 1.949181 0.000000
vt 35.435004 12.301208 0.000000
vt 26.812500 12.435471 0.000000
vt 35.750000 11.629032 0.000000
vt 26.812500 11.191924 0.000000
vt 35.750000 10.438246 0.000000
vt 26.812500 9.948377 0.000000
vt 35.750000 9.247461 0.000000
vt 26.812500 8.704830 0.000000
vt 35.750000 8.056675 0.000000
vt 26.812500 7.461283 0.000000
vt 35.750000 6.865890 0.000000
vt 26.812500 6.217735 0.000000
vt 35.750000 5.675104 0.000000
vt 26.812500 4.974188 0.000000
vt 35.750000 4.484319 0.000000
vt 26.812500 3.730641 0.000000
vt 35.750000 3.293533 0.000000
vt 26.812500 2.487094 0.000000
vt 35.435004 2.621357 0.000000
vt 35.091264 1.949181 0.000000
vt 26.812500 1.243547 0.000000
vt 34.345478 0.604829 0.000000
vt 26.812500 0.000000 0.000000
vt 33.571982 -0.739523 0.000000
vt 26.812500 -1.243547 0.000000
vt 32.832321 -2.083875 0.000000
vt 26.812500 -2.487094 0.000000
vt 32.493807 -2.756051 0.000000
vt 32.185349 -3.428227 0.000000
vt 26.812500 -3.730641 0.000000
vt 31.913113 -4.100403 0.000000
vt 26.812500 -4.974188 0.000000
vt 31.682544 -4.772579 0.000000
vt 31.498248 -5.444755 0.000000
vt 26.812500 -6.217735 0.000000
vt 31.363913 -6.116931 0.000000
vt 31.282222 -6.789107 0.000000
vt 26.812500 -7.461283 0.000000
vt 31.254809 -7.461283 0.000000
vt 31.282222 -8.133459 0.000000
vt 26.812500 -8.704830 0.000000
vt 31.363913 -8.805635 0.000000
vt 31.498248 -9.477811 0.000000
vt 26.812500 -9.948377 0.000000
vt 31.682544 -10.149987 0.000000
vt 31.913113 -10.822163 0.000000
vt 26.812500 -11.191924 0.000000
vt 32.185349 -11.494338 0.000000
vt 26.812500 -12.435471 0.000000
vt 32.493807 -12.166514 0.000000
vt 32.832321 -12.838690 0.000000
vt 26.812500 -13.679018 0.000000
vt 33.571982 -14.183042 0.000000
vt 26.812500 -14.922565 0.000000
vt 34.345478 -15.527394 0.000000
vt 34.345478 14.317736 0.000000
vt 26.812500 14.922565 0.000000
vt 26.812500 13.679018 0.000000
vt 35.091264 12.973384 0.000000
vt 17.875000 -14.922565 0.000000
vt 17.875000 -13.679018 0.000000
vt 17.875000 -12.435471 0.000000
vt 17.875000 -11.191924 0.000000
vt 17.875000 -9.948377 0.000000
vt 17.875000 -8.704830 0.000000
vt 17.875000 -7.461283 0.000000
vt 17.875000 -6.217735 0.000000
vt 17.875000 -4.974188 0.000000
vt 17.875000 -3.730641 0.000000
vt 17.875000 -2.487094 0.000000
vt 17.875000 -1.243547 0.000000
vt 17.875000 0.000000 0.000000
vt 17.875000 1.243547 0.000000
vt 17.875000 2.487094 0.000000
vt 17.875000 3.730641 0.000000
vt 17.875000 4.974188 0.000000
vt 17.875000 6.217735 0.000000
vt 17.875000 7.461283 0.000000
vt 17.875000 8.704830 0.000000
vt 17.875000 9.948377 0.000000
vt 17.875000 11.191924 0.000000
vt 17.875000 12.435471 0.000000
vt 17.875000 13.679018 0.000000
vt 17.875000 14.922565 0.000000
vt 12.800000 8.850000 0.000000
vt 19.602852 8.501537 0.000000
vt 12.800000 14.850000 0.000000
vt 19.602852 17.335000 0.000000
vt 9.801426 17.335000 0.000000
vt 6.800000 8.850000 0.000000
vt 9.801426 8.768308 0.000000
vt 9.801426 8.350000 0.000000
vt 9.801426 -0.635000 0.000000
vt -0.000000 8.350000 0.000000
vt -0.000000 -0.635000 0.000000
vt 6.800000 14.850000 0.000000
vt -0.000000 17.335000 0.000000
vt 29.404279 6.146808 0.000000
vt 28.774287 5.755145 0.000000
vt 29.404279 -0.635000 0.000000
vt 28.086807 5.444347 0.000000
vt 26.595234 5.088455 0.000000
vt 25.048242 5.107452 0.000000
vt 19.602852 -0.635000 0.000000
vt 23.568920 5.499824 0.000000
vt 22.891892 5.827378 0.000000
vt 22.274976 6.234353 0.000000
vt 21.730506 6.712611 0.000000
vt 19.602852 8.350000 0.000000
vt 21.269366 7.252592 0.000000
vt 20.900776 7.843501 0.000000
vt 20.632104 8.473524 0.000000
vt 20.468722 9.130065 0.000000
vt 20.413896 9.800000 0.000000
vt 20.468722 10.469935 0.000000
vt 20.632104 11.126476 0.000000
vt 20.900776 11.756499 0.000000
vt 21.269366 12.347408 0.000000
vt 21.730506 12.887389 0.000000
vt 22.274976 13.365647 0.000000
vt 22.891892 13.772622 0.000000
vt 23.568920 14.100176 0.000000
vt 25.048242 14.492548 0.000000
vt 29.404279 17.335000 0.000000
vt 26.595234 14.511545 0.000000
vt 28.086807 14.155653 0.000000
vt 28.774287 13.844855 0.000000
vt 29.404279 13.453192 0.000000
vt 78.355653 -0.635000 0.000000
vt 78.355653 6.146808 0.000000
vt 67.161989 -0.635000 0.000000
vt 77.544290 7.014131 0.000000
vt 67.161989 8.350000 0.000000
vt 76.973450 8.055621 0.000000
vt 76.678820 9.206165 0.000000
vt 76.678820 10.393835 0.000000
vt 76.973450 11.544379 0.000000
vt 67.161989 17.335000 0.000000
vt 77.544290 12.585869 0.000000
vt 78.355653 17.335000 0.000000
vt 78.355653 13.453192 0.000000
vt 55.968324 17.335000 0.000000
vt 55.968324 8.350000 0.000000
vt 55.968324 -0.635000 0.000000
vt 44.774659 8.350000 0.000000
vt 44.774659 -0.635000 0.000000
vt 33.580994 8.350000 0.000000
vt 33.580994 -0.635000 0.000000
vt 22.387330 8.350000 0.000000
vt 22.387330 -0.635000 0.000000
vt 11.193665 8.350000 0.000000
vt 11.193665 -0.635000 0.000000
vt 0.000000 8.350000 0.000000
vt 0.000000 -0.635000 0.000000
vt 44.774659 17.335000 0.000000
vt 33.580994 17.335000 0.000000
vt 22.387330 17.335000 0.000000
vt 11.193665 17.335000 0.000000
vt 0.000000 17.335000 0.000000
vt -72.793090 -11.651852 0.000000
vt -70.994527 -10.725621 0.000000
vt -74.022480 -11.490000 0.000000
vt -70.994527 -7.302500 0.000000
vt -75.371493 -4.550987 0.000000
vt -69.185506 1.635000 0.000000
vt -60.431575 -7.302500 0.000000
vt -57.991841 1.635000 0.000000
vt -49.868622 -7.302500 0.000000
vt -46.798176 1.635000 0.000000
vt -39.305669 -7.302500 0.000000
vt -35.604511 1.635000 0.000000
vt -28.742716 -7.302500 0.000000
vt -24.410847 1.635000 0.000000
vt -18.179764 -7.302500 0.000000
vt -13.217182 1.635000 0.000000
vt -7.616811 -7.302500 0.000000
vt -5.223148 -4.670610 0.000000
vt -5.385000 -5.900000 0.000000
vt -5.223148 -7.129390 0.000000
vt -4.748621 -8.275000 0.000000
vt -7.616811 -10.657504 0.000000
vt -3.993757 -9.258757 0.000000
vt -3.010000 -10.013621 0.000000
vt -7.616811 -16.240000 0.000000
vt -1.864390 -10.488148 0.000000
vt 2.946142 -16.240000 0.000000
vt -0.635000 -10.650000 0.000000
vt 0.594390 -10.488148 0.000000
vt 1.740000 -10.013621 0.000000
vt 2.723757 -9.258757 0.000000
vt 13.509095 -16.240000 0.000000
vt 3.478621 -8.275000 0.000000
vt 13.509095 -7.302500 0.000000
vt 3.953148 -7.129390 0.000000
vt 4.115000 -5.900000 0.000000
vt 3.953148 -4.670610 0.000000
vt 9.170148 1.635000 0.000000
vt 3.478621 -3.525000 0.000000
vt 2.723757 -2.541243 0.000000
vt 1.740000 -1.786379 0.000000
vt 0.594390 -1.311852 0.000000
vt -2.023517 1.635000 0.000000
vt -0.635000 -1.150000 0.000000
vt -1.864390 -1.311852 0.000000
vt -3.010000 -1.786379 0.000000
vt -3.993757 -2.541243 0.000000
vt -4.748621 -3.525000 0.000000
vt -71.647480 -12.126379 0.000000
vt -70.663723 -12.881243 0.000000
vt -69.908859 -13.865000 0.000000
vt -60.431575 -10.714269 0.000000
vt -69.434332 -15.010610 0.000000
vt -60.431575 -16.240000 0.000000
vt -69.272480 -16.240000 0.000000
vt -69.434332 -17.469390 0.000000
vt -69.908859 -18.615000 0.000000
vt -60.431575 -25.177500 0.000000
vt -49.868622 -25.177500 0.000000
vt -57.991841 -34.115000 0.000000
vt -46.798176 -34.115000 0.000000
vt -70.663723 -19.598757 0.000000
vt -70.994527 -25.177500 0.000000
vt -69.185506 -34.115000 0.000000
vt -75.371493 -27.929013 0.000000
vt -74.022480 -20.990000 0.000000
vt -75.251870 -20.828148 0.000000
vt -71.647480 -20.353621 0.000000
vt -72.793090 -20.828148 0.000000
vt -81.557480 -21.743026 0.000000
vt -76.397480 -20.353621 0.000000
vt -77.381237 -19.598757 0.000000
vt -78.136101 -18.615000 0.000000
vt -78.610628 -17.469390 0.000000
vt -78.772480 -16.240000 0.000000
vt -81.557480 -10.736974 0.000000
vt -78.610628 -15.010610 0.000000
vt -78.136101 -13.865000 0.000000
vt -77.381237 -12.881243 0.000000
vt -76.397480 -12.126379 0.000000
vt -75.251870 -11.651852 0.000000
vt -1.864390 -21.991852 0.000000
vt -0.635000 -21.830000 0.000000
vt 0.594390 -21.991852 0.000000
vt 1.740000 -22.466379 0.000000
vt 2.723757 -23.221243 0.000000
vt 3.478621 -24.205000 0.000000
vt 13.509095 -25.177500 0.000000
vt 24.072047 -25.177500 0.000000
vt 17.658432 -29.214287 0.000000
vt 26.146716 -24.313574 0.000000
vt 3.953148 -25.350610 0.000000
vt 4.115000 -26.580000 0.000000
vt 3.953148 -27.809390 0.000000
vt 9.170148 -34.115000 0.000000
vt 3.478621 -28.955000 0.000000
vt 2.946142 -31.400870 0.000000
vt 2.723757 -29.938757 0.000000
vt 1.740000 -30.693621 0.000000
vt 0.594390 -31.168148 0.000000
vt -2.023517 -34.115000 0.000000
vt -0.635000 -31.330000 0.000000
vt -1.864390 -31.168148 0.000000
vt -3.010000 -30.693621 0.000000
vt -3.993757 -29.938757 0.000000
vt -13.217182 -34.115000 0.000000
vt -4.748621 -28.955000 0.000000
vt -5.223148 -27.809390 0.000000
vt -7.616811 -25.177500 0.000000
vt -5.385000 -26.580000 0.000000
vt -5.223148 -25.350610 0.000000
vt -4.748621 -24.205000 0.000000
vt -3.993757 -23.221243 0.000000
vt -3.010000 -22.466379 0.000000
vt -39.305669 -25.177500 0.000000
vt -35.604511 -34.115000 0.000000
vt -28.742716 -25.177500 0.000000
vt -24.410847 -34.115000 0.000000
vt -18.179764 -25.177500 0.000000
vt 24.072047 -16.240000 0.000000
vt 34.635000 -19.412861 0.000000
vt 34.635000 -13.067139 0.000000
vt 26.146716 -8.166426 0.000000
vt 24.072047 -7.302500 0.000000
vt 17.658432 -3.265713 0.000000
vt -18.179764 -10.668857 0.000000
vt -18.179764 -16.240000 0.000000
vt -28.742716 -10.680210 0.000000
vt -28.742716 -16.240000 0.000000
vt -39.305669 -10.691563 0.000000
vt -39.305669 -16.240000 0.000000
vt -49.868622 -10.702916 0.000000
vt -49.868622 -16.240000 0.000000
vt 61.790630 13.208148 0.000000
vt 61.910253 20.309013 0.000000
vt 60.561240 13.370000 0.000000
vt 57.533287 17.557500 0.000000
vt 57.533287 14.134379 0.000000
vt 46.970335 14.145731 0.000000
vt 56.447619 10.995000 0.000000
vt 55.973092 9.849390 0.000000
vt 46.970335 8.620000 0.000000
vt 55.811240 8.620000 0.000000
vt 55.973092 7.390610 0.000000
vt 56.447619 6.245000 0.000000
vt 46.970335 -0.317500 0.000000
vt 57.202483 5.261243 0.000000
vt 57.533287 -0.317500 0.000000
vt 58.186240 4.506379 0.000000
vt 59.331850 4.031852 0.000000
vt 60.561240 3.870000 0.000000
vt 61.910253 -3.069013 0.000000
vt 61.790630 4.031852 0.000000
vt 68.096240 3.116974 0.000000
vt 62.936240 4.506379 0.000000
vt 63.919997 5.261243 0.000000
vt 64.674861 6.245000 0.000000
vt 65.149388 7.390610 0.000000
vt 65.311240 8.620000 0.000000
vt 68.096240 14.123026 0.000000
vt 65.149388 9.849390 0.000000
vt 64.674861 10.995000 0.000000
vt 63.919997 11.978757 0.000000
vt 62.936240 12.733621 0.000000
vt 57.202483 11.978757 0.000000
vt 58.186240 12.733621 0.000000
vt 59.331850 13.208148 0.000000
vt -11.596850 14.371852 0.000000
vt -12.826240 14.210000 0.000000
vt -16.407382 8.620000 0.000000
vt -14.055630 14.371852 0.000000
vt -15.201240 14.846379 0.000000
vt -16.184997 15.601243 0.000000
vt -26.970335 8.620000 0.000000
vt -16.184997 1.638757 0.000000
vt -16.939861 0.655000 0.000000
vt -26.970335 -0.317500 0.000000
vt -17.414388 -0.490610 0.000000
vt -17.576240 -1.720000 0.000000
vt -17.414388 -2.949390 0.000000
vt -22.631388 -9.255000 0.000000
vt -16.939861 -4.095000 0.000000
vt -16.407382 -6.540870 0.000000
vt -16.184997 -5.078757 0.000000
vt -15.201240 -5.833621 0.000000
vt -14.055630 -6.308148 0.000000
vt -11.437723 -9.255000 0.000000
vt -12.826240 -6.470000 0.000000
vt -11.596850 -6.308148 0.000000
vt -10.451240 -5.833621 0.000000
vt -9.467483 -5.078757 0.000000
vt -0.244058 -9.255000 0.000000
vt -8.712619 -4.095000 0.000000
vt -8.238092 -2.949390 0.000000
vt -5.844429 -0.317500 0.000000
vt -8.076240 -1.720000 0.000000
vt -8.238092 -0.490610 0.000000
vt -8.712619 0.655000 0.000000
vt -9.467483 1.638757 0.000000
vt -5.844429 8.620000 0.000000
vt -10.451240 2.393621 0.000000
vt -11.596850 2.868148 0.000000
vt -12.826240 3.030000 0.000000
vt -14.055630 2.868148 0.000000
vt -15.201240 2.393621 0.000000
vt -16.939861 16.585000 0.000000
vt -26.970335 17.557500 0.000000
vt -37.533287 17.557500 0.000000
vt -31.119672 21.594287 0.000000
vt -39.607956 16.693574 0.000000
vt -17.414388 17.730610 0.000000
vt -17.576240 18.960000 0.000000
vt -17.414388 20.189390 0.000000
vt -22.631388 26.495000 0.000000
vt -16.939861 21.335000 0.000000
vt -16.184997 22.318757 0.000000
vt -15.201240 23.073621 0.000000
vt -14.055630 23.548148 0.000000
vt -11.437723 26.495000 0.000000
vt -12.826240 23.710000 0.000000
vt -11.596850 23.548148 0.000000
vt -10.451240 23.073621 0.000000
vt -9.467483 22.318757 0.000000
vt -0.244058 26.495000 0.000000
vt -8.712619 21.335000 0.000000
vt -8.238092 20.189390 0.000000
vt -5.844429 17.557500 0.000000
vt -8.076240 18.960000 0.000000
vt -8.238092 17.730610 0.000000
vt -8.712619 16.585000 0.000000
vt -5.844429 14.202496 0.000000
vt 4.718524 17.557500 0.000000
vt 4.718524 14.191143 0.000000
vt 15.281476 17.557500 0.000000
vt 15.281476 14.179790 0.000000
vt 25.844429 17.557500 0.000000
vt 25.844429 14.168437 0.000000
vt 36.407382 17.557500 0.000000
vt 36.407382 14.157084 0.000000
vt 46.970335 17.557500 0.000000
vt -9.467483 15.601243 0.000000
vt -10.451240 14.846379 0.000000
vt -48.096240 11.792861 0.000000
vt -48.096240 5.447139 0.000000
vt -37.533287 8.620000 0.000000
vt -39.607956 0.546426 0.000000
vt -37.533287 -0.317500 0.000000
vt -31.119672 -4.354287 0.000000
vt 4.718524 -0.317500 0.000000
vt 10.949607 -9.255000 0.000000
vt 15.281476 -0.317500 0.000000
vt 22.143271 -9.255000 0.000000
vt 25.844429 -0.317500 0.000000
vt 33.336936 -9.255000 0.000000
vt 36.407382 -0.317500 0.000000
vt 44.530601 -9.255000 0.000000
vt 55.724266 -9.255000 0.000000
vt 55.724266 26.495000 0.000000
vt 44.530601 26.495000 0.000000
vt 33.336936 26.495000 0.000000
vt 22.143271 26.495000 0.000000
vt 10.949607 26.495000 0.000000
vt 36.407382 8.620000 0.000000
vt 25.844429 8.620000 0.000000
vt 15.281476 8.620000 0.000000
vt 4.718524 8.620000 0.000000
vt 8.748307 17.335000 0.000000
vt -0.000000 17.335000 0.000000
vt 8.748307 8.350000 0.000000
vt 0.000000 8.350000 0.000000
vt 8.748307 -0.635000 0.000000
vt -0.000000 -0.635000 0.000000
vt 17.496614 -0.635000 0.000000
vt 17.496614 8.350000 0.000000
vt 17.496614 17.335000 0.000000
vt 11.006051 17.335000 0.000000
vt -0.000000 17.335000 0.000000
vt 11.006051 8.350000 0.000000
vt 0.000000 8.350000 0.000000
vt 11.006051 -0.635000 0.000000
vt 0.000000 -0.635000 0.000000
vt 8.748307 17.335000 0.000000
vt 0.000000 17.335000 0.000000
vt 8.748307 8.350000 0.000000
vt 0.000000 8.350000 0.000000
vt 8.748307 -0.635000 0.000000
vt 0.000000 -0.635000 0.000000
vt 17.496614 -0.635000 0.000000
vt 17.496614 8.350000 0.000000
vt 17.496614 17.335000 0.000000
vt 0.000000 13.453192 0.000000
vt 0.811363 12.585869 0.000000
vt 0.000000 17.335000 0.000000
vt 11.193665 17.335000 0.000000
vt 1.382204 11.544379 0.000000
vt 11.193665 8.350000 0.000000
vt 1.676834 10.393835 0.000000
vt 1.676834 9.206165 0.000000
vt 1.382204 8.055621 0.000000
vt 0.811363 7.014131 0.000000
vt 11.193665 -0.635000 0.000000
vt 0.000000 6.146808 0.000000
vt 0.000000 -0.635000 0.000000
vt 22.387330 -0.635000 0.000000
vt 22.387330 8.350000 0.000000
vt 22.387330 17.335000 0.000000
vt 33.580994 8.350000 0.000000
vt 33.580994 17.335000 0.000000
vt 44.774659 8.350000 0.000000
vt 44.774659 17.335000 0.000000
vt 55.968324 8.350000 0.000000
vt 55.968324 17.335000 0.000000
vt 67.161989 8.350000 0.000000
vt 67.161989 17.335000 0.000000
vt 78.355653 8.350000 0.000000
vt 78.355653 17.335000 0.000000
vt 33.580994 -0.635000 0.000000
vt 44.774659 -0.635000 0.000000
vt 55.968324 -0.635000 0.000000
vt 67.161989 -0.635000 0.000000
vt 78.355653 -0.635000 0.000000
vt 6.345721 17.335000 0.000000
vt -0.000000 17.335000 0.000000
vt 6.345721 8.350000 0.000000
vt 0.000000 8.350000 0.000000
vt 6.345721 -0.635000 0.000000
vt 0.000000 -0.635000 0.000000
vt 16.604279 14.850000 0.000000
vt 9.801426 8.522998 0.000000
vt 16.604279 8.850000 0.000000
vt 9.801426 8.350000 0.000000
vt 9.801426 -0.635000 0.000000
vt 7.673773 6.712611 0.000000
vt 7.129303 6.234353 0.000000
vt 22.604279 14.850000 0.000000
vt 19.602852 17.335000 0.000000
vt 9.801426 17.335000 0.000000
vt 8.772175 11.126476 0.000000
vt 8.935557 10.469935 0.000000
vt 22.604279 8.850000 0.000000
vt 29.404279 8.350000 0.000000
vt 29.404279 17.335000 0.000000
vt 19.602852 8.350000 0.000000
vt 19.602852 -0.635000 0.000000
vt 0.000000 13.453192 0.000000
vt 0.629992 13.844855 0.000000
vt 0.000000 17.335000 0.000000
vt 1.317472 14.155653 0.000000
vt 2.809044 14.511545 0.000000
vt 4.356037 14.492548 0.000000
vt 5.835359 14.100176 0.000000
vt 6.512387 13.772622 0.000000
vt 7.129303 13.365647 0.000000
vt 7.673773 12.887389 0.000000
vt 8.134913 12.347408 0.000000
vt 8.503503 11.756499 0.000000
vt 8.990383 9.800000 0.000000
vt 8.935557 9.130065 0.000000
vt 8.772175 8.473524 0.000000
vt 8.503503 7.843501 0.000000
vt 8.134913 7.252592 0.000000
vt 6.512387 5.827378 0.000000
vt 5.835359 5.499824 0.000000
vt 4.356037 5.107452 0.000000
vt -0.000000 -0.635000 0.000000
vt 2.809044 5.088455 0.000000
vt 1.317472 5.444347 0.000000
vt 0.629992 5.755145 0.000000
vt 0.000000 6.146808 0.000000
vt 29.404279 -0.635000 0.000000
vt -17.970000 13.679018 0.000000
vt -8.985000 13.679018 0.000000
vt -17.970000 14.922565 0.000000
vt -8.985000 14.922565 0.000000
vt -17.970000 -14.922565 0.000000
vt -8.985000 -14.922565 0.000000
vt -17.970000 -13.679018 0.000000
vt -8.985000 -13.679018 0.000000
vt -17.970000 -12.435471 0.000000
vt -8.985000 -12.435471 0.000000
vt -17.970000 -11.191924 0.000000
vt -8.985000 -11.191924 0.000000
vt -17.970000 -9.948377 0.000000
vt -8.985000 -9.948377 0.000000
vt -17.970000 -8.704830 0.000000
vt -8.985000 -8.704830 0.000000
vt -17.970000 -7.461283 0.000000
vt -8.985000 -7.461283 0.000000
vt -17.970000 -6.217735 0.000000
vt -8.985000 -6.217735 0.000000
vt -17.970000 -4.974188 0.000000
vt -8.985000 -4.974188 0.000000
vt -17.970000 -3.730641 0.000000
vt -8.985000 -3.730641 0.000000
vt -17.970000 -2.487094 0.000000
vt -8.985000 -2.487094 0.000000
vt -17.970000 -1.243547 0.000000
vt -8.985000 -1.243547 0.000000
vt -17.970000 0.000000 0.000000
vt -8.985000 0.000000 0.000000
vt -17.970000 1.243547 0.000000
vt -8.985000 1.243547 0.000000
vt -17.970000 2.487094 0.000000
vt -8.985000 2.487094 0.000000
vt -17.970000 3.730641 0.000000
vt -8.985000 3.730641 0.000000
vt -17.970000 4.974188 0.000000
vt -8.985000 4.974188 0.000000
vt -17.970000 6.217735 0.000000
vt -8.985000 6.217735 0.000000
vt -17.970000 7.461283 0.000000
vt -8.985000 7.461283 0.000000
vt -17.970000 8.704830 0.000000
vt -8.985000 8.704830 0.000000
vt -17.970000 9.948377 0.000000
vt -8.985000 9.948377 0.000000
vt -17.970000 11.191924 0.000000
vt -8.985000 11.191924 0.000000
vt -17.970000 12.435471 0.000000
vt -8.985000 12.435471 0.000000
vt -0.000000 -13.679018 0.000000
vt 0.000000 -14.922565 0.000000
vt 0.000000 14.922565 0.000000
vt 0.000000 13.679018 0.000000
vt 0.000000 12.435471 0.000000
vt 0.000000 11.191924 0.000000
vt 0.000000 9.948377 0.000000
vt 0.000000 8.704830 0.000000
vt 0.000000 7.461283 0.000000
vt 0.000000 6.217735 0.000000
vt 0.000000 4.974188 0.000000
vt 0.000000 3.730641 0.000000
vt 0.000000 2.487094 0.000000
vt 0.000000 1.243547 0.000000
vt 0.000000 0.000000 0.000000
vt 0.000000 -1.243547 0.000000
vt 0.000000 -2.487094 0.000000
vt 0.000000 -3.730641 0.000000
vt 0.000000 -4.974188 0.000000
vt 0.000000 -6.217735 0.000000
vt 0.000000 -7.461283 0.000000
vt 0.000000 -8.704830 0.000000
vt 0.000000 -9.948377 0.000000
vt 0.000000 -11.191924 0.000000
vt -0.000000 -12.435471 0.000000
vn -0.000000 0.500000 -0.866025
vn -0.000000 0.500000 -0.866025
vn -0.000000 0.500000 -0.866025
vn -0.000000 0.500000 -0.866025
vn -0.000000 0.500000 -0.866025
vn -0.000000 0.500000 -0.866025
vn -0.000000 0.500000 -0.866025
vn -0.000000 0.500000 -0.866025
vn -0.000000 0.500000 -0.866025
vn -0.000000 0.500000 -0.866025
vn -0.000000 0.500000 -0.866025
vn -0.000000 0.500000 -0.866025
vn -0.000000 0.500000 -0.866025
vn -0.000000 0.500000 -0.866025
vn -0.000000 0.500000 -0.866025
vn -0.000000 0.500000 -0.866025
vn -0.000000 0.500000 -0.866025
vn -0.000000 0.500000 -0.866025
vn -0.000000 0.500000 -0.866025
vn -0.000000 0.500000 -0.866025
vn -0.000000 0.500000 -0.866025
vn -0.000000 0.500000 -0.866025
vn -0.000000 0.500000 -0.866025
vn -0.000000 0.500000 -0.866025
vn -0.000000 0.500000 -0.866025
vn -0.000000 0.500000 -0.866025
vn -0.000000 0.500000 -0.866025
vn -0.000000 0.500000 -0.866025
vn -0.000000 0.500000 -0.866025
vn -0.000000 0.500000 -0.866025
vn -0.000000 0.500000 -0.866025
vn -0.000000 0.500000 -0.866025
vn -0.000000 0.500000 -0.866025
vn -0.000000 0.500000 -0.866025
vn -0.000000 0.500000 -0.866025
vn -0.000000 0.500000 -0.866025
vn -0.000000 0.500000 -0.866025
vn -0.000000 0.500000 -0.866025
vn -0.000000 0.500000 -0.866025
vn -0.000000 0.500000 -0.866025
vn -0.000000 0.500000 -0.866025
vn -0.000000 0.500000 -0.866025
vn -0.000000 0.500000 -0.866025
vn -0.000000 0.500000 -0.866025
vn -0.000000 0.500000 -0.866025
vn -0.000000 0.500000 -0.866025
vn -0.965926 0.224144 0.129410
vn -0.965926 0.224144 0.129410
vn -1.000000 0.000000 0.000000
vn -1.000000 0.000000 0.000000
vn -0.965926 -0.224144 -0.129410
vn -0.965926 -0.224144 -0.129410
vn -0.866025 -0.433013 -0.250000
vn -0.866025 -0.433013 -0.250000
vn -0.707107 -0.612372 -0.353553
vn -0.707107 -0.612372 -0.353553
vn -0.500000 -0.750000 -0.433013
vn -0.500000 -0.750000 -0.433013
vn -0.258819 -0.836516 -0.482963
vn -0.258819 -0.836516 -0.482963
vn 0.000000 -0.866025 -0.500000
vn 0.000000 -0.866025 -0.500000
vn 0.258819 -0.836516 -0.482963
vn 0.258819 -0.836516 -0.482963
vn 0.500000 -0.750000 -0.433013
vn 0.500000 -0.750000 -0.433013
vn 0.707107 -0.612372 -0.353553
vn 0.707107 -0.612372 -0.353553
vn 0.866025 -0.433013 -0.250000
vn 0.866025 -0.433013 -0.250000
vn 0.965926 -0.224144 -0.129410
vn 0.965926 -0.224144 -0.129410
vn 1.000000 0.000000 0.000000
vn 1.000000 0.000000 0.000000
vn 0.965926 0.224144 0.129410
vn 0.965926 0.224144 0.129410
vn 0.866025 0.433013 0.250000
vn 0.866025 0.433013 0.250000
vn 0.707107 0.612372 0.353553
vn 0.707107 0.612372 0.353553
vn 0.500000 0.750000 0.433013
vn 0.500000 0.750000 0.433013
vn 0.258819 0.836516 0.482963
vn 0.258819 0.836516 0.482963
vn 0.000000 0.866025 0.500000
vn 0.000000 0.866025 0.500000
vn -0.258819 0.836516 0.482963
vn -0.258819 0.836516 0.482963
vn -0.500000 0.750000 0.433013
vn -0.500000 0.750000 0.433013
vn -0.707107 0.612372 0.353553
vn -0.707107 0.612372 0.353553
vn -0.866025 0.433013 0.250000
vn -0.866025 0.433013 0.250000
vn -1.000000 0.000000 0.000000
vn -1.000000 0.000000 0.000000
vn -1.000000 0.000000 0.000000
vn -1.000000 0.000000 0.000000
vn 1.000000 0.000000 0.000000
vn 1.000000 0.000000 0.000000
vn 1.000000 0.000000 0.000000
vn 1.000000 0.000000 0.000000
vn 0.631579 -0.671440 -0.387656
vn 0.631579 -0.671440 -0.387656
vn 0.808927 -0.509144 -0.293954
vn 0.808927 -0.509144 -0.293954
vn 0.932424 -0.312953 -0.180684
vn 0.932424 -0.312953 -0.180684
vn 0.993846 -0.095928 -0.055384
vn 0.993846 -0.095928 -0.055384
vn 0.989106 0.127483 0.073602
vn 0.989106 0.127483 0.073602
vn 0.918519 0.342407 0.197689
vn 0.918519 0.342407 0.197689
vn 0.786784 0.534536 0.308614
vn 0.786784 0.534536 0.308614
vn 0.602670 0.691080 0.398995
vn 0.602670 0.691080 0.398995
vn 0.378436 0.801617 0.462814
vn 0.378436 0.801617 0.462814
vn 0.129008 0.858788 0.495822
vn 0.129008 0.858788 0.495822
vn -0.129008 0.858788 0.495822
vn -0.129008 0.858788 0.495822
vn -0.378436 0.801617 0.462814
vn -0.378436 0.801617 0.462814
vn -0.602670 0.691080 0.398995
vn -0.602670 0.691080 0.398995
vn -0.786784 0.534536 0.308614
vn -0.786784 0.534536 0.308614
vn -0.918519 0.342407 0.197689
vn -0.918519 0.342407 0.197689
vn -0.989106 0.127483 0.073602
vn -0.989106 0.127483 0.073602
vn -0.993846 -0.095928 -0.055384
vn -0.993846 -0.095928 -0.055384
vn -0.932424 -0.312953 -0.180684
vn -0.932424 -0.312953 -0.180684
vn -0.808927 -0.509144 -0.293954
vn -0.808927 -0.509144 -0.293954
vn -0.631579 -0.671440 -0.387656
vn -0.631579 -0.671440 -0.387656
vn 0.000000 -0.500000 0.866025
vn 0.000000 -0.500000 0.866025
vn 0.000000 -0.500000 0.866025
vn 0.000000 -0.500000 0.866025
vn 0.000000 -0.500000 0.866025
vn 0.000000 -0.500000 0.866025
vn 0.000000 -0.500000 0.866025
vn 0.000000 -0.500000 0.866025
vn 0.000000 -0.500000 0.866025
vn 0.000000 -0.500000 0.866025
vn 0.000000 -0.500000 0.866025
vn 0.000000 -0.500000 0.866025
vn 0.000000 -0.500000 0.866025
vn 0.000000 -0.500000 0.866025
vn 0.000000 -0.500000 0.866025
vn 0.000000 -0.500000 0.866025
vn 0.000000 -0.500000 0.866025
vn 0.000000 -0.500000 0.866025
vn 0.000000 -0.500000 0.866025
vn 0.000000 -0.500000 0.866025
vn 0.000000 -0.500000 0.866025
vn 0.000000 -0.500000 0.866025
vn 0.000000 -0.500000 0.866025
vn 0.000000 -0.500000 0.866025
vn 0.000000 -0.500000 0.866025
vn 0.000000 -0.500000 0.866025
vn 0.000000 -0.500000 0.866025
vn 0.000000 -0.500000 0.866025
vn 0.000000 -0.500000 0.866025
vn 0.000000 -0.500000 0.866025
vn 0.000000 -0.500000 0.866025
vn 0.000000 -0.500000 0.866025
vn 0.000000 -0.500000 0.866025
vn 0.000000 -0.500000 0.866025
vn 0.000000 -0.500000 0.866025
vn 0.000000 -0.500000 0.866025
vn 0.000000 -0.500000 0.866025
vn 0.000000 -0.500000 0.866025
vn 0.000000 -0.500000 0.866025
vn 0.000000 -0.500000 0.866025
vn 0.000000 -0.500000 0.866025
vn 0.000000 -0.500000 0.866025
vn 0.000000 -0.500000 0.866025
vn 0.000000 -0.500000 0.866025
vn 0.000000 -0.500000 0.866025
vn 0.000000 -0.500000 0.866025
vn -0.000000 -0.500000 -0.866025
vn -0.000000 -0.500000 -0.866025
vn -0.000000 -0.500000 -0.866025
vn -0.000000 -0.500000 -0.866025
vn -0.000000 -0.500000 -0.866025
vn -0.000000 -0.500000 -0.866025
vn -0.000000 -0.500000 -0.866025
vn -0.000000 -0.500000 -0.866025
vn -0.000000 -0.500000 -0.866025
vn -0.000000 -0.500000 -0.866025
vn -0.000000 -0.500000 -0.866025
vn -0.000000 -0.500000 -0.866025
vn -0.000000 -0.500000 -0.866025
vn -0.000000 -0.500000 -0.866025
vn -0.000000 -0.500000 -0.866025
vn -0.000000 -0.500000 -0.866025
vn -0.000000 -0.500000 -0.866025
vn -0.000000 -0.500000 -0.866025
vn -0.000000 -0.500000 -0.866025
vn -0.000000 -0.500000 -0.866025
vn -0.000000 -0.500000 -0.866025
vn -0.000000 -0.500000 -0.866025
vn -0.000000 -0.500000 -0.866025
vn -0.000000 -0.500000 -0.866025
vn -0.000000 -0.500000 -0.866025
vn -0.000000 -0.500000 -0.866025
vn -0.000000 -0.500000 -0.866025
vn -0.000000 -0.500000 -0.866025
vn -0.000000 -0.500000 -0.866025
vn -0.000000 -0.500000 -0.866025
vn -0.000000 -0.500000 -0.866025
vn -0.000000 -0.500000 -0.866025
vn -0.000000 -0.500000 -0.866025
vn -0.000000 -0.500000 -0.866025
vn -0.000000 -0.500000 -0.866025
vn -0.000000 -0.500000 -0.866025
vn -0.000000 -0.500000 -0.866025
vn -0.000000 -0.500000 -0.866025
vn -0.000000 -0.500000 -0.866025
vn -0.000000 -0.500000 -0.866025
vn -0.000000 -0.500000 -0.866025
vn -0.000000 -0.500000 -0.866025
vn -0.000000 -0.500000 -0.866025
vn -0.000000 -0.500000 -0.866025
vn -0.000000 -0.500000 -0.866025
vn -0.000000 -0.500000 -0.866025
vn -0.965926 0.224144 -0.129410
vn -0.965926 0.224144 -0.129410
vn -1.000000 0.000000 -0.000000
vn -1.000000 0.000000 -0.000000
vn -0.965926 -0.224144 0.129410
vn -0.965926 -0.224144 0.129410
vn -0.866025 -0.433013 0.250000
vn -0.866025 -0.433013 0.250000
vn -0.707107 -0.612372 0.353553
vn -0.707107 -0.612372 0.353553
vn -0.500000 -0.750000 0.433013
vn -0.500000 -0.750000 0.433013
vn -0.258819 -0.836516 0.482963
vn -0.258819 -0.836516 0.482963
vn 0.000000 -0.866025 0.500000
vn 0.000000 -0.866025 0.500000
vn 0.258819 -0.836516 0.482963
vn 0.258819 -0.836516 0.482963
vn 0.500000 -0.750000 0.433013
vn 0.500000 -0.750000 0.433013
vn 0.707107 -0.612372 0.353553
vn 0.707107 -0.612372 0.353553
vn 0.866025 -0.433013 0.250000
vn 0.866025 -0.433013 0.250000
vn 0.965926 -0.224144 0.129410
vn 0.965926 -0.224144 0.129410
vn 1.000000 -0.000000 0.000000
vn 1.000000 -0.000000 0.000000
vn 0.965926 0.224144 -0.129410
vn 0.965926 0.224144 -0.129410
vn 0.866025 0.433013 -0.250000
vn 0.866025 0.433013 -0.250000
vn 0.707107 0.612372 -0.353553
vn 0.707107 0.612372 -0.353553
vn 0.500000 0.750000 -0.433013
vn 0.500000 0.750000 -0.433013
vn 0.258819 0.836516 -0.482963
vn 0.258819 0.836516 -0.482963
vn 0.000000 0.866025 -0.500000
vn 0.000000 0.866025 -0.500000
vn -0.258819 0.836516 -0.482963
vn -0.258819 0.836516 -0.482963
vn -0.500000 0.750000 -0.433013
vn -0.500000 0.750000 -0.433013
vn -0.707107 0.612372 -0.353553
vn -0.707107 0.612372 -0.353553
vn -0.866025 0.433013 -0.250000
vn -0.866025 0.433013 -0.250000
vn -1.000000 0.000000 0.000000
vn -1.000000 0.000000 0.000000
vn -1.000000 0.000000 0.000000
vn -1.000000 0.000000 0.000000
vn 1.000000 -0.000000 0.000000
vn 1.000000 -0.000000 0.000000
vn 1.000000 -0.000000 0.000000
vn 1.000000 -0.000000 0.000000
vn 0.631579 0.671440 -0.387656
vn 0.631579 0.671440 -0.387656
vn 0.808927 0.509144 -0.293954
vn 0.808927 0.509144 -0.293954
vn 0.932424 0.312953 -0.180684
vn 0.932424 0.312953 -0.180684
vn 0.993846 0.095928 -0.055384
vn 0.993846 0.095928 -0.055384
vn 0.989106 -0.127483 0.073602
vn 0.989106 -0.127483 0.073602
vn 0.918519 -0.342407 0.197689
vn 0.918519 -0.342407 0.197689
vn 0.786784 -0.534536 0.308614
vn 0.786784 -0.534536 0.308614
vn 0.602670 -0.691080 0.398995
vn 0.602670 -0.691080 0.398995
vn 0.378436 -0.801617 0.462814
vn 0.378436 -0.801617 0.462814
vn 0.129008 -0.858788 0.495822
vn 0.129008 -0.858788 0.495822
vn -0.129008 -0.858788 0.495822
vn -0.129008 -0.858788 0.495822
vn -0.378436 -0.801617 0.462814
vn -0.378436 -0.801617 0.462814
vn -0.602670 -0.691080 0.398995
vn -0.602670 -0.691080 0.398995
vn -0.786784 -0.534536 0.308614
vn -0.786784 -0.534536 0.308614
vn -0.918519 -0.342407 0.197689
vn -0.918519 -0.342407 0.197689
vn -0.989106 -0.127483 0.073602
vn -0.989106 -0.127483 0.073602
vn -0.993846 0.095928 -0.055384
vn -0.993846 0.095928 -0.055384
vn -0.932424 0.312953 -0.180684
vn -0.932424 0.312953 -0.180684
vn -0.808927 0.509144 -0.293954
vn -0.808927 0.509144 -0.293954
vn -0.631579 0.671440 -0.387656
vn -0.631579 0.671440 -0.387656
vn 0.000000 0.500000 0.866025
vn 0.000000 0.500000 0.866025
vn 0.000000 0.500000 0.866025
vn 0.000000 0.500000 0.866025
vn 0.000000 0.500000 0.866025
vn 0.000000 0.500000 0.866025
vn 0.000000 0.500000 0.866025
vn 0.000000 0.500000 0.866025
vn 0.000000 0.500000 0.866025
vn 0.000000 0.500000 0.866025
vn 0.000000 0.500000 0.866025
vn 0.000000 0.500000 0.866025
vn 0.000000 0.500000 0.866025
vn 0.000000 0.500000 0.866025
vn 0.000000 0.500000 0.866025
vn 0.000000 0.500000 0.866025
vn 0.000000 0.500000 0.866025
vn 0.000000 0.500000 0.866025
vn 0.000000 0.500000 0.866025
vn 0.000000 0.500000 0.866025
vn 0.000000 0.500000 0.866025
vn 0.000000 0.500000 0.866025
vn 0.000000 0.500000 0.866025
vn 0.000000 0.500000 0.866025
vn 0.000000 0.500000 0.866025
vn 0.000000 0.500000 0.866025
vn 0.000000 0.500000 0.866025
vn 0.000000 0.500000 0.866025
vn 0.000000 0.500000 0.866025
vn 0.000000 0.500000 0.866025
vn 0.000000 0.500000 0.866025
vn 0.000000 0.500000 0.866025
vn 0.000000 0.500000 0.866025
vn 0.000000 0.500000 0.866025
vn 0.000000 0.500000 0.866025
vn 0.000000 0.500000 0.866025
vn 0.000000 0.500000 0.866025
vn 0.000000 0.500000 0.866025
vn 0.000000 0.500000 0.866025
vn 0.000000 0.500000 0.866025
vn 0.000000 0.500000 0.866025
vn 0.000000 0.500000 0.866025
vn 0.000000 0.500000 0.866025
vn 0.000000 0.500000 0.866025
vn 0.000000 0.500000 0.866025
vn 0.000000 0.500000 0.866025
vn 0.000000 -0.965926 -0.258819
vn 0.000000 -0.965926 -0.258819
vn 0.000000 -1.000000 -0.000000
vn 0.000000 -1.000000 -0.000000
vn 0.000000 -0.965926 0.258819
vn 0.000000 -0.965926 0.258819
vn 0.000000 -0.866025 0.500000
vn 0.000000 -0.866025 0.500000
vn 0.000000 -0.707107 0.707107
vn 0.000000 -0.707107 0.707107
vn 0.000000 -0.500000 0.866025
vn 0.000000 -0.500000 0.866025
vn 0.000000 -0.258819 0.965926
vn 0.000000 -0.258819 0.965926
vn -0.000000 0.000000 1.000000
vn -0.000000 0.000000 1.000000
vn -0.000000 0.258819 0.965926
vn -0.000000 0.258819 0.965926
vn -0.000000 0.500000 0.866025
vn -0.000000 0.500000 0.866025
vn -0.000000 0.707107 0.707107
vn -0.000000 0.707107 0.707107
vn -0.000000 0.866025 0.500000
vn -0.000000 0.866025 0.500000
vn -0.000000 0.965926 0.258819
vn -0.000000 0.965926 0.258819
vn -0.000000 1.000000 0.000000
vn -0.000000 1.000000 0.000000
vn 0.000000 0.965926 -0.258819
vn 0.000000 0.965926 -0.258819
vn 0.000000 0.866025 -0.500000
vn 0.000000 0.866025 -0.500000
vn 0.000000 0.707107 -0.707107
vn 0.000000 0.707107 -0.707107
vn 0.000000 0.500000 -0.866025
vn 0.000000 0.500000 -0.866025
vn 0.000000 0.258819 -0.965926
vn 0.000000 0.258819 -0.965926
vn 0.000000 0.000000 -1.000000
vn 0.000000 0.000000 -1.000000
vn 0.000000 -0.258819 -0.965926
vn 0.000000 -0.258819 -0.965926
vn 0.000000 -0.500000 -0.866025
vn 0.000000 -0.500000 -0.866025
vn 0.000000 -0.707107 -0.707107
vn 0.000000 -0.707107 -0.707107
vn 0.000000 -0.866025 -0.500000
vn 0.000000 -0.866025 -0.500000
vn 0.000000 -0.965926 0.258819
vn 0.000000 -1.000000 0.000000
vn 0.000000 -0.965926 -0.258819
vn 0.000000 -0.866025 -0.500000
vn 0.000000 -0.707107 -0.707107
vn 0.000000 -0.500000 -0.866025
vn 0.000000 -0.258819 -0.965926
vn 0.000000 0.000000 -1.000000
vn 0.000000 0.258819 -0.965926
vn 0.000000 0.500000 -0.866025
vn 0.000000 0.707107 -0.707107
vn 0.000000 0.866025 -0.500000
vn 0.000000 0.965926 -0.258819
vn -0.000000 1.000000 0.000000
vn -0.000000 0.965926 0.258819
vn -0.000000 0.866025 0.500000
vn -0.000000 0.707107 0.707107
vn -0.000000 0.500000 0.866025
vn -0.000000 0.258819 0.965926
vn -0.000000 0.000000 1.000000
vn 0.000000 -0.258819 0.965926
vn 0.000000 -0.500000 0.866025
vn 0.000000 -0.707107 0.707107
vn 0.000000 -0.866025 0.500000
vn 0.000000 -0.965926 -0.258819
vn 0.000000 -0.965926 -0.258819
vn 0.000000 -1.000000 -0.000000
vn 0.000000 -1.000000 -0.000000
vn 0.000000 -0.965926 0.258819
vn 0.000000 -0.965926 0.258819
vn 0.000000 -0.866025 0.500000
vn 0.000000 -0.866025 0.500000
vn 0.000000 -0.707107 0.707107
vn 0.000000 -0.707107 0.707107
vn 0.000000 -0.500000 0.866025
vn 0.000000 -0.500000 0.866025
vn 0.000000 -0.258819 0.965926
vn 0.000000 -0.258819 0.965926
vn -0.000000 0.000000 1.000000
vn -0.000000 0.000000 1.000000
vn -0.000000 0.258819 0.965926
vn -0.000000 0.258819 0.965926
vn -0.000000 0.500000 0.866025
vn -0.000000 0.500000 0.866025
vn -0.000000 0.707107 0.707107
vn -0.000000 0.707107 0.707107
vn -0.000000 0.866025 0.500000
vn -0.000000 0.866025 0.500000
vn -0.000000 0.965926 0.258819
vn -0.000000 0.965926 0.258819
vn -0.000000 1.000000 0.000000
vn -0.000000 1.000000 0.000000
vn 0.000000 0.965926 -0.258819
vn 0.000000 0.965926 -0.258819
vn 0.000000 0.866025 -0.500000
vn 0.000000 0.866025 -0.500000
vn 0.000000 0.707107 -0.707107
vn 0.000000 0.707107 -0.707107
vn 0.000000 0.500000 -0.866025
vn 0.000000 0.500000 -0.866025
vn 0.000000 0.258819 -0.965926
vn 0.000000 0.258819 -0.965926
vn 0.000000 0.000000 -1.000000
vn 0.000000 0.000000 -1.000000
vn 0.000000 -0.258819 -0.965926
vn 0.000000 -0.258819 -0.965926
vn 0.000000 -0.500000 -0.866025
vn 0.000000 -0.500000 -0.866025
vn 0.000000 -0.707107 -0.707107
vn 0.000000 -0.707107 -0.707107
vn 0.000000 -0.866025 -0.500000
vn 0.000000 -0.866025 -0.500000
vn 0.000000 -0.965926 0.258819
vn 0.000000 -1.000000 0.000000
vn 0.000000 -0.965926 -0.258819
vn 0.000000 -0.866025 -0.500000
vn 0.000000 -0.707107 -0.707107
vn 0.000000 -0.500000 -0.866025
vn 0.000000 -0.258819 -0.965926
vn 0.000000 0.000000 -1.000000
vn 0.000000 0.258819 -0.965926
vn 0.000000 0.500000 -0.866025
vn 0.000000 0.707107 -0.707107
vn 0.000000 0.866025 -0.500000
vn 0.000000 0.965926 -0.258819
vn -0.000000 1.000000 0.000000
vn -0.000000 0.965926 0.258819
vn -0.000000 0.866025 0.500000
vn -0.000000 0.707107 0.707107
vn -0.000000 0.500000 0.866025
vn -0.000000 0.258819 0.965926
vn -0.000000 0.000000 1.000000
vn 0.000000 -0.258819 0.965926
vn 0.000000 -0.500000 0.866025
vn 0.000000 -0.707107 0.707107
vn 0.000000 -0.866025 0.500000
vn -0.851548 -0.000000 0.524276
vn -0.866025 -0.000000 0.500000
vn -0.769093 -0.000000 0.639137
vn -0.707107 -0.000000 0.707107
vn -0.586499 -0.000000 0.809950
vn -0.500000 -0.000000 0.866025
vn -0.367238 -0.000000 0.930127
vn -0.258819 -0.000000 0.965926
vn -0.125018 -0.000000 0.992154
vn -0.000000 -0.000000 1.000000
vn 0.125018 -0.000000 0.992154
vn 0.258819 -0.000000 0.965926
vn 0.367238 -0.000000 0.930127
vn 0.500000 -0.000000 0.866025
vn 0.586499 -0.000000 0.809950
vn 0.707107 -0.000000 0.707107
vn 0.769093 -0.000000 0.639137
vn 0.866025 -0.000000 0.500000
vn 0.851548 -0.000000 0.524276
vn 0.916980 -0.000000 0.398934
vn 0.965926 -0.000000 0.258819
vn 0.991904 -0.000000 0.126989
vn 1.000000 -0.000000 0.000000
vn 0.987905 0.000000 -0.155061
vn 0.965926 0.000000 -0.258819
vn 0.905300 0.000000 -0.424772
vn 0.866025 0.000000 -0.500000
vn 0.836341 0.000000 -0.548209
vn 0.750663 0.000000 -0.660686
vn 0.707107 0.000000 -0.707107
vn 0.649977 0.000000 -0.759954
vn 0.500000 0.000000 -0.866025
vn 0.536296 0.000000 -0.844030
vn 0.411895 0.000000 -0.911232
vn 0.258819 0.000000 -0.965926
vn 0.279258 0.000000 -0.960216
vn 0.141039 0.000000 -0.990004
vn 0.000000 0.000000 -1.000000
vn 0.000000 0.000000 -1.000000
vn -0.141039 0.000000 -0.990004
vn -0.258819 0.000000 -0.965926
vn -0.279258 0.000000 -0.960216
vn -0.411895 0.000000 -0.911232
vn -0.500000 0.000000 -0.866025
vn -0.536296 0.000000 -0.844030
vn -0.649977 0.000000 -0.759954
vn -0.707107 0.000000 -0.707107
vn -0.750663 0.000000 -0.660686
vn -0.866025 0.000000 -0.500000
vn -0.836341 0.000000 -0.548209
vn -0.905300 0.000000 -0.424772
vn -0.965926 0.000000 -0.258819
vn -0.987905 0.000000 -0.155061
vn -1.000000 0.000000 0.000000
vn -0.991904 -0.000000 0.126989
vn -0.965926 -0.000000 0.258819
vn -0.916980 -0.000000 0.398934
vn 0.851548 -0.000000 0.524276
vn 0.866025 -0.000000 0.500000
vn 0.769093 -0.000000 0.639137
vn 0.707107 -0.000000 0.707107
vn 0.586499 -0.000000 0.809950
vn 0.500000 -0.000000 0.866025
vn 0.367238 -0.000000 0.930127
vn 0.258819 -0.000000 0.965926
vn 0.125018 -0.000000 0.992154
vn -0.000000 -0.000000 1.000000
vn -0.125018 -0.000000 0.992154
vn -0.258819 -0.000000 0.965926
vn -0.367238 -0.000000 0.930127
vn -0.500000 -0.000000 0.866025
vn -0.586499 -0.000000 0.809950
vn -0.707107 -0.000000 0.707107
vn -0.769093 -0.000000 0.639137
vn -0.866025 -0.000000 0.500000
vn -0.851548 -0.000000 0.524276
vn -0.916980 -0.000000 0.398934
vn -0.965926 -0.000000 0.258819
vn -0.991904 -0.000000 0.126989
vn -1.000000 0.000000 0.000000
vn -0.987905 0.000000 -0.155061
vn -0.965926 0.000000 -0.258819
vn -0.905300 0.000000 -0.424772
vn -0.866025 0.000000 -0.500000
vn -0.836341 0.000000 -0.548209
vn -0.750663 0.000000 -0.660686
vn -0.707107 0.000000 -0.707107
vn -0.649977 0.000000 -0.759954
vn -0.500000 0.000000 -0.866025
vn -0.536296 0.000000 -0.844030
vn -0.411895 0.000000 -0.911232
vn -0.258819 0.000000 -0.965926
vn -0.279258 0.000000 -0.960216
vn -0.141039 0.000000 -0.990004
vn -0.000000 0.000000 -1.000000
vn -0.000000 0.000000 -1.000000
vn 0.141039 0.000000 -0.990004
vn 0.258819 0.000000 -0.965926
vn 0.279258 0.000000 -0.960216
vn 0.411895 0.000000 -0.911232
vn 0.500000 0.000000 -0.866025
vn 0.536296 0.000000 -0.844030
vn 0.649977 0.000000 -0.759954
vn 0.707107 0.000000 -0.707107
vn 0.750663 0.000000 -0.660686
vn 0.866025 0.000000 -0.500000
vn 0.836341 0.000000 -0.548209
vn 0.905300 0.000000 -0.424772
vn 0.965926 0.000000 -0.258819
vn 0.987905 0.000000 -0.155061
vn 1.000000 0.000000 -0.000000
vn 0.991904 -0.000000 0.126989
vn 0.965926 -0.000000 0.258819
vn 0.916980 -0.000000 0.398934
vn 1.000000 0.000000 -0.000000
vn 0.965926 0.000000 -0.258819
vn 0.866025 0.000000 -0.500000
vn 0.707107 0.000000 -0.707107
vn 0.500000 0.000000 -0.866025
vn 0.258819 0.000000 -0.965926
vn -0.000000 0.000000 -1.000000
vn -0.258819 0.000000 -0.965926
vn -0.500000 0.000000 -0.866025
vn -0.707107 0.000000 -0.707107
vn -0.866025 0.000000 -0.500000
vn -0.965926 0.000000 -0.258819
vn -1.000000 0.000000 0.000000
vn -0.965926 -0.000000 0.258819
vn -0.866025 -0.000000 0.500000
vn -0.707107 -0.000000 0.707107
vn -0.500000 -0.000000 0.866025
vn -0.258819 -0.000000 0.965926
vn -0.000000 -0.000000 1.000000
vn 0.258819 -0.000000 0.965926
vn 0.500000 -0.000000 0.866025
vn 0.707107 -0.000000 0.707107
vn 0.866025 -0.000000 0.500000
vn 0.965926 -0.000000 0.258819
vn 0.000000 -0.866025 0.500000
vn 0.000000 -0.866025 0.500000
vn 0.000000 -0.866025 0.500000
vn 0.000000 -0.866025 0.500000
vn 0.000000 -0.866025 0.500000
vn 0.000000 -0.866025 0.500000
vn 0.000000 -0.866025 0.500000
vn 0.000000 -0.866025 0.500000
vn 0.000000 -0.866025 0.500000
vn 0.000000 -0.866025 0.500000
vn 0.000000 -0.866025 0.500000
vn 0.000000 -0.866025 0.500000
vn 0.000000 -0.866025 0.500000
vn 0.000000 -0.866025 0.500000
vn 0.000000 -0.866025 0.500000
vn 0.000000 -0.866025 0.500000
vn 0.000000 -0.866025 0.500000
vn 0.000000 -0.866025 0.500000
vn 0.000000 -0.866025 0.500000
vn 0.000000 -0.866025 0.500000
vn 0.000000 -0.866025 0.500000
vn 0.000000 -0.866025 0.500000
vn 0.000000 -0.866025 0.500000
vn 0.000000 -0.866025 0.500000
vn 0.000000 -0.866025 0.500000
vn 0.000000 -0.866025 0.500000
vn 0.000000 -0.866025 0.500000
vn 0.000000 -0.866025 0.500000
vn 0.000000 -0.866025 0.500000
vn 0.000000 -0.866025 0.500000
vn 0.000000 -0.866025 0.500000
vn 0.000000 -0.866025 0.500000
vn 0.000000 -0.866025 0.500000
vn 0.000000 -0.866025 0.500000
vn 0.000000 -0.866025 0.500000
vn 0.000000 -0.866025 0.500000
vn 0.000000 -0.866025 0.500000
vn 0.000000 -0.866025 0.500000
vn 0.000000 -0.866025 0.500000
vn 0.000000 -0.866025 0.500000
vn 0.000000 -0.866025 0.500000
vn 0.000000 -0.866025 0.500000
vn 0.000000 -0.866025 0.500000
vn 0.000000 -0.866025 0.500000
vn 0.000000 1.000000 -0.000000
vn 0.000000 1.000000 -0.000000
vn 0.000000 1.000000 -0.000000
vn 0.000000 1.000000 -0.000000
vn 0.000000 1.000000 -0.000000
vn 0.000000 1.000000 -0.000000
vn 0.000000 1.000000 -0.000000
vn 0.000000 1.000000 -0.000000
vn 0.000000 1.000000 -0.000000
vn 0.000000 1.000000 -0.000000
vn 0.000000 1.000000 -0.000000
vn 0.000000 1.000000 -0.000000
vn 0.000000 1.000000 -0.000000
vn 0.000000 1.000000 -0.000000
vn 0.000000 1.000000 -0.000000
vn 0.000000 1.000000 -0.000000
vn 0.000000 1.000000 -0.000000
vn 0.000000 1.000000 -0.000000
vn 0.000000 1.000000 -0.000000
vn 0.000000 1.000000 -0.000000
vn 0.000000 1.000000 -0.000000
vn 0.000000 1.000000 -0.000000
vn 0.000000 1.000000 -0.000000
vn 0.000000 1.000000 -0.000000
vn 0.000000 1.000000 -0.000000
vn 0.000000 1.000000 -0.000000
vn 0.000000 1.000000 -0.000000
vn 0.000000 1.000000 -0.000000
vn 0.000000 1.000000 -0.000000
vn 0.000000 1.000000 -0.000000
vn 0.000000 1.000000 -0.000000
vn -1.000000 0.000000 0.000000
vn -1.000000 0.000000 0.000000
vn -1.000000 0.000000 0.000000
vn -1.000000 0.000000 0.000000
vn -1.000000 0.000000 0.000000
vn -1.000000 0.000000 0.000000
vn -1.000000 0.000000 0.000000
vn -1.000000 0.000000 0.000000
vn -1.000000 0.000000 0.000000
vn -1.000000 0.000000 0.000000
vn -1.000000 0.000000 0.000000
vn -1.000000 0.000000 0.000000
vn -1.000000 0.000000 0.000000
vn -1.000000 0.000000 0.000000
vn -1.000000 0.000000 0.000000
vn -1.000000 0.000000 0.000000
vn -1.000000 0.000000 0.000000
vn -1.000000 0.000000 0.000000
vn -1.000000 0.000000 0.000000
vn -1.000000 0.000000 0.000000
vn -1.000000 0.000000 0.000000
vn -1.000000 0.000000 0.000000
vn -1.000000 0.000000 0.000000
vn -1.000000 0.000000 0.000000
vn -1.000000 0.000000 0.000000
vn -1.000000 0.000000 0.000000
vn -1.000000 0.000000 0.000000
vn -1.000000 0.000000 0.000000
vn -1.000000 0.000000 0.000000
vn -1.000000 0.000000 0.000000
vn -1.000000 0.000000 0.000000
vn -1.000000 0.000000 0.000000
vn -1.000000 0.000000 0.000000
vn -1.000000 0.000000 0.000000
vn -1.000000 0.000000 0.000000
vn -1.000000 0.000000 0.000000
vn -1.000000 0.000000 0.000000
vn -1.000000 0.000000 0.000000
vn -1.000000 0.000000 0.000000
vn -1.000000 0.000000 0.000000
vn -1.000000 0.000000 0.000000
vn -1.000000 0.000000 0.000000
vn -1.000000 0.000000 0.000000
vn -1.000000 0.000000 0.000000
vn -1.000000 0.000000 0.000000
vn -1.000000 0.000000 0.000000
vn -1.000000 0.000000 0.000000
vn -1.000000 0.000000 0.000000
vn -1.000000 0.000000 0.000000
vn -1.000000 0.000000 0.000000
vn -1.000000 0.000000 0.000000
vn -1.000000 0.000000 0.000000
vn -1.000000 0.000000 0.000000
vn -1.000000 0.000000 0.000000
vn -1.000000 0.000000 0.000000
vn -1.000000 0.000000 0.000000
vn -1.000000 0.000000 0.000000
vn -1.000000 0.000000 0.000000
vn -1.000000 0.000000 0.000000
vn -1.000000 0.000000 0.000000
vn -1.000000 0.000000 0.000000
vn -1.000000 0.000000 0.000000
vn -1.000000 0.000000 0.000000
vn -1.000000 0.000000 0.000000
vn -1.000000 0.000000 0.000000
vn -1.000000 0.000000 0.000000
vn -1.000000 0.000000 0.000000
vn -1.000000 0.000000 0.000000
vn -1.000000 0.000000 0.000000
vn -1.000000 0.000000 0.000000
vn -1.000000 0.000000 0.000000
vn -1.000000 0.000000 0.000000
vn -1.000000 0.000000 0.000000
vn -1.000000 0.000000 0.000000
vn -1.000000 0.000000 0.000000
vn -1.000000 0.000000 0.000000
vn -1.000000 0.000000 0.000000
vn -1.000000 0.000000 0.000000
vn -1.000000 0.000000 0.000000
vn -1.000000 0.000000 0.000000
vn -1.000000 0.000000 0.000000
vn -1.000000 0.000000 0.000000
vn -1.000000 0.000000 0.000000
vn -1.000000 0.000000 0.000000
vn -1.000000 0.000000 0.000000
vn -1.000000 0.000000 0.000000
vn -1.000000 0.000000 0.000000
vn -1.000000 0.000000 0.000000
vn -1.000000 0.000000 0.000000
vn -1.000000 0.000000 0.000000
vn -1.000000 0.000000 0.000000
vn -1.000000 0.000000 0.000000
vn -1.000000 0.000000 0.000000
vn -1.000000 0.000000 0.000000
vn -1.000000 0.000000 0.000000
vn -1.000000 0.000000 0.000000
vn -1.000000 0.000000 0.000000
vn -1.000000 0.000000 0.000000
vn -1.000000 0.000000 0.000000
vn -1.000000 0.000000 0.000000
vn -1.000000 0.000000 0.000000
vn -1.000000 0.000000 0.000000
vn -1.000000 0.000000 0.000000
vn -1.000000 0.000000 0.000000
vn -1.000000 0.000000 0.000000
vn -1.000000 0.000000 0.000000
vn -1.000000 0.000000 0.000000
vn -1.000000 0.000000 0.000000
vn -1.000000 0.000000 0.000000
vn -1.000000 0.000000 0.000000
vn -1.000000 0.000000 0.000000
vn -1.000000 0.000000 0.000000
vn -1.000000 0.000000 0.000000
vn -1.000000 0.000000 0.000000
vn -1.000000 0.000000 0.000000
vn -1.000000 0.000000 0.000000
vn -1.000000 0.000000 0.000000
vn -1.000000 0.000000 0.000000
vn -1.000000 0.000000 0.000000
vn -1.000000 0.000000 0.000000
vn -1.000000 0.000000 0.000000
vn -1.000000 0.000000 0.000000
vn -1.000000 0.000000 0.000000
vn -1.000000 0.000000 0.000000
vn -1.000000 0.000000 0.000000
vn -1.000000 0.000000 0.000000
vn -1.000000 0.000000 0.000000
vn -1.000000 0.000000 0.000000
vn -1.000000 0.000000 0.000000
vn -1.000000 0.000000 0.000000
vn -1.000000 0.000000 0.000000
vn -1.000000 0.000000 0.000000
vn -1.000000 0.000000 0.000000
vn 1.000000 0.000000 0.000000
vn 1.000000 0.000000 0.000000
vn 1.000000 0.000000 0.000000
vn 1.000000 0.000000 0.000000
vn 1.000000 0.000000 0.000000
vn 1.000000 0.000000 0.000000
vn 1.000000 0.000000 0.000000
vn 1.000000 0.000000 0.000000
vn 1.000000 0.000000 0.000000
vn 1.000000 0.000000 0.000000
vn 1.000000 0.000000 0.000000
vn 1.000000 0.000000 0.000000
vn 1.000000 0.000000 0.000000
vn 1.000000 0.000000 0.000000
vn 1.000000 0.000000 0.000000
vn 1.000000 0.000000 0.000000
vn 1.000000 0.000000 0.000000
vn 1.000000 0.000000 0.000000
vn 1.000000 0.000000 0.000000
vn 1.000000 0.000000 0.000000
vn 1.000000 0.000000 0.000000
vn 1.000000 0.000000 0.000000
vn 1.000000 0.000000 0.000000
vn 1.000000 0.000000 0.000000
vn 1.000000 0.000000 0.000000
vn 1.000000 0.000000 0.000000
vn 1.000000 0.000000 0.000000
vn 1.000000 0.000000 0.000000
vn 1.000000 0.000000 0.000000
vn 1.000000 0.000000 0.000000
vn 1.000000 0.000000 0.000000
vn 1.000000 0.000000 0.000000
vn 1.000000 0.000000 0.000000
vn 1.000000 0.000000 0.000000
vn 1.000000 0.000000 0.000000
vn 1.000000 0.000000 0.000000
vn 1.000000 0.000000 0.000000
vn 1.000000 0.000000 0.000000
vn 1.000000 0.000000 0.000000
vn 1.000000 0.000000 0.000000
vn 1.000000 0.000000 0.000000
vn 1.000000 0.000000 0.000000
vn 1.000000 0.000000 0.000000
vn 1.000000 0.000000 0.000000
vn 1.000000 0.000000 0.000000
vn 1.000000 0.000000 0.000000
vn 1.000000 0.000000 0.000000
vn 1.000000 0.000000 0.000000
vn 1.000000 0.000000 0.000000
vn 1.000000 0.000000 0.000000
vn 1.000000 0.000000 0.000000
vn 1.000000 0.000000 0.000000
vn 1.000000 0.000000 0.000000
vn 1.000000 0.000000 0.000000
vn 1.000000 0.000000 0.000000
vn 1.000000 0.000000 0.000000
vn 1.000000 0.000000 0.000000
vn 1.000000 0.000000 0.000000
vn 1.000000 0.000000 0.000000
vn 1.000000 0.000000 0.000000
vn 1.000000 0.000000 0.000000
vn 1.000000 0.000000 0.000000
vn 1.000000 0.000000 0.000000
vn 1.000000 0.000000 0.000000
vn 1.000000 0.000000 0.000000
vn 1.000000 0.000000 0.000000
vn 1.000000 0.000000 0.000000
vn 1.000000 0.000000 0.000000
vn 1.000000 0.000000 0.000000
vn 1.000000 0.000000 0.000000
vn 1.000000 0.000000 0.000000
vn 1.000000 0.000000 0.000000
vn 1.000000 0.000000 0.000000
vn 1.000000 0.000000 0.000000
vn 1.000000 0.000000 0.000000
vn 1.000000 0.000000 0.000000
vn 1.000000 0.000000 0.000000
vn 1.000000 0.000000 0.000000
vn 1.000000 0.000000 0.000000
vn 1.000000 0.000000 0.000000
vn 1.000000 0.000000 0.000000
vn 1.000000 0.000000 0.000000
vn 1.000000 0.000000 0.000000
vn 1.000000 0.000000 0.000000
vn 1.000000 0.000000 0.000000
vn 1.000000 0.000000 0.000000
vn 1.000000 0.000000 0.000000
vn 1.000000 0.000000 0.000000
vn 1.000000 0.000000 0.000000
vn 1.000000 0.000000 0.000000
vn 1.000000 0.000000 0.000000
vn 1.000000 0.000000 0.000000
vn 1.000000 0.000000 0.000000
vn 1.000000 0.000000 0.000000
vn 1.000000 0.000000 0.000000
vn 1.000000 0.000000 0.000000
vn 1.000000 0.000000 0.000000
vn 1.000000 0.000000 0.000000
vn 1.000000 0.000000 0.000000
vn 1.000000 0.000000 0.000000
vn 1.000000 0.000000 0.000000
vn 1.000000 0.000000 0.000000
vn 1.000000 0.000000 0.000000
vn 1.000000 0.000000 0.000000
vn 1.000000 0.000000 0.000000
vn 1.000000 0.000000 0.000000
vn 1.000000 0.000000 0.000000
vn 1.000000 0.000000 0.000000
vn 1.000000 0.000000 0.000000
vn 1.000000 0.000000 0.000000
vn 1.000000 0.000000 0.000000
vn 1.000000 0.000000 0.000000
vn 1.000000 0.000000 0.000000
vn 1.000000 0.000000 0.000000
vn 1.000000 0.000000 0.000000
vn 1.000000 0.000000 0.000000
vn 1.000000 0.000000 0.000000
vn 1.000000 0.000000 0.000000
vn 1.000000 0.000000 0.000000
vn 1.000000 0.000000 0.000000
vn 1.000000 0.000000 0.000000
vn 1.000000 0.000000 0.000000
vn 1.000000 0.000000 0.000000
vn 1.000000 0.000000 0.000000
vn 1.000000 0.000000 0.000000
vn 1.000000 0.000000 0.000000
vn 1.000000 0.000000 0.000000
vn 1.000000 0.000000 0.000000
vn 1.000000 0.000000 0.000000
vn 1.000000 0.000000 0.000000
vn 1.000000 0.000000 0.000000
vn 1.000000 0.000000 0.000000
vn 1.000000 0.000000 0.000000
vn 0.000000 0.707107 -0.707107
vn 0.000000 0.707107 -0.707107
vn 0.000000 0.707107 -0.707107
vn 0.000000 0.707107 -0.707107
vn 0.000000 0.707107 -0.707107
vn 0.000000 0.707107 -0.707107
vn 0.000000 0.707107 -0.707107
vn 0.000000 0.707107 -0.707107
vn 0.000000 0.707107 -0.707107
vn 0.000000 0.000000 -1.000000
vn 0.000000 0.000000 -1.000000
vn 0.000000 0.000000 -1.000000
vn 0.000000 0.000000 -1.000000
vn 0.000000 0.000000 -1.000000
vn 0.000000 0.000000 -1.000000
vn 0.000000 -0.707107 -0.707107
vn 0.000000 -0.707107 -0.707107
vn 0.000000 -0.707107 -0.707107
vn 0.000000 -0.707107 -0.707107
vn 0.000000 -0.707107 -0.707107
vn 0.000000 -0.707107 -0.707107
vn 0.000000 -0.707107 -0.707107
vn 0.000000 -0.707107 -0.707107
vn 0.000000 -0.707107 -0.707107
vn 0.000000 -1.000000 -0.000000
vn 0.000000 -1.000000 -0.000000
vn 0.000000 -1.000000 -0.000000
vn 0.000000 -1.000000 -0.000000
vn 0.000000 -1.000000 -0.000000
vn 0.000000 -1.000000 -0.000000
vn 0.000000 -1.000000 -0.000000
vn 0.000000 -1.000000 -0.000000
vn 0.000000 -1.000000 -0.000000
vn 0.000000 -1.000000 -0.000000
vn 0.000000 -1.000000 -0.000000
vn 0.000000 -1.000000 -0.000000
vn 0.000000 -1.000000 -0.000000
vn 0.000000 -1.000000 -0.000000
vn 0.000000 -1.000000 -0.000000
vn 0.000000 -1.000000 -0.000000
vn 0.000000 -1.000000 -0.000000
vn 0.000000 -1.000000 -0.000000
vn 0.000000 -1.000000 -0.000000
vn 0.000000 -1.000000 -0.000000
vn 0.000000 -1.000000 -0.000000
vn 0.000000 -1.000000 -0.000000
vn 0.000000 -1.000000 -0.000000
vn 0.000000 -1.000000 -0.000000
vn 0.000000 -1.000000 -0.000000
vn 0.000000 -1.000000 -0.000000
vn 0.000000 -1.000000 -0.000000
vn 0.000000 -1.000000 -0.000000
vn 0.000000 -1.000000 -0.000000
vn 0.000000 -1.000000 -0.000000
vn 0.000000 -1.000000 -0.000000
vn 0.000000 0.000000 1.000000
vn 0.000000 0.000000 1.000000
vn 0.000000 0.000000 1.000000
vn 0.000000 0.000000 1.000000
vn 0.000000 0.000000 1.000000
vn 0.000000 0.000000 1.000000
vn -0.000000 0.866025 0.500000
vn -0.000000 0.866025 0.500000
vn -0.000000 0.866025 0.500000
vn -0.000000 0.866025 0.500000
vn -0.000000 0.866025 0.500000
vn -0.000000 0.866025 0.500000
vn -0.000000 0.866025 0.500000
vn -0.000000 0.866025 0.500000
vn -0.000000 0.866025 0.500000
vn -0.000000 0.866025 0.500000
vn -0.000000 0.866025 0.500000
vn -0.000000 0.866025 0.500000
vn -0.000000 0.866025 0.500000
vn -0.000000 0.866025 0.500000
vn -0.000000 0.866025 0.500000
vn -0.000000 0.866025 0.500000
vn -0.000000 0.866025 0.500000
vn -0.000000 0.866025 0.500000
vn -0.000000 0.866025 0.500000
vn -0.000000 0.866025 0.500000
vn -0.000000 0.866025 0.500000
vn -0.000000 0.866025 0.500000
vn -0.000000 0.866025 0.500000
vn -0.000000 0.866025 0.500000
vn -0.000000 0.866025 0.500000
vn -0.000000 0.866025 0.500000
vn -0.000000 0.866025 0.500000
vn -0.000000 0.866025 0.500000
vn -0.000000 0.866025 0.500000
vn -0.000000 0.866025 0.500000
vn -0.000000 0.866025 0.500000
vn -0.000000 0.866025 0.500000
vn -0.000000 0.866025 0.500000
vn -0.000000 0.866025 0.500000
vn -0.000000 0.866025 0.500000
vn -0.000000 0.866025 0.500000
vn -0.000000 0.866025 0.500000
vn -0.000000 0.866025 0.500000
vn -0.000000 0.866025 0.500000
vn -0.000000 0.866025 0.500000
vn -0.000000 0.866025 0.500000
vn -0.000000 0.866025 0.500000
vn -0.000000 0.866025 0.500000
vn -0.000000 0.965926 0.258819
vn -0.000000 0.965926 0.258819
vn -0.000000 1.000000 0.000000
vn -0.000000 1.000000 0.000000
vn 0.000000 0.965926 -0.258819
vn 0.000000 0.965926 -0.258819
vn 0.000000 0.866025 -0.500000
vn 0.000000 0.866025 -0.500000
vn 0.000000 0.707107 -0.707107
vn 0.000000 0.707107 -0.707107
vn 0.000000 0.500000 -0.866025
vn 0.000000 0.500000 -0.866025
vn 0.000000 0.258819 -0.965926
vn 0.000000 0.258819 -0.965926
vn 0.000000 -0.000000 -1.000000
vn 0.000000 -0.000000 -1.000000
vn 0.000000 -0.258819 -0.965926
vn 0.000000 -0.258819 -0.965926
vn 0.000000 -0.500000 -0.866025
vn 0.000000 -0.500000 -0.866025
vn 0.000000 -0.707107 -0.707107
vn 0.000000 -0.707107 -0.707107
vn 0.000000 -0.866025 -0.500000
vn 0.000000 -0.866025 -0.500000
vn 0.000000 -0.965926 -0.258819
vn 0.000000 -0.965926 -0.258819
vn 0.000000 -1.000000 -0.000000
vn 0.000000 -1.000000 -0.000000
vn -0.000000 -0.965926 0.258819
vn -0.000000 -0.965926 0.258819
vn -0.000000 -0.866025 0.500000
vn -0.000000 -0.866025 0.500000
vn -0.000000 -0.707107 0.707107
vn -0.000000 -0.707107 0.707107
vn -0.000000 -0.500000 0.866025
vn -0.000000 -0.500000 0.866025
vn -0.000000 -0.258819 0.965926
vn -0.000000 -0.258819 0.965926
vn -0.000000 -0.000000 1.000000
vn -0.000000 -0.000000 1.000000
vn -0.000000 0.258819 0.965926
vn -0.000000 0.258819 0.965926
vn -0.000000 0.500000 0.866025
vn -0.000000 0.500000 0.866025
vn -0.000000 0.707107 0.707107
vn -0.000000 0.707107 0.707107
vn -0.000000 0.866025 0.500000
vn -0.000000 0.866025 0.500000
vn 0.000000 0.965926 -0.258819
vn 0.000000 1.000000 -0.000000
vn -0.000000 0.965926 0.258819
vn -0.000000 0.866025 0.500000
vn -0.000000 0.707107 0.707107
vn -0.000000 0.500000 0.866025
vn -0.000000 0.258819 0.965926
vn -0.000000 -0.000000 1.000000
vn -0.000000 -0.258819 0.965926
vn -0.000000 -0.500000 0.866025
vn -0.000000 -0.707107 0.707107
vn -0.000000 -0.866025 0.500000
vn -0.000000 -0.965926 0.258819
vn 0.000000 -1.000000 -0.000000
vn 0.000000 -0.965926 -0.258819
vn 0.000000 -0.866025 -0.500000
vn 0.000000 -0.707107 -0.707107
vn 0.000000 -0.500000 -0.866025
vn 0.000000 -0.258819 -0.965926
vn 0.000000 -0.000000 -1.000000
vn 0.000000 0.258819 -0.965926
vn 0.000000 0.500000 -0.866025
vn 0.000000 0.707107 -0.707107
vn 0.000000 0.866025 -0.500000
usemtl Steel_-_Satin
f 2/1/1 40/2/2 1/3/3
f 1/3/3 40/2/2 41/4/4
f 1/3/3 41/4/4 24/5/5
f 24/5/5 41/4/4 42/6/6
f 24/5/5 42/6/6 23/7/7
f 23/7/7 42/6/6 43/8/8
f 23/7/7 43/8/8 22/9/9
f 22/9/9 43/8/8 44/10/10
f 22/9/9 44/10/10 21/11/11
f 21/11/11 44/10/10 45/12/12
f 21/11/11 45/12/12 20/13/13
f 20/13/13 45/12/12 19/14/14
f 19/14/14 45/12/12 46/15/15
f 19/14/14 46/15/15 18/16/16
f 18/16/16 46/15/15 17/17/17
f 17/17/17 46/15/15 25/18/18
f 17/17/17 25/18/18 16/19/19
f 16/19/19 25/18/18 26/20/20
f 16/19/19 26/20/20 15/21/21
f 15/21/21 26/20/20 27/22/22
f 15/21/21 27/22/22 14/23/23
f 14/23/23 27/22/22 28/24/24
f 14/23/23 28/24/24 13/25/25
f 13/25/25 28/24/24 29/26/26
f 13/25/25 29/26/26 12/27/27
f 12/27/27 29/26/26 30/28/28
f 12/27/27 30/28/28 11/29/29
f 11/29/29 30/28/28 31/30/30
f 11/29/29 31/30/30 10/31/31
f 10/31/31 31/30/30 32/32/32
f 10/31/31 32/32/32 9/33/33
f 9/33/33 32/32/32 33/34/34
f 9/33/33 33/34/34 8/35/35
f 8/35/35 33/34/34 34/36/36
f 8/35/35 34/36/36 7/37/37
f 7/37/37 34/36/36 35/38/38
f 7/37/37 35/38/38 6/39/39
f 6/39/39 35/38/38 36/40/40
f 6/39/39 36/40/40 5/41/41
f 5/41/41 36/40/40 37/42/42
f 5/41/41 37/42/42 4/43/43
f 4/43/43 37/42/42 38/44/44
f 4/43/43 38/44/44 3/45/45
f 3/45/45 38/44/44 39/46/46
f 3/45/45 39/46/46 2/1/1
f 2/1/1 39/46/46 40/2/2
f 24/47/47 70/48/48 1/49/49
f 1/49/49 70/48/48 47/50/50
f 1/51/49 47/52/50 2/53/51
f 2/53/51 47/52/50 48/54/52
f 2/53/51 48/54/52 3/55/53
f 3/55/53 48/54/52 49/56/54
f 3/55/53 49/56/54 4/57/55
f 4/57/55 49/56/54 50/58/56
f 4/57/55 50/58/56 5/59/57
f 5/59/57 50/58/56 51/60/58
f 5/59/57 51/60/58 6/61/59
f 6/61/59 51/60/58 52/62/60
f 6/61/59 52/62/60 7/63/61
f 7/63/61 52/62/60 53/64/62
f 7/63/61 53/64/62 8/65/63
f 8/65/63 53/64/62 54/66/64
f 8/65/63 54/66/64 9/67/65
f 9/67/65 54/66/64 55/68/66
f 9/67/65 55/68/66 10/69/67
f 10/69/67 55/68/66 56/70/68
f 10/69/67 56/70/68 11/71/69
f 11/71/69 56/70/68 57/72/70
f 11/71/69 57/72/70 12/73/71
f 12/73/71 57/72/70 58/74/72
f 12/73/71 58/74/72 13/75/73
f 13/75/73 58/74/72 59/76/74
f 13/75/73 59/76/74 14/77/75
f 14/77/75 59/76/74 60/78/76
f 14/77/75 60/78/76 15/79/77
f 15/79/77 60/78/76 61/80/78
f 15/79/77 61/80/78 16/81/79
f 16/81/79 61/80/78 62/82/80
f 16/81/79 62/82/80 17/83/81
f 17/83/81 62/82/80 63/84/82
f 17/83/81 63/84/82 18/85/83
f 18/85/83 63/84/82 64/86/84
f 18/85/83 64/86/84 19/87/85
f 19/87/85 64/86/84 65/88/86
f 19/87/85 65/88/86 20/89/87
f 20/89/87 65/88/86 66/90/88
f 20/89/87 66/90/88 21/91/89
f 21/91/89 66/90/88 67/92/90
f 21/91/89 67/92/90 22/93/91
f 22/93/91 67/92/90 68/94/92
f 22/93/91 68/94/92 23/95/93
f 23/95/93 68/94/92 69/96/94
f 23/95/93 69/96/94 24/47/47
f 24/47/47 69/96/94 70/48/48
f 25/97/95 46/98/96 71/99/97
f 71/99/97 46/98/96 72/100/98
f 45/101/99 44/102/100 73/103/101
f 73/103/101 44/102/100 74/104/102
f 74/105/103 44/106/104 92/107/105
f 92/107/105 44/106/104 43/108/106
f 92/107/105 43/108/106 91/109/107
f 91/109/107 43/108/106 42/110/108
f 91/109/107 42/110/108 90/111/109
f 90/111/109 42/110/108 41/112/110
f 90/111/109 41/112/110 89/113/111
f 89/113/111 41/112/110 40/114/112
f 89/113/111 40/114/112 88/115/113
f 88/115/113 40/114/112 39/116/114
f 88/115/113 39/116/114 87/117/115
f 87/117/115 39/116/114 38/118/116
f 87/117/115 38/118/116 86/119/117
f 86/119/117 38/118/116 37/120/118
f 86/119/117 37/120/118 85/121/119
f 85/121/119 37/120/118 36/122/120
f 85/121/119 36/122/120 84/123/121
f 84/123/121 36/122/120 35/124/122
f 84/123/121 35/124/122 83/125/123
f 83/125/123 35/124/122 34/126/124
f 83/125/123 34/126/124 82/127/125
f 82/127/125 34/126/124 33/128/126
f 82/127/125 33/128/126 81/129/127
f 81/129/127 33/128/126 32/130/128
f 81/129/127 32/130/128 80/131/129
f 80/131/129 32/130/128 31/132/130
f 80/131/129 31/132/130 79/133/131
f 79/133/131 31/132/130 30/134/132
f 79/133/131 30/134/132 78/135/133
f 78/135/133 30/134/132 29/136/134
f 78/135/133 29/136/134 77/137/135
f 77/137/135 29/136/134 28/138/136
f 77/137/135 28/138/136 76/139/137
f 76/139/137 28/138/136 27/140/138
f 76/139/137 27/140/138 75/141/139
f 75/141/139 27/140/138 26/142/140
f 75/141/139 26/142/140 71/143/141
f 71/143/141 26/142/140 25/144/142
f 70/145/143 90/146/144 47/147/145
f 47/147/145 90/146/144 89/148/146
f 47/147/145 89/148/146 48/149/147
f 48/149/147 89/148/146 88/150/148
f 48/149/147 88/150/148 49/151/149
f 49/151/149 88/150/148 87/152/150
f 49/151/149 87/152/150 50/153/151
f 50/153/151 87/152/150 86/154/152
f 50/153/151 86/154/152 51/155/153
f 51/155/153 86/154/152 85/156/154
f 51/155/153 85/156/154 52/157/155
f 52/157/155 85/156/154 84/158/156
f 52/157/155 84/158/156 53/159/157
f 53/159/157 84/158/156 83/160/158
f 53/159/157 83/160/158 54/161/159
f 54/161/159 83/160/158 82/162/160
f 54/161/159 82/162/160 55/163/161
f 55/163/161 82/162/160 81/164/162
f 55/163/161 81/164/162 56/165/163
f 56/165/163 81/164/162 80/166/164
f 56/165/163 80/166/164 57/167/165
f 57/167/165 80/166/164 79/168/166
f 57/167/165 79/168/166 58/169/167
f 58/169/167 79/168/166 78/170/168
f 58/169/167 78/170/168 59/171/169
f 59/171/169 78/170/168 77/172/170
f 59/171/169 77/172/170 60/173/171
f 60/173/171 77/172/170 76/174/172
f 60/173/171 76/174/172 61/175/173
f 61/175/173 76/174/172 75/176/174
f 61/175/173 75/176/174 62/177/175
f 62/177/175 75/176/174 71/178/176
f 62/177/175 71/178/176 63/179/177
f 63/179/177 71/178/176 72/180/178
f 63/179/177 72/180/178 64/181/179
f 64/181/179 72/180/178 65/182/180
f 65/182/180 72/180/178 73/183/181
f 65/182/180 73/183/181 66/184/182
f 66/184/182 73/183/181 67/185/183
f 67/185/183 73/183/181 74/186/184
f 67/185/183 74/186/184 68/187/185
f 68/187/185 74/186/184 92/188/186
f 68/187/185 92/188/186 69/189/187
f 69/189/187 92/188/186 91/190/188
f 69/189/187 91/190/188 70/145/143
f 70/145/143 91/190/188 90/146/144
f 94/191/189 120/192/190 93/193/191
f 93/193/191 120/192/190 121/194/192
f 93/193/191 121/194/192 116/195/193
f 116/195/193 121/194/192 122/196/194
f 116/195/193 122/196/194 115/197/195
f 115/197/195 122/196/194 123/198/196
f 115/197/195 123/198/196 114/199/197
f 114/199/197 123/198/196 124/200/198
f 114/199/197 124/200/198 113/201/199
f 113/201/199 124/200/198 125/202/200
f 113/201/199 125/202/200 112/203/201
f 112/203/201 125/202/200 126/204/202
f 112/203/201 126/204/202 111/205/203
f 111/205/203 126/204/202 127/206/204
f 111/205/203 127/206/204 110/207/205
f 110/207/205 127/206/204 128/208/206
f 110/207/205 128/208/206 109/209/207
f 109/209/207 128/208/206 129/210/208
f 109/209/207 129/210/208 108/211/209
f 108/211/209 129/210/208 130/212/210
f 108/211/209 130/212/210 107/213/211
f 107/213/211 130/212/210 131/214/212
f 107/213/211 131/214/212 106/215/213
f 106/215/213 131/214/212 132/216/214
f 106/215/213 132/216/214 105/217/215
f 105/217/215 132/216/214 133/218/216
f 105/217/215 133/218/216 104/219/217
f 104/219/217 133/218/216 134/220/218
f 104/219/217 134/220/218 103/221/219
f 103/221/219 134/220/218 135/222/220
f 103/221/219 135/222/220 102/223/221
f 102/223/221 135/222/220 136/224/222
f 102/223/221 136/224/222 101/225/223
f 101/225/223 136/224/222 137/226/224
f 101/225/223 137/226/224 100/227/225
f 100/227/225 137/226/224 99/228/226
f 99/228/226 137/226/224 138/229/227
f 99/228/226 138/229/227 98/230/228
f 98/230/228 138/229/227 97/231/229
f 97/231/229 138/229/227 117/232/230
f 97/231/229 117/232/230 96/233/231
f 96/233/231 117/232/230 118/234/232
f 96/233/231 118/234/232 95/235/233
f 95/235/233 118/234/232 119/236/234
f 95/235/233 119/236/234 94/191/189
f 94/191/189 119/236/234 120/192/190
f 116/237/235 162/238/236 93/239/237
f 93/239/237 162/238/236 139/240/238
f 93/241/237 139/242/238 94/243/239
f 94/243/239 139/242/238 140/244/240
f 94/243/239 140/244/240 95/245/241
f 95/245/241 140/244/240 141/246/242
f 95/245/241 141/246/242 96/247/243
f 96/247/243 141/246/242 142/248/244
f 96/247/243 142/248/244 97/249/245
f 97/249/245 142/248/244 143/250/246
f 97/249/245 143/250/246 98/251/247
f 98/251/247 143/250/246 144/252/248
f 98/251/247 144/252/248 99/253/249
f 99/253/249 144/252/248 145/254/250
f 99/253/249 145/254/250 100/255/251
f 100/255/251 145/254/250 146/256/252
f 100/255/251 146/256/252 101/257/253
f 101/257/253 146/256/252 147/258/254
f 101/257/253 147/258/254 102/259/255
f 102/259/255 147/258/254 148/260/256
f 102/259/255 148/260/256 103/261/257
f 103/261/257 148/260/256 149/262/258
f 103/261/257 149/262/258 104/263/259
f 104/263/259 149/262/258 150/264/260
f 104/263/259 150/264/260 105/265/261
f 105/265/261 150/264/260 151/266/262
f 105/265/261 151/266/262 106/267/263
f 106/267/263 151/266/262 152/268/264
f 106/267/263 152/268/264 107/269/265
f 107/269/265 152/268/264 153/270/266
f 107/269/265 153/270/266 108/271/267
f 108/271/267 153/270/266 154/272/268
f 108/271/267 154/272/268 109/273/269
f 109/273/269 154/272/268 155/274/270
f 109/273/269 155/274/270 110/275/271
f 110/275/271 155/274/270 156/276/272
f 110/275/271 156/276/272 111/277/273
f 111/277/273 156/276/272 157/278/274
f 111/277/273 157/278/274 112/279/275
f 112/279/275 157/278/274 158/280/276
f 112/279/275 158/280/276 113/281/277
f 113/281/277 158/280/276 159/282/278
f 113/281/277 159/282/278 114/283/279
f 114/283/279 159/282/278 160/284/280
f 114/283/279 160/284/280 115/285/281
f 115/285/281 160/284/280 161/286/282
f 115/285/281 161/286/282 116/237/235
f 116/237/235 161/286/282 162/238/236
f 163/287/283 164/288/284 136/289/285
f 136/289/285 164/288/284 137/290/286
f 165/291/287 166/292/288 138/293/289
f 138/293/289 166/292/288 117/294/290
f 117/295/291 166/296/292 118/297/293
f 118/297/293 166/296/292 167/298/294
f 118/297/293 167/298/294 119/299/295
f 119/299/295 167/298/294 168/300/296
f 119/299/295 168/300/296 120/301/297
f 120/301/297 168/300/296 169/302/298
f 120/301/297 169/302/298 121/303/299
f 121/303/299 169/302/298 170/304/300
f 121/303/299 170/304/300 122/305/301
f 122/305/301 170/304/300 171/306/302
f 122/305/301 171/306/302 123/307/303
f 123/307/303 171/306/302 172/308/304
f 123/307/303 172/308/304 124/309/305
f 124/309/305 172/308/304 173/310/306
f 124/309/305 173/310/306 125/311/307
f 125/311/307 173/310/306 174/312/308
f 125/311/307 174/312/308 126/313/309
f 126/313/309 174/312/308 175/314/310
f 126/313/309 175/314/310 127/315/311
f 127/315/311 175/314/310 176/316/312
f 127/315/311 176/316/312 128/317/313
f 128/317/313 176/316/312 177/318/314
f 128/317/313 177/318/314 129/319/315
f 129/319/315 177/318/314 178/320/316
f 129/319/315 178/320/316 130/321/317
f 130/321/317 178/320/316 179/322/318
f 130/321/317 179/322/318 131/323/319
f 131/323/319 179/322/318 180/324/320
f 131/323/319 180/324/320 132/325/321
f 132/325/321 180/324/320 181/326/322
f 132/325/321 181/326/322 133/327/323
f 133/327/323 181/326/322 182/328/324
f 133/327/323 182/328/324 134/329/325
f 134/329/325 182/328/324 183/330/326
f 134/329/325 183/330/326 135/331/327
f 135/331/327 183/330/326 184/332/328
f 135/331/327 184/332/328 136/333/329
f 136/333/329 184/332/328 163/334/330
f 162/335/331 170/336/332 139/337/333
f 139/337/333 170/336/332 169/338/334
f 139/337/333 169/338/334 140/339/335
f 140/339/335 169/338/334 168/340/336
f 140/339/335 168/340/336 141/341/337
f 141/341/337 168/340/336 167/342/338
f 141/341/337 167/342/338 142/343/339
f 142/343/339 167/342/338 166/344/340
f 142/343/339 166/344/340 143/345/341
f 143/345/341 166/344/340 165/346/342
f 143/345/341 165/346/342 144/347/343
f 144/347/343 165/346/342 145/348/344
f 145/348/344 165/346/342 164/349/345
f 145/348/344 164/349/345 146/350/346
f 146/350/346 164/349/345 147/351/347
f 147/351/347 164/349/345 163/352/348
f 147/351/347 163/352/348 148/353/349
f 148/353/349 163/352/348 184/354/350
f 148/353/349 184/354/350 149/355/351
f 149/355/351 184/354/350 183/356/352
f 149/355/351 183/356/352 150/357/353
f 150/357/353 183/356/352 182/358/354
f 150/357/353 182/358/354 151/359/355
f 151/359/355 182/358/354 181/360/356
f 151/359/355 181/360/356 152/361/357
f 152/361/357 181/360/356 180/362/358
f 152/361/357 180/362/358 153/363/359
f 153/363/359 180/362/358 179/364/360
f 153/363/359 179/364/360 154/365/361
f 154/365/361 179/364/360 178/366/362
f 154/365/361 178/366/362 155/367/363
f 155/367/363 178/366/362 177/368/364
f 155/367/363 177/368/364 156/369/365
f 156/369/365 177/368/364 176/370/366
f 156/369/365 176/370/366 157/371/367
f 157/371/367 176/370/366 175/372/368
f 157/371/367 175/372/368 158/373/369
f 158/373/369 175/372/368 174/374/370
f 158/373/369 174/374/370 159/375/371
f 159/375/371 174/374/370 173/376/372
f 159/375/371 173/376/372 160/377/373
f 160/377/373 173/376/372 172/378/374
f 160/377/373 172/378/374 161/379/375
f 161/379/375 172/378/374 171/380/376
f 161/379/375 171/380/376 162/335/331
f 162/335/331 171/380/376 170/336/332
f 186/381/377 234/382/378 185/383/379
f 185/383/379 234/382/378 233/384/380
f 185/385/379 233/386/380 208/387/381
f 208/387/381 233/386/380 256/388/382
f 208/387/381 256/388/382 207/389/383
f 207/389/383 256/388/382 255/390/384
f 207/389/383 255/390/384 206/391/385
f 206/391/385 255/390/384 254/392/386
f 206/391/385 254/392/386 205/393/387
f 205/393/387 254/392/386 253/394/388
f 205/393/387 253/394/388 204/395/389
f 204/395/389 253/394/388 252/396/390
f 204/395/389 252/396/390 203/397/391
f 203/397/391 252/396/390 251/398/392
f 203/397/391 251/398/392 202/399/393
f 202/399/393 251/398/392 250/400/394
f 202/399/393 250/400/394 201/401/395
f 201/401/395 250/400/394 249/402/396
f 201/401/395 249/402/396 200/403/397
f 200/403/397 249/402/396 248/404/398
f 200/403/397 248/404/398 199/405/399
f 199/405/399 248/404/398 247/406/400
f 199/405/399 247/406/400 198/407/401
f 198/407/401 247/406/400 246/408/402
f 198/407/401 246/408/402 197/409/403
f 197/409/403 246/408/402 245/410/404
f 197/409/403 245/410/404 196/411/405
f 196/411/405 245/410/404 244/412/406
f 196/411/405 244/412/406 195/413/407
f 195/413/407 244/412/406 243/414/408
f 195/413/407 243/414/408 194/415/409
f 194/415/409 243/414/408 242/416/410
f 194/415/409 242/416/410 193/417/411
f 193/417/411 242/416/410 241/418/412
f 193/417/411 241/418/412 192/419/413
f 192/419/413 241/418/412 240/420/414
f 192/419/413 240/420/414 191/421/415
f 191/421/415 240/420/414 239/422/416
f 191/421/415 239/422/416 190/423/417
f 190/423/417 239/422/416 238/424/418
f 190/423/417 238/424/418 189/425/419
f 189/425/419 238/424/418 237/426/420
f 189/425/419 237/426/420 188/427/421
f 188/427/421 237/426/420 236/428/422
f 188/427/421 236/428/422 187/429/423
f 187/429/423 236/428/422 235/430/424
f 187/429/423 235/430/424 186/381/377
f 186/381/377 235/430/424 234/382/378
f 210/431/425 256/388/382 209/432/426
f 209/432/426 256/388/382 233/386/380
f 209/433/426 233/384/380 232/434/427
f 232/434/427 233/384/380 234/382/378
f 232/434/427 234/382/378 231/435/428
f 231/435/428 234/382/378 235/430/424
f 231/435/428 235/430/424 230/436/429
f 230/436/429 235/430/424 236/428/422
f 230/436/429 236/428/422 229/437/430
f 229/437/430 236/428/422 237/426/420
f 229/437/430 237/426/420 228/438/431
f 228/438/431 237/426/420 238/424/418
f 228/438/431 238/424/418 227/439/432
f 227/439/432 238/424/418 239/422/416
f 227/439/432 239/422/416 226/440/433
f 226/440/433 239/422/416 240/420/414
f 226/440/433 240/420/414 225/441/434
f 225/441/434 240/420/414 241/418/412
f 225/441/434 241/418/412 224/442/435
f 224/442/435 241/418/412 242/416/410
f 224/442/435 242/416/410 223/443/436
f 223/443/436 242/416/410 243/414/408
f 223/443/436 243/414/408 222/444/437
f 222/444/437 243/414/408 244/412/406
f 222/444/437 244/412/406 221/445/438
f 221/445/438 244/412/406 245/410/404
f 221/445/438 245/410/404 220/446/439
f 220/446/439 245/410/404 246/408/402
f 220/446/439 246/408/402 219/447/440
f 219/447/440 246/408/402 247/406/400
f 219/447/440 247/406/400 218/448/441
f 218/448/441 247/406/400 248/404/398
f 218/448/441 248/404/398 217/449/442
f 217/449/442 248/404/398 249/402/396
f 217/449/442 249/402/396 216/450/443
f 216/450/443 249/402/396 250/400/394
f 216/450/443 250/400/394 215/451/444
f 215/451/444 250/400/394 251/398/392
f 215/451/444 251/398/392 214/452/445
f 214/452/445 251/398/392 252/396/390
f 214/452/445 252/396/390 213/453/446
f 213/453/446 252/396/390 253/394/388
f 213/453/446 253/394/388 212/454/447
f 212/454/447 253/394/388 254/392/386
f 212/454/447 254/392/386 211/455/448
f 211/455/448 254/392/386 255/390/384
f 211/455/448 255/390/384 210/431/425
f 210/431/425 255/390/384 256/388/382
f 258/456/449 306/457/450 257/458/451
f 257/458/451 306/457/450 305/459/452
f 257/460/451 305/461/452 280/462/453
f 280/462/453 305/461/452 328/463/454
f 280/462/453 328/463/454 279/464/455
f 279/464/455 328/463/454 327/465/456
f 279/464/455 327/465/456 278/466/457
f 278/466/457 327/465/456 326/467/458
f 278/466/457 326/467/458 277/468/459
f 277/468/459 326/467/458 325/469/460
f 277/468/459 325/469/460 276/470/461
f 276/470/461 325/469/460 324/471/462
f 276/470/461 324/471/462 275/472/463
f 275/472/463 324/471/462 323/473/464
f 275/472/463 323/473/464 274/474/465
f 274/474/465 323/473/464 322/475/466
f 274/474/465 322/475/466 273/476/467
f 273/476/467 322/475/466 321/477/468
f 273/476/467 321/477/468 272/478/469
f 272/478/469 321/477/468 320/479/470
f 272/478/469 320/479/470 271/480/471
f 271/480/471 320/479/470 319/481/472
f 271/480/471 319/481/472 270/482/473
f 270/482/473 319/481/472 318/483/474
f 270/482/473 318/483/474 269/484/475
f 269/484/475 318/483/474 317/485/476
f 269/484/475 317/485/476 268/486/477
f 268/486/477 317/485/476 316/487/478
f 268/486/477 316/487/478 267/488/479
f 267/488/479 316/487/478 315/489/480
f 267/488/479 315/489/480 266/490/481
f 266/490/481 315/489/480 314/491/482
f 266/490/481 314/491/482 265/492/483
f 265/492/483 314/491/482 313/493/484
f 265/492/483 313/493/484 264/494/485
f 264/494/485 313/493/484 312/495/486
f 264/494/485 312/495/486 263/496/487
f 263/496/487 312/495/486 311/497/488
f 263/496/487 311/497/488 262/498/489
f 262/498/489 311/497/488 310/499/490
f 262/498/489 310/499/490 261/500/491
f 261/500/491 310/499/490 309/501/492
f 261/500/491 309/501/492 260/502/493
f 260/502/493 309/501/492 308/503/494
f 260/502/493 308/503/494 259/504/495
f 259/504/495 308/503/494 307/505/496
f 259/504/495 307/505/496 258/456/449
f 258/456/449 307/505/496 306/457/450
f 282/506/497 328/463/454 281/507/498
f 281/507/498 328/463/454 305/461/452
f 281/508/498 305/459/452 304/509/499
f 304/509/499 305/459/452 306/457/450
f 304/509/499 306/457/450 303/510/500
f 303/510/500 306/457/450 307/505/496
f 303/510/500 307/505/496 302/511/501
f 302/511/501 307/505/496 308/503/494
f 302/511/501 308/503/494 301/512/502
f 301/512/502 308/503/494 309/501/492
f 301/512/502 309/501/492 300/513/503
f 300/513/503 309/501/492 310/499/490
f 300/513/503 310/499/490 299/514/504
f 299/514/504 310/499/490 311/497/488
f 299/514/504 311/497/488 298/515/505
f 298/515/505 311/497/488 312/495/486
f 298/515/505 312/495/486 297/516/506
f 297/516/506 312/495/486 313/493/484
f 297/516/506 313/493/484 296/517/507
f 296/517/507 313/493/484 314/491/482
f 296/517/507 314/491/482 295/518/508
f 295/518/508 314/491/482 315/489/480
f 295/518/508 315/489/480 294/519/509
f 294/519/509 315/489/480 316/487/478
f 294/519/509 316/487/478 293/520/510
f 293/520/510 316/487/478 317/485/476
f 293/520/510 317/485/476 292/521/511
f 292/521/511 317/485/476 318/483/474
f 292/521/511 318/483/474 291/522/512
f 291/522/512 318/483/474 319/481/472
f 291/522/512 319/481/472 290/523/513
f 290/523/513 319/481/472 320/479/470
f 290/523/513 320/479/470 289/524/514
f 289/524/514 320/479/470 321/477/468
f 289/524/514 321/477/468 288/525/515
f 288/525/515 321/477/468 322/475/466
f 288/525/515 322/475/466 287/526/516
f 287/526/516 322/475/466 323/473/464
f 287/526/516 323/473/464 286/527/517
f 286/527/517 323/473/464 324/471/462
f 286/527/517 324/471/462 285/528/518
f 285/528/518 324/471/462 325/469/460
f 285/528/518 325/469/460 284/529/519
f 284/529/519 325/469/460 326/467/458
f 284/529/519 326/467/458 283/530/520
f 283/530/520 326/467/458 327/465/456
f 283/530/520 327/465/456 282/506/497
f 282/506/497 327/465/456 328/463/454
f 330/531/521 401/532/522 329/533/523
f 329/533/523 401/532/522 400/534/524
f 329/533/523 400/534/524 361/535/525
f 361/535/525 400/534/524 464/536/526
f 361/535/525 464/536/526 360/537/527
f 360/537/527 464/536/526 461/538/528
f 360/537/527 461/538/528 359/539/529
f 359/539/529 461/538/528 458/540/530
f 359/539/529 458/540/530 358/541/531
f 358/541/531 458/540/530 455/542/532
f 358/541/531 455/542/532 357/543/533
f 357/543/533 455/542/532 452/544/534
f 357/543/533 452/544/534 356/545/535
f 356/545/535 452/544/534 449/546/536
f 356/545/535 449/546/536 355/547/537
f 355/547/537 449/546/536 446/548/538
f 355/547/537 446/548/538 354/549/539
f 354/549/539 446/548/538 353/550/540
f 353/550/540 446/548/538 443/551/541
f 353/550/540 443/551/541 352/552/542
f 352/552/542 443/551/541 395/553/543
f 352/552/542 395/553/543 351/554/544
f 351/555/544 395/556/543 440/557/545
f 351/555/544 440/557/545 350/558/546
f 350/558/546 440/557/545 437/559/547
f 350/558/546 437/559/547 349/560/548
f 349/560/548 437/559/547 348/561/549
f 348/561/549 437/559/547 434/562/550
f 348/561/549 434/562/550 347/563/551
f 347/563/551 434/562/550 431/564/552
f 347/563/551 431/564/552 346/565/553
f 346/565/553 431/564/552 345/566/554
f 345/566/554 431/564/552 428/567/555
f 345/566/554 428/567/555 344/568/556
f 344/568/556 428/567/555 343/569/557
f 343/569/557 428/567/555 425/570/558
f 343/569/557 425/570/558 342/571/559
f 342/571/559 425/570/558 341/572/560
f 341/572/560 425/570/558 422/573/561
f 341/572/560 422/573/561 340/574/562
f 340/574/562 422/573/561 339/575/563
f 339/575/563 422/573/561 419/576/564
f 339/575/563 419/576/564 338/577/565
f 338/577/565 419/576/564 337/578/566
f 337/578/566 419/576/564 416/579/567
f 337/578/566 416/579/567 336/580/568
f 336/580/568 416/579/567 413/581/569
f 336/580/568 413/581/569 335/582/570
f 335/582/570 413/581/569 334/583/571
f 334/583/571 413/581/569 410/584/572
f 334/583/571 410/584/572 333/585/573
f 333/585/573 410/584/572 407/586/574
f 333/585/573 407/586/574 332/587/575
f 332/587/575 407/586/574 404/588/576
f 332/587/575 404/588/576 331/589/577
f 331/589/577 404/588/576 401/532/522
f 331/589/577 401/532/522 330/531/521
f 363/590/578 448/591/579 362/592/580
f 362/592/580 448/591/579 451/593/581
f 362/592/580 451/593/581 394/594/582
f 394/594/582 451/593/581 454/595/583
f 394/594/582 454/595/583 393/596/584
f 393/596/584 454/595/583 457/597/585
f 393/596/584 457/597/585 392/598/586
f 392/598/586 457/597/585 460/599/587
f 392/598/586 460/599/587 391/600/588
f 391/600/588 460/599/587 463/601/589
f 391/600/588 463/601/589 390/602/590
f 390/602/590 463/601/589 466/603/591
f 390/602/590 466/603/591 389/604/592
f 389/604/592 466/603/591 398/605/593
f 389/604/592 398/605/593 388/606/594
f 388/606/594 398/605/593 403/607/595
f 388/606/594 403/607/595 387/608/596
f 387/608/596 403/607/595 386/609/597
f 386/609/597 403/607/595 406/610/598
f 386/609/597 406/610/598 385/611/599
f 385/611/599 406/610/598 409/612/600
f 385/611/599 409/612/600 384/613/601
f 384/613/601 409/612/600 412/614/602
f 384/613/601 412/614/602 383/615/603
f 383/615/603 412/614/602 415/616/604
f 383/615/603 415/616/604 382/617/605
f 382/617/605 415/616/604 381/618/606
f 381/618/606 415/616/604 418/619/607
f 381/618/606 418/619/607 380/620/608
f 380/620/608 418/619/607 421/621/609
f 380/620/608 421/621/609 379/622/610
f 379/622/610 421/621/609 378/623/611
f 378/623/611 421/621/609 424/624/612
f 378/623/611 424/624/612 377/625/613
f 377/625/613 424/624/612 376/626/614
f 376/626/614 424/624/612 427/627/615
f 376/626/614 427/627/615 375/628/616
f 375/628/616 427/627/615 374/629/617
f 374/629/617 427/627/615 430/630/618
f 374/629/617 430/630/618 373/631/619
f 373/631/619 430/630/618 372/632/620
f 372/632/620 430/630/618 433/633/621
f 372/632/620 433/633/621 371/634/622
f 371/634/622 433/633/621 370/635/623
f 370/635/623 433/633/621 436/636/624
f 370/635/623 436/636/624 369/637/625
f 369/637/625 436/636/624 439/638/626
f 369/637/625 439/638/626 368/639/627
f 368/639/627 439/638/626 367/640/628
f 367/640/628 439/638/626 442/641/629
f 367/640/628 442/641/629 366/642/630
f 366/642/630 442/641/629 397/643/631
f 366/642/630 397/643/631 365/644/632
f 365/645/632 397/646/631 445/647/633
f 365/645/632 445/647/633 364/648/634
f 364/648/634 445/647/633 448/591/579
f 364/648/634 448/591/579 363/590/578
f 395/556/543 396/649/635 440/557/545
f 440/557/545 396/649/635 441/650/636
f 440/557/545 441/650/636 437/559/547
f 437/559/547 441/650/636 438/651/637
f 437/559/547 438/651/637 434/562/550
f 434/562/550 438/651/637 435/652/638
f 434/562/550 435/652/638 431/564/552
f 431/564/552 435/652/638 432/653/639
f 431/564/552 432/653/639 428/567/555
f 428/567/555 432/653/639 429/654/640
f 428/567/555 429/654/640 425/570/558
f 425/570/558 429/654/640 426/655/641
f 425/570/558 426/655/641 422/573/561
f 422/573/561 426/655/641 423/656/642
f 422/573/561 423/656/642 419/576/564
f 419/576/564 423/656/642 420/657/643
f 419/576/564 420/657/643 416/579/567
f 416/579/567 420/657/643 417/658/644
f 416/579/567 417/658/644 413/581/569
f 413/581/569 417/658/644 414/659/645
f 413/581/569 414/659/645 410/584/572
f 410/584/572 414/659/645 411/660/646
f 410/584/572 411/660/646 407/586/574
f 407/586/574 411/660/646 408/661/647
f 407/586/574 408/661/647 404/588/576
f 404/588/576 408/661/647 405/662/648
f 404/588/576 405/662/648 401/532/522
f 401/532/522 405/662/648 402/663/649
f 401/532/522 402/663/649 400/534/524
f 400/534/524 402/663/649 399/664/650
f 400/534/524 399/664/650 464/536/526
f 464/536/526 399/664/650 465/665/651
f 464/536/526 465/665/651 461/538/528
f 461/538/528 465/665/651 462/666/652
f 461/538/528 462/666/652 458/540/530
f 458/540/530 462/666/652 459/667/653
f 458/540/530 459/667/653 455/542/532
f 455/542/532 459/667/653 456/668/654
f 455/542/532 456/668/654 452/544/534
f 452/544/534 456/668/654 453/669/655
f 452/544/534 453/669/655 449/546/536
f 449/546/536 453/669/655 450/670/656
f 449/546/536 450/670/656 446/548/538
f 446/548/538 450/670/656 447/671/657
f 446/548/538 447/671/657 443/551/541
f 443/551/541 447/671/657 444/672/658
f 443/551/541 444/672/658 395/553/543
f 395/553/543 444/672/658 396/673/635
f 396/649/635 397/643/631 441/650/636
f 441/650/636 397/643/631 442/641/629
f 441/650/636 442/641/629 438/651/637
f 438/651/637 442/641/629 439/638/626
f 438/651/637 439/638/626 435/652/638
f 435/652/638 439/638/626 436/636/624
f 435/652/638 436/636/624 432/653/639
f 432/653/639 436/636/624 433/633/621
f 432/653/639 433/633/621 429/654/640
f 429/654/640 433/633/621 430/630/618
f 429/654/640 430/630/618 426/655/641
f 426/655/641 430/630/618 427/627/615
f 426/655/641 427/627/615 423/656/642
f 423/656/642 427/627/615 424/624/612
f 423/656/642 424/624/612 420/657/643
f 420/657/643 424/624/612 421/621/609
f 420/657/643 421/621/609 417/658/644
f 417/658/644 421/621/609 418/619/607
f 417/658/644 418/619/607 414/659/645
f 414/659/645 418/619/607 415/616/604
f 414/659/645 415/616/604 411/660/646
f 411/660/646 415/616/604 412/614/602
f 411/660/646 412/614/602 408/661/647
f 408/661/647 412/614/602 409/612/600
f 408/661/647 409/612/600 405/662/648
f 405/662/648 409/612/600 406/610/598
f 405/662/648 406/610/598 402/663/649
f 402/663/649 406/610/598 403/607/595
f 402/663/649 403/607/595 399/664/650
f 399/664/650 403/607/595 398/605/593
f 399/664/650 398/605/593 465/665/651
f 465/665/651 398/605/593 466/603/591
f 465/665/651 466/603/591 462/666/652
f 462/666/652 466/603/591 463/601/589
f 462/666/652 463/601/589 459/667/653
f 459/667/653 463/601/589 460/599/587
f 459/667/653 460/599/587 456/668/654
f 456/668/654 460/599/587 457/597/585
f 456/668/654 457/597/585 453/669/655
f 453/669/655 457/597/585 454/595/583
f 453/669/655 454/595/583 450/670/656
f 450/670/656 454/595/583 451/593/581
f 450/670/656 451/593/581 447/671/657
f 447/671/657 451/593/581 448/591/579
f 447/671/657 448/591/579 444/672/658
f 444/672/658 448/591/579 445/647/633
f 444/672/658 445/647/633 396/673/635
f 396/673/635 445/647/633 397/646/631
f 137/674/659 477/675/660 138/676/661
f 138/676/661 477/675/660 468/677/662
f 138/676/661 468/677/662 469/678/663
f 164/679/664 476/680/665 137/674/659
f 137/674/659 476/680/665 478/681/666
f 137/674/659 478/681/666 473/682/667
f 473/682/667 478/681/666 471/683/668
f 473/682/667 471/683/668 472/684/669
f 165/685/670 471/683/668 164/679/664
f 164/679/664 471/683/668 478/681/666
f 164/679/664 478/681/666 476/680/665
f 138/676/661 469/678/663 165/685/670
f 165/685/670 469/678/663 470/686/671
f 165/685/670 470/686/671 471/683/668
f 355/687/672 354/688/673 475/689/674
f 475/689/674 354/688/673 353/690/675
f 475/689/674 353/690/675 352/691/676
f 352/691/676 351/692/677 475/689/674
f 475/689/674 351/692/677 474/693/678
f 474/693/678 351/692/677 350/694/679
f 474/693/678 350/694/679 349/695/680
f 349/695/680 348/696/681 474/693/678
f 474/693/678 348/696/681 347/697/682
f 474/693/678 347/697/682 479/698/683
f 479/698/683 347/697/682 346/699/684
f 479/698/683 346/699/684 345/700/685
f 345/700/685 344/701/686 479/698/683
f 479/698/683 344/701/686 477/675/660
f 479/698/683 477/675/660 137/674/659
f 344/701/686 343/702/687 477/675/660
f 477/675/660 343/702/687 342/703/688
f 477/675/660 342/703/688 341/704/689
f 341/704/689 340/705/690 477/675/660
f 477/675/660 340/705/690 468/677/662
f 340/705/690 339/706/691 468/677/662
f 468/677/662 339/706/691 338/707/692
f 468/677/662 338/707/692 337/708/693
f 337/708/693 336/709/694 468/677/662
f 468/677/662 336/709/694 335/710/695
f 468/677/662 335/710/695 334/711/696
f 334/711/696 333/712/697 468/677/662
f 468/677/662 333/712/697 467/713/698
f 467/713/698 333/712/697 332/714/699
f 467/713/698 332/714/699 331/715/700
f 331/715/700 330/716/701 467/713/698
f 467/713/698 330/716/701 329/717/702
f 473/682/667 474/693/678 137/674/659
f 137/674/659 474/693/678 479/698/683
f 496/718/703 362/719/704 495/720/705
f 495/720/705 362/719/704 394/721/706
f 495/720/705 394/721/706 497/722/707
f 497/722/707 394/721/706 393/723/708
f 497/722/707 393/723/708 392/724/709
f 392/724/709 391/725/710 497/722/707
f 497/722/707 391/725/710 390/726/711
f 497/722/707 390/726/711 481/727/712
f 481/727/712 390/726/711 389/728/713
f 481/727/712 389/728/713 480/729/714
f 480/729/714 389/728/713 388/730/715
f 481/727/712 482/731/716 497/722/707
f 497/722/707 482/731/716 498/732/717
f 497/722/707 498/732/717 495/720/705
f 495/720/705 498/732/717 494/733/718
f 494/733/718 498/732/717 499/734/719
f 494/733/718 499/734/719 493/735/720
f 493/735/720 499/734/719 500/736/721
f 493/735/720 500/736/721 492/737/722
f 492/737/722 500/736/721 501/738/723
f 492/737/722 501/738/723 491/739/724
f 491/739/724 501/738/723 502/740/725
f 491/739/724 502/740/725 490/741/726
f 490/741/726 502/740/725 488/742/727
f 490/741/726 488/742/727 489/743/728
f 482/731/716 483/744/729 498/732/717
f 498/732/717 483/744/729 499/734/719
f 483/744/729 484/745/730 499/734/719
f 499/734/719 484/745/730 500/736/721
f 484/745/730 485/746/731 500/736/721
f 500/736/721 485/746/731 501/738/723
f 485/746/731 486/747/732 501/738/723
f 501/738/723 486/747/732 502/740/725
f 486/747/732 487/748/733 502/740/725
f 502/740/725 487/748/733 488/742/727
f 232/749/734 551/750/735 209/751/736
f 209/751/736 551/750/735 542/752/737
f 209/751/736 542/752/737 537/753/738
f 537/753/738 542/752/737 489/754/739
f 489/754/739 542/752/737 574/755/740
f 489/754/739 574/755/740 490/756/741
f 490/756/741 574/755/740 573/757/742
f 490/756/741 573/757/742 491/758/743
f 491/758/743 573/757/742 572/759/744
f 491/758/743 572/759/744 492/760/745
f 492/760/745 572/759/744 571/761/746
f 492/760/745 571/761/746 493/762/747
f 493/762/747 571/761/746 570/763/748
f 493/762/747 570/763/748 494/764/749
f 494/764/749 570/763/748 569/765/750
f 494/764/749 569/765/750 510/766/751
f 510/766/751 569/765/750 509/767/752
f 509/767/752 569/765/750 508/768/753
f 508/768/753 569/765/750 507/769/754
f 507/769/754 569/765/750 545/770/755
f 507/769/754 545/770/755 506/771/756
f 506/771/756 545/770/755 505/772/757
f 505/772/757 545/770/755 541/773/758
f 505/772/757 541/773/758 504/774/759
f 504/774/759 541/773/758 557/775/760
f 504/774/759 557/775/760 503/776/761
f 503/776/761 557/775/760 526/777/762
f 526/777/762 557/775/760 525/778/763
f 525/778/763 557/775/760 524/779/764
f 524/779/764 557/775/760 558/780/765
f 524/779/764 558/780/765 523/781/766
f 523/781/766 558/780/765 544/782/767
f 523/781/766 544/782/767 522/783/768
f 522/783/768 544/782/767 521/784/769
f 521/784/769 544/782/767 520/785/770
f 520/785/770 544/782/767 496/786/771
f 520/785/770 496/786/771 519/787/772
f 519/787/772 496/786/771 518/788/773
f 518/788/773 496/786/771 517/789/774
f 517/789/774 496/786/771 516/790/775
f 516/790/775 496/786/771 495/791/776
f 516/790/775 495/791/776 515/792/777
f 515/792/777 495/791/776 514/793/778
f 514/793/778 495/791/776 513/794/779
f 513/794/779 495/791/776 512/795/780
f 512/795/780 495/791/776 494/764/749
f 512/795/780 494/764/749 511/796/781
f 511/796/781 494/764/749 510/766/751
f 232/749/734 231/797/782 551/750/735
f 551/750/735 231/797/782 230/798/783
f 551/750/735 230/798/783 229/799/784
f 551/750/735 229/799/784 550/800/785
f 550/800/785 229/799/784 228/801/786
f 550/800/785 228/801/786 552/802/787
f 552/802/787 228/801/786 227/803/788
f 552/802/787 227/803/788 226/804/789
f 226/804/789 225/805/790 552/802/787
f 552/802/787 225/805/790 561/806/791
f 552/802/787 561/806/791 562/807/792
f 562/807/792 561/806/791 528/808/793
f 562/807/792 528/808/793 529/809/794
f 225/805/790 224/810/795 561/806/791
f 561/806/791 224/810/795 560/811/796
f 561/806/791 560/811/796 527/812/797
f 527/812/797 560/811/796 540/813/798
f 540/813/798 560/811/796 221/814/799
f 540/813/798 221/814/799 220/815/800
f 224/810/795 223/816/801 560/811/796
f 560/811/796 223/816/801 222/817/802
f 560/811/796 222/817/802 221/814/799
f 540/813/798 220/815/800 539/818/803
f 539/818/803 220/815/800 219/819/804
f 539/818/803 219/819/804 218/820/805
f 218/820/805 217/821/806 539/818/803
f 539/818/803 217/821/806 216/822/807
f 539/818/803 216/822/807 215/823/808
f 539/818/803 215/823/808 538/824/809
f 538/824/809 215/823/808 214/825/810
f 538/824/809 214/825/810 213/826/811
f 213/826/811 212/827/812 538/824/809
f 538/824/809 212/827/812 211/828/813
f 538/824/809 211/828/813 210/829/814
f 538/824/809 210/829/814 537/753/738
f 537/753/738 210/829/814 209/751/736
f 282/830/815 281/831/816 557/775/760
f 557/775/760 281/831/816 304/832/817
f 557/775/760 304/832/817 303/833/818
f 303/833/818 302/834/819 557/775/760
f 557/775/760 302/834/819 558/780/765
f 302/834/819 301/835/820 558/780/765
f 558/780/765 301/835/820 567/836/821
f 558/780/765 567/836/821 568/837/822
f 568/837/822 567/836/821 474/838/823
f 568/837/822 474/838/823 473/839/824
f 301/835/820 300/840/825 567/836/821
f 567/836/821 300/840/825 299/841/826
f 567/836/821 299/841/826 298/842/827
f 567/836/821 298/842/827 475/843/828
f 475/843/828 298/842/827 297/844/829
f 475/843/828 297/844/829 575/845/830
f 575/845/830 297/844/829 296/846/831
f 575/845/830 296/846/831 295/847/832
f 295/847/832 294/848/833 575/845/830
f 575/845/830 294/848/833 533/849/834
f 575/845/830 533/849/834 475/843/828
f 294/848/833 293/850/835 533/849/834
f 533/849/834 293/850/835 292/851/836
f 533/849/834 292/851/836 291/852/837
f 291/852/837 290/853/838 533/849/834
f 533/849/834 290/853/838 532/854/839
f 532/854/839 290/853/838 289/855/840
f 532/854/839 289/855/840 288/856/841
f 532/854/839 288/856/841 566/857/842
f 566/857/842 288/856/841 287/858/843
f 566/857/842 287/858/843 286/859/844
f 286/859/844 285/860/845 566/857/842
f 566/857/842 285/860/845 284/861/846
f 566/857/842 284/861/846 541/773/758
f 541/773/758 284/861/846 283/862/847
f 541/773/758 283/862/847 282/830/815
f 541/773/758 282/830/815 557/775/760
f 527/812/797 528/808/793 561/806/791
f 562/807/792 529/809/794 563/863/848
f 563/863/848 529/809/794 530/864/849
f 563/863/848 530/864/849 564/865/850
f 564/865/850 530/864/849 531/866/851
f 564/865/850 531/866/851 565/867/852
f 565/867/852 531/866/851 532/854/839
f 565/867/852 532/854/839 566/857/842
f 475/843/828 474/838/823 567/836/821
f 568/837/822 473/839/824 559/868/853
f 559/868/853 473/839/824 472/869/854
f 559/868/853 472/869/854 534/870/855
f 534/870/855 535/871/856 559/868/853
f 559/868/853 535/871/856 543/872/857
f 559/868/853 543/872/857 544/782/767
f 544/782/767 543/872/857 536/873/858
f 544/782/767 536/873/858 496/786/771
f 535/871/856 536/873/858 543/872/857
f 545/770/755 546/874/859 541/773/758
f 541/773/758 546/874/859 556/875/860
f 541/773/758 556/875/860 566/857/842
f 566/857/842 556/875/860 565/867/852
f 546/874/859 547/876/861 556/875/860
f 556/875/860 547/876/861 555/877/862
f 556/875/860 555/877/862 565/867/852
f 565/867/852 555/877/862 564/865/850
f 569/765/750 570/763/748 545/770/755
f 545/770/755 570/763/748 546/874/859
f 547/876/861 548/878/863 555/877/862
f 555/877/862 548/878/863 554/879/864
f 555/877/862 554/879/864 564/865/850
f 564/865/850 554/879/864 563/863/848
f 570/763/748 571/761/746 546/874/859
f 546/874/859 571/761/746 547/876/861
f 548/878/863 549/880/865 554/879/864
f 554/879/864 549/880/865 553/881/866
f 554/879/864 553/881/866 563/863/848
f 563/863/848 553/881/866 562/807/792
f 571/761/746 572/759/744 547/876/861
f 547/876/861 572/759/744 548/878/863
f 549/880/865 550/800/785 553/881/866
f 553/881/866 550/800/785 552/802/787
f 553/881/866 552/802/787 562/807/792
f 572/759/744 573/757/742 548/878/863
f 548/878/863 573/757/742 549/880/865
f 542/752/737 551/750/735 550/800/785
f 573/757/742 574/755/740 549/880/865
f 549/880/865 574/755/740 550/800/785
f 574/755/740 542/752/737 550/800/785
f 568/837/822 559/868/853 558/780/765
f 558/780/765 559/868/853 544/782/767
f 208/882/867 610/883/868 185/884/869
f 185/884/869 610/883/868 615/885/870
f 185/884/869 615/885/870 614/886/871
f 614/886/871 615/885/870 616/887/872
f 614/886/871 616/887/872 189/888/873
f 189/888/873 616/887/872 190/889/874
f 190/889/874 616/887/872 632/890/875
f 190/889/874 632/890/875 191/891/876
f 191/891/876 632/890/875 192/892/877
f 192/892/877 632/890/875 193/893/878
f 193/893/878 632/890/875 640/894/879
f 193/893/878 640/894/879 194/895/880
f 194/895/880 640/894/879 641/896/881
f 194/895/880 641/896/881 195/897/882
f 195/897/882 641/896/881 196/898/883
f 196/898/883 641/896/881 197/899/884
f 197/899/884 641/896/881 607/900/885
f 197/899/884 607/900/885 198/901/886
f 198/901/886 607/900/885 608/902/887
f 198/901/886 608/902/887 199/903/888
f 199/903/888 608/902/887 200/904/889
f 200/904/889 608/902/887 201/905/890
f 201/905/890 608/902/887 202/906/891
f 202/906/891 608/902/887 203/907/892
f 203/907/892 608/902/887 609/908/893
f 203/907/892 609/908/893 204/909/894
f 204/909/894 609/908/893 205/910/895
f 205/910/895 609/908/893 206/911/896
f 206/911/896 609/908/893 207/912/897
f 207/912/897 609/908/893 208/882/867
f 208/882/867 609/908/893 610/883/868
f 189/888/873 188/913/898 614/886/871
f 614/886/871 188/913/898 187/914/899
f 614/886/871 187/914/899 186/915/900
f 186/915/900 185/884/869 614/886/871
f 599/916/901 576/917/902 627/918/903
f 627/918/903 576/917/902 577/919/904
f 627/918/903 577/919/904 578/920/905
f 578/920/905 579/921/906 627/918/903
f 627/918/903 579/921/906 626/922/907
f 627/918/903 626/922/907 260/923/908
f 260/923/908 626/922/907 261/924/909
f 261/924/909 626/922/907 634/925/910
f 261/924/909 634/925/910 262/926/911
f 262/926/911 634/925/910 263/927/912
f 263/927/912 634/925/910 264/928/913
f 264/928/913 634/925/910 467/929/914
f 264/928/913 467/929/914 265/930/915
f 265/930/915 467/929/914 648/931/916
f 265/930/915 648/931/916 266/932/917
f 266/932/917 648/931/916 267/933/918
f 267/933/918 648/931/916 268/934/919
f 268/934/919 648/931/916 600/935/920
f 268/934/919 600/935/920 269/936/921
f 269/936/921 600/935/920 270/937/922
f 270/937/922 600/935/920 271/938/923
f 271/938/923 600/935/920 272/939/924
f 272/939/924 600/935/920 601/940/925
f 272/939/924 601/940/925 273/941/926
f 273/941/926 601/940/925 274/942/927
f 274/942/927 601/940/925 635/943/928
f 274/942/927 635/943/928 275/944/929
f 275/944/929 635/943/928 276/945/930
f 276/945/930 635/943/928 277/946/931
f 277/946/931 635/943/928 278/947/932
f 278/947/932 635/943/928 621/948/933
f 278/947/932 621/948/933 279/949/934
f 279/949/934 621/948/933 280/950/935
f 280/950/935 621/948/933 627/918/903
f 280/950/935 627/918/903 257/951/936
f 257/951/936 627/918/903 258/952/937
f 258/952/937 627/918/903 259/953/938
f 259/953/938 627/918/903 260/923/908
f 579/921/906 580/954/939 626/922/907
f 626/922/907 580/954/939 623/955/940
f 626/922/907 623/955/940 624/956/941
f 624/956/941 623/955/940 611/957/942
f 624/956/941 611/957/942 612/958/943
f 580/954/939 581/959/944 623/955/940
f 623/955/940 581/959/944 582/960/945
f 623/955/940 582/960/945 583/961/946
f 623/955/940 583/961/946 480/962/947
f 480/962/947 583/961/946 584/963/948
f 480/962/947 584/963/948 585/964/949
f 585/964/949 586/965/950 480/962/947
f 480/962/947 586/965/950 587/966/951
f 480/962/947 587/966/951 481/967/952
f 481/967/952 587/966/951 588/968/953
f 481/967/952 588/968/953 589/969/954
f 589/969/954 590/970/955 481/967/952
f 481/967/952 590/970/955 591/971/956
f 481/967/952 591/971/956 482/972/957
f 482/972/957 591/971/956 592/973/958
f 482/972/957 592/973/958 593/974/959
f 482/972/957 593/974/959 642/975/960
f 642/975/960 593/974/959 594/976/961
f 642/975/960 594/976/961 595/977/962
f 595/977/962 596/978/963 642/975/960
f 642/975/960 596/978/963 622/979/964
f 642/975/960 622/979/964 643/980/965
f 643/980/965 622/979/964 620/981/966
f 643/980/965 620/981/966 644/982/967
f 644/982/967 620/981/966 619/983/968
f 644/982/967 619/983/968 645/984/969
f 645/984/969 619/983/968 618/985/970
f 645/984/969 618/985/970 646/986/971
f 646/986/971 618/985/970 617/987/972
f 646/986/971 617/987/972 647/988/973
f 647/988/973 617/987/972 616/887/872
f 647/988/973 616/887/872 615/885/870
f 596/978/963 597/989/974 622/979/964
f 622/979/964 597/989/974 598/990/975
f 622/979/964 598/990/975 621/948/933
f 621/948/933 598/990/975 599/916/901
f 621/948/933 599/916/901 627/918/903
f 613/991/976 470/992/977 625/993/978
f 625/993/978 470/992/977 469/994/979
f 625/993/978 469/994/979 633/995/980
f 633/995/980 469/994/979 468/996/981
f 633/995/980 468/996/981 634/925/910
f 634/925/910 468/996/981 467/929/914
f 467/929/914 600/935/920 648/931/916
f 635/943/928 601/940/925 636/997/982
f 636/997/982 601/940/925 602/998/983
f 636/997/982 602/998/983 637/999/984
f 637/999/984 602/998/983 603/1000/985
f 637/999/984 603/1000/985 638/1001/986
f 638/1001/986 603/1000/985 604/1002/987
f 638/1001/986 604/1002/987 639/1003/988
f 639/1003/988 604/1002/987 605/1004/989
f 639/1003/988 605/1004/989 640/894/879
f 640/894/879 605/1004/989 606/1005/990
f 640/894/879 606/1005/990 641/896/881
f 641/896/881 606/1005/990 607/900/885
f 610/883/868 487/1006/991 615/885/870
f 615/885/870 487/1006/991 647/988/973
f 487/1006/991 486/1007/992 647/988/973
f 647/988/973 486/1007/992 646/986/971
f 486/1007/992 485/1008/993 646/986/971
f 646/986/971 485/1008/993 645/984/969
f 485/1008/993 484/1009/994 645/984/969
f 645/984/969 484/1009/994 644/982/967
f 484/1009/994 483/1010/995 644/982/967
f 644/982/967 483/1010/995 643/980/965
f 483/1010/995 482/972/957 643/980/965
f 643/980/965 482/972/957 642/975/960
f 480/962/947 611/957/942 623/955/940
f 624/956/941 612/958/943 625/993/978
f 625/993/978 612/958/943 613/991/976
f 616/887/872 617/987/972 631/1011/996
f 631/1011/996 617/987/972 630/1012/997
f 631/1011/996 630/1012/997 639/1003/988
f 639/1003/988 630/1012/997 638/1001/986
f 617/987/972 618/985/970 630/1012/997
f 630/1012/997 618/985/970 629/1013/998
f 630/1012/997 629/1013/998 638/1001/986
f 638/1001/986 629/1013/998 637/999/984
f 618/985/970 619/983/968 629/1013/998
f 629/1013/998 619/983/968 628/1014/999
f 629/1013/998 628/1014/999 637/999/984
f 637/999/984 628/1014/999 636/997/982
f 619/983/968 620/981/966 628/1014/999
f 628/1014/999 620/981/966 621/948/933
f 628/1014/999 621/948/933 636/997/982
f 636/997/982 621/948/933 635/943/928
f 620/981/966 622/979/964 621/948/933
f 634/925/910 626/922/907 625/993/978
f 625/993/978 626/922/907 624/956/941
f 633/995/980 634/925/910 625/993/978
f 640/894/879 632/890/875 631/1011/996
f 631/1011/996 632/890/875 616/887/872
f 640/894/879 631/1011/996 639/1003/988
f 610/1015/1000 609/1016/1001 650/1017/1002
f 650/1017/1002 609/1016/1001 649/1018/1003
f 650/1017/1002 649/1018/1003 537/1019/1004
f 537/1019/1004 649/1018/1003 538/1020/1005
f 537/1019/1004 489/1021/1006 650/1017/1002
f 650/1017/1002 489/1021/1006 488/1022/1007
f 650/1017/1002 488/1022/1007 610/1015/1000
f 610/1015/1000 488/1022/1007 487/1023/1008
f 609/1024/1009 608/1025/1010 649/1026/1011
f 649/1026/1011 608/1025/1010 651/1027/1012
f 649/1026/1011 651/1027/1012 538/1028/1013
f 538/1028/1013 651/1027/1012 539/1029/1014
f 607/1030/1015 606/1031/1016 653/1032/1017
f 653/1032/1017 606/1031/1016 652/1033/1018
f 653/1032/1017 652/1033/1018 540/1034/1019
f 540/1034/1019 652/1033/1018 527/1035/1020
f 540/1034/1019 539/1036/1021 653/1032/1017
f 653/1032/1017 539/1036/1021 651/1037/1022
f 653/1032/1017 651/1037/1022 607/1030/1015
f 607/1030/1015 651/1037/1022 608/1038/1023
f 329/1039/1024 361/1040/1025 467/1041/1026
f 467/1041/1026 361/1040/1025 600/1042/1027
f 600/1042/1027 361/1040/1025 360/1043/1028
f 600/1042/1027 360/1043/1028 654/1044/1029
f 654/1044/1029 360/1043/1028 359/1045/1030
f 654/1044/1029 359/1045/1030 358/1046/1031
f 358/1046/1031 357/1047/1032 654/1044/1029
f 654/1044/1029 357/1047/1032 356/1048/1033
f 654/1044/1029 356/1048/1033 533/1049/1034
f 533/1049/1034 356/1048/1033 355/1050/1035
f 533/1049/1034 355/1050/1035 475/1051/1036
f 533/1049/1034 532/1052/1037 654/1044/1029
f 654/1044/1029 532/1052/1037 655/1053/1038
f 654/1044/1029 655/1053/1038 600/1042/1027
f 600/1042/1027 655/1053/1038 601/1054/1039
f 601/1054/1039 655/1053/1038 656/1055/1040
f 601/1054/1039 656/1055/1040 602/1056/1041
f 602/1056/1041 656/1055/1040 657/1057/1042
f 602/1056/1041 657/1057/1042 603/1058/1043
f 603/1058/1043 657/1057/1042 658/1059/1044
f 603/1058/1043 658/1059/1044 604/1060/1045
f 604/1060/1045 658/1059/1044 659/1061/1046
f 604/1060/1045 659/1061/1046 605/1062/1047
f 605/1062/1047 659/1061/1046 652/1063/1048
f 605/1062/1047 652/1063/1048 606/1064/1049
f 532/1052/1037 531/1065/1050 655/1053/1038
f 655/1053/1038 531/1065/1050 656/1055/1040
f 531/1065/1050 530/1066/1051 656/1055/1040
f 656/1055/1040 530/1066/1051 657/1057/1042
f 530/1066/1051 529/1067/1052 657/1057/1042
f 657/1057/1042 529/1067/1052 658/1059/1044
f 529/1067/1052 528/1068/1053 658/1059/1044
f 658/1059/1044 528/1068/1053 659/1061/1046
f 528/1068/1053 527/1069/1054 659/1061/1046
f 659/1061/1046 527/1069/1054 652/1063/1048
f 470/1070/1055 613/1071/1056 471/1072/1057
f 471/1072/1057 613/1071/1056 660/1073/1058
f 471/1072/1057 660/1073/1058 472/1074/1059
f 472/1074/1059 660/1073/1058 534/1075/1060
f 45/1076/1061 661/1077/1062 46/1078/1063
f 46/1078/1063 661/1077/1062 663/1079/1064
f 46/1078/1063 663/1079/1064 536/1080/1065
f 536/1080/1065 663/1079/1064 370/1081/1066
f 536/1080/1065 370/1081/1066 369/1082/1067
f 73/1083/1068 612/1084/1069 45/1076/1061
f 45/1076/1061 612/1084/1069 611/1085/1070
f 45/1076/1061 611/1085/1070 661/1077/1062
f 661/1077/1062 611/1085/1070 377/1086/1071
f 661/1077/1062 377/1086/1071 376/1087/1072
f 72/1088/1073 660/1089/1074 73/1083/1068
f 73/1083/1068 660/1089/1074 613/1090/1075
f 73/1083/1068 613/1090/1075 612/1084/1069
f 660/1089/1074 72/1088/1073 662/1091/1076
f 662/1091/1076 72/1088/1073 46/1078/1063
f 662/1091/1076 46/1078/1063 535/1092/1077
f 535/1092/1077 46/1078/1063 536/1080/1065
f 388/1093/1078 387/1094/1079 480/1095/1080
f 480/1095/1080 387/1094/1079 386/1096/1081
f 480/1095/1080 386/1096/1081 385/1097/1082
f 385/1097/1082 384/1098/1083 480/1095/1080
f 480/1095/1080 384/1098/1083 611/1085/1070
f 611/1085/1070 384/1098/1083 383/1099/1084
f 611/1085/1070 383/1099/1084 382/1100/1085
f 382/1100/1085 381/1101/1086 611/1085/1070
f 611/1085/1070 381/1101/1086 380/1102/1087
f 611/1085/1070 380/1102/1087 379/1103/1088
f 379/1103/1088 378/1104/1089 611/1085/1070
f 611/1085/1070 378/1104/1089 377/1086/1071
f 376/1087/1072 375/1105/1090 661/1077/1062
f 661/1077/1062 375/1105/1090 374/1106/1091
f 661/1077/1062 374/1106/1091 373/1107/1092
f 661/1077/1062 373/1107/1092 663/1079/1064
f 663/1079/1064 373/1107/1092 372/1108/1093
f 663/1079/1064 372/1108/1093 371/1109/1094
f 371/1109/1094 370/1081/1066 663/1079/1064
f 369/1082/1067 368/1110/1095 536/1080/1065
f 536/1080/1065 368/1110/1095 367/1111/1096
f 536/1080/1065 367/1111/1096 366/1112/1097
f 536/1080/1065 366/1112/1097 496/1113/1098
f 496/1113/1098 366/1112/1097 365/1114/1099
f 496/1113/1098 365/1114/1099 364/1115/1100
f 364/1115/1100 363/1116/1101 496/1113/1098
f 496/1113/1098 363/1116/1101 362/1117/1102
f 535/1092/1077 534/1118/1103 662/1091/1076
f 662/1091/1076 534/1118/1103 660/1089/1074
f 599/1119/1104 665/1120/1105 576/1121/1106
f 576/1121/1106 665/1120/1105 664/1122/1107
f 576/1123/1106 664/1124/1107 577/1125/1108
f 577/1125/1108 664/1124/1107 687/1126/1109
f 577/1125/1108 687/1126/1109 578/1127/1110
f 578/1127/1110 687/1126/1109 686/1128/1111
f 578/1127/1110 686/1128/1111 579/1129/1112
f 579/1129/1112 686/1128/1111 685/1130/1113
f 579/1129/1112 685/1130/1113 580/1131/1114
f 580/1131/1114 685/1130/1113 684/1132/1115
f 580/1131/1114 684/1132/1115 581/1133/1116
f 581/1133/1116 684/1132/1115 683/1134/1117
f 581/1133/1116 683/1134/1117 582/1135/1118
f 582/1135/1118 683/1134/1117 682/1136/1119
f 582/1135/1118 682/1136/1119 583/1137/1120
f 583/1137/1120 682/1136/1119 681/1138/1121
f 583/1137/1120 681/1138/1121 584/1139/1122
f 584/1139/1122 681/1138/1121 680/1140/1123
f 584/1139/1122 680/1140/1123 585/1141/1124
f 585/1141/1124 680/1140/1123 679/1142/1125
f 585/1141/1124 679/1142/1125 586/1143/1126
f 586/1143/1126 679/1142/1125 678/1144/1127
f 586/1143/1126 678/1144/1127 587/1145/1128
f 587/1145/1128 678/1144/1127 677/1146/1129
f 587/1145/1128 677/1146/1129 588/1147/1130
f 588/1147/1130 677/1146/1129 676/1148/1131
f 588/1147/1130 676/1148/1131 589/1149/1132
f 589/1149/1132 676/1148/1131 675/1150/1133
f 589/1149/1132 675/1150/1133 590/1151/1134
f 590/1151/1134 675/1150/1133 674/1152/1135
f 590/1151/1134 674/1152/1135 591/1153/1136
f 591/1153/1136 674/1152/1135 673/1154/1137
f 591/1153/1136 673/1154/1137 592/1155/1138
f 592/1155/1138 673/1154/1137 672/1156/1139
f 592/1155/1138 672/1156/1139 593/1157/1140
f 593/1157/1140 672/1156/1139 671/1158/1141
f 593/1157/1140 671/1158/1141 594/1159/1142
f 594/1159/1142 671/1158/1141 670/1160/1143
f 594/1159/1142 670/1160/1143 595/1161/1144
f 595/1161/1144 670/1160/1143 669/1162/1145
f 595/1161/1144 669/1162/1145 596/1163/1146
f 596/1163/1146 669/1162/1145 668/1164/1147
f 596/1163/1146 668/1164/1147 597/1165/1148
f 597/1165/1148 668/1164/1147 667/1166/1149
f 597/1165/1148 667/1166/1149 598/1167/1150
f 598/1167/1150 667/1166/1149 666/1168/1151
f 598/1167/1150 666/1168/1151 599/1119/1104
f 599/1119/1104 666/1168/1151 665/1120/1105
f 526/1169/1152 687/1126/1109 503/1170/1153
f 503/1170/1153 687/1126/1109 664/1124/1107
f 503/1171/1153 664/1122/1107 504/1172/1154
f 504/1172/1154 664/1122/1107 665/1120/1105
f 504/1172/1154 665/1120/1105 505/1173/1155
f 505/1173/1155 665/1120/1105 666/1168/1151
f 505/1173/1155 666/1168/1151 506/1174/1156
f 506/1174/1156 666/1168/1151 667/1166/1149
f 506/1174/1156 667/1166/1149 507/1175/1157
f 507/1175/1157 667/1166/1149 668/1164/1147
f 507/1175/1157 668/1164/1147 508/1176/1158
f 508/1176/1158 668/1164/1147 669/1162/1145
f 508/1176/1158 669/1162/1145 509/1177/1159
f 509/1177/1159 669/1162/1145 670/1160/1143
f 509/1177/1159 670/1160/1143 510/1178/1160
f 510/1178/1160 670/1160/1143 671/1158/1141
f 510/1178/1160 671/1158/1141 511/1179/1161
f 511/1179/1161 671/1158/1141 672/1156/1139
f 511/1179/1161 672/1156/1139 512/1180/1162
f 512/1180/1162 672/1156/1139 673/1154/1137
f 512/1180/1162 673/1154/1137 513/1181/1163
f 513/1181/1163 673/1154/1137 674/1152/1135
f 513/1181/1163 674/1152/1135 514/1182/1164
f 514/1182/1164 674/1152/1135 675/1150/1133
f 514/1182/1164 675/1150/1133 515/1183/1165
f 515/1183/1165 675/1150/1133 676/1148/1131
f 515/1183/1165 676/1148/1131 516/1184/1166
f 516/1184/1166 676/1148/1131 677/1146/1129
f 516/1184/1166 677/1146/1129 517/1185/1167
f 517/1185/1167 677/1146/1129 678/1144/1127
f 517/1185/1167 678/1144/1127 518/1186/1168
f 518/1186/1168 678/1144/1127 679/1142/1125
f 518/1186/1168 679/1142/1125 519/1187/1169
f 519/1187/1169 679/1142/1125 680/1140/1123
f 519/1187/1169 680/1140/1123 520/1188/1170
f 520/1188/1170 680/1140/1123 681/1138/1121
f 520/1188/1170 681/1138/1121 521/1189/1171
f 521/1189/1171 681/1138/1121 682/1136/1119
f 521/1189/1171 682/1136/1119 522/1190/1172
f 522/1190/1172 682/1136/1119 683/1134/1117
f 522/1190/1172 683/1134/1117 523/1191/1173
f 523/1191/1173 683/1134/1117 684/1132/1115
f 523/1191/1173 684/1132/1115 524/1192/1174
f 524/1192/1174 684/1132/1115 685/1130/1113
f 524/1192/1174 685/1130/1113 525/1193/1175
f 525/1193/1175 685/1130/1113 686/1128/1111
f 525/1193/1175 686/1128/1111 526/1169/1152
f 526/1169/1152 686/1128/1111 687/1126/1109
# 687 vertices
# 1193 texture params
# 1175 normals
# 1394 facets

# 1 groups
